solid OpenSCAD_Model
  facet normal -1 0 0
    outer loop
      vertex -30 -20 0
      vertex -30 20 10
      vertex -30 20 0
    endloop
  endfacet
  facet normal -1 -0 0
    outer loop
      vertex -30 20 10
      vertex -30 -20 0
      vertex -30 -20 10
    endloop
  endfacet
  facet normal 0 0 1
    outer loop
      vertex 24.9901 9.68605 10
      vertex 30 20 10
      vertex 25 10 10
    endloop
  endfacet
  facet normal 0 0 1
    outer loop
      vertex 30 20 10
      vertex 24.9901 10.314 10
      vertex 25 10 10
    endloop
  endfacet
  facet normal 0 0 1
    outer loop
      vertex 30 20 10
      vertex 24.9606 10.6267 10
      vertex 24.9901 10.314 10
    endloop
  endfacet
  facet normal 0 0 1
    outer loop
      vertex 30 20 10
      vertex 24.9114 10.9369 10
      vertex 24.9606 10.6267 10
    endloop
  endfacet
  facet normal 0 0 1
    outer loop
      vertex 30 20 10
      vertex 24.8429 11.2434 10
      vertex 24.9114 10.9369 10
    endloop
  endfacet
  facet normal 0 0 1
    outer loop
      vertex 30 20 10
      vertex 24.7553 11.5451 10
      vertex 24.8429 11.2434 10
    endloop
  endfacet
  facet normal 0 0 1
    outer loop
      vertex 30 20 10
      vertex 24.6489 11.8406 10
      vertex 24.7553 11.5451 10
    endloop
  endfacet
  facet normal 0 0 1
    outer loop
      vertex 30 20 10
      vertex 24.5241 12.1289 10
      vertex 24.6489 11.8406 10
    endloop
  endfacet
  facet normal 0 0 1
    outer loop
      vertex 30 20 10
      vertex 24.3815 12.4088 10
      vertex 24.5241 12.1289 10
    endloop
  endfacet
  facet normal 0 0 1
    outer loop
      vertex 30 20 10
      vertex 24.2216 12.6791 10
      vertex 24.3815 12.4088 10
    endloop
  endfacet
  facet normal 0 0 1
    outer loop
      vertex 30 20 10
      vertex 24.0451 12.9389 10
      vertex 24.2216 12.6791 10
    endloop
  endfacet
  facet normal 0 0 1
    outer loop
      vertex 30 20 10
      vertex 23.8526 13.1871 10
      vertex 24.0451 12.9389 10
    endloop
  endfacet
  facet normal 0 0 1
    outer loop
      vertex 30 20 10
      vertex 23.6448 13.4227 10
      vertex 23.8526 13.1871 10
    endloop
  endfacet
  facet normal 0 0 1
    outer loop
      vertex 30 20 10
      vertex 23.4227 13.6448 10
      vertex 23.6448 13.4227 10
    endloop
  endfacet
  facet normal 0 0 1
    outer loop
      vertex 30 20 10
      vertex 23.1871 13.8526 10
      vertex 23.4227 13.6448 10
    endloop
  endfacet
  facet normal 0 0 1
    outer loop
      vertex 30 20 10
      vertex 22.9389 14.0451 10
      vertex 23.1871 13.8526 10
    endloop
  endfacet
  facet normal 0 0 1
    outer loop
      vertex 30 20 10
      vertex 22.6791 14.2216 10
      vertex 22.9389 14.0451 10
    endloop
  endfacet
  facet normal 0 0 1
    outer loop
      vertex 30 20 10
      vertex 22.4088 14.3815 10
      vertex 22.6791 14.2216 10
    endloop
  endfacet
  facet normal 0 0 1
    outer loop
      vertex 30 20 10
      vertex 22.1289 14.5241 10
      vertex 22.4088 14.3815 10
    endloop
  endfacet
  facet normal 0 0 1
    outer loop
      vertex 30 20 10
      vertex 21.8406 14.6489 10
      vertex 22.1289 14.5241 10
    endloop
  endfacet
  facet normal 0 0 1
    outer loop
      vertex 30 20 10
      vertex 21.5451 14.7553 10
      vertex 21.8406 14.6489 10
    endloop
  endfacet
  facet normal 0 0 1
    outer loop
      vertex 30 20 10
      vertex 21.2435 14.8429 10
      vertex 21.5451 14.7553 10
    endloop
  endfacet
  facet normal 0 0 1
    outer loop
      vertex 30 20 10
      vertex 20.9369 14.9114 10
      vertex 21.2435 14.8429 10
    endloop
  endfacet
  facet normal 0 0 1
    outer loop
      vertex 30 20 10
      vertex 20.6267 14.9606 10
      vertex 20.9369 14.9114 10
    endloop
  endfacet
  facet normal 0 0 1
    outer loop
      vertex 30 20 10
      vertex 20.314 14.9901 10
      vertex 20.6267 14.9606 10
    endloop
  endfacet
  facet normal 0 0 1
    outer loop
      vertex 30 20 10
      vertex 20 15 10
      vertex 20.314 14.9901 10
    endloop
  endfacet
  facet normal 0 0 1
    outer loop
      vertex 30 20 10
      vertex 19.686 14.9901 10
      vertex 20 15 10
    endloop
  endfacet
  facet normal 0 0 1
    outer loop
      vertex 30 20 10
      vertex 19.3733 14.9606 10
      vertex 19.686 14.9901 10
    endloop
  endfacet
  facet normal 0 0 1
    outer loop
      vertex 30 20 10
      vertex 19.0631 14.9114 10
      vertex 19.3733 14.9606 10
    endloop
  endfacet
  facet normal 0 0 1
    outer loop
      vertex 30 20 10
      vertex 18.7565 14.8429 10
      vertex 19.0631 14.9114 10
    endloop
  endfacet
  facet normal 0 0 1
    outer loop
      vertex 3.73035 14.5287 10
      vertex 18.7565 14.8429 10
      vertex 30 20 10
    endloop
  endfacet
  facet normal 0 0 1
    outer loop
      vertex 18.7565 14.8429 10
      vertex 3.73035 14.5287 10
      vertex 18.4549 14.7553 10
    endloop
  endfacet
  facet normal 0 -0 1
    outer loop
      vertex 4.63525 14.2658 10
      vertex 18.4549 14.7553 10
      vertex 3.73035 14.5287 10
    endloop
  endfacet
  facet normal 0 0 1
    outer loop
      vertex 19.686 5.00987 10
      vertex 14.9704 0.941857 10
      vertex 15 0 10
    endloop
  endfacet
  facet normal 0 0 1
    outer loop
      vertex 15.0099 9.68605 10
      vertex 14.8817 1.88 10
      vertex 14.9704 0.941857 10
    endloop
  endfacet
  facet normal 0 0 1
    outer loop
      vertex 15.0099 9.68605 10
      vertex 14.7343 2.81072 10
      vertex 14.8817 1.88 10
    endloop
  endfacet
  facet normal 0 0 1
    outer loop
      vertex 12.1353 8.81678 10
      vertex 15 10 10
      vertex 15.0099 10.314 10
    endloop
  endfacet
  facet normal 0 0 1
    outer loop
      vertex 15.0099 9.68605 10
      vertex 14.5287 3.73035 10
      vertex 14.7343 2.81072 10
    endloop
  endfacet
  facet normal 0 0 1
    outer loop
      vertex 15.0099 9.68605 10
      vertex 14.2658 4.63525 10
      vertex 14.5287 3.73035 10
    endloop
  endfacet
  facet normal 0 0 1
    outer loop
      vertex 11.5577 9.56136 10
      vertex 15.0099 10.314 10
      vertex 15.0394 10.6267 10
    endloop
  endfacet
  facet normal 0 0 1
    outer loop
      vertex 15.0099 9.68605 10
      vertex 13.9466 5.52187 10
      vertex 14.2658 4.63525 10
    endloop
  endfacet
  facet normal 0 0 1
    outer loop
      vertex 11.5577 9.56136 10
      vertex 15.0394 10.6267 10
      vertex 15.0886 10.9369 10
    endloop
  endfacet
  facet normal 0 0 1
    outer loop
      vertex 15.0099 9.68605 10
      vertex 13.5724 6.38669 10
      vertex 13.9466 5.52187 10
    endloop
  endfacet
  facet normal 0 0 1
    outer loop
      vertex 10.9345 10.2682 10
      vertex 15.0886 10.9369 10
      vertex 15.1571 11.2434 10
    endloop
  endfacet
  facet normal 0 0 1
    outer loop
      vertex 10.9345 10.2682 10
      vertex 15.1571 11.2434 10
      vertex 15.2447 11.5451 10
    endloop
  endfacet
  facet normal 0 0 1
    outer loop
      vertex 15.0099 9.68605 10
      vertex 13.1446 7.22631 10
      vertex 13.5724 6.38669 10
    endloop
  endfacet
  facet normal 0 0 1
    outer loop
      vertex 10.2682 10.9345 10
      vertex 15.2447 11.5451 10
      vertex 15.3511 11.8406 10
    endloop
  endfacet
  facet normal 0 0 1
    outer loop
      vertex 10.2682 10.9345 10
      vertex 15.3511 11.8406 10
      vertex 15.4759 12.1289 10
    endloop
  endfacet
  facet normal 0 0 1
    outer loop
      vertex 15.0099 9.68605 10
      vertex 12.6649 8.0374 10
      vertex 13.1446 7.22631 10
    endloop
  endfacet
  facet normal 0 0 1
    outer loop
      vertex 10.2682 10.9345 10
      vertex 15.4759 12.1289 10
      vertex 15.6185 12.4088 10
    endloop
  endfacet
  facet normal 0 0 1
    outer loop
      vertex 9.56136 11.5577 10
      vertex 15.6185 12.4088 10
      vertex 15.7784 12.6791 10
    endloop
  endfacet
  facet normal 0 0 1
    outer loop
      vertex 15.0099 9.68605 10
      vertex 12.1353 8.81678 10
      vertex 12.6649 8.0374 10
    endloop
  endfacet
  facet normal 0 0 1
    outer loop
      vertex 9.56136 11.5577 10
      vertex 15.7784 12.6791 10
      vertex 15.9549 12.9389 10
    endloop
  endfacet
  facet normal 0 0 1
    outer loop
      vertex 8.81678 12.1353 10
      vertex 15.9549 12.9389 10
      vertex 16.1474 13.1871 10
    endloop
  endfacet
  facet normal 0 0 1
    outer loop
      vertex 8.81678 12.1353 10
      vertex 16.1474 13.1871 10
      vertex 16.3552 13.4227 10
    endloop
  endfacet
  facet normal 0 0 1
    outer loop
      vertex 15.0099 10.314 10
      vertex 11.5577 9.56136 10
      vertex 12.1353 8.81678 10
    endloop
  endfacet
  facet normal 0 0 1
    outer loop
      vertex 8.0374 12.6649 10
      vertex 16.3552 13.4227 10
      vertex 16.5773 13.6448 10
    endloop
  endfacet
  facet normal 0 0 1
    outer loop
      vertex 8.0374 12.6649 10
      vertex 16.5773 13.6448 10
      vertex 16.8129 13.8526 10
    endloop
  endfacet
  facet normal 0 0 1
    outer loop
      vertex 15.0886 10.9369 10
      vertex 10.9345 10.2682 10
      vertex 11.5577 9.56136 10
    endloop
  endfacet
  facet normal 0 0 1
    outer loop
      vertex 7.22631 13.1446 10
      vertex 16.8129 13.8526 10
      vertex 17.0611 14.0451 10
    endloop
  endfacet
  facet normal 0 0 1
    outer loop
      vertex 6.38669 13.5724 10
      vertex 17.0611 14.0451 10
      vertex 17.3209 14.2216 10
    endloop
  endfacet
  facet normal 0 0 1
    outer loop
      vertex 15.2447 11.5451 10
      vertex 10.2682 10.9345 10
      vertex 10.9345 10.2682 10
    endloop
  endfacet
  facet normal 0 0 1
    outer loop
      vertex 6.38669 13.5724 10
      vertex 17.3209 14.2216 10
      vertex 17.5912 14.3815 10
    endloop
  endfacet
  facet normal 0 0 1
    outer loop
      vertex 5.52187 13.9466 10
      vertex 17.5912 14.3815 10
      vertex 17.8711 14.5241 10
    endloop
  endfacet
  facet normal 0 0 1
    outer loop
      vertex 15.6185 12.4088 10
      vertex 9.56136 11.5577 10
      vertex 10.2682 10.9345 10
    endloop
  endfacet
  facet normal 0 0 1
    outer loop
      vertex 18.4549 14.7553 10
      vertex 4.63525 14.2658 10
      vertex 18.1594 14.6489 10
    endloop
  endfacet
  facet normal 0 0 1
    outer loop
      vertex 15.9549 12.9389 10
      vertex 8.81678 12.1353 10
      vertex 9.56136 11.5577 10
    endloop
  endfacet
  facet normal 0 0 1
    outer loop
      vertex 16.3552 13.4227 10
      vertex 8.0374 12.6649 10
      vertex 8.81678 12.1353 10
    endloop
  endfacet
  facet normal 0 0 1
    outer loop
      vertex 16.8129 13.8526 10
      vertex 7.22631 13.1446 10
      vertex 8.0374 12.6649 10
    endloop
  endfacet
  facet normal 0 0 1
    outer loop
      vertex 17.0611 14.0451 10
      vertex 6.38669 13.5724 10
      vertex 7.22631 13.1446 10
    endloop
  endfacet
  facet normal 0 0 1
    outer loop
      vertex 17.5912 14.3815 10
      vertex 5.52187 13.9466 10
      vertex 6.38669 13.5724 10
    endloop
  endfacet
  facet normal 0 0 1
    outer loop
      vertex 17.8711 14.5241 10
      vertex 4.63525 14.2658 10
      vertex 5.52187 13.9466 10
    endloop
  endfacet
  facet normal 0 0 1
    outer loop
      vertex 18.1594 14.6489 10
      vertex 4.63525 14.2658 10
      vertex 17.8711 14.5241 10
    endloop
  endfacet
  facet normal 0 0 1
    outer loop
      vertex 30 20 10
      vertex 2.81072 14.7343 10
      vertex 3.73035 14.5287 10
    endloop
  endfacet
  facet normal 0 0 1
    outer loop
      vertex 30 20 10
      vertex 1.88 14.8817 10
      vertex 2.81072 14.7343 10
    endloop
  endfacet
  facet normal 0 0 1
    outer loop
      vertex 30 20 10
      vertex 0.941857 14.9704 10
      vertex 1.88 14.8817 10
    endloop
  endfacet
  facet normal 0 0 1
    outer loop
      vertex 30 20 10
      vertex 0 15 10
      vertex 0.941857 14.9704 10
    endloop
  endfacet
  facet normal -0 0 1
    outer loop
      vertex -30 20 10
      vertex 0 15 10
      vertex 30 20 10
    endloop
  endfacet
  facet normal 0 0 1
    outer loop
      vertex 0 15 10
      vertex -30 20 10
      vertex -0.941857 14.9704 10
    endloop
  endfacet
  facet normal 0 0 1
    outer loop
      vertex -0.941857 14.9704 10
      vertex -30 20 10
      vertex -1.88 14.8817 10
    endloop
  endfacet
  facet normal 0 0 1
    outer loop
      vertex -12.1353 -8.81678 10
      vertex -15.0099 -9.68605 10
      vertex -15 -10 10
    endloop
  endfacet
  facet normal 0 0 1
    outer loop
      vertex -14.9704 -0.941857 10
      vertex -15.0394 -9.37333 10
      vertex -15.0099 -9.68605 10
    endloop
  endfacet
  facet normal 0 0 1
    outer loop
      vertex -14.9704 -0.941857 10
      vertex -15.0886 -9.06309 10
      vertex -15.0394 -9.37333 10
    endloop
  endfacet
  facet normal 0 0 1
    outer loop
      vertex -14.9704 -0.941857 10
      vertex -15.1571 -8.75655 10
      vertex -15.0886 -9.06309 10
    endloop
  endfacet
  facet normal 0 0 1
    outer loop
      vertex -14.9704 -0.941857 10
      vertex -15.2447 -8.45491 10
      vertex -15.1571 -8.75655 10
    endloop
  endfacet
  facet normal 0 0 1
    outer loop
      vertex -14.9704 -0.941857 10
      vertex -15.3511 -8.15938 10
      vertex -15.2447 -8.45491 10
    endloop
  endfacet
  facet normal 0 0 1
    outer loop
      vertex -20.314 -5.00987 10
      vertex -15 0 10
      vertex -14.9704 0.941857 10
    endloop
  endfacet
  facet normal 0 0 1
    outer loop
      vertex -14.9704 -0.941857 10
      vertex -15.4759 -7.8711 10
      vertex -15.3511 -8.15938 10
    endloop
  endfacet
  facet normal 0 0 1
    outer loop
      vertex -14.9704 -0.941857 10
      vertex -15.6185 -7.59123 10
      vertex -15.4759 -7.8711 10
    endloop
  endfacet
  facet normal 0 0 1
    outer loop
      vertex -14.9704 -0.941857 10
      vertex -15.7784 -7.32087 10
      vertex -15.6185 -7.59123 10
    endloop
  endfacet
  facet normal 0 0 1
    outer loop
      vertex -20.9369 -5.08856 10
      vertex -14.9704 0.941857 10
      vertex -14.8817 1.88 10
    endloop
  endfacet
  facet normal 0 0 1
    outer loop
      vertex -14.9704 -0.941857 10
      vertex -15.9549 -7.06107 10
      vertex -15.7784 -7.32087 10
    endloop
  endfacet
  facet normal 0 0 1
    outer loop
      vertex -14.9704 -0.941857 10
      vertex -16.1474 -6.81288 10
      vertex -15.9549 -7.06107 10
    endloop
  endfacet
  facet normal 0 0 1
    outer loop
      vertex -14.9704 -0.941857 10
      vertex -16.3552 -6.57726 10
      vertex -16.1474 -6.81288 10
    endloop
  endfacet
  facet normal 0 0 1
    outer loop
      vertex -21.2435 -5.15708 10
      vertex -14.8817 1.88 10
      vertex -14.7343 2.81072 10
    endloop
  endfacet
  facet normal 0 0 1
    outer loop
      vertex -14.9704 -0.941857 10
      vertex -16.5773 -6.35516 10
      vertex -16.3552 -6.57726 10
    endloop
  endfacet
  facet normal 0 0 1
    outer loop
      vertex -14.9704 -0.941857 10
      vertex -16.8129 -6.14743 10
      vertex -16.5773 -6.35516 10
    endloop
  endfacet
  facet normal 0 0 1
    outer loop
      vertex -21.8406 -5.35112 10
      vertex -14.7343 2.81072 10
      vertex -14.5287 3.73035 10
    endloop
  endfacet
  facet normal 0 0 1
    outer loop
      vertex -14.9704 -0.941857 10
      vertex -17.0611 -5.95491 10
      vertex -16.8129 -6.14743 10
    endloop
  endfacet
  facet normal 0 0 1
    outer loop
      vertex -14.9704 -0.941857 10
      vertex -17.3209 -5.77836 10
      vertex -17.0611 -5.95491 10
    endloop
  endfacet
  facet normal 0 0 1
    outer loop
      vertex -30 20 10
      vertex -14.5287 3.73035 10
      vertex -14.2658 4.63525 10
    endloop
  endfacet
  facet normal 0 0 1
    outer loop
      vertex -14.9704 -0.941857 10
      vertex -17.5912 -5.61847 10
      vertex -17.3209 -5.77836 10
    endloop
  endfacet
  facet normal 0 0 1
    outer loop
      vertex -14.9704 -0.941857 10
      vertex -17.8711 -5.47586 10
      vertex -17.5912 -5.61847 10
    endloop
  endfacet
  facet normal 0 0 1
    outer loop
      vertex -14.9704 -0.941857 10
      vertex -18.1594 -5.35112 10
      vertex -17.8711 -5.47586 10
    endloop
  endfacet
  facet normal 0 0 1
    outer loop
      vertex -30 20 10
      vertex -14.2658 4.63525 10
      vertex -13.9466 5.52187 10
    endloop
  endfacet
  facet normal 0 0 1
    outer loop
      vertex -14.9704 -0.941857 10
      vertex -18.4549 -5.24472 10
      vertex -18.1594 -5.35112 10
    endloop
  endfacet
  facet normal 0 0 1
    outer loop
      vertex -14.9704 -0.941857 10
      vertex -18.7565 -5.15708 10
      vertex -18.4549 -5.24472 10
    endloop
  endfacet
  facet normal 0 0 1
    outer loop
      vertex -30 20 10
      vertex -13.9466 5.52187 10
      vertex -13.5724 6.38669 10
    endloop
  endfacet
  facet normal 0 0 1
    outer loop
      vertex -14.9704 -0.941857 10
      vertex -19.0631 -5.08856 10
      vertex -18.7565 -5.15708 10
    endloop
  endfacet
  facet normal 0 0 1
    outer loop
      vertex -14.9704 -0.941857 10
      vertex -19.3733 -5.03943 10
      vertex -19.0631 -5.08856 10
    endloop
  endfacet
  facet normal 0 0 1
    outer loop
      vertex -14.9704 -0.941857 10
      vertex -19.686 -5.00987 10
      vertex -19.3733 -5.03943 10
    endloop
  endfacet
  facet normal 0 0 1
    outer loop
      vertex -30 20 10
      vertex -13.5724 6.38669 10
      vertex -13.1446 7.22631 10
    endloop
  endfacet
  facet normal 0 0 1
    outer loop
      vertex -15 0 10
      vertex -20 -5 10
      vertex -19.686 -5.00987 10
    endloop
  endfacet
  facet normal 0 0 1
    outer loop
      vertex -15 0 10
      vertex -20.314 -5.00987 10
      vertex -20 -5 10
    endloop
  endfacet
  facet normal 0 0 1
    outer loop
      vertex -14.9704 0.941857 10
      vertex -20.6267 -5.03943 10
      vertex -20.314 -5.00987 10
    endloop
  endfacet
  facet normal 0 0 1
    outer loop
      vertex -30 20 10
      vertex -13.1446 7.22631 10
      vertex -12.6649 8.0374 10
    endloop
  endfacet
  facet normal 0 0 1
    outer loop
      vertex -14.9704 0.941857 10
      vertex -20.9369 -5.08856 10
      vertex -20.6267 -5.03943 10
    endloop
  endfacet
  facet normal 0 0 1
    outer loop
      vertex -14.8817 1.88 10
      vertex -21.2435 -5.15708 10
      vertex -20.9369 -5.08856 10
    endloop
  endfacet
  facet normal 0 0 1
    outer loop
      vertex -14.7343 2.81072 10
      vertex -21.5451 -5.24472 10
      vertex -21.2435 -5.15708 10
    endloop
  endfacet
  facet normal 0 0 1
    outer loop
      vertex -14.5287 3.73035 10
      vertex -30 20 10
      vertex -22.1289 -5.47586 10
    endloop
  endfacet
  facet normal 0 0 1
    outer loop
      vertex -30 20 10
      vertex -12.6649 8.0374 10
      vertex -12.1353 8.81678 10
    endloop
  endfacet
  facet normal 0 0 1
    outer loop
      vertex -14.7343 2.81072 10
      vertex -21.8406 -5.35112 10
      vertex -21.5451 -5.24472 10
    endloop
  endfacet
  facet normal 0 0 1
    outer loop
      vertex -14.5287 3.73035 10
      vertex -22.1289 -5.47586 10
      vertex -21.8406 -5.35112 10
    endloop
  endfacet
  facet normal 0 0 1
    outer loop
      vertex -22.1289 -5.47586 10
      vertex -30 20 10
      vertex -22.4088 -5.61847 10
    endloop
  endfacet
  facet normal 0 0 1
    outer loop
      vertex -22.4088 -5.61847 10
      vertex -30 20 10
      vertex -22.6791 -5.77836 10
    endloop
  endfacet
  facet normal 0 0 1
    outer loop
      vertex -22.6791 -5.77836 10
      vertex -30 20 10
      vertex -22.9389 -5.95491 10
    endloop
  endfacet
  facet normal 0 0 1
    outer loop
      vertex -22.9389 -5.95491 10
      vertex -30 20 10
      vertex -23.1871 -6.14743 10
    endloop
  endfacet
  facet normal 0 0 1
    outer loop
      vertex -23.1871 -6.14743 10
      vertex -30 20 10
      vertex -23.4227 -6.35516 10
    endloop
  endfacet
  facet normal 0 0 1
    outer loop
      vertex -23.4227 -6.35516 10
      vertex -30 20 10
      vertex -23.6448 -6.57726 10
    endloop
  endfacet
  facet normal 0 0 1
    outer loop
      vertex -23.6448 -6.57726 10
      vertex -30 20 10
      vertex -23.8526 -6.81288 10
    endloop
  endfacet
  facet normal 0 0 1
    outer loop
      vertex -24.9606 -9.37333 10
      vertex -30 -20 10
      vertex -24.9901 -9.68605 10
    endloop
  endfacet
  facet normal 0 0 1
    outer loop
      vertex -24.9114 -9.06309 10
      vertex -30 -20 10
      vertex -24.9606 -9.37333 10
    endloop
  endfacet
  facet normal 0 0 1
    outer loop
      vertex -24.8429 -8.75655 10
      vertex -30 -20 10
      vertex -24.9114 -9.06309 10
    endloop
  endfacet
  facet normal 0 0 1
    outer loop
      vertex -30 -20 10
      vertex -24.8429 -8.75655 10
      vertex -30 20 10
    endloop
  endfacet
  facet normal 0 0 1
    outer loop
      vertex -24.7553 -8.45491 10
      vertex -30 20 10
      vertex -24.8429 -8.75655 10
    endloop
  endfacet
  facet normal 0 0 1
    outer loop
      vertex -24.6489 -8.15938 10
      vertex -30 20 10
      vertex -24.7553 -8.45491 10
    endloop
  endfacet
  facet normal 0 0 1
    outer loop
      vertex -24.5241 -7.8711 10
      vertex -30 20 10
      vertex -24.6489 -8.15938 10
    endloop
  endfacet
  facet normal 0 0 1
    outer loop
      vertex -24.3815 -7.59123 10
      vertex -30 20 10
      vertex -24.5241 -7.8711 10
    endloop
  endfacet
  facet normal 0 0 1
    outer loop
      vertex -24.2216 -7.32087 10
      vertex -30 20 10
      vertex -24.3815 -7.59123 10
    endloop
  endfacet
  facet normal 0 0 1
    outer loop
      vertex -24.0451 -7.06107 10
      vertex -30 20 10
      vertex -24.2216 -7.32087 10
    endloop
  endfacet
  facet normal 0 0 1
    outer loop
      vertex -23.8526 -6.81288 10
      vertex -30 20 10
      vertex -24.0451 -7.06107 10
    endloop
  endfacet
  facet normal 0 0 1
    outer loop
      vertex -11.5577 9.56136 10
      vertex -30 20 10
      vertex -12.1353 8.81678 10
    endloop
  endfacet
  facet normal 0 0 1
    outer loop
      vertex -10.9345 10.2682 10
      vertex -30 20 10
      vertex -11.5577 9.56136 10
    endloop
  endfacet
  facet normal 0 0 1
    outer loop
      vertex -10.2682 10.9345 10
      vertex -30 20 10
      vertex -10.9345 10.2682 10
    endloop
  endfacet
  facet normal 0 0 1
    outer loop
      vertex -9.56136 11.5577 10
      vertex -30 20 10
      vertex -10.2682 10.9345 10
    endloop
  endfacet
  facet normal 0 0 1
    outer loop
      vertex -8.81678 12.1353 10
      vertex -30 20 10
      vertex -9.56136 11.5577 10
    endloop
  endfacet
  facet normal 0 0 1
    outer loop
      vertex -8.0374 12.6649 10
      vertex -30 20 10
      vertex -8.81678 12.1353 10
    endloop
  endfacet
  facet normal 0 0 1
    outer loop
      vertex -7.22631 13.1446 10
      vertex -30 20 10
      vertex -8.0374 12.6649 10
    endloop
  endfacet
  facet normal 0 0 1
    outer loop
      vertex -6.38669 13.5724 10
      vertex -30 20 10
      vertex -7.22631 13.1446 10
    endloop
  endfacet
  facet normal 0 0 1
    outer loop
      vertex -5.52187 13.9466 10
      vertex -30 20 10
      vertex -6.38669 13.5724 10
    endloop
  endfacet
  facet normal 0 0 1
    outer loop
      vertex -4.63525 14.2658 10
      vertex -30 20 10
      vertex -5.52187 13.9466 10
    endloop
  endfacet
  facet normal 0 0 1
    outer loop
      vertex -3.73035 14.5287 10
      vertex -30 20 10
      vertex -4.63525 14.2658 10
    endloop
  endfacet
  facet normal 0 0 1
    outer loop
      vertex -2.81072 14.7343 10
      vertex -30 20 10
      vertex -3.73035 14.5287 10
    endloop
  endfacet
  facet normal 0 0 1
    outer loop
      vertex -1.88 14.8817 10
      vertex -30 20 10
      vertex -2.81072 14.7343 10
    endloop
  endfacet
  facet normal 0 0 1
    outer loop
      vertex 24.9606 9.37333 10
      vertex 30 20 10
      vertex 24.9901 9.68605 10
    endloop
  endfacet
  facet normal 0 0 1
    outer loop
      vertex 24.9114 9.06309 10
      vertex 30 20 10
      vertex 24.9606 9.37333 10
    endloop
  endfacet
  facet normal 0 0 1
    outer loop
      vertex 24.8429 8.75655 10
      vertex 30 20 10
      vertex 24.9114 9.06309 10
    endloop
  endfacet
  facet normal 0 0 1
    outer loop
      vertex 30 20 10
      vertex 24.8429 8.75655 10
      vertex 30 -20 10
    endloop
  endfacet
  facet normal -0 0 1
    outer loop
      vertex 24.7553 8.45491 10
      vertex 30 -20 10
      vertex 24.8429 8.75655 10
    endloop
  endfacet
  facet normal -0 0 1
    outer loop
      vertex 24.6489 8.15938 10
      vertex 30 -20 10
      vertex 24.7553 8.45491 10
    endloop
  endfacet
  facet normal -0 0 1
    outer loop
      vertex 24.5241 7.8711 10
      vertex 30 -20 10
      vertex 24.6489 8.15938 10
    endloop
  endfacet
  facet normal -0 0 1
    outer loop
      vertex 24.3815 7.59123 10
      vertex 30 -20 10
      vertex 24.5241 7.8711 10
    endloop
  endfacet
  facet normal -0 0 1
    outer loop
      vertex 24.2216 7.32087 10
      vertex 30 -20 10
      vertex 24.3815 7.59123 10
    endloop
  endfacet
  facet normal -0 0 1
    outer loop
      vertex 24.0451 7.06107 10
      vertex 30 -20 10
      vertex 24.2216 7.32087 10
    endloop
  endfacet
  facet normal -0 0 1
    outer loop
      vertex 23.8526 6.81288 10
      vertex 30 -20 10
      vertex 24.0451 7.06107 10
    endloop
  endfacet
  facet normal -0 0 1
    outer loop
      vertex 23.6448 6.57726 10
      vertex 30 -20 10
      vertex 23.8526 6.81288 10
    endloop
  endfacet
  facet normal -0 0 1
    outer loop
      vertex 23.4227 6.35516 10
      vertex 30 -20 10
      vertex 23.6448 6.57726 10
    endloop
  endfacet
  facet normal -0 0 1
    outer loop
      vertex 23.1871 6.14743 10
      vertex 30 -20 10
      vertex 23.4227 6.35516 10
    endloop
  endfacet
  facet normal -0 0 1
    outer loop
      vertex 22.9389 5.95491 10
      vertex 30 -20 10
      vertex 23.1871 6.14743 10
    endloop
  endfacet
  facet normal -0 0 1
    outer loop
      vertex 22.6791 5.77836 10
      vertex 30 -20 10
      vertex 22.9389 5.95491 10
    endloop
  endfacet
  facet normal -0 0 1
    outer loop
      vertex 22.4088 5.61847 10
      vertex 30 -20 10
      vertex 22.6791 5.77836 10
    endloop
  endfacet
  facet normal -0 0 1
    outer loop
      vertex 22.1289 5.47586 10
      vertex 30 -20 10
      vertex 22.4088 5.61847 10
    endloop
  endfacet
  facet normal 0 0 1
    outer loop
      vertex 14.5287 -3.73035 10
      vertex 22.1289 5.47586 10
      vertex 21.8406 5.35112 10
    endloop
  endfacet
  facet normal 0 0 1
    outer loop
      vertex 14.7343 -2.81072 10
      vertex 21.8406 5.35112 10
      vertex 21.5451 5.24472 10
    endloop
  endfacet
  facet normal 0 0 1
    outer loop
      vertex 14.7343 -2.81072 10
      vertex 21.5451 5.24472 10
      vertex 21.2435 5.15708 10
    endloop
  endfacet
  facet normal 0 0 1
    outer loop
      vertex 14.8817 -1.88 10
      vertex 21.2435 5.15708 10
      vertex 20.9369 5.08856 10
    endloop
  endfacet
  facet normal 0 0 1
    outer loop
      vertex 14.9704 -0.941857 10
      vertex 20.9369 5.08856 10
      vertex 20.6267 5.03943 10
    endloop
  endfacet
  facet normal 0 0 1
    outer loop
      vertex 14.9704 -0.941857 10
      vertex 20.6267 5.03943 10
      vertex 20.314 5.00987 10
    endloop
  endfacet
  facet normal 0 0 1
    outer loop
      vertex 15 0 10
      vertex 20.314 5.00987 10
      vertex 20 5 10
    endloop
  endfacet
  facet normal 0 0 1
    outer loop
      vertex 15 0 10
      vertex 20 5 10
      vertex 19.686 5.00987 10
    endloop
  endfacet
  facet normal 0 0 1
    outer loop
      vertex 14.9704 0.941857 10
      vertex 19.686 5.00987 10
      vertex 19.3733 5.03943 10
    endloop
  endfacet
  facet normal 0 0 1
    outer loop
      vertex 14.9704 0.941857 10
      vertex 19.3733 5.03943 10
      vertex 19.0631 5.08856 10
    endloop
  endfacet
  facet normal 0 0 1
    outer loop
      vertex 14.9704 0.941857 10
      vertex 19.0631 5.08856 10
      vertex 18.7565 5.15708 10
    endloop
  endfacet
  facet normal 0 0 1
    outer loop
      vertex 14.9704 0.941857 10
      vertex 18.7565 5.15708 10
      vertex 18.4549 5.24472 10
    endloop
  endfacet
  facet normal 0 0 1
    outer loop
      vertex 14.9704 0.941857 10
      vertex 18.4549 5.24472 10
      vertex 18.1594 5.35112 10
    endloop
  endfacet
  facet normal 0 0 1
    outer loop
      vertex 14.9704 0.941857 10
      vertex 18.1594 5.35112 10
      vertex 17.8711 5.47586 10
    endloop
  endfacet
  facet normal 0 0 1
    outer loop
      vertex 14.9704 0.941857 10
      vertex 17.8711 5.47586 10
      vertex 17.5912 5.61847 10
    endloop
  endfacet
  facet normal 0 0 1
    outer loop
      vertex 14.9704 0.941857 10
      vertex 17.5912 5.61847 10
      vertex 17.3209 5.77836 10
    endloop
  endfacet
  facet normal 0 0 1
    outer loop
      vertex 14.9704 0.941857 10
      vertex 17.3209 5.77836 10
      vertex 17.0611 5.95491 10
    endloop
  endfacet
  facet normal 0 0 1
    outer loop
      vertex 14.9704 0.941857 10
      vertex 17.0611 5.95491 10
      vertex 16.8129 6.14743 10
    endloop
  endfacet
  facet normal 0 0 1
    outer loop
      vertex 14.9704 0.941857 10
      vertex 16.8129 6.14743 10
      vertex 16.5773 6.35516 10
    endloop
  endfacet
  facet normal 0 0 1
    outer loop
      vertex 14.9704 0.941857 10
      vertex 16.5773 6.35516 10
      vertex 16.3552 6.57726 10
    endloop
  endfacet
  facet normal 0 0 1
    outer loop
      vertex 14.9704 0.941857 10
      vertex 16.3552 6.57726 10
      vertex 16.1474 6.81288 10
    endloop
  endfacet
  facet normal 0 0 1
    outer loop
      vertex 14.9704 0.941857 10
      vertex 16.1474 6.81288 10
      vertex 15.9549 7.06107 10
    endloop
  endfacet
  facet normal 0 0 1
    outer loop
      vertex 14.9704 0.941857 10
      vertex 15.9549 7.06107 10
      vertex 15.7784 7.32087 10
    endloop
  endfacet
  facet normal 0 0 1
    outer loop
      vertex 14.9704 0.941857 10
      vertex 15.7784 7.32087 10
      vertex 15.6185 7.59123 10
    endloop
  endfacet
  facet normal 0 0 1
    outer loop
      vertex 12.1353 8.81678 10
      vertex 15.0099 9.68605 10
      vertex 15 10 10
    endloop
  endfacet
  facet normal 0 0 1
    outer loop
      vertex 14.9704 0.941857 10
      vertex 15.0394 9.37333 10
      vertex 15.0099 9.68605 10
    endloop
  endfacet
  facet normal 0 0 1
    outer loop
      vertex 14.9704 0.941857 10
      vertex 15.0886 9.06309 10
      vertex 15.0394 9.37333 10
    endloop
  endfacet
  facet normal 0 0 1
    outer loop
      vertex 14.9704 0.941857 10
      vertex 15.1571 8.75655 10
      vertex 15.0886 9.06309 10
    endloop
  endfacet
  facet normal 0 0 1
    outer loop
      vertex 14.9704 0.941857 10
      vertex 15.2447 8.45491 10
      vertex 15.1571 8.75655 10
    endloop
  endfacet
  facet normal 0 0 1
    outer loop
      vertex 14.9704 0.941857 10
      vertex 15.3511 8.15938 10
      vertex 15.2447 8.45491 10
    endloop
  endfacet
  facet normal 0 0 1
    outer loop
      vertex 14.9704 0.941857 10
      vertex 15.4759 7.8711 10
      vertex 15.3511 8.15938 10
    endloop
  endfacet
  facet normal 0 0 1
    outer loop
      vertex 14.9704 0.941857 10
      vertex 15.6185 7.59123 10
      vertex 15.4759 7.8711 10
    endloop
  endfacet
  facet normal 0 0 1
    outer loop
      vertex 20.314 5.00987 10
      vertex 15 0 10
      vertex 14.9704 -0.941857 10
    endloop
  endfacet
  facet normal 0 0 1
    outer loop
      vertex 20.9369 5.08856 10
      vertex 14.9704 -0.941857 10
      vertex 14.8817 -1.88 10
    endloop
  endfacet
  facet normal 0 0 1
    outer loop
      vertex 21.2435 5.15708 10
      vertex 14.8817 -1.88 10
      vertex 14.7343 -2.81072 10
    endloop
  endfacet
  facet normal 0 0 1
    outer loop
      vertex 21.8406 5.35112 10
      vertex 14.7343 -2.81072 10
      vertex 14.5287 -3.73035 10
    endloop
  endfacet
  facet normal 0 0 1
    outer loop
      vertex 22.1289 5.47586 10
      vertex 14.5287 -3.73035 10
      vertex 30 -20 10
    endloop
  endfacet
  facet normal -0 0 1
    outer loop
      vertex 14.2658 -4.63525 10
      vertex 30 -20 10
      vertex 14.5287 -3.73035 10
    endloop
  endfacet
  facet normal -0 0 1
    outer loop
      vertex 13.9466 -5.52187 10
      vertex 30 -20 10
      vertex 14.2658 -4.63525 10
    endloop
  endfacet
  facet normal -0 0 1
    outer loop
      vertex 13.5724 -6.38669 10
      vertex 30 -20 10
      vertex 13.9466 -5.52187 10
    endloop
  endfacet
  facet normal -0 0 1
    outer loop
      vertex 13.1446 -7.22631 10
      vertex 30 -20 10
      vertex 13.5724 -6.38669 10
    endloop
  endfacet
  facet normal -0 0 1
    outer loop
      vertex 12.6649 -8.0374 10
      vertex 30 -20 10
      vertex 13.1446 -7.22631 10
    endloop
  endfacet
  facet normal -0 0 1
    outer loop
      vertex 12.1353 -8.81678 10
      vertex 30 -20 10
      vertex 12.6649 -8.0374 10
    endloop
  endfacet
  facet normal -0 0 1
    outer loop
      vertex 11.5577 -9.56136 10
      vertex 30 -20 10
      vertex 12.1353 -8.81678 10
    endloop
  endfacet
  facet normal -0 0 1
    outer loop
      vertex 10.9345 -10.2682 10
      vertex 30 -20 10
      vertex 11.5577 -9.56136 10
    endloop
  endfacet
  facet normal -0 0 1
    outer loop
      vertex 10.2682 -10.9345 10
      vertex 30 -20 10
      vertex 10.9345 -10.2682 10
    endloop
  endfacet
  facet normal -0 0 1
    outer loop
      vertex 9.56136 -11.5577 10
      vertex 30 -20 10
      vertex 10.2682 -10.9345 10
    endloop
  endfacet
  facet normal -0 0 1
    outer loop
      vertex 8.81678 -12.1353 10
      vertex 30 -20 10
      vertex 9.56136 -11.5577 10
    endloop
  endfacet
  facet normal -0 0 1
    outer loop
      vertex 8.0374 -12.6649 10
      vertex 30 -20 10
      vertex 8.81678 -12.1353 10
    endloop
  endfacet
  facet normal -0 0 1
    outer loop
      vertex 7.22631 -13.1446 10
      vertex 30 -20 10
      vertex 8.0374 -12.6649 10
    endloop
  endfacet
  facet normal -0 0 1
    outer loop
      vertex 6.38669 -13.5724 10
      vertex 30 -20 10
      vertex 7.22631 -13.1446 10
    endloop
  endfacet
  facet normal -0 0 1
    outer loop
      vertex 5.52187 -13.9466 10
      vertex 30 -20 10
      vertex 6.38669 -13.5724 10
    endloop
  endfacet
  facet normal -0 0 1
    outer loop
      vertex 4.63525 -14.2658 10
      vertex 30 -20 10
      vertex 5.52187 -13.9466 10
    endloop
  endfacet
  facet normal -0 0 1
    outer loop
      vertex 3.73035 -14.5287 10
      vertex 30 -20 10
      vertex 4.63525 -14.2658 10
    endloop
  endfacet
  facet normal -0 0 1
    outer loop
      vertex 2.81072 -14.7343 10
      vertex 30 -20 10
      vertex 3.73035 -14.5287 10
    endloop
  endfacet
  facet normal -0 0 1
    outer loop
      vertex 1.88 -14.8817 10
      vertex 30 -20 10
      vertex 2.81072 -14.7343 10
    endloop
  endfacet
  facet normal -0 0 1
    outer loop
      vertex 0.941857 -14.9704 10
      vertex 30 -20 10
      vertex 1.88 -14.8817 10
    endloop
  endfacet
  facet normal -0 0 1
    outer loop
      vertex 0 -15 10
      vertex 30 -20 10
      vertex 0.941857 -14.9704 10
    endloop
  endfacet
  facet normal 0 0 1
    outer loop
      vertex -30 -20 10
      vertex 0 -15 10
      vertex -0.941857 -14.9704 10
    endloop
  endfacet
  facet normal 0 0 1
    outer loop
      vertex -30 -20 10
      vertex -0.941857 -14.9704 10
      vertex -1.88 -14.8817 10
    endloop
  endfacet
  facet normal 0 0 1
    outer loop
      vertex -30 -20 10
      vertex -1.88 -14.8817 10
      vertex -2.81072 -14.7343 10
    endloop
  endfacet
  facet normal 0 0 1
    outer loop
      vertex -19.686 -5.00987 10
      vertex -14.9704 -0.941857 10
      vertex -15 0 10
    endloop
  endfacet
  facet normal 0 0 1
    outer loop
      vertex -15.0099 -9.68605 10
      vertex -14.8817 -1.88 10
      vertex -14.9704 -0.941857 10
    endloop
  endfacet
  facet normal 0 0 1
    outer loop
      vertex -15.0099 -9.68605 10
      vertex -14.7343 -2.81072 10
      vertex -14.8817 -1.88 10
    endloop
  endfacet
  facet normal 0 0 1
    outer loop
      vertex -15.0099 -9.68605 10
      vertex -14.5287 -3.73035 10
      vertex -14.7343 -2.81072 10
    endloop
  endfacet
  facet normal 0 0 1
    outer loop
      vertex -15.0099 -9.68605 10
      vertex -14.2658 -4.63525 10
      vertex -14.5287 -3.73035 10
    endloop
  endfacet
  facet normal 0 0 1
    outer loop
      vertex -15.0099 -9.68605 10
      vertex -13.9466 -5.52187 10
      vertex -14.2658 -4.63525 10
    endloop
  endfacet
  facet normal 0 0 1
    outer loop
      vertex -15.0099 -9.68605 10
      vertex -13.5724 -6.38669 10
      vertex -13.9466 -5.52187 10
    endloop
  endfacet
  facet normal 0 0 1
    outer loop
      vertex -15.0099 -9.68605 10
      vertex -13.1446 -7.22631 10
      vertex -13.5724 -6.38669 10
    endloop
  endfacet
  facet normal 0 0 1
    outer loop
      vertex -15.0099 -9.68605 10
      vertex -12.6649 -8.0374 10
      vertex -13.1446 -7.22631 10
    endloop
  endfacet
  facet normal 0 0 1
    outer loop
      vertex -15.0099 -9.68605 10
      vertex -12.1353 -8.81678 10
      vertex -12.6649 -8.0374 10
    endloop
  endfacet
  facet normal 0 0 1
    outer loop
      vertex -15.0099 -10.314 10
      vertex -12.1353 -8.81678 10
      vertex -15 -10 10
    endloop
  endfacet
  facet normal 0 0 1
    outer loop
      vertex -12.1353 -8.81678 10
      vertex -15.0099 -10.314 10
      vertex -11.5577 -9.56136 10
    endloop
  endfacet
  facet normal 0 0 1
    outer loop
      vertex -15.0394 -10.6267 10
      vertex -11.5577 -9.56136 10
      vertex -15.0099 -10.314 10
    endloop
  endfacet
  facet normal 0 0 1
    outer loop
      vertex -15.0886 -10.9369 10
      vertex -11.5577 -9.56136 10
      vertex -15.0394 -10.6267 10
    endloop
  endfacet
  facet normal 0 0 1
    outer loop
      vertex -11.5577 -9.56136 10
      vertex -15.0886 -10.9369 10
      vertex -10.9345 -10.2682 10
    endloop
  endfacet
  facet normal 0 0 1
    outer loop
      vertex -15.1571 -11.2434 10
      vertex -10.9345 -10.2682 10
      vertex -15.0886 -10.9369 10
    endloop
  endfacet
  facet normal 0 0 1
    outer loop
      vertex -15.2447 -11.5451 10
      vertex -10.9345 -10.2682 10
      vertex -15.1571 -11.2434 10
    endloop
  endfacet
  facet normal 0 0 1
    outer loop
      vertex -10.9345 -10.2682 10
      vertex -15.2447 -11.5451 10
      vertex -10.2682 -10.9345 10
    endloop
  endfacet
  facet normal 0 0 1
    outer loop
      vertex -15.3511 -11.8406 10
      vertex -10.2682 -10.9345 10
      vertex -15.2447 -11.5451 10
    endloop
  endfacet
  facet normal 0 0 1
    outer loop
      vertex -15.4759 -12.1289 10
      vertex -10.2682 -10.9345 10
      vertex -15.3511 -11.8406 10
    endloop
  endfacet
  facet normal 0 0 1
    outer loop
      vertex -15.6185 -12.4088 10
      vertex -10.2682 -10.9345 10
      vertex -15.4759 -12.1289 10
    endloop
  endfacet
  facet normal 0 0 1
    outer loop
      vertex -10.2682 -10.9345 10
      vertex -15.6185 -12.4088 10
      vertex -9.56136 -11.5577 10
    endloop
  endfacet
  facet normal 0 0 1
    outer loop
      vertex -15.7784 -12.6791 10
      vertex -9.56136 -11.5577 10
      vertex -15.6185 -12.4088 10
    endloop
  endfacet
  facet normal 0 0 1
    outer loop
      vertex -15.9549 -12.9389 10
      vertex -9.56136 -11.5577 10
      vertex -15.7784 -12.6791 10
    endloop
  endfacet
  facet normal 0 0 1
    outer loop
      vertex -9.56136 -11.5577 10
      vertex -15.9549 -12.9389 10
      vertex -8.81678 -12.1353 10
    endloop
  endfacet
  facet normal 0 0 1
    outer loop
      vertex -16.1474 -13.1871 10
      vertex -8.81678 -12.1353 10
      vertex -15.9549 -12.9389 10
    endloop
  endfacet
  facet normal 0 0 1
    outer loop
      vertex -16.3552 -13.4227 10
      vertex -8.81678 -12.1353 10
      vertex -16.1474 -13.1871 10
    endloop
  endfacet
  facet normal 0 0 1
    outer loop
      vertex -8.81678 -12.1353 10
      vertex -16.3552 -13.4227 10
      vertex -8.0374 -12.6649 10
    endloop
  endfacet
  facet normal 0 0 1
    outer loop
      vertex -16.5773 -13.6448 10
      vertex -8.0374 -12.6649 10
      vertex -16.3552 -13.4227 10
    endloop
  endfacet
  facet normal 0 0 1
    outer loop
      vertex -8.0374 -12.6649 10
      vertex -16.5773 -13.6448 10
      vertex -7.22631 -13.1446 10
    endloop
  endfacet
  facet normal 0 0 1
    outer loop
      vertex -16.8129 -13.8526 10
      vertex -7.22631 -13.1446 10
      vertex -16.5773 -13.6448 10
    endloop
  endfacet
  facet normal 0 0 1
    outer loop
      vertex -17.0611 -14.0451 10
      vertex -7.22631 -13.1446 10
      vertex -16.8129 -13.8526 10
    endloop
  endfacet
  facet normal 0 0 1
    outer loop
      vertex -7.22631 -13.1446 10
      vertex -17.0611 -14.0451 10
      vertex -6.38669 -13.5724 10
    endloop
  endfacet
  facet normal 0 0 1
    outer loop
      vertex -17.3209 -14.2216 10
      vertex -6.38669 -13.5724 10
      vertex -17.0611 -14.0451 10
    endloop
  endfacet
  facet normal 0 0 1
    outer loop
      vertex -17.5912 -14.3815 10
      vertex -6.38669 -13.5724 10
      vertex -17.3209 -14.2216 10
    endloop
  endfacet
  facet normal 0 0 1
    outer loop
      vertex -6.38669 -13.5724 10
      vertex -17.5912 -14.3815 10
      vertex -5.52187 -13.9466 10
    endloop
  endfacet
  facet normal 0 0 1
    outer loop
      vertex -17.8711 -14.5241 10
      vertex -5.52187 -13.9466 10
      vertex -17.5912 -14.3815 10
    endloop
  endfacet
  facet normal 0 0 1
    outer loop
      vertex -5.52187 -13.9466 10
      vertex -17.8711 -14.5241 10
      vertex -4.63525 -14.2658 10
    endloop
  endfacet
  facet normal 0 0 1
    outer loop
      vertex -18.1594 -14.6489 10
      vertex -4.63525 -14.2658 10
      vertex -17.8711 -14.5241 10
    endloop
  endfacet
  facet normal 0 0 1
    outer loop
      vertex -18.4549 -14.7553 10
      vertex -4.63525 -14.2658 10
      vertex -18.1594 -14.6489 10
    endloop
  endfacet
  facet normal 0 0 1
    outer loop
      vertex -4.63525 -14.2658 10
      vertex -18.4549 -14.7553 10
      vertex -3.73035 -14.5287 10
    endloop
  endfacet
  facet normal 0 0 1
    outer loop
      vertex -18.7565 -14.8429 10
      vertex -3.73035 -14.5287 10
      vertex -18.4549 -14.7553 10
    endloop
  endfacet
  facet normal 0 0 1
    outer loop
      vertex -3.73035 -14.5287 10
      vertex -18.7565 -14.8429 10
      vertex -2.81072 -14.7343 10
    endloop
  endfacet
  facet normal 0 0 1
    outer loop
      vertex -2.81072 -14.7343 10
      vertex -18.7565 -14.8429 10
      vertex -30 -20 10
    endloop
  endfacet
  facet normal 0 0 1
    outer loop
      vertex -30 -20 10
      vertex -18.7565 -14.8429 10
      vertex -19.0631 -14.9114 10
    endloop
  endfacet
  facet normal 0 0 1
    outer loop
      vertex -30 -20 10
      vertex -19.0631 -14.9114 10
      vertex -19.3733 -14.9606 10
    endloop
  endfacet
  facet normal 0 0 1
    outer loop
      vertex -30 -20 10
      vertex -19.3733 -14.9606 10
      vertex -19.686 -14.9901 10
    endloop
  endfacet
  facet normal 0 0 1
    outer loop
      vertex -30 -20 10
      vertex -19.686 -14.9901 10
      vertex -20 -15 10
    endloop
  endfacet
  facet normal 0 0 1
    outer loop
      vertex -30 -20 10
      vertex -20 -15 10
      vertex -20.314 -14.9901 10
    endloop
  endfacet
  facet normal 0 0 1
    outer loop
      vertex -30 -20 10
      vertex -20.314 -14.9901 10
      vertex -20.6267 -14.9606 10
    endloop
  endfacet
  facet normal 0 0 1
    outer loop
      vertex -24.9901 -9.68605 10
      vertex -30 -20 10
      vertex -25 -10 10
    endloop
  endfacet
  facet normal 0 0 1
    outer loop
      vertex -25 -10 10
      vertex -30 -20 10
      vertex -24.9901 -10.314 10
    endloop
  endfacet
  facet normal 0 0 1
    outer loop
      vertex -24.9901 -10.314 10
      vertex -30 -20 10
      vertex -24.9606 -10.6267 10
    endloop
  endfacet
  facet normal 0 0 1
    outer loop
      vertex 0 -15 10
      vertex -30 -20 10
      vertex 30 -20 10
    endloop
  endfacet
  facet normal 0 0 1
    outer loop
      vertex -20.9369 -14.9114 10
      vertex -30 -20 10
      vertex -20.6267 -14.9606 10
    endloop
  endfacet
  facet normal 0 0 1
    outer loop
      vertex -21.2435 -14.8429 10
      vertex -30 -20 10
      vertex -20.9369 -14.9114 10
    endloop
  endfacet
  facet normal 0 0 1
    outer loop
      vertex -21.5451 -14.7553 10
      vertex -30 -20 10
      vertex -21.2435 -14.8429 10
    endloop
  endfacet
  facet normal 0 0 1
    outer loop
      vertex -21.8406 -14.6489 10
      vertex -30 -20 10
      vertex -21.5451 -14.7553 10
    endloop
  endfacet
  facet normal 0 0 1
    outer loop
      vertex -22.1289 -14.5241 10
      vertex -30 -20 10
      vertex -21.8406 -14.6489 10
    endloop
  endfacet
  facet normal 0 0 1
    outer loop
      vertex -22.4088 -14.3815 10
      vertex -30 -20 10
      vertex -22.1289 -14.5241 10
    endloop
  endfacet
  facet normal 0 0 1
    outer loop
      vertex -22.6791 -14.2216 10
      vertex -30 -20 10
      vertex -22.4088 -14.3815 10
    endloop
  endfacet
  facet normal 0 0 1
    outer loop
      vertex -22.9389 -14.0451 10
      vertex -30 -20 10
      vertex -22.6791 -14.2216 10
    endloop
  endfacet
  facet normal 0 0 1
    outer loop
      vertex -23.1871 -13.8526 10
      vertex -30 -20 10
      vertex -22.9389 -14.0451 10
    endloop
  endfacet
  facet normal 0 0 1
    outer loop
      vertex -23.4227 -13.6448 10
      vertex -30 -20 10
      vertex -23.1871 -13.8526 10
    endloop
  endfacet
  facet normal 0 0 1
    outer loop
      vertex -23.6448 -13.4227 10
      vertex -30 -20 10
      vertex -23.4227 -13.6448 10
    endloop
  endfacet
  facet normal 0 0 1
    outer loop
      vertex -23.8526 -13.1871 10
      vertex -30 -20 10
      vertex -23.6448 -13.4227 10
    endloop
  endfacet
  facet normal 0 0 1
    outer loop
      vertex -24.0451 -12.9389 10
      vertex -30 -20 10
      vertex -23.8526 -13.1871 10
    endloop
  endfacet
  facet normal 0 0 1
    outer loop
      vertex -24.2216 -12.6791 10
      vertex -30 -20 10
      vertex -24.0451 -12.9389 10
    endloop
  endfacet
  facet normal 0 0 1
    outer loop
      vertex -24.3815 -12.4088 10
      vertex -30 -20 10
      vertex -24.2216 -12.6791 10
    endloop
  endfacet
  facet normal 0 0 1
    outer loop
      vertex -24.5241 -12.1289 10
      vertex -30 -20 10
      vertex -24.3815 -12.4088 10
    endloop
  endfacet
  facet normal 0 0 1
    outer loop
      vertex -24.6489 -11.8406 10
      vertex -30 -20 10
      vertex -24.5241 -12.1289 10
    endloop
  endfacet
  facet normal 0 0 1
    outer loop
      vertex -24.7553 -11.5451 10
      vertex -30 -20 10
      vertex -24.6489 -11.8406 10
    endloop
  endfacet
  facet normal 0 0 1
    outer loop
      vertex -24.8429 -11.2434 10
      vertex -30 -20 10
      vertex -24.7553 -11.5451 10
    endloop
  endfacet
  facet normal 0 0 1
    outer loop
      vertex -24.9114 -10.9369 10
      vertex -30 -20 10
      vertex -24.8429 -11.2434 10
    endloop
  endfacet
  facet normal 0 0 1
    outer loop
      vertex -24.9606 -10.6267 10
      vertex -30 -20 10
      vertex -24.9114 -10.9369 10
    endloop
  endfacet
  facet normal 1 -0 0
    outer loop
      vertex 30 -20 10
      vertex 30 20 0
      vertex 30 20 10
    endloop
  endfacet
  facet normal 1 0 0
    outer loop
      vertex 30 20 0
      vertex 30 -20 10
      vertex 30 -20 0
    endloop
  endfacet
  facet normal 0 1 -0
    outer loop
      vertex 30 20 0
      vertex -30 20 10
      vertex 30 20 10
    endloop
  endfacet
  facet normal 0 1 0
    outer loop
      vertex -30 20 10
      vertex 30 20 0
      vertex -30 20 0
    endloop
  endfacet
  facet normal 0 0 -1
    outer loop
      vertex 24.8429 8.75655 0
      vertex 30 20 0
      vertex 30 -20 0
    endloop
  endfacet
  facet normal 0 0 -1
    outer loop
      vertex 30 20 0
      vertex 24.9901 9.68605 0
      vertex 25 10 0
    endloop
  endfacet
  facet normal 0 0 -1
    outer loop
      vertex 30 20 0
      vertex 24.9606 9.37333 0
      vertex 24.9901 9.68605 0
    endloop
  endfacet
  facet normal 0 0 -1
    outer loop
      vertex 30 20 0
      vertex 24.9114 9.06309 0
      vertex 24.9606 9.37333 0
    endloop
  endfacet
  facet normal 0 0 -1
    outer loop
      vertex 30 20 0
      vertex 24.8429 8.75655 0
      vertex 24.9114 9.06309 0
    endloop
  endfacet
  facet normal 0 0 -1
    outer loop
      vertex 30 -20 0
      vertex 24.7553 8.45491 0
      vertex 24.8429 8.75655 0
    endloop
  endfacet
  facet normal 0 0 -1
    outer loop
      vertex 30 -20 0
      vertex 24.6489 8.15938 0
      vertex 24.7553 8.45491 0
    endloop
  endfacet
  facet normal 0 0 -1
    outer loop
      vertex 30 -20 0
      vertex 24.5241 7.8711 0
      vertex 24.6489 8.15938 0
    endloop
  endfacet
  facet normal 0 0 -1
    outer loop
      vertex 30 -20 0
      vertex 24.3815 7.59123 0
      vertex 24.5241 7.8711 0
    endloop
  endfacet
  facet normal 0 0 -1
    outer loop
      vertex 30 -20 0
      vertex 24.2216 7.32087 0
      vertex 24.3815 7.59123 0
    endloop
  endfacet
  facet normal 0 0 -1
    outer loop
      vertex 30 -20 0
      vertex 24.0451 7.06107 0
      vertex 24.2216 7.32087 0
    endloop
  endfacet
  facet normal 0 0 -1
    outer loop
      vertex 30 -20 0
      vertex 23.8526 6.81288 0
      vertex 24.0451 7.06107 0
    endloop
  endfacet
  facet normal 0 0 -1
    outer loop
      vertex 30 -20 0
      vertex 23.6448 6.57726 0
      vertex 23.8526 6.81288 0
    endloop
  endfacet
  facet normal 0 0 -1
    outer loop
      vertex 30 -20 0
      vertex 23.4227 6.35516 0
      vertex 23.6448 6.57726 0
    endloop
  endfacet
  facet normal 0 0 -1
    outer loop
      vertex 30 -20 0
      vertex 23.1871 6.14743 0
      vertex 23.4227 6.35516 0
    endloop
  endfacet
  facet normal 0 0 -1
    outer loop
      vertex 30 -20 0
      vertex 22.9389 5.95491 0
      vertex 23.1871 6.14743 0
    endloop
  endfacet
  facet normal 0 0 -1
    outer loop
      vertex 30 -20 0
      vertex 22.6791 5.77836 0
      vertex 22.9389 5.95491 0
    endloop
  endfacet
  facet normal 0 0 -1
    outer loop
      vertex 30 -20 0
      vertex 22.4088 5.61847 0
      vertex 22.6791 5.77836 0
    endloop
  endfacet
  facet normal 0 0 -1
    outer loop
      vertex 30 -20 0
      vertex 22.1289 5.47586 0
      vertex 22.4088 5.61847 0
    endloop
  endfacet
  facet normal 0 0 -1
    outer loop
      vertex 30 -20 0
      vertex 21.8406 5.35112 0
      vertex 22.1289 5.47586 0
    endloop
  endfacet
  facet normal 0 0 -1
    outer loop
      vertex 30 -20 0
      vertex 21.5451 5.24472 0
      vertex 21.8406 5.35112 0
    endloop
  endfacet
  facet normal 0 0 -1
    outer loop
      vertex 30 -20 0
      vertex 21.2435 5.15708 0
      vertex 21.5451 5.24472 0
    endloop
  endfacet
  facet normal 0 0 -1
    outer loop
      vertex 30 -20 0
      vertex 20.9369 5.08856 0
      vertex 21.2435 5.15708 0
    endloop
  endfacet
  facet normal 0 0 -1
    outer loop
      vertex 30 -20 0
      vertex 20.6267 5.03943 0
      vertex 20.9369 5.08856 0
    endloop
  endfacet
  facet normal 0 0 -1
    outer loop
      vertex 30 -20 0
      vertex 20.314 5.00987 0
      vertex 20.6267 5.03943 0
    endloop
  endfacet
  facet normal 0 0 -1
    outer loop
      vertex 30 -20 0
      vertex 20 5 0
      vertex 20.314 5.00987 0
    endloop
  endfacet
  facet normal 0 0 -1
    outer loop
      vertex 30 -20 0
      vertex 19.686 5.00987 0
      vertex 20 5 0
    endloop
  endfacet
  facet normal 0 0 -1
    outer loop
      vertex 30 -20 0
      vertex 19.3733 5.03943 0
      vertex 19.686 5.00987 0
    endloop
  endfacet
  facet normal 0 0 -1
    outer loop
      vertex 30 -20 0
      vertex 19.0631 5.08856 0
      vertex 19.3733 5.03943 0
    endloop
  endfacet
  facet normal 0 0 -1
    outer loop
      vertex 30 -20 0
      vertex 18.7565 5.15708 0
      vertex 19.0631 5.08856 0
    endloop
  endfacet
  facet normal 0 0 -1
    outer loop
      vertex 30 -20 0
      vertex 18.4549 5.24472 0
      vertex 18.7565 5.15708 0
    endloop
  endfacet
  facet normal 0 0 -1
    outer loop
      vertex 30 -20 0
      vertex 18.1594 5.35112 0
      vertex 18.4549 5.24472 0
    endloop
  endfacet
  facet normal 0 0 -1
    outer loop
      vertex 30 -20 0
      vertex 17.8711 5.47586 0
      vertex 18.1594 5.35112 0
    endloop
  endfacet
  facet normal 0 0 -1
    outer loop
      vertex -15.0886 -10.9369 0
      vertex 17.8711 5.47586 0
      vertex 30 -20 0
    endloop
  endfacet
  facet normal -0 0 -1
    outer loop
      vertex 17.8711 5.47586 0
      vertex -15.0886 -10.9369 0
      vertex 17.5912 5.61847 0
    endloop
  endfacet
  facet normal 0 -0 -1
    outer loop
      vertex -15.0394 -10.6267 0
      vertex 17.5912 5.61847 0
      vertex -15.0886 -10.9369 0
    endloop
  endfacet
  facet normal -0 0 -1
    outer loop
      vertex 17.5912 5.61847 0
      vertex -15.0394 -10.6267 0
      vertex 17.3209 5.77836 0
    endloop
  endfacet
  facet normal 0 -0 -1
    outer loop
      vertex -15.0099 -10.314 0
      vertex 17.3209 5.77836 0
      vertex -15.0394 -10.6267 0
    endloop
  endfacet
  facet normal -0 0 -1
    outer loop
      vertex 17.3209 5.77836 0
      vertex -15.0099 -10.314 0
      vertex 17.0611 5.95491 0
    endloop
  endfacet
  facet normal 0 -0 -1
    outer loop
      vertex -15 -10 0
      vertex 17.0611 5.95491 0
      vertex -15.0099 -10.314 0
    endloop
  endfacet
  facet normal 0 0 -1
    outer loop
      vertex -15.0099 -9.68605 0
      vertex 16.8129 6.14743 0
      vertex -15 -10 0
    endloop
  endfacet
  facet normal -0 0 -1
    outer loop
      vertex 16.8129 6.14743 0
      vertex -15.0099 -9.68605 0
      vertex 16.5773 6.35516 0
    endloop
  endfacet
  facet normal 0 0 -1
    outer loop
      vertex -15.0394 -9.37333 0
      vertex 16.5773 6.35516 0
      vertex -15.0099 -9.68605 0
    endloop
  endfacet
  facet normal -0 0 -1
    outer loop
      vertex 15.6185 7.59123 0
      vertex -15.4759 -7.8711 0
      vertex 15.4759 7.8711 0
    endloop
  endfacet
  facet normal 0 0 -1
    outer loop
      vertex -15.4759 -7.8711 0
      vertex 15.6185 7.59123 0
      vertex -15.3511 -8.15938 0
    endloop
  endfacet
  facet normal -0 0 -1
    outer loop
      vertex 15.7784 7.32087 0
      vertex -15.3511 -8.15938 0
      vertex 15.6185 7.59123 0
    endloop
  endfacet
  facet normal 0 0 -1
    outer loop
      vertex -15.3511 -8.15938 0
      vertex 15.7784 7.32087 0
      vertex -15.2447 -8.45491 0
    endloop
  endfacet
  facet normal -0 0 -1
    outer loop
      vertex 15.9549 7.06107 0
      vertex -15.2447 -8.45491 0
      vertex 15.7784 7.32087 0
    endloop
  endfacet
  facet normal 0 0 -1
    outer loop
      vertex -15.2447 -8.45491 0
      vertex 15.9549 7.06107 0
      vertex -15.1571 -8.75655 0
    endloop
  endfacet
  facet normal -0 0 -1
    outer loop
      vertex 16.1474 6.81288 0
      vertex -15.1571 -8.75655 0
      vertex 15.9549 7.06107 0
    endloop
  endfacet
  facet normal 0 0 -1
    outer loop
      vertex -15.1571 -8.75655 0
      vertex 16.1474 6.81288 0
      vertex -15.0886 -9.06309 0
    endloop
  endfacet
  facet normal -0 0 -1
    outer loop
      vertex 16.5773 6.35516 0
      vertex -15.0394 -9.37333 0
      vertex 16.3552 6.57726 0
    endloop
  endfacet
  facet normal -0 0 -1
    outer loop
      vertex 16.3552 6.57726 0
      vertex -15.0886 -9.06309 0
      vertex 16.1474 6.81288 0
    endloop
  endfacet
  facet normal 0 0 -1
    outer loop
      vertex -15.0886 -9.06309 0
      vertex 16.3552 6.57726 0
      vertex -15.0394 -9.37333 0
    endloop
  endfacet
  facet normal -0 0 -1
    outer loop
      vertex 17.0611 5.95491 0
      vertex -15 -10 0
      vertex 16.8129 6.14743 0
    endloop
  endfacet
  facet normal 0 0 -1
    outer loop
      vertex 30 -20 0
      vertex -15.1571 -11.2434 0
      vertex -15.0886 -10.9369 0
    endloop
  endfacet
  facet normal 0 0 -1
    outer loop
      vertex 30 -20 0
      vertex -15.2447 -11.5451 0
      vertex -15.1571 -11.2434 0
    endloop
  endfacet
  facet normal 0 0 -1
    outer loop
      vertex 30 -20 0
      vertex -15.3511 -11.8406 0
      vertex -15.2447 -11.5451 0
    endloop
  endfacet
  facet normal 0 0 -1
    outer loop
      vertex 30 -20 0
      vertex -15.4759 -12.1289 0
      vertex -15.3511 -11.8406 0
    endloop
  endfacet
  facet normal 0 0 -1
    outer loop
      vertex 30 -20 0
      vertex -15.6185 -12.4088 0
      vertex -15.4759 -12.1289 0
    endloop
  endfacet
  facet normal 0 0 -1
    outer loop
      vertex 30 -20 0
      vertex -15.7784 -12.6791 0
      vertex -15.6185 -12.4088 0
    endloop
  endfacet
  facet normal 0 0 -1
    outer loop
      vertex 30 -20 0
      vertex -15.9549 -12.9389 0
      vertex -15.7784 -12.6791 0
    endloop
  endfacet
  facet normal 0 0 -1
    outer loop
      vertex 30 -20 0
      vertex -16.1474 -13.1871 0
      vertex -15.9549 -12.9389 0
    endloop
  endfacet
  facet normal 0 0 -1
    outer loop
      vertex 30 -20 0
      vertex -16.3552 -13.4227 0
      vertex -16.1474 -13.1871 0
    endloop
  endfacet
  facet normal 0 0 -1
    outer loop
      vertex 30 -20 0
      vertex -16.5773 -13.6448 0
      vertex -16.3552 -13.4227 0
    endloop
  endfacet
  facet normal 0 0 -1
    outer loop
      vertex 30 -20 0
      vertex -16.8129 -13.8526 0
      vertex -16.5773 -13.6448 0
    endloop
  endfacet
  facet normal 0 0 -1
    outer loop
      vertex 30 -20 0
      vertex -17.0611 -14.0451 0
      vertex -16.8129 -13.8526 0
    endloop
  endfacet
  facet normal 0 0 -1
    outer loop
      vertex 30 -20 0
      vertex -17.3209 -14.2216 0
      vertex -17.0611 -14.0451 0
    endloop
  endfacet
  facet normal 0 0 -1
    outer loop
      vertex 30 -20 0
      vertex -17.5912 -14.3815 0
      vertex -17.3209 -14.2216 0
    endloop
  endfacet
  facet normal 0 0 -1
    outer loop
      vertex 30 -20 0
      vertex -17.8711 -14.5241 0
      vertex -17.5912 -14.3815 0
    endloop
  endfacet
  facet normal 0 0 -1
    outer loop
      vertex 30 -20 0
      vertex -18.1594 -14.6489 0
      vertex -17.8711 -14.5241 0
    endloop
  endfacet
  facet normal 0 0 -1
    outer loop
      vertex 30 -20 0
      vertex -18.4549 -14.7553 0
      vertex -18.1594 -14.6489 0
    endloop
  endfacet
  facet normal 0 0 -1
    outer loop
      vertex -30 -20 0
      vertex -18.4549 -14.7553 0
      vertex 30 -20 0
    endloop
  endfacet
  facet normal 0 0 -1
    outer loop
      vertex -18.4549 -14.7553 0
      vertex -30 -20 0
      vertex -18.7565 -14.8429 0
    endloop
  endfacet
  facet normal 0 0 -1
    outer loop
      vertex -18.7565 -14.8429 0
      vertex -30 -20 0
      vertex -19.0631 -14.9114 0
    endloop
  endfacet
  facet normal 0 0 -1
    outer loop
      vertex -19.0631 -14.9114 0
      vertex -30 -20 0
      vertex -19.3733 -14.9606 0
    endloop
  endfacet
  facet normal 0 0 -1
    outer loop
      vertex -19.3733 -14.9606 0
      vertex -30 -20 0
      vertex -19.686 -14.9901 0
    endloop
  endfacet
  facet normal 0 0 -1
    outer loop
      vertex -19.686 -14.9901 0
      vertex -30 -20 0
      vertex -20 -15 0
    endloop
  endfacet
  facet normal -0 0 -1
    outer loop
      vertex -20 -15 0
      vertex -30 -20 0
      vertex -20.314 -14.9901 0
    endloop
  endfacet
  facet normal -0 0 -1
    outer loop
      vertex -24.9901 -10.314 0
      vertex -30 -20 0
      vertex -25 -10 0
    endloop
  endfacet
  facet normal -0 0 -1
    outer loop
      vertex -24.9606 -10.6267 0
      vertex -30 -20 0
      vertex -24.9901 -10.314 0
    endloop
  endfacet
  facet normal -0 0 -1
    outer loop
      vertex -24.9114 -10.9369 0
      vertex -30 -20 0
      vertex -24.9606 -10.6267 0
    endloop
  endfacet
  facet normal -0 0 -1
    outer loop
      vertex -24.8429 -11.2434 0
      vertex -30 -20 0
      vertex -24.9114 -10.9369 0
    endloop
  endfacet
  facet normal -0 0 -1
    outer loop
      vertex -24.7553 -11.5451 0
      vertex -30 -20 0
      vertex -24.8429 -11.2434 0
    endloop
  endfacet
  facet normal -0 0 -1
    outer loop
      vertex -24.6489 -11.8406 0
      vertex -30 -20 0
      vertex -24.7553 -11.5451 0
    endloop
  endfacet
  facet normal -0 0 -1
    outer loop
      vertex -24.5241 -12.1289 0
      vertex -30 -20 0
      vertex -24.6489 -11.8406 0
    endloop
  endfacet
  facet normal -0 0 -1
    outer loop
      vertex -24.3815 -12.4088 0
      vertex -30 -20 0
      vertex -24.5241 -12.1289 0
    endloop
  endfacet
  facet normal -0 0 -1
    outer loop
      vertex -24.2216 -12.6791 0
      vertex -30 -20 0
      vertex -24.3815 -12.4088 0
    endloop
  endfacet
  facet normal -0 0 -1
    outer loop
      vertex -24.0451 -12.9389 0
      vertex -30 -20 0
      vertex -24.2216 -12.6791 0
    endloop
  endfacet
  facet normal -0 0 -1
    outer loop
      vertex -23.8526 -13.1871 0
      vertex -30 -20 0
      vertex -24.0451 -12.9389 0
    endloop
  endfacet
  facet normal -0 0 -1
    outer loop
      vertex -23.6448 -13.4227 0
      vertex -30 -20 0
      vertex -23.8526 -13.1871 0
    endloop
  endfacet
  facet normal -0 0 -1
    outer loop
      vertex -23.4227 -13.6448 0
      vertex -30 -20 0
      vertex -23.6448 -13.4227 0
    endloop
  endfacet
  facet normal -0 0 -1
    outer loop
      vertex -23.1871 -13.8526 0
      vertex -30 -20 0
      vertex -23.4227 -13.6448 0
    endloop
  endfacet
  facet normal -0 0 -1
    outer loop
      vertex -22.9389 -14.0451 0
      vertex -30 -20 0
      vertex -23.1871 -13.8526 0
    endloop
  endfacet
  facet normal -0 0 -1
    outer loop
      vertex -22.6791 -14.2216 0
      vertex -30 -20 0
      vertex -22.9389 -14.0451 0
    endloop
  endfacet
  facet normal -0 0 -1
    outer loop
      vertex -22.4088 -14.3815 0
      vertex -30 -20 0
      vertex -22.6791 -14.2216 0
    endloop
  endfacet
  facet normal -0 0 -1
    outer loop
      vertex -22.1289 -14.5241 0
      vertex -30 -20 0
      vertex -22.4088 -14.3815 0
    endloop
  endfacet
  facet normal -0 0 -1
    outer loop
      vertex -21.8406 -14.6489 0
      vertex -30 -20 0
      vertex -22.1289 -14.5241 0
    endloop
  endfacet
  facet normal -0 0 -1
    outer loop
      vertex -21.5451 -14.7553 0
      vertex -30 -20 0
      vertex -21.8406 -14.6489 0
    endloop
  endfacet
  facet normal -0 0 -1
    outer loop
      vertex -21.2435 -14.8429 0
      vertex -30 -20 0
      vertex -21.5451 -14.7553 0
    endloop
  endfacet
  facet normal -0 0 -1
    outer loop
      vertex -20.9369 -14.9114 0
      vertex -30 -20 0
      vertex -21.2435 -14.8429 0
    endloop
  endfacet
  facet normal -0 0 -1
    outer loop
      vertex -20.6267 -14.9606 0
      vertex -30 -20 0
      vertex -20.9369 -14.9114 0
    endloop
  endfacet
  facet normal -0 0 -1
    outer loop
      vertex -20.314 -14.9901 0
      vertex -30 -20 0
      vertex -20.6267 -14.9606 0
    endloop
  endfacet
  facet normal 0 0 -1
    outer loop
      vertex 24.9901 10.314 0
      vertex 30 20 0
      vertex 25 10 0
    endloop
  endfacet
  facet normal 0 0 -1
    outer loop
      vertex 24.9606 10.6267 0
      vertex 30 20 0
      vertex 24.9901 10.314 0
    endloop
  endfacet
  facet normal 0 0 -1
    outer loop
      vertex 24.9114 10.9369 0
      vertex 30 20 0
      vertex 24.9606 10.6267 0
    endloop
  endfacet
  facet normal 0 0 -1
    outer loop
      vertex 24.8429 11.2434 0
      vertex 30 20 0
      vertex 24.9114 10.9369 0
    endloop
  endfacet
  facet normal 0 0 -1
    outer loop
      vertex 24.7553 11.5451 0
      vertex 30 20 0
      vertex 24.8429 11.2434 0
    endloop
  endfacet
  facet normal 0 0 -1
    outer loop
      vertex 24.6489 11.8406 0
      vertex 30 20 0
      vertex 24.7553 11.5451 0
    endloop
  endfacet
  facet normal 0 0 -1
    outer loop
      vertex 24.5241 12.1289 0
      vertex 30 20 0
      vertex 24.6489 11.8406 0
    endloop
  endfacet
  facet normal 0 0 -1
    outer loop
      vertex 24.3815 12.4088 0
      vertex 30 20 0
      vertex 24.5241 12.1289 0
    endloop
  endfacet
  facet normal 0 0 -1
    outer loop
      vertex 24.2216 12.6791 0
      vertex 30 20 0
      vertex 24.3815 12.4088 0
    endloop
  endfacet
  facet normal 0 0 -1
    outer loop
      vertex 24.0451 12.9389 0
      vertex 30 20 0
      vertex 24.2216 12.6791 0
    endloop
  endfacet
  facet normal 0 0 -1
    outer loop
      vertex 23.8526 13.1871 0
      vertex 30 20 0
      vertex 24.0451 12.9389 0
    endloop
  endfacet
  facet normal 0 0 -1
    outer loop
      vertex 23.6448 13.4227 0
      vertex 30 20 0
      vertex 23.8526 13.1871 0
    endloop
  endfacet
  facet normal 0 0 -1
    outer loop
      vertex 23.4227 13.6448 0
      vertex 30 20 0
      vertex 23.6448 13.4227 0
    endloop
  endfacet
  facet normal 0 0 -1
    outer loop
      vertex 23.1871 13.8526 0
      vertex 30 20 0
      vertex 23.4227 13.6448 0
    endloop
  endfacet
  facet normal 0 0 -1
    outer loop
      vertex 22.9389 14.0451 0
      vertex 30 20 0
      vertex 23.1871 13.8526 0
    endloop
  endfacet
  facet normal 0 0 -1
    outer loop
      vertex 22.6791 14.2216 0
      vertex 30 20 0
      vertex 22.9389 14.0451 0
    endloop
  endfacet
  facet normal 0 0 -1
    outer loop
      vertex 22.4088 14.3815 0
      vertex 30 20 0
      vertex 22.6791 14.2216 0
    endloop
  endfacet
  facet normal 0 0 -1
    outer loop
      vertex 22.1289 14.5241 0
      vertex 30 20 0
      vertex 22.4088 14.3815 0
    endloop
  endfacet
  facet normal 0 0 -1
    outer loop
      vertex 21.8406 14.6489 0
      vertex 30 20 0
      vertex 22.1289 14.5241 0
    endloop
  endfacet
  facet normal 0 0 -1
    outer loop
      vertex 21.5451 14.7553 0
      vertex 30 20 0
      vertex 21.8406 14.6489 0
    endloop
  endfacet
  facet normal 0 0 -1
    outer loop
      vertex 21.2435 14.8429 0
      vertex 30 20 0
      vertex 21.5451 14.7553 0
    endloop
  endfacet
  facet normal 0 0 -1
    outer loop
      vertex 20.9369 14.9114 0
      vertex 30 20 0
      vertex 21.2435 14.8429 0
    endloop
  endfacet
  facet normal 0 0 -1
    outer loop
      vertex 20.6267 14.9606 0
      vertex 30 20 0
      vertex 20.9369 14.9114 0
    endloop
  endfacet
  facet normal 0 0 -1
    outer loop
      vertex 20.314 14.9901 0
      vertex 30 20 0
      vertex 20.6267 14.9606 0
    endloop
  endfacet
  facet normal 0 0 -1
    outer loop
      vertex 20 15 0
      vertex 30 20 0
      vertex 20.314 14.9901 0
    endloop
  endfacet
  facet normal 0 0 -1
    outer loop
      vertex 19.686 14.9901 0
      vertex 30 20 0
      vertex 20 15 0
    endloop
  endfacet
  facet normal 0 0 -1
    outer loop
      vertex 19.3733 14.9606 0
      vertex 30 20 0
      vertex 19.686 14.9901 0
    endloop
  endfacet
  facet normal 0 0 -1
    outer loop
      vertex 19.0631 14.9114 0
      vertex 30 20 0
      vertex 19.3733 14.9606 0
    endloop
  endfacet
  facet normal 0 0 -1
    outer loop
      vertex 18.7565 14.8429 0
      vertex 30 20 0
      vertex 19.0631 14.9114 0
    endloop
  endfacet
  facet normal 0 0 -1
    outer loop
      vertex 18.4549 14.7553 0
      vertex 30 20 0
      vertex 18.7565 14.8429 0
    endloop
  endfacet
  facet normal 0 0 -1
    outer loop
      vertex -30 20 0
      vertex 18.4549 14.7553 0
      vertex 18.1594 14.6489 0
    endloop
  endfacet
  facet normal 0 0 -1
    outer loop
      vertex -30 20 0
      vertex 18.1594 14.6489 0
      vertex 17.8711 14.5241 0
    endloop
  endfacet
  facet normal 0 0 -1
    outer loop
      vertex -15.6185 -7.59123 0
      vertex 15.4759 7.8711 0
      vertex -15.4759 -7.8711 0
    endloop
  endfacet
  facet normal -0 0 -1
    outer loop
      vertex 15.4759 7.8711 0
      vertex -15.6185 -7.59123 0
      vertex 15.3511 8.15938 0
    endloop
  endfacet
  facet normal 0 0 -1
    outer loop
      vertex -15.7784 -7.32087 0
      vertex 15.3511 8.15938 0
      vertex -15.6185 -7.59123 0
    endloop
  endfacet
  facet normal -0 0 -1
    outer loop
      vertex 15.3511 8.15938 0
      vertex -15.7784 -7.32087 0
      vertex 15.2447 8.45491 0
    endloop
  endfacet
  facet normal 0 0 -1
    outer loop
      vertex -15.9549 -7.06107 0
      vertex 15.2447 8.45491 0
      vertex -15.7784 -7.32087 0
    endloop
  endfacet
  facet normal -0 0 -1
    outer loop
      vertex 15.2447 8.45491 0
      vertex -15.9549 -7.06107 0
      vertex 15.1571 8.75655 0
    endloop
  endfacet
  facet normal 0 0 -1
    outer loop
      vertex -16.1474 -6.81288 0
      vertex 15.1571 8.75655 0
      vertex -15.9549 -7.06107 0
    endloop
  endfacet
  facet normal -0 0 -1
    outer loop
      vertex 15.1571 8.75655 0
      vertex -16.1474 -6.81288 0
      vertex 15.0886 9.06309 0
    endloop
  endfacet
  facet normal 0 0 -1
    outer loop
      vertex -16.3552 -6.57726 0
      vertex 15.0886 9.06309 0
      vertex -16.1474 -6.81288 0
    endloop
  endfacet
  facet normal -0 0 -1
    outer loop
      vertex 15.0886 9.06309 0
      vertex -16.3552 -6.57726 0
      vertex 15.0394 9.37333 0
    endloop
  endfacet
  facet normal 0 0 -1
    outer loop
      vertex -16.5773 -6.35516 0
      vertex 15.0394 9.37333 0
      vertex -16.3552 -6.57726 0
    endloop
  endfacet
  facet normal -0 0 -1
    outer loop
      vertex 15.0394 9.37333 0
      vertex -16.5773 -6.35516 0
      vertex 15.0099 9.68605 0
    endloop
  endfacet
  facet normal 0 0 -1
    outer loop
      vertex -16.8129 -6.14743 0
      vertex 15.0099 9.68605 0
      vertex -16.5773 -6.35516 0
    endloop
  endfacet
  facet normal -0 0 -1
    outer loop
      vertex 15.0099 9.68605 0
      vertex -16.8129 -6.14743 0
      vertex 15 10 0
    endloop
  endfacet
  facet normal 0 0 -1
    outer loop
      vertex -17.0611 -5.95491 0
      vertex 15 10 0
      vertex -16.8129 -6.14743 0
    endloop
  endfacet
  facet normal -0 0 -1
    outer loop
      vertex 15 10 0
      vertex -17.0611 -5.95491 0
      vertex 15.0099 10.314 0
    endloop
  endfacet
  facet normal 0 0 -1
    outer loop
      vertex -17.3209 -5.77836 0
      vertex 15.0099 10.314 0
      vertex -17.0611 -5.95491 0
    endloop
  endfacet
  facet normal -0 0 -1
    outer loop
      vertex 15.0099 10.314 0
      vertex -17.3209 -5.77836 0
      vertex 15.0394 10.6267 0
    endloop
  endfacet
  facet normal 0 0 -1
    outer loop
      vertex -17.5912 -5.61847 0
      vertex 15.0394 10.6267 0
      vertex -17.3209 -5.77836 0
    endloop
  endfacet
  facet normal -0 0 -1
    outer loop
      vertex 15.0394 10.6267 0
      vertex -17.5912 -5.61847 0
      vertex 15.0886 10.9369 0
    endloop
  endfacet
  facet normal 0 0 -1
    outer loop
      vertex -17.8711 -5.47586 0
      vertex 15.0886 10.9369 0
      vertex -17.5912 -5.61847 0
    endloop
  endfacet
  facet normal 0 0 -1
    outer loop
      vertex -30 20 0
      vertex 15.0886 10.9369 0
      vertex -17.8711 -5.47586 0
    endloop
  endfacet
  facet normal 0 0 -1
    outer loop
      vertex 15.0886 10.9369 0
      vertex -30 20 0
      vertex 15.1571 11.2434 0
    endloop
  endfacet
  facet normal 0 0 -1
    outer loop
      vertex 15.1571 11.2434 0
      vertex -30 20 0
      vertex 15.2447 11.5451 0
    endloop
  endfacet
  facet normal 0 0 -1
    outer loop
      vertex 15.3511 11.8406 0
      vertex -30 20 0
      vertex 15.4759 12.1289 0
    endloop
  endfacet
  facet normal 0 0 -1
    outer loop
      vertex 15.4759 12.1289 0
      vertex -30 20 0
      vertex 15.6185 12.4088 0
    endloop
  endfacet
  facet normal 0 0 -1
    outer loop
      vertex 15.6185 12.4088 0
      vertex -30 20 0
      vertex 15.7784 12.6791 0
    endloop
  endfacet
  facet normal 0 0 -1
    outer loop
      vertex 15.7784 12.6791 0
      vertex -30 20 0
      vertex 15.9549 12.9389 0
    endloop
  endfacet
  facet normal 0 0 -1
    outer loop
      vertex 15.9549 12.9389 0
      vertex -30 20 0
      vertex 16.1474 13.1871 0
    endloop
  endfacet
  facet normal 0 0 -1
    outer loop
      vertex 16.1474 13.1871 0
      vertex -30 20 0
      vertex 16.3552 13.4227 0
    endloop
  endfacet
  facet normal 0 0 -1
    outer loop
      vertex 16.3552 13.4227 0
      vertex -30 20 0
      vertex 16.5773 13.6448 0
    endloop
  endfacet
  facet normal 0 0 -1
    outer loop
      vertex 16.5773 13.6448 0
      vertex -30 20 0
      vertex 16.8129 13.8526 0
    endloop
  endfacet
  facet normal 0 0 -1
    outer loop
      vertex 16.8129 13.8526 0
      vertex -30 20 0
      vertex 17.0611 14.0451 0
    endloop
  endfacet
  facet normal 0 0 -1
    outer loop
      vertex 17.0611 14.0451 0
      vertex -30 20 0
      vertex 17.3209 14.2216 0
    endloop
  endfacet
  facet normal 0 0 -1
    outer loop
      vertex 15.2447 11.5451 0
      vertex -30 20 0
      vertex 15.3511 11.8406 0
    endloop
  endfacet
  facet normal 0 0 -1
    outer loop
      vertex -30 20 0
      vertex -17.8711 -5.47586 0
      vertex -18.1594 -5.35112 0
    endloop
  endfacet
  facet normal 0 0 -1
    outer loop
      vertex -30 20 0
      vertex -18.1594 -5.35112 0
      vertex -18.4549 -5.24472 0
    endloop
  endfacet
  facet normal 0 0 -1
    outer loop
      vertex -30 20 0
      vertex -18.4549 -5.24472 0
      vertex -18.7565 -5.15708 0
    endloop
  endfacet
  facet normal 0 0 -1
    outer loop
      vertex -30 20 0
      vertex -18.7565 -5.15708 0
      vertex -19.0631 -5.08856 0
    endloop
  endfacet
  facet normal 0 0 -1
    outer loop
      vertex -30 20 0
      vertex -19.0631 -5.08856 0
      vertex -19.3733 -5.03943 0
    endloop
  endfacet
  facet normal 0 0 -1
    outer loop
      vertex -30 20 0
      vertex -19.3733 -5.03943 0
      vertex -19.686 -5.00987 0
    endloop
  endfacet
  facet normal 0 0 -1
    outer loop
      vertex -30 20 0
      vertex -19.686 -5.00987 0
      vertex -20 -5 0
    endloop
  endfacet
  facet normal 0 0 -1
    outer loop
      vertex -30 20 0
      vertex -20 -5 0
      vertex -20.314 -5.00987 0
    endloop
  endfacet
  facet normal 0 0 -1
    outer loop
      vertex -30 20 0
      vertex -20.314 -5.00987 0
      vertex -20.6267 -5.03943 0
    endloop
  endfacet
  facet normal 0 0 -1
    outer loop
      vertex 17.3209 14.2216 0
      vertex -30 20 0
      vertex 17.5912 14.3815 0
    endloop
  endfacet
  facet normal 0 0 -1
    outer loop
      vertex -30 20 0
      vertex -20.6267 -5.03943 0
      vertex -20.9369 -5.08856 0
    endloop
  endfacet
  facet normal 0 0 -1
    outer loop
      vertex -30 20 0
      vertex -20.9369 -5.08856 0
      vertex -21.2435 -5.15708 0
    endloop
  endfacet
  facet normal 0 0 -1
    outer loop
      vertex -30 20 0
      vertex -21.2435 -5.15708 0
      vertex -21.5451 -5.24472 0
    endloop
  endfacet
  facet normal 0 0 -1
    outer loop
      vertex -30 20 0
      vertex -21.5451 -5.24472 0
      vertex -21.8406 -5.35112 0
    endloop
  endfacet
  facet normal 0 0 -1
    outer loop
      vertex -30 20 0
      vertex -21.8406 -5.35112 0
      vertex -22.1289 -5.47586 0
    endloop
  endfacet
  facet normal 0 0 -1
    outer loop
      vertex -30 -20 0
      vertex -24.9901 -9.68605 0
      vertex -25 -10 0
    endloop
  endfacet
  facet normal 0 0 -1
    outer loop
      vertex -30 -20 0
      vertex -24.9606 -9.37333 0
      vertex -24.9901 -9.68605 0
    endloop
  endfacet
  facet normal 0 0 -1
    outer loop
      vertex -30 -20 0
      vertex -24.9114 -9.06309 0
      vertex -24.9606 -9.37333 0
    endloop
  endfacet
  facet normal 0 0 -1
    outer loop
      vertex -30 -20 0
      vertex -24.8429 -8.75655 0
      vertex -24.9114 -9.06309 0
    endloop
  endfacet
  facet normal 0 0 -1
    outer loop
      vertex -30 20 0
      vertex -24.8429 -8.75655 0
      vertex -30 -20 0
    endloop
  endfacet
  facet normal 0 0 -1
    outer loop
      vertex -24.8429 -8.75655 0
      vertex -30 20 0
      vertex -24.7553 -8.45491 0
    endloop
  endfacet
  facet normal 0 0 -1
    outer loop
      vertex -24.7553 -8.45491 0
      vertex -30 20 0
      vertex -24.6489 -8.15938 0
    endloop
  endfacet
  facet normal 0 0 -1
    outer loop
      vertex 18.4549 14.7553 0
      vertex -30 20 0
      vertex 30 20 0
    endloop
  endfacet
  facet normal 0 0 -1
    outer loop
      vertex 17.5912 14.3815 0
      vertex -30 20 0
      vertex 17.8711 14.5241 0
    endloop
  endfacet
  facet normal 0 0 -1
    outer loop
      vertex -22.4088 -5.61847 0
      vertex -30 20 0
      vertex -22.1289 -5.47586 0
    endloop
  endfacet
  facet normal 0 0 -1
    outer loop
      vertex -22.6791 -5.77836 0
      vertex -30 20 0
      vertex -22.4088 -5.61847 0
    endloop
  endfacet
  facet normal 0 0 -1
    outer loop
      vertex -22.9389 -5.95491 0
      vertex -30 20 0
      vertex -22.6791 -5.77836 0
    endloop
  endfacet
  facet normal 0 0 -1
    outer loop
      vertex -23.1871 -6.14743 0
      vertex -30 20 0
      vertex -22.9389 -5.95491 0
    endloop
  endfacet
  facet normal 0 0 -1
    outer loop
      vertex -23.4227 -6.35516 0
      vertex -30 20 0
      vertex -23.1871 -6.14743 0
    endloop
  endfacet
  facet normal 0 0 -1
    outer loop
      vertex -23.6448 -6.57726 0
      vertex -30 20 0
      vertex -23.4227 -6.35516 0
    endloop
  endfacet
  facet normal 0 0 -1
    outer loop
      vertex -23.8526 -6.81288 0
      vertex -30 20 0
      vertex -23.6448 -6.57726 0
    endloop
  endfacet
  facet normal 0 0 -1
    outer loop
      vertex -24.0451 -7.06107 0
      vertex -30 20 0
      vertex -23.8526 -6.81288 0
    endloop
  endfacet
  facet normal 0 0 -1
    outer loop
      vertex -24.2216 -7.32087 0
      vertex -30 20 0
      vertex -24.0451 -7.06107 0
    endloop
  endfacet
  facet normal 0 0 -1
    outer loop
      vertex -24.3815 -7.59123 0
      vertex -30 20 0
      vertex -24.2216 -7.32087 0
    endloop
  endfacet
  facet normal 0 0 -1
    outer loop
      vertex -24.5241 -7.8711 0
      vertex -30 20 0
      vertex -24.3815 -7.59123 0
    endloop
  endfacet
  facet normal 0 0 -1
    outer loop
      vertex -24.6489 -8.15938 0
      vertex -30 20 0
      vertex -24.5241 -7.8711 0
    endloop
  endfacet
  facet normal 0 -1 0
    outer loop
      vertex -30 -20 0
      vertex 30 -20 10
      vertex -30 -20 10
    endloop
  endfacet
  facet normal 0 -1 -0
    outer loop
      vertex 30 -20 10
      vertex -30 -20 0
      vertex 30 -20 0
    endloop
  endfacet
  facet normal -0.999503 -0.031513 0
    outer loop
      vertex 25 10 0
      vertex 24.9901 10.314 10
      vertex 24.9901 10.314 0
    endloop
  endfacet
  facet normal -0.999503 -0.031513 0
    outer loop
      vertex 24.9901 10.314 10
      vertex 25 10 0
      vertex 25 10 10
    endloop
  endfacet
  facet normal 0.031513 -0.999503 0
    outer loop
      vertex 19.686 14.9901 0
      vertex 20 15 10
      vertex 19.686 14.9901 10
    endloop
  endfacet
  facet normal 0.031513 -0.999503 0
    outer loop
      vertex 20 15 10
      vertex 19.686 14.9901 0
      vertex 20 15 0
    endloop
  endfacet
  facet normal -0.707107 -0.707107 0
    outer loop
      vertex 23.4227 13.6448 0
      vertex 23.6448 13.4227 10
      vertex 23.4227 13.6448 10
    endloop
  endfacet
  facet normal -0.707107 -0.707107 -0
    outer loop
      vertex 23.6448 13.4227 10
      vertex 23.4227 13.6448 0
      vertex 23.6448 13.4227 0
    endloop
  endfacet
  facet normal 0.707107 -0.707107 0
    outer loop
      vertex 16.3552 13.4227 10
      vertex 16.5773 13.6448 0
      vertex 16.5773 13.6448 10
    endloop
  endfacet
  facet normal 0.707107 -0.707107 0
    outer loop
      vertex 16.5773 13.6448 0
      vertex 16.3552 13.4227 10
      vertex 16.3552 13.4227 0
    endloop
  endfacet
  facet normal 0.960323 0.27889 0
    outer loop
      vertex 15.2447 8.45491 10
      vertex 15.1571 8.75655 0
      vertex 15.1571 8.75655 10
    endloop
  endfacet
  facet normal 0.960323 0.27889 0
    outer loop
      vertex 15.1571 8.75655 0
      vertex 15.2447 8.45491 10
      vertex 15.2447 8.45491 0
    endloop
  endfacet
  facet normal -0.917707 -0.397259 0
    outer loop
      vertex 24.6489 11.8406 0
      vertex 24.5241 12.1289 10
      vertex 24.5241 12.1289 0
    endloop
  endfacet
  facet normal -0.917707 -0.397259 0
    outer loop
      vertex 24.5241 12.1289 10
      vertex 24.6489 11.8406 0
      vertex 24.6489 11.8406 10
    endloop
  endfacet
  facet normal -0.397259 -0.917707 0
    outer loop
      vertex 21.8406 14.6489 0
      vertex 22.1289 14.5241 10
      vertex 21.8406 14.6489 10
    endloop
  endfacet
  facet normal -0.397259 -0.917707 -0
    outer loop
      vertex 22.1289 14.5241 10
      vertex 21.8406 14.6489 0
      vertex 22.1289 14.5241 0
    endloop
  endfacet
  facet normal 0.891027 -0.45395 0
    outer loop
      vertex 15.4759 12.1289 10
      vertex 15.6185 12.4088 0
      vertex 15.6185 12.4088 10
    endloop
  endfacet
  facet normal 0.891027 -0.45395 0
    outer loop
      vertex 15.6185 12.4088 0
      vertex 15.4759 12.1289 10
      vertex 15.4759 12.1289 0
    endloop
  endfacet
  facet normal 0.218043 -0.975939 0
    outer loop
      vertex 18.7565 14.8429 0
      vertex 19.0631 14.9114 10
      vertex 18.7565 14.8429 10
    endloop
  endfacet
  facet normal 0.218043 -0.975939 0
    outer loop
      vertex 19.0631 14.9114 10
      vertex 18.7565 14.8429 0
      vertex 19.0631 14.9114 0
    endloop
  endfacet
  facet normal -0.891008 0.453988 0
    outer loop
      vertex 24.3815 7.59123 0
      vertex 24.5241 7.8711 10
      vertex 24.5241 7.8711 0
    endloop
  endfacet
  facet normal -0.891008 0.453988 0
    outer loop
      vertex 24.5241 7.8711 10
      vertex 24.3815 7.59123 0
      vertex 24.3815 7.59123 10
    endloop
  endfacet
  facet normal -0.279041 0.960279 0
    outer loop
      vertex 21.5451 5.24472 0
      vertex 21.2435 5.15708 10
      vertex 21.5451 5.24472 10
    endloop
  endfacet
  facet normal -0.279041 0.960279 0
    outer loop
      vertex 21.2435 5.15708 10
      vertex 21.5451 5.24472 0
      vertex 21.2435 5.15708 0
    endloop
  endfacet
  facet normal -0.707107 0.707107 0
    outer loop
      vertex 23.6448 6.57726 0
      vertex 23.4227 6.35516 10
      vertex 23.6448 6.57726 10
    endloop
  endfacet
  facet normal -0.707107 0.707107 0
    outer loop
      vertex 23.4227 6.35516 10
      vertex 23.6448 6.57726 0
      vertex 23.4227 6.35516 0
    endloop
  endfacet
  facet normal 0.279041 0.960279 -0
    outer loop
      vertex 18.7565 5.15708 0
      vertex 18.4549 5.24472 10
      vertex 18.7565 5.15708 10
    endloop
  endfacet
  facet normal 0.279041 0.960279 0
    outer loop
      vertex 18.4549 5.24472 10
      vertex 18.7565 5.15708 0
      vertex 18.4549 5.24472 0
    endloop
  endfacet
  facet normal -0.975924 -0.21811 0
    outer loop
      vertex 24.9114 10.9369 0
      vertex 24.8429 11.2434 10
      vertex 24.8429 11.2434 0
    endloop
  endfacet
  facet normal -0.975924 -0.21811 0
    outer loop
      vertex 24.8429 11.2434 10
      vertex 24.9114 10.9369 0
      vertex 24.9114 10.9369 10
    endloop
  endfacet
  facet normal -0.960338 -0.278839 0
    outer loop
      vertex 24.8429 11.2434 0
      vertex 24.7553 11.5451 10
      vertex 24.7553 11.5451 0
    endloop
  endfacet
  facet normal -0.960338 -0.278839 0
    outer loop
      vertex 24.7553 11.5451 10
      vertex 24.8429 11.2434 0
      vertex 24.8429 11.2434 10
    endloop
  endfacet
  facet normal -0.749968 -0.661474 0
    outer loop
      vertex 23.8526 13.1871 0
      vertex 23.6448 13.4227 10
      vertex 23.6448 13.4227 0
    endloop
  endfacet
  facet normal -0.749968 -0.661474 0
    outer loop
      vertex 23.6448 13.4227 10
      vertex 23.8526 13.1871 0
      vertex 23.8526 13.1871 10
    endloop
  endfacet
  facet normal -0.891027 -0.45395 0
    outer loop
      vertex 24.5241 12.1289 0
      vertex 24.3815 12.4088 10
      vertex 24.3815 12.4088 0
    endloop
  endfacet
  facet normal -0.891027 -0.45395 0
    outer loop
      vertex 24.3815 12.4088 10
      vertex 24.5241 12.1289 0
      vertex 24.5241 12.1289 10
    endloop
  endfacet
  facet normal -0.156649 -0.987654 0
    outer loop
      vertex 20.6267 14.9606 0
      vertex 20.9369 14.9114 10
      vertex 20.6267 14.9606 10
    endloop
  endfacet
  facet normal -0.156649 -0.987654 -0
    outer loop
      vertex 20.9369 14.9114 10
      vertex 20.6267 14.9606 0
      vertex 20.9369 14.9114 0
    endloop
  endfacet
  facet normal -0.61286 -0.790191 0
    outer loop
      vertex 22.9389 14.0451 0
      vertex 23.1871 13.8526 10
      vertex 22.9389 14.0451 10
    endloop
  endfacet
  facet normal -0.61286 -0.790191 -0
    outer loop
      vertex 23.1871 13.8526 10
      vertex 22.9389 14.0451 0
      vertex 23.1871 13.8526 0
    endloop
  endfacet
  facet normal 0.987654 -0.156649 0
    outer loop
      vertex 15.0394 10.6267 10
      vertex 15.0886 10.9369 0
      vertex 15.0886 10.9369 10
    endloop
  endfacet
  facet normal 0.987654 -0.156649 0
    outer loop
      vertex 15.0886 10.9369 0
      vertex 15.0394 10.6267 10
      vertex 15.0394 10.6267 0
    endloop
  endfacet
  facet normal 0.99558 -0.0939226 0
    outer loop
      vertex 15.0099 10.314 10
      vertex 15.0394 10.6267 0
      vertex 15.0394 10.6267 10
    endloop
  endfacet
  facet normal 0.99558 -0.0939226 0
    outer loop
      vertex 15.0394 10.6267 0
      vertex 15.0099 10.314 10
      vertex 15.0099 10.314 0
    endloop
  endfacet
  facet normal 0.561953 -0.827169 0
    outer loop
      vertex 17.0611 14.0451 0
      vertex 17.3209 14.2216 10
      vertex 17.0611 14.0451 10
    endloop
  endfacet
  facet normal 0.561953 -0.827169 0
    outer loop
      vertex 17.3209 14.2216 10
      vertex 17.0611 14.0451 0
      vertex 17.3209 14.2216 0
    endloop
  endfacet
  facet normal 0.45395 -0.891027 0
    outer loop
      vertex 17.5912 14.3815 0
      vertex 17.8711 14.5241 10
      vertex 17.5912 14.3815 10
    endloop
  endfacet
  facet normal 0.45395 -0.891027 0
    outer loop
      vertex 17.8711 14.5241 10
      vertex 17.5912 14.3815 0
      vertex 17.8711 14.5241 0
    endloop
  endfacet
  facet normal 0.661474 -0.749968 0
    outer loop
      vertex 16.5773 13.6448 0
      vertex 16.8129 13.8526 10
      vertex 16.5773 13.6448 10
    endloop
  endfacet
  facet normal 0.661474 -0.749968 0
    outer loop
      vertex 16.8129 13.8526 10
      vertex 16.5773 13.6448 0
      vertex 16.8129 13.8526 0
    endloop
  endfacet
  facet normal 0.338776 -0.940867 0
    outer loop
      vertex 18.1594 14.6489 0
      vertex 18.4549 14.7553 10
      vertex 18.1594 14.6489 10
    endloop
  endfacet
  facet normal 0.338776 -0.940867 0
    outer loop
      vertex 18.4549 14.7553 10
      vertex 18.1594 14.6489 0
      vertex 18.4549 14.7553 0
    endloop
  endfacet
  facet normal 0.156649 -0.987654 0
    outer loop
      vertex 19.0631 14.9114 0
      vertex 19.3733 14.9606 10
      vertex 19.0631 14.9114 10
    endloop
  endfacet
  facet normal 0.156649 -0.987654 0
    outer loop
      vertex 19.3733 14.9606 10
      vertex 19.0631 14.9114 0
      vertex 19.3733 14.9606 0
    endloop
  endfacet
  facet normal -0.453975 0.891014 0
    outer loop
      vertex 22.4088 5.61847 0
      vertex 22.1289 5.47586 10
      vertex 22.4088 5.61847 10
    endloop
  endfacet
  facet normal -0.453975 0.891014 0
    outer loop
      vertex 22.1289 5.47586 10
      vertex 22.4088 5.61847 0
      vertex 22.1289 5.47586 0
    endloop
  endfacet
  facet normal 0.509124 0.860693 -0
    outer loop
      vertex 17.5912 5.61847 0
      vertex 17.3209 5.77836 10
      vertex 17.5912 5.61847 10
    endloop
  endfacet
  facet normal 0.509124 0.860693 0
    outer loop
      vertex 17.3209 5.77836 10
      vertex 17.5912 5.61847 0
      vertex 17.3209 5.77836 0
    endloop
  endfacet
  facet normal 0.453975 0.891014 -0
    outer loop
      vertex 17.8711 5.47586 0
      vertex 17.5912 5.61847 10
      vertex 17.8711 5.47586 10
    endloop
  endfacet
  facet normal 0.453975 0.891014 0
    outer loop
      vertex 17.5912 5.61847 10
      vertex 17.8711 5.47586 0
      vertex 17.5912 5.61847 0
    endloop
  endfacet
  facet normal 0.0941119 0.995562 -0
    outer loop
      vertex 19.686 5.00987 0
      vertex 19.3733 5.03943 10
      vertex 19.686 5.00987 10
    endloop
  endfacet
  facet normal 0.0941119 0.995562 0
    outer loop
      vertex 19.3733 5.03943 10
      vertex 19.686 5.00987 0
      vertex 19.3733 5.03943 0
    endloop
  endfacet
  facet normal 0.891008 0.453988 0
    outer loop
      vertex 15.6185 7.59123 10
      vertex 15.4759 7.8711 0
      vertex 15.4759 7.8711 10
    endloop
  endfacet
  facet normal 0.891008 0.453988 0
    outer loop
      vertex 15.4759 7.8711 0
      vertex 15.6185 7.59123 10
      vertex 15.6185 7.59123 0
    endloop
  endfacet
  facet normal 0.827169 0.561953 0
    outer loop
      vertex 15.9549 7.06107 10
      vertex 15.7784 7.32087 0
      vertex 15.7784 7.32087 10
    endloop
  endfacet
  facet normal 0.827169 0.561953 0
    outer loop
      vertex 15.7784 7.32087 0
      vertex 15.9549 7.06107 10
      vertex 15.9549 7.06107 0
    endloop
  endfacet
  facet normal -0.987654 -0.156649 0
    outer loop
      vertex 24.9606 10.6267 0
      vertex 24.9114 10.9369 10
      vertex 24.9114 10.9369 0
    endloop
  endfacet
  facet normal -0.987654 -0.156649 0
    outer loop
      vertex 24.9114 10.9369 10
      vertex 24.9606 10.6267 0
      vertex 24.9606 10.6267 10
    endloop
  endfacet
  facet normal -0.99558 -0.0939226 0
    outer loop
      vertex 24.9901 10.314 0
      vertex 24.9606 10.6267 10
      vertex 24.9606 10.6267 0
    endloop
  endfacet
  facet normal -0.99558 -0.0939226 0
    outer loop
      vertex 24.9606 10.6267 10
      vertex 24.9901 10.314 0
      vertex 24.9901 10.314 10
    endloop
  endfacet
  facet normal -0.940867 -0.338776 0
    outer loop
      vertex 24.7553 11.5451 0
      vertex 24.6489 11.8406 10
      vertex 24.6489 11.8406 0
    endloop
  endfacet
  facet normal -0.940867 -0.338776 0
    outer loop
      vertex 24.6489 11.8406 10
      vertex 24.7553 11.5451 0
      vertex 24.7553 11.5451 10
    endloop
  endfacet
  facet normal -0.790191 -0.61286 0
    outer loop
      vertex 24.0451 12.9389 0
      vertex 23.8526 13.1871 10
      vertex 23.8526 13.1871 0
    endloop
  endfacet
  facet normal -0.790191 -0.61286 0
    outer loop
      vertex 23.8526 13.1871 10
      vertex 24.0451 12.9389 0
      vertex 24.0451 12.9389 10
    endloop
  endfacet
  facet normal -0.827169 -0.561953 0
    outer loop
      vertex 24.2216 12.6791 0
      vertex 24.0451 12.9389 10
      vertex 24.0451 12.9389 0
    endloop
  endfacet
  facet normal -0.827169 -0.561953 0
    outer loop
      vertex 24.0451 12.9389 10
      vertex 24.2216 12.6791 0
      vertex 24.2216 12.6791 10
    endloop
  endfacet
  facet normal -0.860679 -0.509148 0
    outer loop
      vertex 24.3815 12.4088 0
      vertex 24.2216 12.6791 10
      vertex 24.2216 12.6791 0
    endloop
  endfacet
  facet normal -0.860679 -0.509148 0
    outer loop
      vertex 24.2216 12.6791 10
      vertex 24.3815 12.4088 0
      vertex 24.3815 12.4088 10
    endloop
  endfacet
  facet normal -0.278924 -0.960313 0
    outer loop
      vertex 21.2435 14.8429 0
      vertex 21.5451 14.7553 10
      vertex 21.2435 14.8429 10
    endloop
  endfacet
  facet normal -0.278924 -0.960313 -0
    outer loop
      vertex 21.5451 14.7553 10
      vertex 21.2435 14.8429 0
      vertex 21.5451 14.7553 0
    endloop
  endfacet
  facet normal -0.218043 -0.975939 0
    outer loop
      vertex 20.9369 14.9114 0
      vertex 21.2435 14.8429 10
      vertex 20.9369 14.9114 10
    endloop
  endfacet
  facet normal -0.218043 -0.975939 -0
    outer loop
      vertex 21.2435 14.8429 10
      vertex 20.9369 14.9114 0
      vertex 21.2435 14.8429 0
    endloop
  endfacet
  facet normal -0.0939226 -0.99558 0
    outer loop
      vertex 20.314 14.9901 0
      vertex 20.6267 14.9606 10
      vertex 20.314 14.9901 10
    endloop
  endfacet
  facet normal -0.0939226 -0.99558 -0
    outer loop
      vertex 20.6267 14.9606 10
      vertex 20.314 14.9901 0
      vertex 20.6267 14.9606 0
    endloop
  endfacet
  facet normal -0.031513 -0.999503 0
    outer loop
      vertex 20 15 0
      vertex 20.314 14.9901 10
      vertex 20 15 10
    endloop
  endfacet
  facet normal -0.031513 -0.999503 -0
    outer loop
      vertex 20.314 14.9901 10
      vertex 20 15 0
      vertex 20.314 14.9901 0
    endloop
  endfacet
  facet normal -0.338776 -0.940867 0
    outer loop
      vertex 21.5451 14.7553 0
      vertex 21.8406 14.6489 10
      vertex 21.5451 14.7553 10
    endloop
  endfacet
  facet normal -0.338776 -0.940867 -0
    outer loop
      vertex 21.8406 14.6489 10
      vertex 21.5451 14.7553 0
      vertex 21.8406 14.6489 0
    endloop
  endfacet
  facet normal -0.45395 -0.891027 0
    outer loop
      vertex 22.1289 14.5241 0
      vertex 22.4088 14.3815 10
      vertex 22.1289 14.5241 10
    endloop
  endfacet
  facet normal -0.45395 -0.891027 -0
    outer loop
      vertex 22.4088 14.3815 10
      vertex 22.1289 14.5241 0
      vertex 22.4088 14.3815 0
    endloop
  endfacet
  facet normal -0.509148 -0.860679 0
    outer loop
      vertex 22.4088 14.3815 0
      vertex 22.6791 14.2216 10
      vertex 22.4088 14.3815 10
    endloop
  endfacet
  facet normal -0.509148 -0.860679 -0
    outer loop
      vertex 22.6791 14.2216 10
      vertex 22.4088 14.3815 0
      vertex 22.6791 14.2216 0
    endloop
  endfacet
  facet normal -0.561953 -0.827169 0
    outer loop
      vertex 22.6791 14.2216 0
      vertex 22.9389 14.0451 10
      vertex 22.6791 14.2216 10
    endloop
  endfacet
  facet normal -0.561953 -0.827169 -0
    outer loop
      vertex 22.9389 14.0451 10
      vertex 22.6791 14.2216 0
      vertex 22.9389 14.0451 0
    endloop
  endfacet
  facet normal -0.661474 -0.749968 0
    outer loop
      vertex 23.1871 13.8526 0
      vertex 23.4227 13.6448 10
      vertex 23.1871 13.8526 10
    endloop
  endfacet
  facet normal -0.661474 -0.749968 -0
    outer loop
      vertex 23.4227 13.6448 10
      vertex 23.1871 13.8526 0
      vertex 23.4227 13.6448 0
    endloop
  endfacet
  facet normal 0.749968 -0.661474 0
    outer loop
      vertex 16.1474 13.1871 10
      vertex 16.3552 13.4227 0
      vertex 16.3552 13.4227 10
    endloop
  endfacet
  facet normal 0.749968 -0.661474 0
    outer loop
      vertex 16.3552 13.4227 0
      vertex 16.1474 13.1871 10
      vertex 16.1474 13.1871 0
    endloop
  endfacet
  facet normal 0.940867 -0.338776 0
    outer loop
      vertex 15.2447 11.5451 10
      vertex 15.3511 11.8406 0
      vertex 15.3511 11.8406 10
    endloop
  endfacet
  facet normal 0.940867 -0.338776 0
    outer loop
      vertex 15.3511 11.8406 0
      vertex 15.2447 11.5451 10
      vertex 15.2447 11.5451 0
    endloop
  endfacet
  facet normal 0.917707 -0.397259 0
    outer loop
      vertex 15.3511 11.8406 10
      vertex 15.4759 12.1289 0
      vertex 15.4759 12.1289 10
    endloop
  endfacet
  facet normal 0.917707 -0.397259 0
    outer loop
      vertex 15.4759 12.1289 0
      vertex 15.3511 11.8406 10
      vertex 15.3511 11.8406 0
    endloop
  endfacet
  facet normal 0.960338 -0.278839 0
    outer loop
      vertex 15.1571 11.2434 10
      vertex 15.2447 11.5451 0
      vertex 15.2447 11.5451 10
    endloop
  endfacet
  facet normal 0.960338 -0.278839 0
    outer loop
      vertex 15.2447 11.5451 0
      vertex 15.1571 11.2434 10
      vertex 15.1571 11.2434 0
    endloop
  endfacet
  facet normal 0.975924 -0.21811 0
    outer loop
      vertex 15.0886 10.9369 10
      vertex 15.1571 11.2434 0
      vertex 15.1571 11.2434 10
    endloop
  endfacet
  facet normal 0.975924 -0.21811 0
    outer loop
      vertex 15.1571 11.2434 0
      vertex 15.0886 10.9369 10
      vertex 15.0886 10.9369 0
    endloop
  endfacet
  facet normal 0.999503 -0.031513 0
    outer loop
      vertex 15 10 10
      vertex 15.0099 10.314 0
      vertex 15.0099 10.314 10
    endloop
  endfacet
  facet normal 0.999503 -0.031513 0
    outer loop
      vertex 15.0099 10.314 0
      vertex 15 10 10
      vertex 15 10 0
    endloop
  endfacet
  facet normal 0.509148 -0.860679 0
    outer loop
      vertex 17.3209 14.2216 0
      vertex 17.5912 14.3815 10
      vertex 17.3209 14.2216 10
    endloop
  endfacet
  facet normal 0.509148 -0.860679 0
    outer loop
      vertex 17.5912 14.3815 10
      vertex 17.3209 14.2216 0
      vertex 17.5912 14.3815 0
    endloop
  endfacet
  facet normal 0.61286 -0.790191 0
    outer loop
      vertex 16.8129 13.8526 0
      vertex 17.0611 14.0451 10
      vertex 16.8129 13.8526 10
    endloop
  endfacet
  facet normal 0.61286 -0.790191 0
    outer loop
      vertex 17.0611 14.0451 10
      vertex 16.8129 13.8526 0
      vertex 17.0611 14.0451 0
    endloop
  endfacet
  facet normal 0.397259 -0.917707 0
    outer loop
      vertex 17.8711 14.5241 0
      vertex 18.1594 14.6489 10
      vertex 17.8711 14.5241 10
    endloop
  endfacet
  facet normal 0.397259 -0.917707 0
    outer loop
      vertex 18.1594 14.6489 10
      vertex 17.8711 14.5241 0
      vertex 18.1594 14.6489 0
    endloop
  endfacet
  facet normal 0.278924 -0.960313 0
    outer loop
      vertex 18.4549 14.7553 0
      vertex 18.7565 14.8429 10
      vertex 18.4549 14.7553 10
    endloop
  endfacet
  facet normal 0.278924 -0.960313 0
    outer loop
      vertex 18.7565 14.8429 10
      vertex 18.4549 14.7553 0
      vertex 18.7565 14.8429 0
    endloop
  endfacet
  facet normal 0.0939226 -0.99558 0
    outer loop
      vertex 19.3733 14.9606 0
      vertex 19.686 14.9901 10
      vertex 19.3733 14.9606 10
    endloop
  endfacet
  facet normal 0.0939226 -0.99558 0
    outer loop
      vertex 19.686 14.9901 10
      vertex 19.3733 14.9606 0
      vertex 19.686 14.9901 0
    endloop
  endfacet
  facet normal -0.999503 0.031518 0
    outer loop
      vertex 24.9901 9.68605 0
      vertex 25 10 10
      vertex 25 10 0
    endloop
  endfacet
  facet normal -0.999503 0.031518 0
    outer loop
      vertex 25 10 10
      vertex 24.9901 9.68605 0
      vertex 24.9901 9.68605 10
    endloop
  endfacet
  facet normal -0.0941119 0.995562 0
    outer loop
      vertex 20.6267 5.03943 0
      vertex 20.314 5.00987 10
      vertex 20.6267 5.03943 10
    endloop
  endfacet
  facet normal -0.0941119 0.995562 0
    outer loop
      vertex 20.314 5.00987 10
      vertex 20.6267 5.03943 0
      vertex 20.314 5.00987 0
    endloop
  endfacet
  facet normal -0.218103 0.975926 0
    outer loop
      vertex 21.2435 5.15708 0
      vertex 20.9369 5.08856 10
      vertex 21.2435 5.15708 10
    endloop
  endfacet
  facet normal -0.218103 0.975926 0
    outer loop
      vertex 20.9369 5.08856 10
      vertex 21.2435 5.15708 0
      vertex 20.9369 5.08856 0
    endloop
  endfacet
  facet normal -0.338776 0.940867 0
    outer loop
      vertex 21.8406 5.35112 0
      vertex 21.5451 5.24472 10
      vertex 21.8406 5.35112 10
    endloop
  endfacet
  facet normal -0.338776 0.940867 0
    outer loop
      vertex 21.5451 5.24472 10
      vertex 21.8406 5.35112 0
      vertex 21.5451 5.24472 0
    endloop
  endfacet
  facet normal -0.6129 0.790161 0
    outer loop
      vertex 23.1871 6.14743 0
      vertex 22.9389 5.95491 10
      vertex 23.1871 6.14743 10
    endloop
  endfacet
  facet normal -0.6129 0.790161 0
    outer loop
      vertex 22.9389 5.95491 10
      vertex 23.1871 6.14743 0
      vertex 22.9389 5.95491 0
    endloop
  endfacet
  facet normal -0.509124 0.860693 0
    outer loop
      vertex 22.6791 5.77836 0
      vertex 22.4088 5.61847 10
      vertex 22.6791 5.77836 10
    endloop
  endfacet
  facet normal -0.509124 0.860693 0
    outer loop
      vertex 22.4088 5.61847 10
      vertex 22.6791 5.77836 0
      vertex 22.4088 5.61847 0
    endloop
  endfacet
  facet normal -0.749996 0.661443 0
    outer loop
      vertex 23.6448 6.57726 0
      vertex 23.8526 6.81288 10
      vertex 23.8526 6.81288 0
    endloop
  endfacet
  facet normal -0.749996 0.661443 0
    outer loop
      vertex 23.8526 6.81288 10
      vertex 23.6448 6.57726 0
      vertex 23.6448 6.57726 10
    endloop
  endfacet
  facet normal -0.827169 0.561953 0
    outer loop
      vertex 24.0451 7.06107 0
      vertex 24.2216 7.32087 10
      vertex 24.2216 7.32087 0
    endloop
  endfacet
  facet normal -0.827169 0.561953 0
    outer loop
      vertex 24.2216 7.32087 10
      vertex 24.0451 7.06107 0
      vertex 24.0451 7.06107 10
    endloop
  endfacet
  facet normal -0.917696 0.397282 0
    outer loop
      vertex 24.5241 7.8711 0
      vertex 24.6489 8.15938 10
      vertex 24.6489 8.15938 0
    endloop
  endfacet
  facet normal -0.917696 0.397282 0
    outer loop
      vertex 24.6489 8.15938 10
      vertex 24.5241 7.8711 0
      vertex 24.5241 7.8711 10
    endloop
  endfacet
  facet normal -0.987657 0.15663 0
    outer loop
      vertex 24.9114 9.06309 0
      vertex 24.9606 9.37333 10
      vertex 24.9606 9.37333 0
    endloop
  endfacet
  facet normal -0.987657 0.15663 0
    outer loop
      vertex 24.9606 9.37333 10
      vertex 24.9114 9.06309 0
      vertex 24.9114 9.06309 10
    endloop
  endfacet
  facet normal -0.960323 0.27889 0
    outer loop
      vertex 24.7553 8.45491 0
      vertex 24.8429 8.75655 10
      vertex 24.8429 8.75655 0
    endloop
  endfacet
  facet normal -0.960323 0.27889 0
    outer loop
      vertex 24.8429 8.75655 10
      vertex 24.7553 8.45491 0
      vertex 24.7553 8.45491 10
    endloop
  endfacet
  facet normal 0.661349 0.750078 -0
    outer loop
      vertex 16.8129 6.14743 0
      vertex 16.5773 6.35516 10
      vertex 16.8129 6.14743 10
    endloop
  endfacet
  facet normal 0.661349 0.750078 0
    outer loop
      vertex 16.5773 6.35516 10
      vertex 16.8129 6.14743 0
      vertex 16.5773 6.35516 0
    endloop
  endfacet
  facet normal 0.562062 0.827095 -0
    outer loop
      vertex 17.3209 5.77836 0
      vertex 17.0611 5.95491 10
      vertex 17.3209 5.77836 10
    endloop
  endfacet
  facet normal 0.562062 0.827095 0
    outer loop
      vertex 17.0611 5.95491 10
      vertex 17.3209 5.77836 0
      vertex 17.0611 5.95491 0
    endloop
  endfacet
  facet normal 0.397098 0.917776 -0
    outer loop
      vertex 18.1594 5.35112 0
      vertex 17.8711 5.47586 10
      vertex 18.1594 5.35112 10
    endloop
  endfacet
  facet normal 0.397098 0.917776 0
    outer loop
      vertex 17.8711 5.47586 10
      vertex 18.1594 5.35112 0
      vertex 17.8711 5.47586 0
    endloop
  endfacet
  facet normal 0.156432 0.987689 -0
    outer loop
      vertex 19.3733 5.03943 0
      vertex 19.0631 5.08856 10
      vertex 19.3733 5.03943 10
    endloop
  endfacet
  facet normal 0.156432 0.987689 0
    outer loop
      vertex 19.0631 5.08856 10
      vertex 19.3733 5.03943 0
      vertex 19.0631 5.08856 0
    endloop
  endfacet
  facet normal 0.0314176 0.999506 -0
    outer loop
      vertex 20 5 0
      vertex 19.686 5.00987 10
      vertex 20 5 10
    endloop
  endfacet
  facet normal 0.0314176 0.999506 0
    outer loop
      vertex 19.686 5.00987 10
      vertex 20 5 0
      vertex 19.686 5.00987 0
    endloop
  endfacet
  facet normal 0.79018 0.612875 0
    outer loop
      vertex 16.1474 6.81288 10
      vertex 15.9549 7.06107 0
      vertex 15.9549 7.06107 10
    endloop
  endfacet
  facet normal 0.79018 0.612875 0
    outer loop
      vertex 15.9549 7.06107 0
      vertex 16.1474 6.81288 10
      vertex 16.1474 6.81288 0
    endloop
  endfacet
  facet normal 0.707107 0.707107 0
    outer loop
      vertex 16.5773 6.35516 10
      vertex 16.3552 6.57726 0
      vertex 16.3552 6.57726 10
    endloop
  endfacet
  facet normal 0.707107 0.707107 0
    outer loop
      vertex 16.3552 6.57726 0
      vertex 16.5773 6.35516 10
      vertex 16.5773 6.35516 0
    endloop
  endfacet
  facet normal 0.860729 0.509064 0
    outer loop
      vertex 15.7784 7.32087 10
      vertex 15.6185 7.59123 0
      vertex 15.6185 7.59123 10
    endloop
  endfacet
  facet normal 0.860729 0.509064 0
    outer loop
      vertex 15.6185 7.59123 0
      vertex 15.7784 7.32087 10
      vertex 15.7784 7.32087 0
    endloop
  endfacet
  facet normal 0.940878 0.338745 0
    outer loop
      vertex 15.3511 8.15938 10
      vertex 15.2447 8.45491 0
      vertex 15.2447 8.45491 10
    endloop
  endfacet
  facet normal 0.940878 0.338745 0
    outer loop
      vertex 15.2447 8.45491 0
      vertex 15.3511 8.15938 10
      vertex 15.3511 8.15938 0
    endloop
  endfacet
  facet normal 0.97593 0.218083 0
    outer loop
      vertex 15.1571 8.75655 10
      vertex 15.0886 9.06309 0
      vertex 15.0886 9.06309 10
    endloop
  endfacet
  facet normal 0.97593 0.218083 0
    outer loop
      vertex 15.0886 9.06309 0
      vertex 15.1571 8.75655 10
      vertex 15.1571 8.75655 0
    endloop
  endfacet
  facet normal 0.99558 0.0939166 0
    outer loop
      vertex 15.0394 9.37333 10
      vertex 15.0099 9.68605 0
      vertex 15.0099 9.68605 10
    endloop
  endfacet
  facet normal 0.99558 0.0939166 0
    outer loop
      vertex 15.0099 9.68605 0
      vertex 15.0394 9.37333 10
      vertex 15.0394 9.37333 0
    endloop
  endfacet
  facet normal 0.860679 -0.509148 0
    outer loop
      vertex 15.6185 12.4088 10
      vertex 15.7784 12.6791 0
      vertex 15.7784 12.6791 10
    endloop
  endfacet
  facet normal 0.860679 -0.509148 0
    outer loop
      vertex 15.7784 12.6791 0
      vertex 15.6185 12.4088 10
      vertex 15.6185 12.4088 0
    endloop
  endfacet
  facet normal 0.827169 -0.561953 0
    outer loop
      vertex 15.7784 12.6791 10
      vertex 15.9549 12.9389 0
      vertex 15.9549 12.9389 10
    endloop
  endfacet
  facet normal 0.827169 -0.561953 0
    outer loop
      vertex 15.9549 12.9389 0
      vertex 15.7784 12.6791 10
      vertex 15.7784 12.6791 0
    endloop
  endfacet
  facet normal 0.790191 -0.61286 0
    outer loop
      vertex 15.9549 12.9389 10
      vertex 16.1474 13.1871 0
      vertex 16.1474 13.1871 10
    endloop
  endfacet
  facet normal 0.790191 -0.61286 0
    outer loop
      vertex 16.1474 13.1871 0
      vertex 15.9549 12.9389 10
      vertex 15.9549 12.9389 0
    endloop
  endfacet
  facet normal 0.999503 0.031518 0
    outer loop
      vertex 15.0099 9.68605 10
      vertex 15 10 0
      vertex 15 10 10
    endloop
  endfacet
  facet normal 0.999503 0.031518 0
    outer loop
      vertex 15 10 0
      vertex 15.0099 9.68605 10
      vertex 15.0099 9.68605 0
    endloop
  endfacet
  facet normal -0.156432 0.987689 0
    outer loop
      vertex 20.9369 5.08856 0
      vertex 20.6267 5.03943 10
      vertex 20.9369 5.08856 10
    endloop
  endfacet
  facet normal -0.156432 0.987689 0
    outer loop
      vertex 20.6267 5.03943 10
      vertex 20.9369 5.08856 0
      vertex 20.6267 5.03943 0
    endloop
  endfacet
  facet normal -0.397098 0.917776 0
    outer loop
      vertex 22.1289 5.47586 0
      vertex 21.8406 5.35112 10
      vertex 22.1289 5.47586 10
    endloop
  endfacet
  facet normal -0.397098 0.917776 0
    outer loop
      vertex 21.8406 5.35112 10
      vertex 22.1289 5.47586 0
      vertex 21.8406 5.35112 0
    endloop
  endfacet
  facet normal -0.661349 0.750078 0
    outer loop
      vertex 23.4227 6.35516 0
      vertex 23.1871 6.14743 10
      vertex 23.4227 6.35516 10
    endloop
  endfacet
  facet normal -0.661349 0.750078 0
    outer loop
      vertex 23.1871 6.14743 10
      vertex 23.4227 6.35516 0
      vertex 23.1871 6.14743 0
    endloop
  endfacet
  facet normal -0.562062 0.827095 0
    outer loop
      vertex 22.9389 5.95491 0
      vertex 22.6791 5.77836 10
      vertex 22.9389 5.95491 10
    endloop
  endfacet
  facet normal -0.562062 0.827095 0
    outer loop
      vertex 22.6791 5.77836 10
      vertex 22.9389 5.95491 0
      vertex 22.6791 5.77836 0
    endloop
  endfacet
  facet normal -0.860729 0.509064 0
    outer loop
      vertex 24.2216 7.32087 0
      vertex 24.3815 7.59123 10
      vertex 24.3815 7.59123 0
    endloop
  endfacet
  facet normal -0.860729 0.509064 0
    outer loop
      vertex 24.3815 7.59123 10
      vertex 24.2216 7.32087 0
      vertex 24.2216 7.32087 10
    endloop
  endfacet
  facet normal -0.940878 0.338745 0
    outer loop
      vertex 24.6489 8.15938 0
      vertex 24.7553 8.45491 10
      vertex 24.7553 8.45491 0
    endloop
  endfacet
  facet normal -0.940878 0.338745 0
    outer loop
      vertex 24.7553 8.45491 10
      vertex 24.6489 8.15938 0
      vertex 24.6489 8.15938 10
    endloop
  endfacet
  facet normal -0.99558 0.0939166 0
    outer loop
      vertex 24.9606 9.37333 0
      vertex 24.9901 9.68605 10
      vertex 24.9901 9.68605 0
    endloop
  endfacet
  facet normal -0.99558 0.0939166 0
    outer loop
      vertex 24.9901 9.68605 10
      vertex 24.9606 9.37333 0
      vertex 24.9606 9.37333 10
    endloop
  endfacet
  facet normal -0.97593 0.218083 0
    outer loop
      vertex 24.8429 8.75655 0
      vertex 24.9114 9.06309 10
      vertex 24.9114 9.06309 0
    endloop
  endfacet
  facet normal -0.97593 0.218083 0
    outer loop
      vertex 24.9114 9.06309 10
      vertex 24.8429 8.75655 0
      vertex 24.8429 8.75655 10
    endloop
  endfacet
  facet normal 0.6129 0.790161 -0
    outer loop
      vertex 17.0611 5.95491 0
      vertex 16.8129 6.14743 10
      vertex 17.0611 5.95491 10
    endloop
  endfacet
  facet normal 0.6129 0.790161 0
    outer loop
      vertex 16.8129 6.14743 10
      vertex 17.0611 5.95491 0
      vertex 16.8129 6.14743 0
    endloop
  endfacet
  facet normal 0.338776 0.940867 -0
    outer loop
      vertex 18.4549 5.24472 0
      vertex 18.1594 5.35112 10
      vertex 18.4549 5.24472 10
    endloop
  endfacet
  facet normal 0.338776 0.940867 0
    outer loop
      vertex 18.1594 5.35112 10
      vertex 18.4549 5.24472 0
      vertex 18.1594 5.35112 0
    endloop
  endfacet
  facet normal 0.218103 0.975926 -0
    outer loop
      vertex 19.0631 5.08856 0
      vertex 18.7565 5.15708 10
      vertex 19.0631 5.08856 10
    endloop
  endfacet
  facet normal 0.218103 0.975926 0
    outer loop
      vertex 18.7565 5.15708 10
      vertex 19.0631 5.08856 0
      vertex 18.7565 5.15708 0
    endloop
  endfacet
  facet normal -0.0314176 0.999506 0
    outer loop
      vertex 20.314 5.00987 0
      vertex 20 5 10
      vertex 20.314 5.00987 10
    endloop
  endfacet
  facet normal -0.0314176 0.999506 0
    outer loop
      vertex 20 5 10
      vertex 20.314 5.00987 0
      vertex 20 5 0
    endloop
  endfacet
  facet normal 0.749996 0.661443 0
    outer loop
      vertex 16.3552 6.57726 10
      vertex 16.1474 6.81288 0
      vertex 16.1474 6.81288 10
    endloop
  endfacet
  facet normal 0.749996 0.661443 0
    outer loop
      vertex 16.1474 6.81288 0
      vertex 16.3552 6.57726 10
      vertex 16.3552 6.57726 0
    endloop
  endfacet
  facet normal 0.917696 0.397282 0
    outer loop
      vertex 15.4759 7.8711 10
      vertex 15.3511 8.15938 0
      vertex 15.3511 8.15938 10
    endloop
  endfacet
  facet normal 0.917696 0.397282 0
    outer loop
      vertex 15.3511 8.15938 0
      vertex 15.4759 7.8711 10
      vertex 15.4759 7.8711 0
    endloop
  endfacet
  facet normal 0.987657 0.15663 0
    outer loop
      vertex 15.0886 9.06309 10
      vertex 15.0394 9.37333 0
      vertex 15.0394 9.37333 10
    endloop
  endfacet
  facet normal 0.987657 0.15663 0
    outer loop
      vertex 15.0394 9.37333 0
      vertex 15.0886 9.06309 10
      vertex 15.0886 9.06309 0
    endloop
  endfacet
  facet normal -0.79018 0.612875 0
    outer loop
      vertex 23.8526 6.81288 0
      vertex 24.0451 7.06107 10
      vertex 24.0451 7.06107 0
    endloop
  endfacet
  facet normal -0.79018 0.612875 0
    outer loop
      vertex 24.0451 7.06107 10
      vertex 23.8526 6.81288 0
      vertex 23.8526 6.81288 10
    endloop
  endfacet
  facet normal -0.999503 -0.031518 0
    outer loop
      vertex -15 -10 0
      vertex -15.0099 -9.68605 10
      vertex -15.0099 -9.68605 0
    endloop
  endfacet
  facet normal -0.999503 -0.031518 0
    outer loop
      vertex -15.0099 -9.68605 10
      vertex -15 -10 0
      vertex -15 -10 10
    endloop
  endfacet
  facet normal 0.999503 -0.031518 0
    outer loop
      vertex -25 -10 10
      vertex -24.9901 -9.68605 0
      vertex -24.9901 -9.68605 10
    endloop
  endfacet
  facet normal 0.999503 -0.031518 0
    outer loop
      vertex -24.9901 -9.68605 0
      vertex -25 -10 10
      vertex -25 -10 0
    endloop
  endfacet
  facet normal 0.0314176 -0.999506 0
    outer loop
      vertex -20.314 -5.00987 0
      vertex -20 -5 10
      vertex -20.314 -5.00987 10
    endloop
  endfacet
  facet normal 0.0314176 -0.999506 0
    outer loop
      vertex -20 -5 10
      vertex -20.314 -5.00987 0
      vertex -20 -5 0
    endloop
  endfacet
  facet normal 0.031513 0.999503 -0
    outer loop
      vertex -20 -15 0
      vertex -20.314 -14.9901 10
      vertex -20 -15 10
    endloop
  endfacet
  facet normal 0.031513 0.999503 0
    outer loop
      vertex -20.314 -14.9901 10
      vertex -20 -15 0
      vertex -20.314 -14.9901 0
    endloop
  endfacet
  facet normal -0.707107 -0.707107 0
    outer loop
      vertex -16.3552 -6.57726 0
      vertex -16.5773 -6.35516 10
      vertex -16.5773 -6.35516 0
    endloop
  endfacet
  facet normal -0.707107 -0.707107 0
    outer loop
      vertex -16.5773 -6.35516 10
      vertex -16.3552 -6.57726 0
      vertex -16.3552 -6.57726 10
    endloop
  endfacet
  facet normal 0.707107 -0.707107 0
    outer loop
      vertex -23.6448 -6.57726 0
      vertex -23.4227 -6.35516 10
      vertex -23.6448 -6.57726 10
    endloop
  endfacet
  facet normal 0.707107 -0.707107 0
    outer loop
      vertex -23.4227 -6.35516 10
      vertex -23.6448 -6.57726 0
      vertex -23.4227 -6.35516 0
    endloop
  endfacet
  facet normal -0.917696 -0.397282 0
    outer loop
      vertex -15.3511 -8.15938 0
      vertex -15.4759 -7.8711 10
      vertex -15.4759 -7.8711 0
    endloop
  endfacet
  facet normal -0.917696 -0.397282 0
    outer loop
      vertex -15.4759 -7.8711 10
      vertex -15.3511 -8.15938 0
      vertex -15.3511 -8.15938 10
    endloop
  endfacet
  facet normal 0.860729 -0.509064 0
    outer loop
      vertex -24.3815 -7.59123 10
      vertex -24.2216 -7.32087 0
      vertex -24.2216 -7.32087 10
    endloop
  endfacet
  facet normal 0.860729 -0.509064 0
    outer loop
      vertex -24.2216 -7.32087 0
      vertex -24.3815 -7.59123 10
      vertex -24.3815 -7.59123 0
    endloop
  endfacet
  facet normal 0.827169 -0.561953 0
    outer loop
      vertex -24.2216 -7.32087 10
      vertex -24.0451 -7.06107 0
      vertex -24.0451 -7.06107 10
    endloop
  endfacet
  facet normal 0.827169 -0.561953 0
    outer loop
      vertex -24.0451 -7.06107 0
      vertex -24.2216 -7.32087 10
      vertex -24.2216 -7.32087 0
    endloop
  endfacet
  facet normal 0.218103 -0.975926 0
    outer loop
      vertex -21.2435 -5.15708 0
      vertex -20.9369 -5.08856 10
      vertex -21.2435 -5.15708 10
    endloop
  endfacet
  facet normal 0.218103 -0.975926 0
    outer loop
      vertex -20.9369 -5.08856 10
      vertex -21.2435 -5.15708 0
      vertex -20.9369 -5.08856 0
    endloop
  endfacet
  facet normal -0.891027 0.45395 0
    outer loop
      vertex -15.6185 -12.4088 0
      vertex -15.4759 -12.1289 10
      vertex -15.4759 -12.1289 0
    endloop
  endfacet
  facet normal -0.891027 0.45395 0
    outer loop
      vertex -15.4759 -12.1289 10
      vertex -15.6185 -12.4088 0
      vertex -15.6185 -12.4088 10
    endloop
  endfacet
  facet normal -0.218043 0.975939 0
    outer loop
      vertex -18.7565 -14.8429 0
      vertex -19.0631 -14.9114 10
      vertex -18.7565 -14.8429 10
    endloop
  endfacet
  facet normal -0.218043 0.975939 0
    outer loop
      vertex -19.0631 -14.9114 10
      vertex -18.7565 -14.8429 0
      vertex -19.0631 -14.9114 0
    endloop
  endfacet
  facet normal -0.707107 0.707107 0
    outer loop
      vertex -16.5773 -13.6448 0
      vertex -16.3552 -13.4227 10
      vertex -16.3552 -13.4227 0
    endloop
  endfacet
  facet normal -0.707107 0.707107 0
    outer loop
      vertex -16.3552 -13.4227 10
      vertex -16.5773 -13.6448 0
      vertex -16.5773 -13.6448 10
    endloop
  endfacet
  facet normal 0.338776 0.940867 -0
    outer loop
      vertex -21.5451 -14.7553 0
      vertex -21.8406 -14.6489 10
      vertex -21.5451 -14.7553 10
    endloop
  endfacet
  facet normal 0.338776 0.940867 0
    outer loop
      vertex -21.8406 -14.6489 10
      vertex -21.5451 -14.7553 0
      vertex -21.8406 -14.6489 0
    endloop
  endfacet
  facet normal 0.790191 0.61286 0
    outer loop
      vertex -23.8526 -13.1871 10
      vertex -24.0451 -12.9389 0
      vertex -24.0451 -12.9389 10
    endloop
  endfacet
  facet normal 0.790191 0.61286 0
    outer loop
      vertex -24.0451 -12.9389 0
      vertex -23.8526 -13.1871 10
      vertex -23.8526 -13.1871 0
    endloop
  endfacet
  facet normal 0.827169 0.561953 0
    outer loop
      vertex -24.0451 -12.9389 10
      vertex -24.2216 -12.6791 0
      vertex -24.2216 -12.6791 10
    endloop
  endfacet
  facet normal 0.827169 0.561953 0
    outer loop
      vertex -24.2216 -12.6791 0
      vertex -24.0451 -12.9389 10
      vertex -24.0451 -12.9389 0
    endloop
  endfacet
  facet normal -0.97593 -0.218083 0
    outer loop
      vertex -15.0886 -9.06309 0
      vertex -15.1571 -8.75655 10
      vertex -15.1571 -8.75655 0
    endloop
  endfacet
  facet normal -0.97593 -0.218083 0
    outer loop
      vertex -15.1571 -8.75655 10
      vertex -15.0886 -9.06309 0
      vertex -15.0886 -9.06309 10
    endloop
  endfacet
  facet normal -0.960323 -0.27889 0
    outer loop
      vertex -15.1571 -8.75655 0
      vertex -15.2447 -8.45491 10
      vertex -15.2447 -8.45491 0
    endloop
  endfacet
  facet normal -0.960323 -0.27889 0
    outer loop
      vertex -15.2447 -8.45491 10
      vertex -15.1571 -8.75655 0
      vertex -15.1571 -8.75655 10
    endloop
  endfacet
  facet normal -0.749996 -0.661443 0
    outer loop
      vertex -16.1474 -6.81288 0
      vertex -16.3552 -6.57726 10
      vertex -16.3552 -6.57726 0
    endloop
  endfacet
  facet normal -0.749996 -0.661443 0
    outer loop
      vertex -16.3552 -6.57726 10
      vertex -16.1474 -6.81288 0
      vertex -16.1474 -6.81288 10
    endloop
  endfacet
  facet normal -0.891008 -0.453988 0
    outer loop
      vertex -15.4759 -7.8711 0
      vertex -15.6185 -7.59123 10
      vertex -15.6185 -7.59123 0
    endloop
  endfacet
  facet normal -0.891008 -0.453988 0
    outer loop
      vertex -15.6185 -7.59123 10
      vertex -15.4759 -7.8711 0
      vertex -15.4759 -7.8711 10
    endloop
  endfacet
  facet normal -0.156432 -0.987689 0
    outer loop
      vertex -19.3733 -5.03943 0
      vertex -19.0631 -5.08856 10
      vertex -19.3733 -5.03943 10
    endloop
  endfacet
  facet normal -0.156432 -0.987689 -0
    outer loop
      vertex -19.0631 -5.08856 10
      vertex -19.3733 -5.03943 0
      vertex -19.0631 -5.08856 0
    endloop
  endfacet
  facet normal -0.0941119 -0.995562 0
    outer loop
      vertex -19.686 -5.00987 0
      vertex -19.3733 -5.03943 10
      vertex -19.686 -5.00987 10
    endloop
  endfacet
  facet normal -0.0941119 -0.995562 -0
    outer loop
      vertex -19.3733 -5.03943 10
      vertex -19.686 -5.00987 0
      vertex -19.3733 -5.03943 0
    endloop
  endfacet
  facet normal -0.6129 -0.790161 0
    outer loop
      vertex -17.0611 -5.95491 0
      vertex -16.8129 -6.14743 10
      vertex -17.0611 -5.95491 10
    endloop
  endfacet
  facet normal -0.6129 -0.790161 -0
    outer loop
      vertex -16.8129 -6.14743 10
      vertex -17.0611 -5.95491 0
      vertex -16.8129 -6.14743 0
    endloop
  endfacet
  facet normal 0.97593 -0.218083 0
    outer loop
      vertex -24.9114 -9.06309 10
      vertex -24.8429 -8.75655 0
      vertex -24.8429 -8.75655 10
    endloop
  endfacet
  facet normal 0.97593 -0.218083 0
    outer loop
      vertex -24.8429 -8.75655 0
      vertex -24.9114 -9.06309 10
      vertex -24.9114 -9.06309 0
    endloop
  endfacet
  facet normal 0.940878 -0.338745 0
    outer loop
      vertex -24.7553 -8.45491 10
      vertex -24.6489 -8.15938 0
      vertex -24.6489 -8.15938 10
    endloop
  endfacet
  facet normal 0.940878 -0.338745 0
    outer loop
      vertex -24.6489 -8.15938 0
      vertex -24.7553 -8.45491 10
      vertex -24.7553 -8.45491 0
    endloop
  endfacet
  facet normal 0.987657 -0.15663 0
    outer loop
      vertex -24.9606 -9.37333 10
      vertex -24.9114 -9.06309 0
      vertex -24.9114 -9.06309 10
    endloop
  endfacet
  facet normal 0.987657 -0.15663 0
    outer loop
      vertex -24.9114 -9.06309 0
      vertex -24.9606 -9.37333 10
      vertex -24.9606 -9.37333 0
    endloop
  endfacet
  facet normal 0.562062 -0.827095 0
    outer loop
      vertex -22.9389 -5.95491 0
      vertex -22.6791 -5.77836 10
      vertex -22.9389 -5.95491 10
    endloop
  endfacet
  facet normal 0.562062 -0.827095 0
    outer loop
      vertex -22.6791 -5.77836 10
      vertex -22.9389 -5.95491 0
      vertex -22.6791 -5.77836 0
    endloop
  endfacet
  facet normal 0.453975 -0.891014 0
    outer loop
      vertex -22.4088 -5.61847 0
      vertex -22.1289 -5.47586 10
      vertex -22.4088 -5.61847 10
    endloop
  endfacet
  facet normal 0.453975 -0.891014 0
    outer loop
      vertex -22.1289 -5.47586 10
      vertex -22.4088 -5.61847 0
      vertex -22.1289 -5.47586 0
    endloop
  endfacet
  facet normal 0.661349 -0.750078 0
    outer loop
      vertex -23.4227 -6.35516 0
      vertex -23.1871 -6.14743 10
      vertex -23.4227 -6.35516 10
    endloop
  endfacet
  facet normal 0.661349 -0.750078 0
    outer loop
      vertex -23.1871 -6.14743 10
      vertex -23.4227 -6.35516 0
      vertex -23.1871 -6.14743 0
    endloop
  endfacet
  facet normal 0.279041 -0.960279 0
    outer loop
      vertex -21.5451 -5.24472 0
      vertex -21.2435 -5.15708 10
      vertex -21.5451 -5.24472 10
    endloop
  endfacet
  facet normal 0.279041 -0.960279 0
    outer loop
      vertex -21.2435 -5.15708 10
      vertex -21.5451 -5.24472 0
      vertex -21.2435 -5.15708 0
    endloop
  endfacet
  facet normal 0.156432 -0.987689 0
    outer loop
      vertex -20.9369 -5.08856 0
      vertex -20.6267 -5.03943 10
      vertex -20.9369 -5.08856 10
    endloop
  endfacet
  facet normal 0.156432 -0.987689 0
    outer loop
      vertex -20.6267 -5.03943 10
      vertex -20.9369 -5.08856 0
      vertex -20.6267 -5.03943 0
    endloop
  endfacet
  facet normal -0.987654 0.156649 0
    outer loop
      vertex -15.0886 -10.9369 0
      vertex -15.0394 -10.6267 10
      vertex -15.0394 -10.6267 0
    endloop
  endfacet
  facet normal -0.987654 0.156649 0
    outer loop
      vertex -15.0394 -10.6267 10
      vertex -15.0886 -10.9369 0
      vertex -15.0886 -10.9369 10
    endloop
  endfacet
  facet normal -0.99558 0.0939226 0
    outer loop
      vertex -15.0394 -10.6267 0
      vertex -15.0099 -10.314 10
      vertex -15.0099 -10.314 0
    endloop
  endfacet
  facet normal -0.99558 0.0939226 0
    outer loop
      vertex -15.0099 -10.314 10
      vertex -15.0394 -10.6267 0
      vertex -15.0394 -10.6267 10
    endloop
  endfacet
  facet normal 0.707107 0.707107 -0
    outer loop
      vertex -23.4227 -13.6448 0
      vertex -23.6448 -13.4227 10
      vertex -23.4227 -13.6448 10
    endloop
  endfacet
  facet normal 0.707107 0.707107 0
    outer loop
      vertex -23.6448 -13.4227 10
      vertex -23.4227 -13.6448 0
      vertex -23.6448 -13.4227 0
    endloop
  endfacet
  facet normal 0.156649 0.987654 -0
    outer loop
      vertex -20.6267 -14.9606 0
      vertex -20.9369 -14.9114 10
      vertex -20.6267 -14.9606 10
    endloop
  endfacet
  facet normal 0.156649 0.987654 0
    outer loop
      vertex -20.9369 -14.9114 10
      vertex -20.6267 -14.9606 0
      vertex -20.9369 -14.9114 0
    endloop
  endfacet
  facet normal 0.917707 0.397259 0
    outer loop
      vertex -24.5241 -12.1289 10
      vertex -24.6489 -11.8406 0
      vertex -24.6489 -11.8406 10
    endloop
  endfacet
  facet normal 0.917707 0.397259 0
    outer loop
      vertex -24.6489 -11.8406 0
      vertex -24.5241 -12.1289 10
      vertex -24.5241 -12.1289 0
    endloop
  endfacet
  facet normal -0.987657 -0.15663 0
    outer loop
      vertex -15.0394 -9.37333 0
      vertex -15.0886 -9.06309 10
      vertex -15.0886 -9.06309 0
    endloop
  endfacet
  facet normal -0.987657 -0.15663 0
    outer loop
      vertex -15.0886 -9.06309 10
      vertex -15.0394 -9.37333 0
      vertex -15.0394 -9.37333 10
    endloop
  endfacet
  facet normal -0.99558 -0.0939166 0
    outer loop
      vertex -15.0099 -9.68605 0
      vertex -15.0394 -9.37333 10
      vertex -15.0394 -9.37333 0
    endloop
  endfacet
  facet normal -0.99558 -0.0939166 0
    outer loop
      vertex -15.0394 -9.37333 10
      vertex -15.0099 -9.68605 0
      vertex -15.0099 -9.68605 10
    endloop
  endfacet
  facet normal -0.940878 -0.338745 0
    outer loop
      vertex -15.2447 -8.45491 0
      vertex -15.3511 -8.15938 10
      vertex -15.3511 -8.15938 0
    endloop
  endfacet
  facet normal -0.940878 -0.338745 0
    outer loop
      vertex -15.3511 -8.15938 10
      vertex -15.2447 -8.45491 0
      vertex -15.2447 -8.45491 10
    endloop
  endfacet
  facet normal -0.79018 -0.612875 0
    outer loop
      vertex -15.9549 -7.06107 0
      vertex -16.1474 -6.81288 10
      vertex -16.1474 -6.81288 0
    endloop
  endfacet
  facet normal -0.79018 -0.612875 0
    outer loop
      vertex -16.1474 -6.81288 10
      vertex -15.9549 -7.06107 0
      vertex -15.9549 -7.06107 10
    endloop
  endfacet
  facet normal -0.827169 -0.561953 0
    outer loop
      vertex -15.7784 -7.32087 0
      vertex -15.9549 -7.06107 10
      vertex -15.9549 -7.06107 0
    endloop
  endfacet
  facet normal -0.827169 -0.561953 0
    outer loop
      vertex -15.9549 -7.06107 10
      vertex -15.7784 -7.32087 0
      vertex -15.7784 -7.32087 10
    endloop
  endfacet
  facet normal -0.860729 -0.509064 0
    outer loop
      vertex -15.6185 -7.59123 0
      vertex -15.7784 -7.32087 10
      vertex -15.7784 -7.32087 0
    endloop
  endfacet
  facet normal -0.860729 -0.509064 0
    outer loop
      vertex -15.7784 -7.32087 10
      vertex -15.6185 -7.59123 0
      vertex -15.6185 -7.59123 10
    endloop
  endfacet
  facet normal -0.279041 -0.960279 0
    outer loop
      vertex -18.7565 -5.15708 0
      vertex -18.4549 -5.24472 10
      vertex -18.7565 -5.15708 10
    endloop
  endfacet
  facet normal -0.279041 -0.960279 -0
    outer loop
      vertex -18.4549 -5.24472 10
      vertex -18.7565 -5.15708 0
      vertex -18.4549 -5.24472 0
    endloop
  endfacet
  facet normal -0.218103 -0.975926 0
    outer loop
      vertex -19.0631 -5.08856 0
      vertex -18.7565 -5.15708 10
      vertex -19.0631 -5.08856 10
    endloop
  endfacet
  facet normal -0.218103 -0.975926 -0
    outer loop
      vertex -18.7565 -5.15708 10
      vertex -19.0631 -5.08856 0
      vertex -18.7565 -5.15708 0
    endloop
  endfacet
  facet normal -0.0314176 -0.999506 0
    outer loop
      vertex -20 -5 0
      vertex -19.686 -5.00987 10
      vertex -20 -5 10
    endloop
  endfacet
  facet normal -0.0314176 -0.999506 -0
    outer loop
      vertex -19.686 -5.00987 10
      vertex -20 -5 0
      vertex -19.686 -5.00987 0
    endloop
  endfacet
  facet normal -0.338776 -0.940867 0
    outer loop
      vertex -18.4549 -5.24472 0
      vertex -18.1594 -5.35112 10
      vertex -18.4549 -5.24472 10
    endloop
  endfacet
  facet normal -0.338776 -0.940867 -0
    outer loop
      vertex -18.1594 -5.35112 10
      vertex -18.4549 -5.24472 0
      vertex -18.1594 -5.35112 0
    endloop
  endfacet
  facet normal -0.453975 -0.891014 0
    outer loop
      vertex -17.8711 -5.47586 0
      vertex -17.5912 -5.61847 10
      vertex -17.8711 -5.47586 10
    endloop
  endfacet
  facet normal -0.453975 -0.891014 -0
    outer loop
      vertex -17.5912 -5.61847 10
      vertex -17.8711 -5.47586 0
      vertex -17.5912 -5.61847 0
    endloop
  endfacet
  facet normal -0.509124 -0.860693 0
    outer loop
      vertex -17.5912 -5.61847 0
      vertex -17.3209 -5.77836 10
      vertex -17.5912 -5.61847 10
    endloop
  endfacet
  facet normal -0.509124 -0.860693 -0
    outer loop
      vertex -17.3209 -5.77836 10
      vertex -17.5912 -5.61847 0
      vertex -17.3209 -5.77836 0
    endloop
  endfacet
  facet normal -0.562062 -0.827095 0
    outer loop
      vertex -17.3209 -5.77836 0
      vertex -17.0611 -5.95491 10
      vertex -17.3209 -5.77836 10
    endloop
  endfacet
  facet normal -0.562062 -0.827095 -0
    outer loop
      vertex -17.0611 -5.95491 10
      vertex -17.3209 -5.77836 0
      vertex -17.0611 -5.95491 0
    endloop
  endfacet
  facet normal -0.661349 -0.750078 0
    outer loop
      vertex -16.8129 -6.14743 0
      vertex -16.5773 -6.35516 10
      vertex -16.8129 -6.14743 10
    endloop
  endfacet
  facet normal -0.661349 -0.750078 -0
    outer loop
      vertex -16.5773 -6.35516 10
      vertex -16.8129 -6.14743 0
      vertex -16.5773 -6.35516 0
    endloop
  endfacet
  facet normal 0.749996 -0.661443 0
    outer loop
      vertex -23.8526 -6.81288 10
      vertex -23.6448 -6.57726 0
      vertex -23.6448 -6.57726 10
    endloop
  endfacet
  facet normal 0.749996 -0.661443 0
    outer loop
      vertex -23.6448 -6.57726 0
      vertex -23.8526 -6.81288 10
      vertex -23.8526 -6.81288 0
    endloop
  endfacet
  facet normal 0.79018 -0.612875 0
    outer loop
      vertex -24.0451 -7.06107 10
      vertex -23.8526 -6.81288 0
      vertex -23.8526 -6.81288 10
    endloop
  endfacet
  facet normal 0.79018 -0.612875 0
    outer loop
      vertex -23.8526 -6.81288 0
      vertex -24.0451 -7.06107 10
      vertex -24.0451 -7.06107 0
    endloop
  endfacet
  facet normal 0.917696 -0.397282 0
    outer loop
      vertex -24.6489 -8.15938 10
      vertex -24.5241 -7.8711 0
      vertex -24.5241 -7.8711 10
    endloop
  endfacet
  facet normal 0.917696 -0.397282 0
    outer loop
      vertex -24.5241 -7.8711 0
      vertex -24.6489 -8.15938 10
      vertex -24.6489 -8.15938 0
    endloop
  endfacet
  facet normal 0.891008 -0.453988 0
    outer loop
      vertex -24.5241 -7.8711 10
      vertex -24.3815 -7.59123 0
      vertex -24.3815 -7.59123 10
    endloop
  endfacet
  facet normal 0.891008 -0.453988 0
    outer loop
      vertex -24.3815 -7.59123 0
      vertex -24.5241 -7.8711 10
      vertex -24.5241 -7.8711 0
    endloop
  endfacet
  facet normal 0.960323 -0.27889 0
    outer loop
      vertex -24.8429 -8.75655 10
      vertex -24.7553 -8.45491 0
      vertex -24.7553 -8.45491 10
    endloop
  endfacet
  facet normal 0.960323 -0.27889 0
    outer loop
      vertex -24.7553 -8.45491 0
      vertex -24.8429 -8.75655 10
      vertex -24.8429 -8.75655 0
    endloop
  endfacet
  facet normal 0.99558 -0.0939166 0
    outer loop
      vertex -24.9901 -9.68605 10
      vertex -24.9606 -9.37333 0
      vertex -24.9606 -9.37333 10
    endloop
  endfacet
  facet normal 0.99558 -0.0939166 0
    outer loop
      vertex -24.9606 -9.37333 0
      vertex -24.9901 -9.68605 10
      vertex -24.9901 -9.68605 0
    endloop
  endfacet
  facet normal 0.509124 -0.860693 0
    outer loop
      vertex -22.6791 -5.77836 0
      vertex -22.4088 -5.61847 10
      vertex -22.6791 -5.77836 10
    endloop
  endfacet
  facet normal 0.509124 -0.860693 0
    outer loop
      vertex -22.4088 -5.61847 10
      vertex -22.6791 -5.77836 0
      vertex -22.4088 -5.61847 0
    endloop
  endfacet
  facet normal 0.6129 -0.790161 0
    outer loop
      vertex -23.1871 -6.14743 0
      vertex -22.9389 -5.95491 10
      vertex -23.1871 -6.14743 10
    endloop
  endfacet
  facet normal 0.6129 -0.790161 0
    outer loop
      vertex -22.9389 -5.95491 10
      vertex -23.1871 -6.14743 0
      vertex -22.9389 -5.95491 0
    endloop
  endfacet
  facet normal 0.397098 -0.917776 0
    outer loop
      vertex -22.1289 -5.47586 0
      vertex -21.8406 -5.35112 10
      vertex -22.1289 -5.47586 10
    endloop
  endfacet
  facet normal 0.397098 -0.917776 0
    outer loop
      vertex -21.8406 -5.35112 10
      vertex -22.1289 -5.47586 0
      vertex -21.8406 -5.35112 0
    endloop
  endfacet
  facet normal 0.0941119 -0.995562 0
    outer loop
      vertex -20.6267 -5.03943 0
      vertex -20.314 -5.00987 10
      vertex -20.6267 -5.03943 10
    endloop
  endfacet
  facet normal 0.0941119 -0.995562 0
    outer loop
      vertex -20.314 -5.00987 10
      vertex -20.6267 -5.03943 0
      vertex -20.314 -5.00987 0
    endloop
  endfacet
  facet normal -0.031513 0.999503 0
    outer loop
      vertex -19.686 -14.9901 0
      vertex -20 -15 10
      vertex -19.686 -14.9901 10
    endloop
  endfacet
  facet normal -0.031513 0.999503 0
    outer loop
      vertex -20 -15 10
      vertex -19.686 -14.9901 0
      vertex -20 -15 0
    endloop
  endfacet
  facet normal -0.156649 0.987654 0
    outer loop
      vertex -19.0631 -14.9114 0
      vertex -19.3733 -14.9606 10
      vertex -19.0631 -14.9114 10
    endloop
  endfacet
  facet normal -0.156649 0.987654 0
    outer loop
      vertex -19.3733 -14.9606 10
      vertex -19.0631 -14.9114 0
      vertex -19.3733 -14.9606 0
    endloop
  endfacet
  facet normal -0.338776 0.940867 0
    outer loop
      vertex -18.1594 -14.6489 0
      vertex -18.4549 -14.7553 10
      vertex -18.1594 -14.6489 10
    endloop
  endfacet
  facet normal -0.338776 0.940867 0
    outer loop
      vertex -18.4549 -14.7553 10
      vertex -18.1594 -14.6489 0
      vertex -18.4549 -14.7553 0
    endloop
  endfacet
  facet normal -0.61286 0.790191 0
    outer loop
      vertex -16.8129 -13.8526 0
      vertex -17.0611 -14.0451 10
      vertex -16.8129 -13.8526 10
    endloop
  endfacet
  facet normal -0.61286 0.790191 0
    outer loop
      vertex -17.0611 -14.0451 10
      vertex -16.8129 -13.8526 0
      vertex -17.0611 -14.0451 0
    endloop
  endfacet
  facet normal -0.509148 0.860679 0
    outer loop
      vertex -17.3209 -14.2216 0
      vertex -17.5912 -14.3815 10
      vertex -17.3209 -14.2216 10
    endloop
  endfacet
  facet normal -0.509148 0.860679 0
    outer loop
      vertex -17.5912 -14.3815 10
      vertex -17.3209 -14.2216 0
      vertex -17.5912 -14.3815 0
    endloop
  endfacet
  facet normal -0.397259 0.917707 0
    outer loop
      vertex -17.8711 -14.5241 0
      vertex -18.1594 -14.6489 10
      vertex -17.8711 -14.5241 10
    endloop
  endfacet
  facet normal -0.397259 0.917707 0
    outer loop
      vertex -18.1594 -14.6489 10
      vertex -17.8711 -14.5241 0
      vertex -18.1594 -14.6489 0
    endloop
  endfacet
  facet normal -0.749968 0.661474 0
    outer loop
      vertex -16.3552 -13.4227 0
      vertex -16.1474 -13.1871 10
      vertex -16.1474 -13.1871 0
    endloop
  endfacet
  facet normal -0.749968 0.661474 0
    outer loop
      vertex -16.1474 -13.1871 10
      vertex -16.3552 -13.4227 0
      vertex -16.3552 -13.4227 10
    endloop
  endfacet
  facet normal -0.827169 0.561953 0
    outer loop
      vertex -15.9549 -12.9389 0
      vertex -15.7784 -12.6791 10
      vertex -15.7784 -12.6791 0
    endloop
  endfacet
  facet normal -0.827169 0.561953 0
    outer loop
      vertex -15.7784 -12.6791 10
      vertex -15.9549 -12.9389 0
      vertex -15.9549 -12.9389 10
    endloop
  endfacet
  facet normal -0.917707 0.397259 0
    outer loop
      vertex -15.4759 -12.1289 0
      vertex -15.3511 -11.8406 10
      vertex -15.3511 -11.8406 0
    endloop
  endfacet
  facet normal -0.917707 0.397259 0
    outer loop
      vertex -15.3511 -11.8406 10
      vertex -15.4759 -12.1289 0
      vertex -15.4759 -12.1289 10
    endloop
  endfacet
  facet normal -0.940867 0.338776 0
    outer loop
      vertex -15.3511 -11.8406 0
      vertex -15.2447 -11.5451 10
      vertex -15.2447 -11.5451 0
    endloop
  endfacet
  facet normal -0.940867 0.338776 0
    outer loop
      vertex -15.2447 -11.5451 10
      vertex -15.3511 -11.8406 0
      vertex -15.3511 -11.8406 10
    endloop
  endfacet
  facet normal -0.960338 0.278839 0
    outer loop
      vertex -15.2447 -11.5451 0
      vertex -15.1571 -11.2434 10
      vertex -15.1571 -11.2434 0
    endloop
  endfacet
  facet normal -0.960338 0.278839 0
    outer loop
      vertex -15.1571 -11.2434 10
      vertex -15.2447 -11.5451 0
      vertex -15.2447 -11.5451 10
    endloop
  endfacet
  facet normal -0.975924 0.21811 0
    outer loop
      vertex -15.1571 -11.2434 0
      vertex -15.0886 -10.9369 10
      vertex -15.0886 -10.9369 0
    endloop
  endfacet
  facet normal -0.975924 0.21811 0
    outer loop
      vertex -15.0886 -10.9369 10
      vertex -15.1571 -11.2434 0
      vertex -15.1571 -11.2434 10
    endloop
  endfacet
  facet normal -0.999503 0.031513 0
    outer loop
      vertex -15.0099 -10.314 0
      vertex -15 -10 10
      vertex -15 -10 0
    endloop
  endfacet
  facet normal -0.999503 0.031513 0
    outer loop
      vertex -15 -10 10
      vertex -15.0099 -10.314 0
      vertex -15.0099 -10.314 10
    endloop
  endfacet
  facet normal 0.661474 0.749968 -0
    outer loop
      vertex -23.1871 -13.8526 0
      vertex -23.4227 -13.6448 10
      vertex -23.1871 -13.8526 10
    endloop
  endfacet
  facet normal 0.661474 0.749968 0
    outer loop
      vertex -23.4227 -13.6448 10
      vertex -23.1871 -13.8526 0
      vertex -23.4227 -13.6448 0
    endloop
  endfacet
  facet normal 0.45395 0.891027 -0
    outer loop
      vertex -22.1289 -14.5241 0
      vertex -22.4088 -14.3815 10
      vertex -22.1289 -14.5241 10
    endloop
  endfacet
  facet normal 0.45395 0.891027 0
    outer loop
      vertex -22.4088 -14.3815 10
      vertex -22.1289 -14.5241 0
      vertex -22.4088 -14.3815 0
    endloop
  endfacet
  facet normal 0.561953 0.827169 -0
    outer loop
      vertex -22.6791 -14.2216 0
      vertex -22.9389 -14.0451 10
      vertex -22.6791 -14.2216 10
    endloop
  endfacet
  facet normal 0.561953 0.827169 0
    outer loop
      vertex -22.9389 -14.0451 10
      vertex -22.6791 -14.2216 0
      vertex -22.9389 -14.0451 0
    endloop
  endfacet
  facet normal 0.278924 0.960313 -0
    outer loop
      vertex -21.2435 -14.8429 0
      vertex -21.5451 -14.7553 10
      vertex -21.2435 -14.8429 10
    endloop
  endfacet
  facet normal 0.278924 0.960313 0
    outer loop
      vertex -21.5451 -14.7553 10
      vertex -21.2435 -14.8429 0
      vertex -21.5451 -14.7553 0
    endloop
  endfacet
  facet normal 0.0939226 0.99558 -0
    outer loop
      vertex -20.314 -14.9901 0
      vertex -20.6267 -14.9606 10
      vertex -20.314 -14.9901 10
    endloop
  endfacet
  facet normal 0.0939226 0.99558 0
    outer loop
      vertex -20.6267 -14.9606 10
      vertex -20.314 -14.9901 0
      vertex -20.6267 -14.9606 0
    endloop
  endfacet
  facet normal 0.749968 0.661474 0
    outer loop
      vertex -23.6448 -13.4227 10
      vertex -23.8526 -13.1871 0
      vertex -23.8526 -13.1871 10
    endloop
  endfacet
  facet normal 0.749968 0.661474 0
    outer loop
      vertex -23.8526 -13.1871 0
      vertex -23.6448 -13.4227 10
      vertex -23.6448 -13.4227 0
    endloop
  endfacet
  facet normal 0.860679 0.509148 0
    outer loop
      vertex -24.2216 -12.6791 10
      vertex -24.3815 -12.4088 0
      vertex -24.3815 -12.4088 10
    endloop
  endfacet
  facet normal 0.860679 0.509148 0
    outer loop
      vertex -24.3815 -12.4088 0
      vertex -24.2216 -12.6791 10
      vertex -24.2216 -12.6791 0
    endloop
  endfacet
  facet normal 0.975924 0.21811 0
    outer loop
      vertex -24.8429 -11.2434 10
      vertex -24.9114 -10.9369 0
      vertex -24.9114 -10.9369 10
    endloop
  endfacet
  facet normal 0.975924 0.21811 0
    outer loop
      vertex -24.9114 -10.9369 0
      vertex -24.8429 -11.2434 10
      vertex -24.8429 -11.2434 0
    endloop
  endfacet
  facet normal 0.940867 0.338776 0
    outer loop
      vertex -24.6489 -11.8406 10
      vertex -24.7553 -11.5451 0
      vertex -24.7553 -11.5451 10
    endloop
  endfacet
  facet normal 0.940867 0.338776 0
    outer loop
      vertex -24.7553 -11.5451 0
      vertex -24.6489 -11.8406 10
      vertex -24.6489 -11.8406 0
    endloop
  endfacet
  facet normal 0.987654 0.156649 0
    outer loop
      vertex -24.9114 -10.9369 10
      vertex -24.9606 -10.6267 0
      vertex -24.9606 -10.6267 10
    endloop
  endfacet
  facet normal 0.987654 0.156649 0
    outer loop
      vertex -24.9606 -10.6267 0
      vertex -24.9114 -10.9369 10
      vertex -24.9114 -10.9369 0
    endloop
  endfacet
  facet normal 0.999503 0.031513 0
    outer loop
      vertex -24.9901 -10.314 10
      vertex -25 -10 0
      vertex -25 -10 10
    endloop
  endfacet
  facet normal 0.999503 0.031513 0
    outer loop
      vertex -25 -10 0
      vertex -24.9901 -10.314 10
      vertex -24.9901 -10.314 0
    endloop
  endfacet
  facet normal -0.397098 -0.917776 0
    outer loop
      vertex -18.1594 -5.35112 0
      vertex -17.8711 -5.47586 10
      vertex -18.1594 -5.35112 10
    endloop
  endfacet
  facet normal -0.397098 -0.917776 -0
    outer loop
      vertex -17.8711 -5.47586 10
      vertex -18.1594 -5.35112 0
      vertex -17.8711 -5.47586 0
    endloop
  endfacet
  facet normal 0.338776 -0.940867 0
    outer loop
      vertex -21.8406 -5.35112 0
      vertex -21.5451 -5.24472 10
      vertex -21.8406 -5.35112 10
    endloop
  endfacet
  facet normal 0.338776 -0.940867 0
    outer loop
      vertex -21.5451 -5.24472 10
      vertex -21.8406 -5.35112 0
      vertex -21.5451 -5.24472 0
    endloop
  endfacet
  facet normal -0.0939226 0.99558 0
    outer loop
      vertex -19.3733 -14.9606 0
      vertex -19.686 -14.9901 10
      vertex -19.3733 -14.9606 10
    endloop
  endfacet
  facet normal -0.0939226 0.99558 0
    outer loop
      vertex -19.686 -14.9901 10
      vertex -19.3733 -14.9606 0
      vertex -19.686 -14.9901 0
    endloop
  endfacet
  facet normal -0.278924 0.960313 0
    outer loop
      vertex -18.4549 -14.7553 0
      vertex -18.7565 -14.8429 10
      vertex -18.4549 -14.7553 10
    endloop
  endfacet
  facet normal -0.278924 0.960313 0
    outer loop
      vertex -18.7565 -14.8429 10
      vertex -18.4549 -14.7553 0
      vertex -18.7565 -14.8429 0
    endloop
  endfacet
  facet normal -0.661474 0.749968 0
    outer loop
      vertex -16.5773 -13.6448 0
      vertex -16.8129 -13.8526 10
      vertex -16.5773 -13.6448 10
    endloop
  endfacet
  facet normal -0.661474 0.749968 0
    outer loop
      vertex -16.8129 -13.8526 10
      vertex -16.5773 -13.6448 0
      vertex -16.8129 -13.8526 0
    endloop
  endfacet
  facet normal -0.45395 0.891027 0
    outer loop
      vertex -17.5912 -14.3815 0
      vertex -17.8711 -14.5241 10
      vertex -17.5912 -14.3815 10
    endloop
  endfacet
  facet normal -0.45395 0.891027 0
    outer loop
      vertex -17.8711 -14.5241 10
      vertex -17.5912 -14.3815 0
      vertex -17.8711 -14.5241 0
    endloop
  endfacet
  facet normal -0.561953 0.827169 0
    outer loop
      vertex -17.0611 -14.0451 0
      vertex -17.3209 -14.2216 10
      vertex -17.0611 -14.0451 10
    endloop
  endfacet
  facet normal -0.561953 0.827169 0
    outer loop
      vertex -17.3209 -14.2216 10
      vertex -17.0611 -14.0451 0
      vertex -17.3209 -14.2216 0
    endloop
  endfacet
  facet normal -0.860679 0.509148 0
    outer loop
      vertex -15.7784 -12.6791 0
      vertex -15.6185 -12.4088 10
      vertex -15.6185 -12.4088 0
    endloop
  endfacet
  facet normal -0.860679 0.509148 0
    outer loop
      vertex -15.6185 -12.4088 10
      vertex -15.7784 -12.6791 0
      vertex -15.7784 -12.6791 10
    endloop
  endfacet
  facet normal -0.790191 0.61286 0
    outer loop
      vertex -16.1474 -13.1871 0
      vertex -15.9549 -12.9389 10
      vertex -15.9549 -12.9389 0
    endloop
  endfacet
  facet normal -0.790191 0.61286 0
    outer loop
      vertex -15.9549 -12.9389 10
      vertex -16.1474 -13.1871 0
      vertex -16.1474 -13.1871 10
    endloop
  endfacet
  facet normal 0.61286 0.790191 -0
    outer loop
      vertex -22.9389 -14.0451 0
      vertex -23.1871 -13.8526 10
      vertex -22.9389 -14.0451 10
    endloop
  endfacet
  facet normal 0.61286 0.790191 0
    outer loop
      vertex -23.1871 -13.8526 10
      vertex -22.9389 -14.0451 0
      vertex -23.1871 -13.8526 0
    endloop
  endfacet
  facet normal 0.397259 0.917707 -0
    outer loop
      vertex -21.8406 -14.6489 0
      vertex -22.1289 -14.5241 10
      vertex -21.8406 -14.6489 10
    endloop
  endfacet
  facet normal 0.397259 0.917707 0
    outer loop
      vertex -22.1289 -14.5241 10
      vertex -21.8406 -14.6489 0
      vertex -22.1289 -14.5241 0
    endloop
  endfacet
  facet normal 0.509148 0.860679 -0
    outer loop
      vertex -22.4088 -14.3815 0
      vertex -22.6791 -14.2216 10
      vertex -22.4088 -14.3815 10
    endloop
  endfacet
  facet normal 0.509148 0.860679 0
    outer loop
      vertex -22.6791 -14.2216 10
      vertex -22.4088 -14.3815 0
      vertex -22.6791 -14.2216 0
    endloop
  endfacet
  facet normal 0.218043 0.975939 -0
    outer loop
      vertex -20.9369 -14.9114 0
      vertex -21.2435 -14.8429 10
      vertex -20.9369 -14.9114 10
    endloop
  endfacet
  facet normal 0.218043 0.975939 0
    outer loop
      vertex -21.2435 -14.8429 10
      vertex -20.9369 -14.9114 0
      vertex -21.2435 -14.8429 0
    endloop
  endfacet
  facet normal 0.891027 0.45395 0
    outer loop
      vertex -24.3815 -12.4088 10
      vertex -24.5241 -12.1289 0
      vertex -24.5241 -12.1289 10
    endloop
  endfacet
  facet normal 0.891027 0.45395 0
    outer loop
      vertex -24.5241 -12.1289 0
      vertex -24.3815 -12.4088 10
      vertex -24.3815 -12.4088 0
    endloop
  endfacet
  facet normal 0.960338 0.278839 0
    outer loop
      vertex -24.7553 -11.5451 10
      vertex -24.8429 -11.2434 0
      vertex -24.8429 -11.2434 10
    endloop
  endfacet
  facet normal 0.960338 0.278839 0
    outer loop
      vertex -24.8429 -11.2434 0
      vertex -24.7553 -11.5451 10
      vertex -24.7553 -11.5451 0
    endloop
  endfacet
  facet normal 0.99558 0.0939226 0
    outer loop
      vertex -24.9606 -10.6267 10
      vertex -24.9901 -10.314 0
      vertex -24.9901 -10.314 10
    endloop
  endfacet
  facet normal 0.99558 0.0939226 0
    outer loop
      vertex -24.9901 -10.314 0
      vertex -24.9606 -10.6267 10
      vertex -24.9606 -10.6267 0
    endloop
  endfacet
  facet normal -0.999507 -0.0314118 0
    outer loop
      vertex 15 0 5
      vertex 14.9704 0.941857 10
      vertex 14.9704 0.941857 5
    endloop
  endfacet
  facet normal -0.999507 -0.0314118 0
    outer loop
      vertex 14.9704 0.941857 10
      vertex 15 0 5
      vertex 15 0 10
    endloop
  endfacet
  facet normal 0.999507 -0.0314118 0
    outer loop
      vertex -15 0 10
      vertex -14.9704 0.941857 5
      vertex -14.9704 0.941857 10
    endloop
  endfacet
  facet normal 0.999507 -0.0314118 0
    outer loop
      vertex -14.9704 0.941857 5
      vertex -15 0 10
      vertex -15 0 5
    endloop
  endfacet
  facet normal -0.0314118 -0.999507 0
    outer loop
      vertex 0 15 5
      vertex 0.941857 14.9704 10
      vertex 0 15 10
    endloop
  endfacet
  facet normal -0.0314118 -0.999507 -0
    outer loop
      vertex 0.941857 14.9704 10
      vertex 0 15 5
      vertex 0.941857 14.9704 5
    endloop
  endfacet
  facet normal -0.707107 -0.707107 0
    outer loop
      vertex 10.9345 10.2682 5
      vertex 10.2682 10.9345 10
      vertex 10.2682 10.9345 5
    endloop
  endfacet
  facet normal -0.707107 -0.707107 0
    outer loop
      vertex 10.2682 10.9345 10
      vertex 10.9345 10.2682 5
      vertex 10.9345 10.2682 10
    endloop
  endfacet
  facet normal 0.661334 -0.750092 0
    outer loop
      vertex -10.2682 10.9345 5
      vertex -9.56136 11.5577 10
      vertex -10.2682 10.9345 10
    endloop
  endfacet
  facet normal 0.661334 -0.750092 0
    outer loop
      vertex -9.56136 11.5577 10
      vertex -10.2682 10.9345 5
      vertex -9.56136 11.5577 5
    endloop
  endfacet
  facet normal 0.338735 -0.940882 0
    outer loop
      vertex -5.52187 13.9466 5
      vertex -4.63525 14.2658 10
      vertex -5.52187 13.9466 10
    endloop
  endfacet
  facet normal 0.338735 -0.940882 0
    outer loop
      vertex -4.63525 14.2658 10
      vertex -5.52187 13.9466 5
      vertex -4.63525 14.2658 5
    endloop
  endfacet
  facet normal -0.91777 -0.397111 0
    outer loop
      vertex 13.9466 5.52187 5
      vertex 13.5724 6.38669 10
      vertex 13.5724 6.38669 5
    endloop
  endfacet
  facet normal -0.91777 -0.397111 0
    outer loop
      vertex 13.5724 6.38669 10
      vertex 13.9466 5.52187 5
      vertex 13.9466 5.52187 10
    endloop
  endfacet
  facet normal 0.790132 -0.612937 0
    outer loop
      vertex -12.1353 8.81678 10
      vertex -11.5577 9.56136 5
      vertex -11.5577 9.56136 10
    endloop
  endfacet
  facet normal 0.790132 -0.612937 0
    outer loop
      vertex -11.5577 9.56136 5
      vertex -12.1353 8.81678 10
      vertex -12.1353 8.81678 5
    endloop
  endfacet
  facet normal -0.89101 0.453984 0
    outer loop
      vertex 13.1446 -7.22631 5
      vertex 13.5724 -6.38669 10
      vertex 13.5724 -6.38669 5
    endloop
  endfacet
  facet normal -0.89101 0.453984 0
    outer loop
      vertex 13.5724 -6.38669 10
      vertex 13.1446 -7.22631 5
      vertex 13.1446 -7.22631 10
    endloop
  endfacet
  facet normal -0.218182 0.975908 0
    outer loop
      vertex 3.73035 -14.5287 5
      vertex 2.81072 -14.7343 10
      vertex 3.73035 -14.5287 10
    endloop
  endfacet
  facet normal -0.218182 0.975908 0
    outer loop
      vertex 2.81072 -14.7343 10
      vertex 3.73035 -14.5287 5
      vertex 2.81072 -14.7343 5
    endloop
  endfacet
  facet normal -0.707107 0.707107 0
    outer loop
      vertex 10.2682 -10.9345 5
      vertex 10.9345 -10.2682 10
      vertex 10.9345 -10.2682 5
    endloop
  endfacet
  facet normal -0.707107 0.707107 0
    outer loop
      vertex 10.9345 -10.2682 10
      vertex 10.2682 -10.9345 5
      vertex 10.2682 -10.9345 10
    endloop
  endfacet
  facet normal -0.975908 0.218182 0
    outer loop
      vertex 14.5287 -3.73035 5
      vertex 14.7343 -2.81072 10
      vertex 14.7343 -2.81072 5
    endloop
  endfacet
  facet normal -0.975908 0.218182 0
    outer loop
      vertex 14.7343 -2.81072 10
      vertex 14.5287 -3.73035 5
      vertex 14.5287 -3.73035 10
    endloop
  endfacet
  facet normal 0.338735 0.940882 -0
    outer loop
      vertex -4.63525 -14.2658 5
      vertex -5.52187 -13.9466 10
      vertex -4.63525 -14.2658 10
    endloop
  endfacet
  facet normal 0.338735 0.940882 0
    outer loop
      vertex -5.52187 -13.9466 10
      vertex -4.63525 -14.2658 5
      vertex -5.52187 -13.9466 5
    endloop
  endfacet
  facet normal 0.790132 0.612937 0
    outer loop
      vertex -11.5577 -9.56136 10
      vertex -12.1353 -8.81678 5
      vertex -12.1353 -8.81678 10
    endloop
  endfacet
  facet normal 0.790132 0.612937 0
    outer loop
      vertex -12.1353 -8.81678 5
      vertex -11.5577 -9.56136 10
      vertex -11.5577 -9.56136 5
    endloop
  endfacet
  facet normal 0.99556 0.0941287 0
    outer loop
      vertex -14.8817 -1.88 10
      vertex -14.9704 -0.941857 5
      vertex -14.9704 -0.941857 10
    endloop
  endfacet
  facet normal 0.99556 0.0941287 0
    outer loop
      vertex -14.9704 -0.941857 5
      vertex -14.8817 -1.88 10
      vertex -14.8817 -1.88 5
    endloop
  endfacet
  facet normal 0 0 1
    outer loop
      vertex 14.9704 0.941857 5
      vertex 14.9704 -0.941857 5
      vertex 15 0 5
    endloop
  endfacet
  facet normal 0 0 1
    outer loop
      vertex 14.8817 1.88 5
      vertex 14.9704 -0.941857 5
      vertex 14.9704 0.941857 5
    endloop
  endfacet
  facet normal 0 0 1
    outer loop
      vertex 14.8817 1.88 5
      vertex 14.8817 -1.88 5
      vertex 14.9704 -0.941857 5
    endloop
  endfacet
  facet normal 0 0 1
    outer loop
      vertex 14.7343 2.81072 5
      vertex 14.8817 -1.88 5
      vertex 14.8817 1.88 5
    endloop
  endfacet
  facet normal 0 0 1
    outer loop
      vertex 14.7343 2.81072 5
      vertex 14.7343 -2.81072 5
      vertex 14.8817 -1.88 5
    endloop
  endfacet
  facet normal 0 0 1
    outer loop
      vertex 14.5287 3.73035 5
      vertex 14.7343 -2.81072 5
      vertex 14.7343 2.81072 5
    endloop
  endfacet
  facet normal 0 0 1
    outer loop
      vertex 14.5287 3.73035 5
      vertex 14.5287 -3.73035 5
      vertex 14.7343 -2.81072 5
    endloop
  endfacet
  facet normal 0 0 1
    outer loop
      vertex 14.2658 4.63525 5
      vertex 14.5287 -3.73035 5
      vertex 14.5287 3.73035 5
    endloop
  endfacet
  facet normal 0 0 1
    outer loop
      vertex 14.2658 4.63525 5
      vertex 14.2658 -4.63525 5
      vertex 14.5287 -3.73035 5
    endloop
  endfacet
  facet normal 0 0 1
    outer loop
      vertex 13.9466 5.52187 5
      vertex 14.2658 -4.63525 5
      vertex 14.2658 4.63525 5
    endloop
  endfacet
  facet normal 0 0 1
    outer loop
      vertex 13.9466 5.52187 5
      vertex 13.9466 -5.52187 5
      vertex 14.2658 -4.63525 5
    endloop
  endfacet
  facet normal 0 0 1
    outer loop
      vertex 13.5724 6.38669 5
      vertex 13.9466 -5.52187 5
      vertex 13.9466 5.52187 5
    endloop
  endfacet
  facet normal 0 0 1
    outer loop
      vertex 13.5724 6.38669 5
      vertex 13.5724 -6.38669 5
      vertex 13.9466 -5.52187 5
    endloop
  endfacet
  facet normal 0 0 1
    outer loop
      vertex 13.1446 7.22631 5
      vertex 13.5724 -6.38669 5
      vertex 13.5724 6.38669 5
    endloop
  endfacet
  facet normal 0 0 1
    outer loop
      vertex 13.1446 7.22631 5
      vertex 13.1446 -7.22631 5
      vertex 13.5724 -6.38669 5
    endloop
  endfacet
  facet normal 0 0 1
    outer loop
      vertex 12.6649 8.0374 5
      vertex 13.1446 -7.22631 5
      vertex 13.1446 7.22631 5
    endloop
  endfacet
  facet normal 0 0 1
    outer loop
      vertex 12.6649 8.0374 5
      vertex 12.6649 -8.0374 5
      vertex 13.1446 -7.22631 5
    endloop
  endfacet
  facet normal 0 0 1
    outer loop
      vertex 12.1353 8.81678 5
      vertex 12.6649 -8.0374 5
      vertex 12.6649 8.0374 5
    endloop
  endfacet
  facet normal 0 0 1
    outer loop
      vertex 12.1353 8.81678 5
      vertex 12.1353 -8.81678 5
      vertex 12.6649 -8.0374 5
    endloop
  endfacet
  facet normal 0 0 1
    outer loop
      vertex 11.5577 9.56136 5
      vertex 12.1353 -8.81678 5
      vertex 12.1353 8.81678 5
    endloop
  endfacet
  facet normal 0 0 1
    outer loop
      vertex 11.5577 9.56136 5
      vertex 11.5577 -9.56136 5
      vertex 12.1353 -8.81678 5
    endloop
  endfacet
  facet normal 0 0 1
    outer loop
      vertex 10.9345 10.2682 5
      vertex 11.5577 -9.56136 5
      vertex 11.5577 9.56136 5
    endloop
  endfacet
  facet normal 0 0 1
    outer loop
      vertex 10.9345 10.2682 5
      vertex 10.9345 -10.2682 5
      vertex 11.5577 -9.56136 5
    endloop
  endfacet
  facet normal 0 0 1
    outer loop
      vertex 10.2682 10.9345 5
      vertex 10.9345 -10.2682 5
      vertex 10.9345 10.2682 5
    endloop
  endfacet
  facet normal 0 0 1
    outer loop
      vertex 10.2682 10.9345 5
      vertex 10.2682 -10.9345 5
      vertex 10.9345 -10.2682 5
    endloop
  endfacet
  facet normal 0 0 1
    outer loop
      vertex 9.56136 11.5577 5
      vertex 10.2682 -10.9345 5
      vertex 10.2682 10.9345 5
    endloop
  endfacet
  facet normal 0 0 1
    outer loop
      vertex 9.56136 11.5577 5
      vertex 9.56136 -11.5577 5
      vertex 10.2682 -10.9345 5
    endloop
  endfacet
  facet normal 0 0 1
    outer loop
      vertex 8.81678 12.1353 5
      vertex 9.56136 -11.5577 5
      vertex 9.56136 11.5577 5
    endloop
  endfacet
  facet normal 0 0 1
    outer loop
      vertex 8.81678 12.1353 5
      vertex 8.81678 -12.1353 5
      vertex 9.56136 -11.5577 5
    endloop
  endfacet
  facet normal 0 0 1
    outer loop
      vertex 8.0374 12.6649 5
      vertex 8.81678 -12.1353 5
      vertex 8.81678 12.1353 5
    endloop
  endfacet
  facet normal 0 0 1
    outer loop
      vertex 8.0374 12.6649 5
      vertex 8.0374 -12.6649 5
      vertex 8.81678 -12.1353 5
    endloop
  endfacet
  facet normal 0 0 1
    outer loop
      vertex 7.22631 13.1446 5
      vertex 8.0374 -12.6649 5
      vertex 8.0374 12.6649 5
    endloop
  endfacet
  facet normal 0 0 1
    outer loop
      vertex 7.22631 13.1446 5
      vertex 7.22631 -13.1446 5
      vertex 8.0374 -12.6649 5
    endloop
  endfacet
  facet normal 0 0 1
    outer loop
      vertex 6.38669 13.5724 5
      vertex 7.22631 -13.1446 5
      vertex 7.22631 13.1446 5
    endloop
  endfacet
  facet normal 0 0 1
    outer loop
      vertex 6.38669 13.5724 5
      vertex 6.38669 -13.5724 5
      vertex 7.22631 -13.1446 5
    endloop
  endfacet
  facet normal 0 0 1
    outer loop
      vertex 5.52187 13.9466 5
      vertex 6.38669 -13.5724 5
      vertex 6.38669 13.5724 5
    endloop
  endfacet
  facet normal 0 0 1
    outer loop
      vertex 5.52187 13.9466 5
      vertex 5.52187 -13.9466 5
      vertex 6.38669 -13.5724 5
    endloop
  endfacet
  facet normal 0 0 1
    outer loop
      vertex 4.63525 14.2658 5
      vertex 5.52187 -13.9466 5
      vertex 5.52187 13.9466 5
    endloop
  endfacet
  facet normal 0 0 1
    outer loop
      vertex 4.63525 14.2658 5
      vertex 4.63525 -14.2658 5
      vertex 5.52187 -13.9466 5
    endloop
  endfacet
  facet normal 0 0 1
    outer loop
      vertex 3.73035 14.5287 5
      vertex 4.63525 -14.2658 5
      vertex 4.63525 14.2658 5
    endloop
  endfacet
  facet normal 0 0 1
    outer loop
      vertex 3.73035 14.5287 5
      vertex 3.73035 -14.5287 5
      vertex 4.63525 -14.2658 5
    endloop
  endfacet
  facet normal 0 0 1
    outer loop
      vertex 2.81072 14.7343 5
      vertex 3.73035 -14.5287 5
      vertex 3.73035 14.5287 5
    endloop
  endfacet
  facet normal 0 0 1
    outer loop
      vertex 2.81072 14.7343 5
      vertex 2.81072 -14.7343 5
      vertex 3.73035 -14.5287 5
    endloop
  endfacet
  facet normal 0 0 1
    outer loop
      vertex 1.88 14.8817 5
      vertex 2.81072 -14.7343 5
      vertex 2.81072 14.7343 5
    endloop
  endfacet
  facet normal 0 0 1
    outer loop
      vertex 1.88 14.8817 5
      vertex 1.88 -14.8817 5
      vertex 2.81072 -14.7343 5
    endloop
  endfacet
  facet normal 0 0 1
    outer loop
      vertex 0.941857 14.9704 5
      vertex 1.88 -14.8817 5
      vertex 1.88 14.8817 5
    endloop
  endfacet
  facet normal 0 0 1
    outer loop
      vertex 0.941857 14.9704 5
      vertex 0.941857 -14.9704 5
      vertex 1.88 -14.8817 5
    endloop
  endfacet
  facet normal 0 0 1
    outer loop
      vertex 0 15 5
      vertex 0.941857 -14.9704 5
      vertex 0.941857 14.9704 5
    endloop
  endfacet
  facet normal 0 0 1
    outer loop
      vertex 0 15 5
      vertex 0 -15 5
      vertex 0.941857 -14.9704 5
    endloop
  endfacet
  facet normal -0 0 1
    outer loop
      vertex -0.941857 14.9704 5
      vertex 0 -15 5
      vertex 0 15 5
    endloop
  endfacet
  facet normal 0 0 1
    outer loop
      vertex -0.941857 14.9704 5
      vertex -0.941857 -14.9704 5
      vertex 0 -15 5
    endloop
  endfacet
  facet normal -0 0 1
    outer loop
      vertex -1.88 14.8817 5
      vertex -0.941857 -14.9704 5
      vertex -0.941857 14.9704 5
    endloop
  endfacet
  facet normal 0 0 1
    outer loop
      vertex -1.88 14.8817 5
      vertex -1.88 -14.8817 5
      vertex -0.941857 -14.9704 5
    endloop
  endfacet
  facet normal -0 0 1
    outer loop
      vertex -2.81072 14.7343 5
      vertex -1.88 -14.8817 5
      vertex -1.88 14.8817 5
    endloop
  endfacet
  facet normal 0 0 1
    outer loop
      vertex -2.81072 14.7343 5
      vertex -2.81072 -14.7343 5
      vertex -1.88 -14.8817 5
    endloop
  endfacet
  facet normal -0 0 1
    outer loop
      vertex -3.73035 14.5287 5
      vertex -2.81072 -14.7343 5
      vertex -2.81072 14.7343 5
    endloop
  endfacet
  facet normal 0 0 1
    outer loop
      vertex -3.73035 14.5287 5
      vertex -3.73035 -14.5287 5
      vertex -2.81072 -14.7343 5
    endloop
  endfacet
  facet normal -0 0 1
    outer loop
      vertex -4.63525 14.2658 5
      vertex -3.73035 -14.5287 5
      vertex -3.73035 14.5287 5
    endloop
  endfacet
  facet normal 0 0 1
    outer loop
      vertex -4.63525 14.2658 5
      vertex -4.63525 -14.2658 5
      vertex -3.73035 -14.5287 5
    endloop
  endfacet
  facet normal -0 0 1
    outer loop
      vertex -5.52187 13.9466 5
      vertex -4.63525 -14.2658 5
      vertex -4.63525 14.2658 5
    endloop
  endfacet
  facet normal 0 0 1
    outer loop
      vertex -5.52187 13.9466 5
      vertex -5.52187 -13.9466 5
      vertex -4.63525 -14.2658 5
    endloop
  endfacet
  facet normal -0 0 1
    outer loop
      vertex -6.38669 13.5724 5
      vertex -5.52187 -13.9466 5
      vertex -5.52187 13.9466 5
    endloop
  endfacet
  facet normal 0 0 1
    outer loop
      vertex -6.38669 13.5724 5
      vertex -6.38669 -13.5724 5
      vertex -5.52187 -13.9466 5
    endloop
  endfacet
  facet normal -0 0 1
    outer loop
      vertex -7.22631 13.1446 5
      vertex -6.38669 -13.5724 5
      vertex -6.38669 13.5724 5
    endloop
  endfacet
  facet normal 0 0 1
    outer loop
      vertex -7.22631 13.1446 5
      vertex -7.22631 -13.1446 5
      vertex -6.38669 -13.5724 5
    endloop
  endfacet
  facet normal -0 0 1
    outer loop
      vertex -8.0374 12.6649 5
      vertex -7.22631 -13.1446 5
      vertex -7.22631 13.1446 5
    endloop
  endfacet
  facet normal 0 0 1
    outer loop
      vertex -8.0374 12.6649 5
      vertex -8.0374 -12.6649 5
      vertex -7.22631 -13.1446 5
    endloop
  endfacet
  facet normal -0 0 1
    outer loop
      vertex -8.81678 12.1353 5
      vertex -8.0374 -12.6649 5
      vertex -8.0374 12.6649 5
    endloop
  endfacet
  facet normal 0 0 1
    outer loop
      vertex -8.81678 12.1353 5
      vertex -8.81678 -12.1353 5
      vertex -8.0374 -12.6649 5
    endloop
  endfacet
  facet normal -0 0 1
    outer loop
      vertex -9.56136 11.5577 5
      vertex -8.81678 -12.1353 5
      vertex -8.81678 12.1353 5
    endloop
  endfacet
  facet normal 0 0 1
    outer loop
      vertex -9.56136 11.5577 5
      vertex -9.56136 -11.5577 5
      vertex -8.81678 -12.1353 5
    endloop
  endfacet
  facet normal -0 0 1
    outer loop
      vertex -10.2682 10.9345 5
      vertex -9.56136 -11.5577 5
      vertex -9.56136 11.5577 5
    endloop
  endfacet
  facet normal 0 0 1
    outer loop
      vertex -10.2682 10.9345 5
      vertex -10.2682 -10.9345 5
      vertex -9.56136 -11.5577 5
    endloop
  endfacet
  facet normal -0 0 1
    outer loop
      vertex -10.9345 10.2682 5
      vertex -10.2682 -10.9345 5
      vertex -10.2682 10.9345 5
    endloop
  endfacet
  facet normal 0 0 1
    outer loop
      vertex -10.9345 10.2682 5
      vertex -10.9345 -10.2682 5
      vertex -10.2682 -10.9345 5
    endloop
  endfacet
  facet normal -0 0 1
    outer loop
      vertex -11.5577 9.56136 5
      vertex -10.9345 -10.2682 5
      vertex -10.9345 10.2682 5
    endloop
  endfacet
  facet normal 0 0 1
    outer loop
      vertex -11.5577 9.56136 5
      vertex -11.5577 -9.56136 5
      vertex -10.9345 -10.2682 5
    endloop
  endfacet
  facet normal -0 0 1
    outer loop
      vertex -12.1353 8.81678 5
      vertex -11.5577 -9.56136 5
      vertex -11.5577 9.56136 5
    endloop
  endfacet
  facet normal 0 0 1
    outer loop
      vertex -12.1353 8.81678 5
      vertex -12.1353 -8.81678 5
      vertex -11.5577 -9.56136 5
    endloop
  endfacet
  facet normal -0 0 1
    outer loop
      vertex -12.6649 8.0374 5
      vertex -12.1353 -8.81678 5
      vertex -12.1353 8.81678 5
    endloop
  endfacet
  facet normal 0 0 1
    outer loop
      vertex -12.6649 8.0374 5
      vertex -12.6649 -8.0374 5
      vertex -12.1353 -8.81678 5
    endloop
  endfacet
  facet normal -0 0 1
    outer loop
      vertex -13.1446 7.22631 5
      vertex -12.6649 -8.0374 5
      vertex -12.6649 8.0374 5
    endloop
  endfacet
  facet normal 0 0 1
    outer loop
      vertex -13.1446 7.22631 5
      vertex -13.1446 -7.22631 5
      vertex -12.6649 -8.0374 5
    endloop
  endfacet
  facet normal -0 0 1
    outer loop
      vertex -13.5724 6.38669 5
      vertex -13.1446 -7.22631 5
      vertex -13.1446 7.22631 5
    endloop
  endfacet
  facet normal 0 0 1
    outer loop
      vertex -13.5724 6.38669 5
      vertex -13.5724 -6.38669 5
      vertex -13.1446 -7.22631 5
    endloop
  endfacet
  facet normal -0 0 1
    outer loop
      vertex -13.9466 5.52187 5
      vertex -13.5724 -6.38669 5
      vertex -13.5724 6.38669 5
    endloop
  endfacet
  facet normal 0 0 1
    outer loop
      vertex -13.9466 5.52187 5
      vertex -13.9466 -5.52187 5
      vertex -13.5724 -6.38669 5
    endloop
  endfacet
  facet normal -0 0 1
    outer loop
      vertex -14.2658 4.63525 5
      vertex -13.9466 -5.52187 5
      vertex -13.9466 5.52187 5
    endloop
  endfacet
  facet normal 0 0 1
    outer loop
      vertex -14.2658 4.63525 5
      vertex -14.2658 -4.63525 5
      vertex -13.9466 -5.52187 5
    endloop
  endfacet
  facet normal -0 0 1
    outer loop
      vertex -14.5287 3.73035 5
      vertex -14.2658 -4.63525 5
      vertex -14.2658 4.63525 5
    endloop
  endfacet
  facet normal 0 0 1
    outer loop
      vertex -14.5287 3.73035 5
      vertex -14.5287 -3.73035 5
      vertex -14.2658 -4.63525 5
    endloop
  endfacet
  facet normal -0 0 1
    outer loop
      vertex -14.7343 2.81072 5
      vertex -14.5287 -3.73035 5
      vertex -14.5287 3.73035 5
    endloop
  endfacet
  facet normal 0 0 1
    outer loop
      vertex -14.7343 2.81072 5
      vertex -14.7343 -2.81072 5
      vertex -14.5287 -3.73035 5
    endloop
  endfacet
  facet normal -0 0 1
    outer loop
      vertex -14.8817 1.88 5
      vertex -14.7343 -2.81072 5
      vertex -14.7343 2.81072 5
    endloop
  endfacet
  facet normal 0 0 1
    outer loop
      vertex -14.8817 1.88 5
      vertex -14.8817 -1.88 5
      vertex -14.7343 -2.81072 5
    endloop
  endfacet
  facet normal -0 0 1
    outer loop
      vertex -14.9704 0.941857 5
      vertex -14.8817 -1.88 5
      vertex -14.8817 1.88 5
    endloop
  endfacet
  facet normal 0 0 1
    outer loop
      vertex -14.9704 0.941857 5
      vertex -14.9704 -0.941857 5
      vertex -14.8817 -1.88 5
    endloop
  endfacet
  facet normal 0 -0 1
    outer loop
      vertex -14.9704 -0.941857 5
      vertex -14.9704 0.941857 5
      vertex -15 0 5
    endloop
  endfacet
  facet normal -0.975908 -0.218182 0
    outer loop
      vertex 14.7343 2.81072 5
      vertex 14.5287 3.73035 10
      vertex 14.5287 3.73035 5
    endloop
  endfacet
  facet normal -0.975908 -0.218182 0
    outer loop
      vertex 14.5287 3.73035 10
      vertex 14.7343 2.81072 5
      vertex 14.7343 2.81072 10
    endloop
  endfacet
  facet normal -0.960293 -0.278993 0
    outer loop
      vertex 14.5287 3.73035 5
      vertex 14.2658 4.63525 10
      vertex 14.2658 4.63525 5
    endloop
  endfacet
  facet normal -0.960293 -0.278993 0
    outer loop
      vertex 14.2658 4.63525 10
      vertex 14.5287 3.73035 5
      vertex 14.5287 3.73035 10
    endloop
  endfacet
  facet normal -0.790132 -0.612937 0
    outer loop
      vertex 12.1353 8.81678 5
      vertex 11.5577 9.56136 10
      vertex 11.5577 9.56136 5
    endloop
  endfacet
  facet normal -0.790132 -0.612937 0
    outer loop
      vertex 11.5577 9.56136 10
      vertex 12.1353 8.81678 5
      vertex 12.1353 8.81678 10
    endloop
  endfacet
  facet normal -0.89101 -0.453984 0
    outer loop
      vertex 13.5724 6.38669 5
      vertex 13.1446 7.22631 10
      vertex 13.1446 7.22631 5
    endloop
  endfacet
  facet normal -0.89101 -0.453984 0
    outer loop
      vertex 13.1446 7.22631 10
      vertex 13.5724 6.38669 5
      vertex 13.5724 6.38669 10
    endloop
  endfacet
  facet normal -0.278993 -0.960293 0
    outer loop
      vertex 3.73035 14.5287 5
      vertex 4.63525 14.2658 10
      vertex 3.73035 14.5287 10
    endloop
  endfacet
  facet normal -0.278993 -0.960293 -0
    outer loop
      vertex 4.63525 14.2658 10
      vertex 3.73035 14.5287 5
      vertex 4.63525 14.2658 5
    endloop
  endfacet
  facet normal -0.338735 -0.940882 0
    outer loop
      vertex 4.63525 14.2658 5
      vertex 5.52187 13.9466 10
      vertex 4.63525 14.2658 10
    endloop
  endfacet
  facet normal -0.338735 -0.940882 -0
    outer loop
      vertex 5.52187 13.9466 10
      vertex 4.63525 14.2658 5
      vertex 5.52187 13.9466 5
    endloop
  endfacet
  facet normal -0.562035 -0.827113 0
    outer loop
      vertex 8.0374 12.6649 5
      vertex 8.81678 12.1353 10
      vertex 8.0374 12.6649 10
    endloop
  endfacet
  facet normal -0.562035 -0.827113 -0
    outer loop
      vertex 8.81678 12.1353 10
      vertex 8.0374 12.6649 5
      vertex 8.81678 12.1353 5
    endloop
  endfacet
  facet normal -0.509059 -0.860731 0
    outer loop
      vertex 7.22631 13.1446 5
      vertex 8.0374 12.6649 10
      vertex 7.22631 13.1446 10
    endloop
  endfacet
  facet normal -0.509059 -0.860731 -0
    outer loop
      vertex 8.0374 12.6649 10
      vertex 7.22631 13.1446 5
      vertex 8.0374 12.6649 5
    endloop
  endfacet
  facet normal 0.960293 -0.278993 0
    outer loop
      vertex -14.5287 3.73035 10
      vertex -14.2658 4.63525 5
      vertex -14.2658 4.63525 10
    endloop
  endfacet
  facet normal 0.960293 -0.278993 0
    outer loop
      vertex -14.2658 4.63525 5
      vertex -14.5287 3.73035 10
      vertex -14.5287 3.73035 5
    endloop
  endfacet
  facet normal 0.750092 -0.661334 0
    outer loop
      vertex -11.5577 9.56136 10
      vertex -10.9345 10.2682 5
      vertex -10.9345 10.2682 10
    endloop
  endfacet
  facet normal 0.750092 -0.661334 0
    outer loop
      vertex -10.9345 10.2682 5
      vertex -11.5577 9.56136 10
      vertex -11.5577 9.56136 5
    endloop
  endfacet
  facet normal 0.860731 -0.509059 0
    outer loop
      vertex -13.1446 7.22631 10
      vertex -12.6649 8.0374 5
      vertex -12.6649 8.0374 10
    endloop
  endfacet
  facet normal 0.860731 -0.509059 0
    outer loop
      vertex -12.6649 8.0374 5
      vertex -13.1446 7.22631 10
      vertex -13.1446 7.22631 5
    endloop
  endfacet
  facet normal 0.940882 -0.338735 0
    outer loop
      vertex -14.2658 4.63525 10
      vertex -13.9466 5.52187 5
      vertex -13.9466 5.52187 10
    endloop
  endfacet
  facet normal 0.940882 -0.338735 0
    outer loop
      vertex -13.9466 5.52187 5
      vertex -14.2658 4.63525 10
      vertex -14.2658 4.63525 5
    endloop
  endfacet
  facet normal 0.453984 -0.89101 0
    outer loop
      vertex -7.22631 13.1446 5
      vertex -6.38669 13.5724 10
      vertex -7.22631 13.1446 10
    endloop
  endfacet
  facet normal 0.453984 -0.89101 0
    outer loop
      vertex -6.38669 13.5724 10
      vertex -7.22631 13.1446 5
      vertex -6.38669 13.5724 5
    endloop
  endfacet
  facet normal 0.509059 -0.860731 0
    outer loop
      vertex -8.0374 12.6649 5
      vertex -7.22631 13.1446 10
      vertex -8.0374 12.6649 10
    endloop
  endfacet
  facet normal 0.509059 -0.860731 0
    outer loop
      vertex -7.22631 13.1446 10
      vertex -8.0374 12.6649 5
      vertex -7.22631 13.1446 5
    endloop
  endfacet
  facet normal 0.562035 -0.827113 0
    outer loop
      vertex -8.81678 12.1353 5
      vertex -8.0374 12.6649 10
      vertex -8.81678 12.1353 10
    endloop
  endfacet
  facet normal 0.562035 -0.827113 0
    outer loop
      vertex -8.0374 12.6649 10
      vertex -8.81678 12.1353 5
      vertex -8.0374 12.6649 5
    endloop
  endfacet
  facet normal 0.278993 -0.960293 0
    outer loop
      vertex -4.63525 14.2658 5
      vertex -3.73035 14.5287 10
      vertex -4.63525 14.2658 10
    endloop
  endfacet
  facet normal 0.278993 -0.960293 0
    outer loop
      vertex -3.73035 14.5287 10
      vertex -4.63525 14.2658 5
      vertex -3.73035 14.5287 5
    endloop
  endfacet
  facet normal 0.0314118 -0.999507 0
    outer loop
      vertex -0.941857 14.9704 5
      vertex 0 15 10
      vertex -0.941857 14.9704 10
    endloop
  endfacet
  facet normal 0.0314118 -0.999507 0
    outer loop
      vertex 0 15 10
      vertex -0.941857 14.9704 5
      vertex 0 15 5
    endloop
  endfacet
  facet normal -0.0941287 0.99556 0
    outer loop
      vertex 1.88 -14.8817 5
      vertex 0.941857 -14.9704 10
      vertex 1.88 -14.8817 10
    endloop
  endfacet
  facet normal -0.0941287 0.99556 0
    outer loop
      vertex 0.941857 -14.9704 10
      vertex 1.88 -14.8817 5
      vertex 0.941857 -14.9704 5
    endloop
  endfacet
  facet normal -0.0314118 0.999507 0
    outer loop
      vertex 0.941857 -14.9704 5
      vertex 0 -15 10
      vertex 0.941857 -14.9704 10
    endloop
  endfacet
  facet normal -0.0314118 0.999507 0
    outer loop
      vertex 0 -15 10
      vertex 0.941857 -14.9704 5
      vertex 0 -15 5
    endloop
  endfacet
  facet normal -0.612937 0.790132 0
    outer loop
      vertex 9.56136 -11.5577 5
      vertex 8.81678 -12.1353 10
      vertex 9.56136 -11.5577 10
    endloop
  endfacet
  facet normal -0.612937 0.790132 0
    outer loop
      vertex 8.81678 -12.1353 10
      vertex 9.56136 -11.5577 5
      vertex 8.81678 -12.1353 5
    endloop
  endfacet
  facet normal -0.509059 0.860731 0
    outer loop
      vertex 8.0374 -12.6649 5
      vertex 7.22631 -13.1446 10
      vertex 8.0374 -12.6649 10
    endloop
  endfacet
  facet normal -0.509059 0.860731 0
    outer loop
      vertex 7.22631 -13.1446 10
      vertex 8.0374 -12.6649 5
      vertex 7.22631 -13.1446 5
    endloop
  endfacet
  facet normal 0.278993 0.960293 -0
    outer loop
      vertex -3.73035 -14.5287 5
      vertex -4.63525 -14.2658 10
      vertex -3.73035 -14.5287 10
    endloop
  endfacet
  facet normal 0.278993 0.960293 0
    outer loop
      vertex -4.63525 -14.2658 10
      vertex -3.73035 -14.5287 5
      vertex -4.63525 -14.2658 5
    endloop
  endfacet
  facet normal 0.397111 0.91777 -0
    outer loop
      vertex -5.52187 -13.9466 5
      vertex -6.38669 -13.5724 10
      vertex -5.52187 -13.9466 10
    endloop
  endfacet
  facet normal 0.397111 0.91777 0
    outer loop
      vertex -6.38669 -13.5724 10
      vertex -5.52187 -13.9466 5
      vertex -6.38669 -13.5724 5
    endloop
  endfacet
  facet normal 0.860731 0.509059 0
    outer loop
      vertex -12.6649 -8.0374 10
      vertex -13.1446 -7.22631 5
      vertex -13.1446 -7.22631 10
    endloop
  endfacet
  facet normal 0.860731 0.509059 0
    outer loop
      vertex -13.1446 -7.22631 5
      vertex -12.6649 -8.0374 10
      vertex -12.6649 -8.0374 5
    endloop
  endfacet
  facet normal 0.827113 0.562035 0
    outer loop
      vertex -12.1353 -8.81678 10
      vertex -12.6649 -8.0374 5
      vertex -12.6649 -8.0374 10
    endloop
  endfacet
  facet normal 0.827113 0.562035 0
    outer loop
      vertex -12.6649 -8.0374 5
      vertex -12.1353 -8.81678 10
      vertex -12.1353 -8.81678 5
    endloop
  endfacet
  facet normal 0.940882 0.338735 0
    outer loop
      vertex -13.9466 -5.52187 10
      vertex -14.2658 -4.63525 5
      vertex -14.2658 -4.63525 10
    endloop
  endfacet
  facet normal 0.940882 0.338735 0
    outer loop
      vertex -14.2658 -4.63525 5
      vertex -13.9466 -5.52187 10
      vertex -13.9466 -5.52187 5
    endloop
  endfacet
  facet normal 0.999507 0.0314118 0
    outer loop
      vertex -14.9704 -0.941857 10
      vertex -15 0 5
      vertex -15 0 10
    endloop
  endfacet
  facet normal 0.999507 0.0314118 0
    outer loop
      vertex -15 0 5
      vertex -14.9704 -0.941857 10
      vertex -14.9704 -0.941857 5
    endloop
  endfacet
  facet normal -0.98769 -0.156422 0
    outer loop
      vertex 14.8817 1.88 5
      vertex 14.7343 2.81072 10
      vertex 14.7343 2.81072 5
    endloop
  endfacet
  facet normal -0.98769 -0.156422 0
    outer loop
      vertex 14.7343 2.81072 10
      vertex 14.8817 1.88 5
      vertex 14.8817 1.88 10
    endloop
  endfacet
  facet normal -0.99556 -0.0941287 0
    outer loop
      vertex 14.9704 0.941857 5
      vertex 14.8817 1.88 10
      vertex 14.8817 1.88 5
    endloop
  endfacet
  facet normal -0.99556 -0.0941287 0
    outer loop
      vertex 14.8817 1.88 10
      vertex 14.9704 0.941857 5
      vertex 14.9704 0.941857 10
    endloop
  endfacet
  facet normal -0.940882 -0.338735 0
    outer loop
      vertex 14.2658 4.63525 5
      vertex 13.9466 5.52187 10
      vertex 13.9466 5.52187 5
    endloop
  endfacet
  facet normal -0.940882 -0.338735 0
    outer loop
      vertex 13.9466 5.52187 10
      vertex 14.2658 4.63525 5
      vertex 14.2658 4.63525 10
    endloop
  endfacet
  facet normal -0.750092 -0.661334 0
    outer loop
      vertex 11.5577 9.56136 5
      vertex 10.9345 10.2682 10
      vertex 10.9345 10.2682 5
    endloop
  endfacet
  facet normal -0.750092 -0.661334 0
    outer loop
      vertex 10.9345 10.2682 10
      vertex 11.5577 9.56136 5
      vertex 11.5577 9.56136 10
    endloop
  endfacet
  facet normal -0.827113 -0.562035 0
    outer loop
      vertex 12.6649 8.0374 5
      vertex 12.1353 8.81678 10
      vertex 12.1353 8.81678 5
    endloop
  endfacet
  facet normal -0.827113 -0.562035 0
    outer loop
      vertex 12.1353 8.81678 10
      vertex 12.6649 8.0374 5
      vertex 12.6649 8.0374 10
    endloop
  endfacet
  facet normal -0.860731 -0.509059 0
    outer loop
      vertex 13.1446 7.22631 5
      vertex 12.6649 8.0374 10
      vertex 12.6649 8.0374 5
    endloop
  endfacet
  facet normal -0.860731 -0.509059 0
    outer loop
      vertex 12.6649 8.0374 10
      vertex 13.1446 7.22631 5
      vertex 13.1446 7.22631 10
    endloop
  endfacet
  facet normal -0.218182 -0.975908 0
    outer loop
      vertex 2.81072 14.7343 5
      vertex 3.73035 14.5287 10
      vertex 2.81072 14.7343 10
    endloop
  endfacet
  facet normal -0.218182 -0.975908 -0
    outer loop
      vertex 3.73035 14.5287 10
      vertex 2.81072 14.7343 5
      vertex 3.73035 14.5287 5
    endloop
  endfacet
  facet normal -0.156422 -0.98769 0
    outer loop
      vertex 1.88 14.8817 5
      vertex 2.81072 14.7343 10
      vertex 1.88 14.8817 10
    endloop
  endfacet
  facet normal -0.156422 -0.98769 -0
    outer loop
      vertex 2.81072 14.7343 10
      vertex 1.88 14.8817 5
      vertex 2.81072 14.7343 5
    endloop
  endfacet
  facet normal -0.0941287 -0.99556 0
    outer loop
      vertex 0.941857 14.9704 5
      vertex 1.88 14.8817 10
      vertex 0.941857 14.9704 10
    endloop
  endfacet
  facet normal -0.0941287 -0.99556 -0
    outer loop
      vertex 1.88 14.8817 10
      vertex 0.941857 14.9704 5
      vertex 1.88 14.8817 5
    endloop
  endfacet
  facet normal -0.397111 -0.91777 0
    outer loop
      vertex 5.52187 13.9466 5
      vertex 6.38669 13.5724 10
      vertex 5.52187 13.9466 10
    endloop
  endfacet
  facet normal -0.397111 -0.91777 -0
    outer loop
      vertex 6.38669 13.5724 10
      vertex 5.52187 13.9466 5
      vertex 6.38669 13.5724 5
    endloop
  endfacet
  facet normal -0.453984 -0.89101 0
    outer loop
      vertex 6.38669 13.5724 5
      vertex 7.22631 13.1446 10
      vertex 6.38669 13.5724 10
    endloop
  endfacet
  facet normal -0.453984 -0.89101 -0
    outer loop
      vertex 7.22631 13.1446 10
      vertex 6.38669 13.5724 5
      vertex 7.22631 13.1446 5
    endloop
  endfacet
  facet normal -0.612937 -0.790132 0
    outer loop
      vertex 8.81678 12.1353 5
      vertex 9.56136 11.5577 10
      vertex 8.81678 12.1353 10
    endloop
  endfacet
  facet normal -0.612937 -0.790132 -0
    outer loop
      vertex 9.56136 11.5577 10
      vertex 8.81678 12.1353 5
      vertex 9.56136 11.5577 5
    endloop
  endfacet
  facet normal -0.661334 -0.750092 0
    outer loop
      vertex 9.56136 11.5577 5
      vertex 10.2682 10.9345 10
      vertex 9.56136 11.5577 10
    endloop
  endfacet
  facet normal -0.661334 -0.750092 -0
    outer loop
      vertex 10.2682 10.9345 10
      vertex 9.56136 11.5577 5
      vertex 10.2682 10.9345 5
    endloop
  endfacet
  facet normal 0.707107 -0.707107 0
    outer loop
      vertex -10.9345 10.2682 10
      vertex -10.2682 10.9345 5
      vertex -10.2682 10.9345 10
    endloop
  endfacet
  facet normal 0.707107 -0.707107 0
    outer loop
      vertex -10.2682 10.9345 5
      vertex -10.9345 10.2682 10
      vertex -10.9345 10.2682 5
    endloop
  endfacet
  facet normal 0.91777 -0.397111 0
    outer loop
      vertex -13.9466 5.52187 10
      vertex -13.5724 6.38669 5
      vertex -13.5724 6.38669 10
    endloop
  endfacet
  facet normal 0.91777 -0.397111 0
    outer loop
      vertex -13.5724 6.38669 5
      vertex -13.9466 5.52187 10
      vertex -13.9466 5.52187 5
    endloop
  endfacet
  facet normal 0.975908 -0.218182 0
    outer loop
      vertex -14.7343 2.81072 10
      vertex -14.5287 3.73035 5
      vertex -14.5287 3.73035 10
    endloop
  endfacet
  facet normal 0.975908 -0.218182 0
    outer loop
      vertex -14.5287 3.73035 5
      vertex -14.7343 2.81072 10
      vertex -14.7343 2.81072 5
    endloop
  endfacet
  facet normal 0.98769 -0.156422 0
    outer loop
      vertex -14.8817 1.88 10
      vertex -14.7343 2.81072 5
      vertex -14.7343 2.81072 10
    endloop
  endfacet
  facet normal 0.98769 -0.156422 0
    outer loop
      vertex -14.7343 2.81072 5
      vertex -14.8817 1.88 10
      vertex -14.8817 1.88 5
    endloop
  endfacet
  facet normal 0.99556 -0.0941287 0
    outer loop
      vertex -14.9704 0.941857 10
      vertex -14.8817 1.88 5
      vertex -14.8817 1.88 10
    endloop
  endfacet
  facet normal 0.99556 -0.0941287 0
    outer loop
      vertex -14.8817 1.88 5
      vertex -14.9704 0.941857 10
      vertex -14.9704 0.941857 5
    endloop
  endfacet
  facet normal 0.397111 -0.91777 0
    outer loop
      vertex -6.38669 13.5724 5
      vertex -5.52187 13.9466 10
      vertex -6.38669 13.5724 10
    endloop
  endfacet
  facet normal 0.397111 -0.91777 0
    outer loop
      vertex -5.52187 13.9466 10
      vertex -6.38669 13.5724 5
      vertex -5.52187 13.9466 5
    endloop
  endfacet
  facet normal 0.612937 -0.790132 0
    outer loop
      vertex -9.56136 11.5577 5
      vertex -8.81678 12.1353 10
      vertex -9.56136 11.5577 10
    endloop
  endfacet
  facet normal 0.612937 -0.790132 0
    outer loop
      vertex -8.81678 12.1353 10
      vertex -9.56136 11.5577 5
      vertex -8.81678 12.1353 5
    endloop
  endfacet
  facet normal 0.156422 -0.98769 0
    outer loop
      vertex -2.81072 14.7343 5
      vertex -1.88 14.8817 10
      vertex -2.81072 14.7343 10
    endloop
  endfacet
  facet normal 0.156422 -0.98769 0
    outer loop
      vertex -1.88 14.8817 10
      vertex -2.81072 14.7343 5
      vertex -1.88 14.8817 5
    endloop
  endfacet
  facet normal -0.999507 0.0314118 0
    outer loop
      vertex 14.9704 -0.941857 5
      vertex 15 0 10
      vertex 15 0 5
    endloop
  endfacet
  facet normal -0.999507 0.0314118 0
    outer loop
      vertex 15 0 10
      vertex 14.9704 -0.941857 5
      vertex 14.9704 -0.941857 10
    endloop
  endfacet
  facet normal -0.99556 0.0941287 0
    outer loop
      vertex 14.8817 -1.88 5
      vertex 14.9704 -0.941857 10
      vertex 14.9704 -0.941857 5
    endloop
  endfacet
  facet normal -0.99556 0.0941287 0
    outer loop
      vertex 14.9704 -0.941857 10
      vertex 14.8817 -1.88 5
      vertex 14.8817 -1.88 10
    endloop
  endfacet
  facet normal -0.338735 0.940882 0
    outer loop
      vertex 5.52187 -13.9466 5
      vertex 4.63525 -14.2658 10
      vertex 5.52187 -13.9466 10
    endloop
  endfacet
  facet normal -0.338735 0.940882 0
    outer loop
      vertex 4.63525 -14.2658 10
      vertex 5.52187 -13.9466 5
      vertex 4.63525 -14.2658 5
    endloop
  endfacet
  facet normal -0.278993 0.960293 0
    outer loop
      vertex 4.63525 -14.2658 5
      vertex 3.73035 -14.5287 10
      vertex 4.63525 -14.2658 10
    endloop
  endfacet
  facet normal -0.278993 0.960293 0
    outer loop
      vertex 3.73035 -14.5287 10
      vertex 4.63525 -14.2658 5
      vertex 3.73035 -14.5287 5
    endloop
  endfacet
  facet normal -0.661334 0.750092 0
    outer loop
      vertex 10.2682 -10.9345 5
      vertex 9.56136 -11.5577 10
      vertex 10.2682 -10.9345 10
    endloop
  endfacet
  facet normal -0.661334 0.750092 0
    outer loop
      vertex 9.56136 -11.5577 10
      vertex 10.2682 -10.9345 5
      vertex 9.56136 -11.5577 5
    endloop
  endfacet
  facet normal -0.397111 0.91777 0
    outer loop
      vertex 6.38669 -13.5724 5
      vertex 5.52187 -13.9466 10
      vertex 6.38669 -13.5724 10
    endloop
  endfacet
  facet normal -0.397111 0.91777 0
    outer loop
      vertex 5.52187 -13.9466 10
      vertex 6.38669 -13.5724 5
      vertex 5.52187 -13.9466 5
    endloop
  endfacet
  facet normal -0.827113 0.562035 0
    outer loop
      vertex 12.1353 -8.81678 5
      vertex 12.6649 -8.0374 10
      vertex 12.6649 -8.0374 5
    endloop
  endfacet
  facet normal -0.827113 0.562035 0
    outer loop
      vertex 12.6649 -8.0374 10
      vertex 12.1353 -8.81678 5
      vertex 12.1353 -8.81678 10
    endloop
  endfacet
  facet normal -0.750092 0.661334 0
    outer loop
      vertex 10.9345 -10.2682 5
      vertex 11.5577 -9.56136 10
      vertex 11.5577 -9.56136 5
    endloop
  endfacet
  facet normal -0.750092 0.661334 0
    outer loop
      vertex 11.5577 -9.56136 10
      vertex 10.9345 -10.2682 5
      vertex 10.9345 -10.2682 10
    endloop
  endfacet
  facet normal -0.940882 0.338735 0
    outer loop
      vertex 13.9466 -5.52187 5
      vertex 14.2658 -4.63525 10
      vertex 14.2658 -4.63525 5
    endloop
  endfacet
  facet normal -0.940882 0.338735 0
    outer loop
      vertex 14.2658 -4.63525 10
      vertex 13.9466 -5.52187 5
      vertex 13.9466 -5.52187 10
    endloop
  endfacet
  facet normal -0.91777 0.397111 0
    outer loop
      vertex 13.5724 -6.38669 5
      vertex 13.9466 -5.52187 10
      vertex 13.9466 -5.52187 5
    endloop
  endfacet
  facet normal -0.91777 0.397111 0
    outer loop
      vertex 13.9466 -5.52187 10
      vertex 13.5724 -6.38669 5
      vertex 13.5724 -6.38669 10
    endloop
  endfacet
  facet normal -0.960293 0.278993 0
    outer loop
      vertex 14.2658 -4.63525 5
      vertex 14.5287 -3.73035 10
      vertex 14.5287 -3.73035 5
    endloop
  endfacet
  facet normal -0.960293 0.278993 0
    outer loop
      vertex 14.5287 -3.73035 10
      vertex 14.2658 -4.63525 5
      vertex 14.2658 -4.63525 10
    endloop
  endfacet
  facet normal 0.612937 0.790132 -0
    outer loop
      vertex -8.81678 -12.1353 5
      vertex -9.56136 -11.5577 10
      vertex -8.81678 -12.1353 10
    endloop
  endfacet
  facet normal 0.612937 0.790132 0
    outer loop
      vertex -9.56136 -11.5577 10
      vertex -8.81678 -12.1353 5
      vertex -9.56136 -11.5577 5
    endloop
  endfacet
  facet normal 0.707107 0.707107 0
    outer loop
      vertex -10.2682 -10.9345 10
      vertex -10.9345 -10.2682 5
      vertex -10.9345 -10.2682 10
    endloop
  endfacet
  facet normal 0.707107 0.707107 0
    outer loop
      vertex -10.9345 -10.2682 5
      vertex -10.2682 -10.9345 10
      vertex -10.2682 -10.9345 5
    endloop
  endfacet
  facet normal 0.661334 0.750092 -0
    outer loop
      vertex -9.56136 -11.5577 5
      vertex -10.2682 -10.9345 10
      vertex -9.56136 -11.5577 10
    endloop
  endfacet
  facet normal 0.661334 0.750092 0
    outer loop
      vertex -10.2682 -10.9345 10
      vertex -9.56136 -11.5577 5
      vertex -10.2682 -10.9345 5
    endloop
  endfacet
  facet normal 0.562035 0.827113 -0
    outer loop
      vertex -8.0374 -12.6649 5
      vertex -8.81678 -12.1353 10
      vertex -8.0374 -12.6649 10
    endloop
  endfacet
  facet normal 0.562035 0.827113 0
    outer loop
      vertex -8.81678 -12.1353 10
      vertex -8.0374 -12.6649 5
      vertex -8.81678 -12.1353 5
    endloop
  endfacet
  facet normal 0.453984 0.89101 -0
    outer loop
      vertex -6.38669 -13.5724 5
      vertex -7.22631 -13.1446 10
      vertex -6.38669 -13.5724 10
    endloop
  endfacet
  facet normal 0.453984 0.89101 0
    outer loop
      vertex -7.22631 -13.1446 10
      vertex -6.38669 -13.5724 5
      vertex -7.22631 -13.1446 5
    endloop
  endfacet
  facet normal 0.156422 0.98769 -0
    outer loop
      vertex -1.88 -14.8817 5
      vertex -2.81072 -14.7343 10
      vertex -1.88 -14.8817 10
    endloop
  endfacet
  facet normal 0.156422 0.98769 0
    outer loop
      vertex -2.81072 -14.7343 10
      vertex -1.88 -14.8817 5
      vertex -2.81072 -14.7343 5
    endloop
  endfacet
  facet normal 0.0314118 0.999507 -0
    outer loop
      vertex 0 -15 5
      vertex -0.941857 -14.9704 10
      vertex 0 -15 10
    endloop
  endfacet
  facet normal 0.0314118 0.999507 0
    outer loop
      vertex -0.941857 -14.9704 10
      vertex 0 -15 5
      vertex -0.941857 -14.9704 5
    endloop
  endfacet
  facet normal 0.750092 0.661334 0
    outer loop
      vertex -10.9345 -10.2682 10
      vertex -11.5577 -9.56136 5
      vertex -11.5577 -9.56136 10
    endloop
  endfacet
  facet normal 0.750092 0.661334 0
    outer loop
      vertex -11.5577 -9.56136 5
      vertex -10.9345 -10.2682 10
      vertex -10.9345 -10.2682 5
    endloop
  endfacet
  facet normal 0.91777 0.397111 0
    outer loop
      vertex -13.5724 -6.38669 10
      vertex -13.9466 -5.52187 5
      vertex -13.9466 -5.52187 10
    endloop
  endfacet
  facet normal 0.91777 0.397111 0
    outer loop
      vertex -13.9466 -5.52187 5
      vertex -13.5724 -6.38669 10
      vertex -13.5724 -6.38669 5
    endloop
  endfacet
  facet normal 0.975908 0.218182 0
    outer loop
      vertex -14.5287 -3.73035 10
      vertex -14.7343 -2.81072 5
      vertex -14.7343 -2.81072 10
    endloop
  endfacet
  facet normal 0.975908 0.218182 0
    outer loop
      vertex -14.7343 -2.81072 5
      vertex -14.5287 -3.73035 10
      vertex -14.5287 -3.73035 5
    endloop
  endfacet
  facet normal 0.89101 -0.453984 0
    outer loop
      vertex -13.5724 6.38669 10
      vertex -13.1446 7.22631 5
      vertex -13.1446 7.22631 10
    endloop
  endfacet
  facet normal 0.89101 -0.453984 0
    outer loop
      vertex -13.1446 7.22631 5
      vertex -13.5724 6.38669 10
      vertex -13.5724 6.38669 5
    endloop
  endfacet
  facet normal 0.827113 -0.562035 0
    outer loop
      vertex -12.6649 8.0374 10
      vertex -12.1353 8.81678 5
      vertex -12.1353 8.81678 10
    endloop
  endfacet
  facet normal 0.827113 -0.562035 0
    outer loop
      vertex -12.1353 8.81678 5
      vertex -12.6649 8.0374 10
      vertex -12.6649 8.0374 5
    endloop
  endfacet
  facet normal 0.218182 -0.975908 0
    outer loop
      vertex -3.73035 14.5287 5
      vertex -2.81072 14.7343 10
      vertex -3.73035 14.5287 10
    endloop
  endfacet
  facet normal 0.218182 -0.975908 0
    outer loop
      vertex -2.81072 14.7343 10
      vertex -3.73035 14.5287 5
      vertex -2.81072 14.7343 5
    endloop
  endfacet
  facet normal 0.0941287 -0.99556 0
    outer loop
      vertex -1.88 14.8817 5
      vertex -0.941857 14.9704 10
      vertex -1.88 14.8817 10
    endloop
  endfacet
  facet normal 0.0941287 -0.99556 0
    outer loop
      vertex -0.941857 14.9704 10
      vertex -1.88 14.8817 5
      vertex -0.941857 14.9704 5
    endloop
  endfacet
  facet normal -0.98769 0.156422 0
    outer loop
      vertex 14.7343 -2.81072 5
      vertex 14.8817 -1.88 10
      vertex 14.8817 -1.88 5
    endloop
  endfacet
  facet normal -0.98769 0.156422 0
    outer loop
      vertex 14.8817 -1.88 10
      vertex 14.7343 -2.81072 5
      vertex 14.7343 -2.81072 10
    endloop
  endfacet
  facet normal -0.156422 0.98769 0
    outer loop
      vertex 2.81072 -14.7343 5
      vertex 1.88 -14.8817 10
      vertex 2.81072 -14.7343 10
    endloop
  endfacet
  facet normal -0.156422 0.98769 0
    outer loop
      vertex 1.88 -14.8817 10
      vertex 2.81072 -14.7343 5
      vertex 1.88 -14.8817 5
    endloop
  endfacet
  facet normal -0.453984 0.89101 0
    outer loop
      vertex 7.22631 -13.1446 5
      vertex 6.38669 -13.5724 10
      vertex 7.22631 -13.1446 10
    endloop
  endfacet
  facet normal -0.453984 0.89101 0
    outer loop
      vertex 6.38669 -13.5724 10
      vertex 7.22631 -13.1446 5
      vertex 6.38669 -13.5724 5
    endloop
  endfacet
  facet normal -0.562035 0.827113 0
    outer loop
      vertex 8.81678 -12.1353 5
      vertex 8.0374 -12.6649 10
      vertex 8.81678 -12.1353 10
    endloop
  endfacet
  facet normal -0.562035 0.827113 0
    outer loop
      vertex 8.0374 -12.6649 10
      vertex 8.81678 -12.1353 5
      vertex 8.0374 -12.6649 5
    endloop
  endfacet
  facet normal -0.860731 0.509059 0
    outer loop
      vertex 12.6649 -8.0374 5
      vertex 13.1446 -7.22631 10
      vertex 13.1446 -7.22631 5
    endloop
  endfacet
  facet normal -0.860731 0.509059 0
    outer loop
      vertex 13.1446 -7.22631 10
      vertex 12.6649 -8.0374 5
      vertex 12.6649 -8.0374 10
    endloop
  endfacet
  facet normal -0.790132 0.612937 0
    outer loop
      vertex 11.5577 -9.56136 5
      vertex 12.1353 -8.81678 10
      vertex 12.1353 -8.81678 5
    endloop
  endfacet
  facet normal -0.790132 0.612937 0
    outer loop
      vertex 12.1353 -8.81678 10
      vertex 11.5577 -9.56136 5
      vertex 11.5577 -9.56136 10
    endloop
  endfacet
  facet normal 0.509059 0.860731 -0
    outer loop
      vertex -7.22631 -13.1446 5
      vertex -8.0374 -12.6649 10
      vertex -7.22631 -13.1446 10
    endloop
  endfacet
  facet normal 0.509059 0.860731 0
    outer loop
      vertex -8.0374 -12.6649 10
      vertex -7.22631 -13.1446 5
      vertex -8.0374 -12.6649 5
    endloop
  endfacet
  facet normal 0.218182 0.975908 -0
    outer loop
      vertex -2.81072 -14.7343 5
      vertex -3.73035 -14.5287 10
      vertex -2.81072 -14.7343 10
    endloop
  endfacet
  facet normal 0.218182 0.975908 0
    outer loop
      vertex -3.73035 -14.5287 10
      vertex -2.81072 -14.7343 5
      vertex -3.73035 -14.5287 5
    endloop
  endfacet
  facet normal 0.0941287 0.99556 -0
    outer loop
      vertex -0.941857 -14.9704 5
      vertex -1.88 -14.8817 10
      vertex -0.941857 -14.9704 10
    endloop
  endfacet
  facet normal 0.0941287 0.99556 0
    outer loop
      vertex -1.88 -14.8817 10
      vertex -0.941857 -14.9704 5
      vertex -1.88 -14.8817 5
    endloop
  endfacet
  facet normal 0.89101 0.453984 0
    outer loop
      vertex -13.1446 -7.22631 10
      vertex -13.5724 -6.38669 5
      vertex -13.5724 -6.38669 10
    endloop
  endfacet
  facet normal 0.89101 0.453984 0
    outer loop
      vertex -13.5724 -6.38669 5
      vertex -13.1446 -7.22631 10
      vertex -13.1446 -7.22631 5
    endloop
  endfacet
  facet normal 0.960293 0.278993 0
    outer loop
      vertex -14.2658 -4.63525 10
      vertex -14.5287 -3.73035 5
      vertex -14.5287 -3.73035 10
    endloop
  endfacet
  facet normal 0.960293 0.278993 0
    outer loop
      vertex -14.5287 -3.73035 5
      vertex -14.2658 -4.63525 10
      vertex -14.2658 -4.63525 5
    endloop
  endfacet
  facet normal 0.98769 0.156422 0
    outer loop
      vertex -14.7343 -2.81072 10
      vertex -14.8817 -1.88 5
      vertex -14.8817 -1.88 10
    endloop
  endfacet
  facet normal 0.98769 0.156422 0
    outer loop
      vertex -14.8817 -1.88 5
      vertex -14.7343 -2.81072 10
      vertex -14.7343 -2.81072 5
    endloop
  endfacet
endsolid OpenSCAD_Model
