solid OpenSCAD_Model
  facet normal -0.998625 -0.0524155 0
    outer loop
      vertex -13.75 -15.5 2.5
      vertex -13.7596 -15.3171 5
      vertex -13.7596 -15.3171 2.5
    endloop
  endfacet
  facet normal -0.998625 -0.0524155 0
    outer loop
      vertex -13.7596 -15.3171 5
      vertex -13.75 -15.5 2.5
      vertex -13.75 -15.5 5
    endloop
  endfacet
  facet normal 0.998625 -0.0524155 0
    outer loop
      vertex -17.25 -15.5 5
      vertex -17.2404 -15.3171 0
      vertex -17.2404 -15.3171 5
    endloop
  endfacet
  facet normal 0.998625 -0.0524155 0
    outer loop
      vertex -17.2404 -15.3171 0
      vertex -17.25 -15.5 5
      vertex -17.25 -15.5 0
    endloop
  endfacet
  facet normal 0.0524155 -0.998625 0
    outer loop
      vertex -15.6829 -13.7596 2.5
      vertex -15.5 -13.75 5
      vertex -15.6829 -13.7596 5
    endloop
  endfacet
  facet normal 0.0524155 -0.998625 0
    outer loop
      vertex -15.5 -13.75 5
      vertex -15.6829 -13.7596 2.5
      vertex -15.5 -13.75 2.5
    endloop
  endfacet
  facet normal 0.0524155 0.998625 -0
    outer loop
      vertex -15.5 -17.25 0
      vertex -15.6829 -17.2404 5
      vertex -15.5 -17.25 5
    endloop
  endfacet
  facet normal 0.0524155 0.998625 0
    outer loop
      vertex -15.6829 -17.2404 5
      vertex -15.5 -17.25 0
      vertex -15.6829 -17.2404 0
    endloop
  endfacet
  facet normal -0.707107 -0.707107 0
    outer loop
      vertex -14.1995 -14.329 2.5
      vertex -14.329 -14.1995 5
      vertex -14.329 -14.1995 2.5
    endloop
  endfacet
  facet normal -0.707107 -0.707107 0
    outer loop
      vertex -14.329 -14.1995 5
      vertex -14.1995 -14.329 2.5
      vertex -14.1995 -14.329 5
    endloop
  endfacet
  facet normal 0.707107 -0.707107 0
    outer loop
      vertex -16.8005 -14.329 5
      vertex -16.671 -14.1995 2.5
      vertex -16.671 -14.1995 5
    endloop
  endfacet
  facet normal 0.707107 -0.707107 0
    outer loop
      vertex -16.671 -14.1995 2.5
      vertex -16.8005 -14.329 5
      vertex -16.8005 -14.329 2.5
    endloop
  endfacet
  facet normal 0.454187 -0.890906 0
    outer loop
      vertex -16.375 -13.9845 2.5
      vertex -16.2118 -13.9013 5
      vertex -16.375 -13.9845 5
    endloop
  endfacet
  facet normal 0.454187 -0.890906 0
    outer loop
      vertex -16.2118 -13.9013 5
      vertex -16.375 -13.9845 2.5
      vertex -16.2118 -13.9013 2.5
    endloop
  endfacet
  facet normal 0.965826 0.259191 0
    outer loop
      vertex -17.1643 -16.0408 5
      vertex -17.2118 -15.8638 0
      vertex -17.2118 -15.8638 5
    endloop
  endfacet
  facet normal 0.965826 0.259191 0
    outer loop
      vertex -17.2118 -15.8638 0
      vertex -17.1643 -16.0408 5
      vertex -17.1643 -16.0408 0
    endloop
  endfacet
  facet normal -0.933655 -0.358174 0
    outer loop
      vertex -13.8357 -14.9592 2.5
      vertex -13.9013 -14.7882 5
      vertex -13.9013 -14.7882 2.5
    endloop
  endfacet
  facet normal -0.933655 -0.358174 0
    outer loop
      vertex -13.9013 -14.7882 5
      vertex -13.8357 -14.9592 2.5
      vertex -13.8357 -14.9592 5
    endloop
  endfacet
  facet normal -0.358174 -0.933655 0
    outer loop
      vertex -14.9592 -13.8357 2.5
      vertex -14.7882 -13.9013 5
      vertex -14.9592 -13.8357 5
    endloop
  endfacet
  facet normal -0.358174 -0.933655 -0
    outer loop
      vertex -14.7882 -13.9013 5
      vertex -14.9592 -13.8357 2.5
      vertex -14.7882 -13.9013 2.5
    endloop
  endfacet
  facet normal 0.838793 -0.544451 0
    outer loop
      vertex -17.0155 -14.625 5
      vertex -16.9158 -14.4714 2.5
      vertex -16.9158 -14.4714 5
    endloop
  endfacet
  facet normal 0.838793 -0.544451 0
    outer loop
      vertex -16.9158 -14.4714 2.5
      vertex -17.0155 -14.625 5
      vertex -17.0155 -14.625 2.5
    endloop
  endfacet
  facet normal 0.777181 -0.629277 0
    outer loop
      vertex -16.9158 -14.4714 5
      vertex -16.8005 -14.329 2.5
      vertex -16.8005 -14.329 5
    endloop
  endfacet
  facet normal 0.777181 -0.629277 0
    outer loop
      vertex -16.8005 -14.329 2.5
      vertex -16.9158 -14.4714 5
      vertex -16.9158 -14.4714 2.5
    endloop
  endfacet
  facet normal 0.629277 -0.777181 0
    outer loop
      vertex -16.671 -14.1995 2.5
      vertex -16.5286 -14.0842 5
      vertex -16.671 -14.1995 5
    endloop
  endfacet
  facet normal 0.629277 -0.777181 0
    outer loop
      vertex -16.5286 -14.0842 5
      vertex -16.671 -14.1995 2.5
      vertex -16.5286 -14.0842 2.5
    endloop
  endfacet
  facet normal 0.259191 -0.965826 0
    outer loop
      vertex -16.0408 -13.8357 2.5
      vertex -15.8638 -13.7882 5
      vertex -16.0408 -13.8357 5
    endloop
  endfacet
  facet normal 0.259191 -0.965826 0
    outer loop
      vertex -15.8638 -13.7882 5
      vertex -16.0408 -13.8357 2.5
      vertex -15.8638 -13.7882 2.5
    endloop
  endfacet
  facet normal -0.890906 0.454187 0
    outer loop
      vertex -13.9845 -16.375 2.5
      vertex -13.9013 -16.2118 5
      vertex -13.9013 -16.2118 2.5
    endloop
  endfacet
  facet normal -0.890906 0.454187 0
    outer loop
      vertex -13.9013 -16.2118 5
      vertex -13.9845 -16.375 2.5
      vertex -13.9845 -16.375 5
    endloop
  endfacet
  facet normal -0.259191 0.965826 0
    outer loop
      vertex -14.9592 -17.1643 2.5
      vertex -15.1362 -17.2118 5
      vertex -14.9592 -17.1643 5
    endloop
  endfacet
  facet normal -0.259191 0.965826 0
    outer loop
      vertex -15.1362 -17.2118 5
      vertex -14.9592 -17.1643 2.5
      vertex -15.1362 -17.2118 2.5
    endloop
  endfacet
  facet normal -0.707107 0.707107 0
    outer loop
      vertex -14.329 -16.8005 2.5
      vertex -14.1995 -16.671 5
      vertex -14.1995 -16.671 2.5
    endloop
  endfacet
  facet normal -0.707107 0.707107 0
    outer loop
      vertex -14.1995 -16.671 5
      vertex -14.329 -16.8005 2.5
      vertex -14.329 -16.8005 5
    endloop
  endfacet
  facet normal 0.358174 0.933655 -0
    outer loop
      vertex -16.0408 -17.1643 0
      vertex -16.2118 -17.0987 5
      vertex -16.0408 -17.1643 5
    endloop
  endfacet
  facet normal 0.358174 0.933655 0
    outer loop
      vertex -16.2118 -17.0987 5
      vertex -16.0408 -17.1643 0
      vertex -16.2118 -17.0987 0
    endloop
  endfacet
  facet normal 0.890906 0.454187 0
    outer loop
      vertex -17.0155 -16.375 5
      vertex -17.0987 -16.2118 0
      vertex -17.0987 -16.2118 5
    endloop
  endfacet
  facet normal 0.890906 0.454187 0
    outer loop
      vertex -17.0987 -16.2118 0
      vertex -17.0155 -16.375 5
      vertex -17.0155 -16.375 0
    endloop
  endfacet
  facet normal 0.838793 0.544451 0
    outer loop
      vertex -16.9158 -16.5286 5
      vertex -17.0155 -16.375 0
      vertex -17.0155 -16.375 5
    endloop
  endfacet
  facet normal 0.838793 0.544451 0
    outer loop
      vertex -17.0155 -16.375 0
      vertex -16.9158 -16.5286 5
      vertex -16.9158 -16.5286 0
    endloop
  endfacet
  facet normal -0.965826 -0.259191 0
    outer loop
      vertex -13.7882 -15.1362 2.5
      vertex -13.8357 -14.9592 5
      vertex -13.8357 -14.9592 2.5
    endloop
  endfacet
  facet normal -0.965826 -0.259191 0
    outer loop
      vertex -13.8357 -14.9592 5
      vertex -13.7882 -15.1362 2.5
      vertex -13.7882 -15.1362 5
    endloop
  endfacet
  facet normal -0.987732 -0.156159 0
    outer loop
      vertex -13.7596 -15.3171 2.5
      vertex -13.7882 -15.1362 5
      vertex -13.7882 -15.1362 2.5
    endloop
  endfacet
  facet normal -0.987732 -0.156159 0
    outer loop
      vertex -13.7882 -15.1362 5
      vertex -13.7596 -15.3171 2.5
      vertex -13.7596 -15.3171 5
    endloop
  endfacet
  facet normal -0.838793 -0.544451 0
    outer loop
      vertex -13.9845 -14.625 2.5
      vertex -14.0842 -14.4714 5
      vertex -14.0842 -14.4714 2.5
    endloop
  endfacet
  facet normal -0.838793 -0.544451 0
    outer loop
      vertex -14.0842 -14.4714 5
      vertex -13.9845 -14.625 2.5
      vertex -13.9845 -14.625 5
    endloop
  endfacet
  facet normal -0.890906 -0.454187 0
    outer loop
      vertex -13.9013 -14.7882 2.5
      vertex -13.9845 -14.625 5
      vertex -13.9845 -14.625 2.5
    endloop
  endfacet
  facet normal -0.890906 -0.454187 0
    outer loop
      vertex -13.9845 -14.625 5
      vertex -13.9013 -14.7882 2.5
      vertex -13.9013 -14.7882 5
    endloop
  endfacet
  facet normal -0.156159 -0.987732 0
    outer loop
      vertex -15.3171 -13.7596 2.5
      vertex -15.1362 -13.7882 5
      vertex -15.3171 -13.7596 5
    endloop
  endfacet
  facet normal -0.156159 -0.987732 -0
    outer loop
      vertex -15.1362 -13.7882 5
      vertex -15.3171 -13.7596 2.5
      vertex -15.1362 -13.7882 2.5
    endloop
  endfacet
  facet normal -0.0524155 -0.998625 0
    outer loop
      vertex -15.5 -13.75 2.5
      vertex -15.3171 -13.7596 5
      vertex -15.5 -13.75 5
    endloop
  endfacet
  facet normal -0.0524155 -0.998625 -0
    outer loop
      vertex -15.3171 -13.7596 5
      vertex -15.5 -13.75 2.5
      vertex -15.3171 -13.7596 2.5
    endloop
  endfacet
  facet normal -0.544451 -0.838793 0
    outer loop
      vertex -14.625 -13.9845 2.5
      vertex -14.4714 -14.0842 5
      vertex -14.625 -13.9845 5
    endloop
  endfacet
  facet normal -0.544451 -0.838793 -0
    outer loop
      vertex -14.4714 -14.0842 5
      vertex -14.625 -13.9845 2.5
      vertex -14.4714 -14.0842 2.5
    endloop
  endfacet
  facet normal -0.629277 -0.777181 0
    outer loop
      vertex -14.4714 -14.0842 2.5
      vertex -14.329 -14.1995 5
      vertex -14.4714 -14.0842 5
    endloop
  endfacet
  facet normal -0.629277 -0.777181 -0
    outer loop
      vertex -14.329 -14.1995 5
      vertex -14.4714 -14.0842 2.5
      vertex -14.329 -14.1995 2.5
    endloop
  endfacet
  facet normal 0.965826 -0.259191 0
    outer loop
      vertex -17.2118 -15.1362 5
      vertex -17.1643 -14.9592 2.5
      vertex -17.1643 -14.9592 5
    endloop
  endfacet
  facet normal 0.965826 -0.259191 0
    outer loop
      vertex -17.1643 -14.9592 2.5
      vertex -17.2118 -15.1362 5
      vertex -17.2118 -15.1362 2.5
    endloop
  endfacet
  facet normal 0.890906 -0.454187 0
    outer loop
      vertex -17.0987 -14.7882 5
      vertex -17.0155 -14.625 2.5
      vertex -17.0155 -14.625 5
    endloop
  endfacet
  facet normal 0.890906 -0.454187 0
    outer loop
      vertex -17.0155 -14.625 2.5
      vertex -17.0987 -14.7882 5
      vertex -17.0987 -14.7882 2.5
    endloop
  endfacet
  facet normal 0.987758 -0.155995 0
    outer loop
      vertex -17.2118 -15.1362 5
      vertex -17.2362 -15.2907 2.5
      vertex -17.2118 -15.1362 2.5
    endloop
  endfacet
  facet normal 0.987732 -0.156159 1.03523e-05
    outer loop
      vertex -17.2404 -15.3171 5
      vertex -17.2362 -15.2907 2.5
      vertex -17.2118 -15.1362 5
    endloop
  endfacet
  facet normal 0.98758 -0.157115 0
    outer loop
      vertex -17.2404 -15.3171 0
      vertex -17.2362 -15.2907 2.5
      vertex -17.2404 -15.3171 5
    endloop
  endfacet
  facet normal 0.98758 -0.157115 0
    outer loop
      vertex -17.2362 -15.2907 2.5
      vertex -17.2404 -15.3171 0
      vertex -17.2362 -15.2907 0
    endloop
  endfacet
  facet normal 0.156159 -0.987732 0
    outer loop
      vertex -15.8638 -13.7882 2.5
      vertex -15.6829 -13.7596 5
      vertex -15.8638 -13.7882 5
    endloop
  endfacet
  facet normal 0.156159 -0.987732 0
    outer loop
      vertex -15.6829 -13.7596 5
      vertex -15.8638 -13.7882 2.5
      vertex -15.6829 -13.7596 2.5
    endloop
  endfacet
  facet normal -0.998625 0.0524155 0
    outer loop
      vertex -13.7596 -15.6829 2.5
      vertex -13.75 -15.5 5
      vertex -13.75 -15.5 2.5
    endloop
  endfacet
  facet normal -0.998625 0.0524155 0
    outer loop
      vertex -13.75 -15.5 5
      vertex -13.7596 -15.6829 2.5
      vertex -13.7596 -15.6829 5
    endloop
  endfacet
  facet normal -0.0524155 0.998625 0
    outer loop
      vertex -15.3171 -17.2404 0
      vertex -15.5 -17.25 5
      vertex -15.3171 -17.2404 5
    endloop
  endfacet
  facet normal -0.0524155 0.998625 0
    outer loop
      vertex -15.5 -17.25 5
      vertex -15.3171 -17.2404 0
      vertex -15.5 -17.25 0
    endloop
  endfacet
  facet normal -0.454187 0.890906 0
    outer loop
      vertex -14.625 -17.0155 2.5
      vertex -14.7882 -17.0987 5
      vertex -14.625 -17.0155 5
    endloop
  endfacet
  facet normal -0.454187 0.890906 0
    outer loop
      vertex -14.7882 -17.0987 5
      vertex -14.625 -17.0155 2.5
      vertex -14.7882 -17.0987 2.5
    endloop
  endfacet
  facet normal -0.629277 0.777181 0
    outer loop
      vertex -14.329 -16.8005 2.5
      vertex -14.4714 -16.9158 5
      vertex -14.329 -16.8005 5
    endloop
  endfacet
  facet normal -0.629277 0.777181 0
    outer loop
      vertex -14.4714 -16.9158 5
      vertex -14.329 -16.8005 2.5
      vertex -14.4714 -16.9158 2.5
    endloop
  endfacet
  facet normal -0.544451 0.838793 0
    outer loop
      vertex -14.4714 -16.9158 2.5
      vertex -14.625 -17.0155 5
      vertex -14.4714 -16.9158 5
    endloop
  endfacet
  facet normal -0.544451 0.838793 0
    outer loop
      vertex -14.625 -17.0155 5
      vertex -14.4714 -16.9158 2.5
      vertex -14.625 -17.0155 2.5
    endloop
  endfacet
  facet normal -0.777181 0.629277 0
    outer loop
      vertex -14.1995 -16.671 2.5
      vertex -14.0842 -16.5286 5
      vertex -14.0842 -16.5286 2.5
    endloop
  endfacet
  facet normal -0.777181 0.629277 0
    outer loop
      vertex -14.0842 -16.5286 5
      vertex -14.1995 -16.671 2.5
      vertex -14.1995 -16.671 5
    endloop
  endfacet
  facet normal -0.838793 0.544451 0
    outer loop
      vertex -14.0842 -16.5286 2.5
      vertex -13.9845 -16.375 5
      vertex -13.9845 -16.375 2.5
    endloop
  endfacet
  facet normal -0.838793 0.544451 0
    outer loop
      vertex -13.9845 -16.375 5
      vertex -14.0842 -16.5286 2.5
      vertex -14.0842 -16.5286 5
    endloop
  endfacet
  facet normal -0.987732 0.156159 0
    outer loop
      vertex -13.7882 -15.8638 2.5
      vertex -13.7596 -15.6829 5
      vertex -13.7596 -15.6829 2.5
    endloop
  endfacet
  facet normal -0.987732 0.156159 0
    outer loop
      vertex -13.7596 -15.6829 5
      vertex -13.7882 -15.8638 2.5
      vertex -13.7882 -15.8638 5
    endloop
  endfacet
  facet normal -0.965826 0.259191 0
    outer loop
      vertex -13.8357 -16.0408 2.5
      vertex -13.7882 -15.8638 5
      vertex -13.7882 -15.8638 2.5
    endloop
  endfacet
  facet normal -0.965826 0.259191 0
    outer loop
      vertex -13.7882 -15.8638 5
      vertex -13.8357 -16.0408 2.5
      vertex -13.8357 -16.0408 5
    endloop
  endfacet
  facet normal 0.707107 0.707107 0
    outer loop
      vertex -16.671 -16.8005 5
      vertex -16.8005 -16.671 0
      vertex -16.8005 -16.671 5
    endloop
  endfacet
  facet normal 0.707107 0.707107 0
    outer loop
      vertex -16.8005 -16.671 0
      vertex -16.671 -16.8005 5
      vertex -16.671 -16.8005 0
    endloop
  endfacet
  facet normal 0.629277 0.777181 -0
    outer loop
      vertex -16.5286 -16.9158 0
      vertex -16.671 -16.8005 5
      vertex -16.5286 -16.9158 5
    endloop
  endfacet
  facet normal 0.629277 0.777181 0
    outer loop
      vertex -16.671 -16.8005 5
      vertex -16.5286 -16.9158 0
      vertex -16.671 -16.8005 0
    endloop
  endfacet
  facet normal 0.544451 0.838793 -0
    outer loop
      vertex -16.375 -17.0155 0
      vertex -16.5286 -16.9158 5
      vertex -16.375 -17.0155 5
    endloop
  endfacet
  facet normal 0.544451 0.838793 0
    outer loop
      vertex -16.5286 -16.9158 5
      vertex -16.375 -17.0155 0
      vertex -16.5286 -16.9158 0
    endloop
  endfacet
  facet normal 0.156159 0.987732 -0
    outer loop
      vertex -15.6829 -17.2404 0
      vertex -15.8638 -17.2118 5
      vertex -15.6829 -17.2404 5
    endloop
  endfacet
  facet normal 0.156159 0.987732 0
    outer loop
      vertex -15.8638 -17.2118 5
      vertex -15.6829 -17.2404 0
      vertex -15.8638 -17.2118 0
    endloop
  endfacet
  facet normal 0.777181 0.629277 0
    outer loop
      vertex -16.8005 -16.671 5
      vertex -16.9158 -16.5286 0
      vertex -16.9158 -16.5286 5
    endloop
  endfacet
  facet normal 0.777181 0.629277 0
    outer loop
      vertex -16.9158 -16.5286 0
      vertex -16.8005 -16.671 5
      vertex -16.8005 -16.671 0
    endloop
  endfacet
  facet normal 0.998625 0.0524155 0
    outer loop
      vertex -17.2404 -15.6829 5
      vertex -17.25 -15.5 0
      vertex -17.25 -15.5 5
    endloop
  endfacet
  facet normal 0.998625 0.0524155 0
    outer loop
      vertex -17.25 -15.5 0
      vertex -17.2404 -15.6829 5
      vertex -17.2404 -15.6829 0
    endloop
  endfacet
  facet normal -0.777181 -0.629277 0
    outer loop
      vertex -14.0842 -14.4714 2.5
      vertex -14.1995 -14.329 5
      vertex -14.1995 -14.329 2.5
    endloop
  endfacet
  facet normal -0.777181 -0.629277 0
    outer loop
      vertex -14.1995 -14.329 5
      vertex -14.0842 -14.4714 2.5
      vertex -14.0842 -14.4714 5
    endloop
  endfacet
  facet normal -0.259191 -0.965826 0
    outer loop
      vertex -15.1362 -13.7882 2.5
      vertex -14.9592 -13.8357 5
      vertex -15.1362 -13.7882 5
    endloop
  endfacet
  facet normal -0.259191 -0.965826 -0
    outer loop
      vertex -14.9592 -13.8357 5
      vertex -15.1362 -13.7882 2.5
      vertex -14.9592 -13.8357 2.5
    endloop
  endfacet
  facet normal -0.454187 -0.890906 0
    outer loop
      vertex -14.7882 -13.9013 2.5
      vertex -14.625 -13.9845 5
      vertex -14.7882 -13.9013 5
    endloop
  endfacet
  facet normal -0.454187 -0.890906 -0
    outer loop
      vertex -14.625 -13.9845 5
      vertex -14.7882 -13.9013 2.5
      vertex -14.625 -13.9845 2.5
    endloop
  endfacet
  facet normal 0.933655 -0.358174 0
    outer loop
      vertex -17.1643 -14.9592 5
      vertex -17.0987 -14.7882 2.5
      vertex -17.0987 -14.7882 5
    endloop
  endfacet
  facet normal 0.933655 -0.358174 0
    outer loop
      vertex -17.0987 -14.7882 2.5
      vertex -17.1643 -14.9592 5
      vertex -17.1643 -14.9592 2.5
    endloop
  endfacet
  facet normal 0.544451 -0.838793 0
    outer loop
      vertex -16.5286 -14.0842 2.5
      vertex -16.375 -13.9845 5
      vertex -16.5286 -14.0842 5
    endloop
  endfacet
  facet normal 0.544451 -0.838793 0
    outer loop
      vertex -16.375 -13.9845 5
      vertex -16.5286 -14.0842 2.5
      vertex -16.375 -13.9845 2.5
    endloop
  endfacet
  facet normal 0.358174 -0.933655 0
    outer loop
      vertex -16.2118 -13.9013 2.5
      vertex -16.0408 -13.8357 5
      vertex -16.2118 -13.9013 5
    endloop
  endfacet
  facet normal 0.358174 -0.933655 0
    outer loop
      vertex -16.0408 -13.8357 5
      vertex -16.2118 -13.9013 2.5
      vertex -16.0408 -13.8357 2.5
    endloop
  endfacet
  facet normal -0.155995 0.987758 0
    outer loop
      vertex -15.2907 -17.2362 2.5
      vertex -15.1362 -17.2118 5
      vertex -15.1362 -17.2118 2.5
    endloop
  endfacet
  facet normal -0.156159 0.987732 1.03523e-05
    outer loop
      vertex -15.1362 -17.2118 5
      vertex -15.2907 -17.2362 2.5
      vertex -15.3171 -17.2404 5
    endloop
  endfacet
  facet normal -0.157115 0.98758 0
    outer loop
      vertex -15.3171 -17.2404 0
      vertex -15.2907 -17.2362 2.5
      vertex -15.2907 -17.2362 0
    endloop
  endfacet
  facet normal -0.157115 0.98758 0
    outer loop
      vertex -15.2907 -17.2362 2.5
      vertex -15.3171 -17.2404 0
      vertex -15.3171 -17.2404 5
    endloop
  endfacet
  facet normal -0.358174 0.933655 0
    outer loop
      vertex -14.7882 -17.0987 2.5
      vertex -14.9592 -17.1643 5
      vertex -14.7882 -17.0987 5
    endloop
  endfacet
  facet normal -0.358174 0.933655 0
    outer loop
      vertex -14.9592 -17.1643 5
      vertex -14.7882 -17.0987 2.5
      vertex -14.9592 -17.1643 2.5
    endloop
  endfacet
  facet normal -0.933655 0.358174 0
    outer loop
      vertex -13.9013 -16.2118 2.5
      vertex -13.8357 -16.0408 5
      vertex -13.8357 -16.0408 2.5
    endloop
  endfacet
  facet normal -0.933655 0.358174 0
    outer loop
      vertex -13.8357 -16.0408 5
      vertex -13.9013 -16.2118 2.5
      vertex -13.9013 -16.2118 5
    endloop
  endfacet
  facet normal 0.454187 0.890906 -0
    outer loop
      vertex -16.2118 -17.0987 0
      vertex -16.375 -17.0155 5
      vertex -16.2118 -17.0987 5
    endloop
  endfacet
  facet normal 0.454187 0.890906 0
    outer loop
      vertex -16.375 -17.0155 5
      vertex -16.2118 -17.0987 0
      vertex -16.375 -17.0155 0
    endloop
  endfacet
  facet normal 0.259191 0.965826 -0
    outer loop
      vertex -15.8638 -17.2118 0
      vertex -16.0408 -17.1643 5
      vertex -15.8638 -17.2118 5
    endloop
  endfacet
  facet normal 0.259191 0.965826 0
    outer loop
      vertex -16.0408 -17.1643 5
      vertex -15.8638 -17.2118 0
      vertex -16.0408 -17.1643 0
    endloop
  endfacet
  facet normal 0.933655 0.358174 0
    outer loop
      vertex -17.0987 -16.2118 5
      vertex -17.1643 -16.0408 0
      vertex -17.1643 -16.0408 5
    endloop
  endfacet
  facet normal 0.933655 0.358174 0
    outer loop
      vertex -17.1643 -16.0408 0
      vertex -17.0987 -16.2118 5
      vertex -17.0987 -16.2118 0
    endloop
  endfacet
  facet normal 0.987732 0.156159 0
    outer loop
      vertex -17.2118 -15.8638 5
      vertex -17.2404 -15.6829 0
      vertex -17.2404 -15.6829 5
    endloop
  endfacet
  facet normal 0.987732 0.156159 0
    outer loop
      vertex -17.2404 -15.6829 0
      vertex -17.2118 -15.8638 5
      vertex -17.2118 -15.8638 0
    endloop
  endfacet
  facet normal -0.998625 -0.0524155 0
    outer loop
      vertex -13.75 15.5 2.5
      vertex -13.7596 15.6829 5
      vertex -13.7596 15.6829 2.5
    endloop
  endfacet
  facet normal -0.998625 -0.0524155 0
    outer loop
      vertex -13.7596 15.6829 5
      vertex -13.75 15.5 2.5
      vertex -13.75 15.5 5
    endloop
  endfacet
  facet normal 0.998625 -0.0524155 0
    outer loop
      vertex -17.25 15.5 5
      vertex -17.2404 15.6829 0
      vertex -17.2404 15.6829 5
    endloop
  endfacet
  facet normal 0.998625 -0.0524155 0
    outer loop
      vertex -17.2404 15.6829 0
      vertex -17.25 15.5 5
      vertex -17.25 15.5 0
    endloop
  endfacet
  facet normal -0.0524155 -0.998625 0
    outer loop
      vertex -15.5 17.25 0
      vertex -15.3171 17.2404 5
      vertex -15.5 17.25 5
    endloop
  endfacet
  facet normal -0.0524155 -0.998625 -0
    outer loop
      vertex -15.3171 17.2404 5
      vertex -15.5 17.25 0
      vertex -15.3171 17.2404 0
    endloop
  endfacet
  facet normal -0.0524155 0.998625 0
    outer loop
      vertex -15.3171 13.7596 2.5
      vertex -15.5 13.75 5
      vertex -15.3171 13.7596 5
    endloop
  endfacet
  facet normal -0.0524155 0.998625 0
    outer loop
      vertex -15.5 13.75 5
      vertex -15.3171 13.7596 2.5
      vertex -15.5 13.75 2.5
    endloop
  endfacet
  facet normal -0.707107 -0.707107 0
    outer loop
      vertex -14.1995 16.671 2.5
      vertex -14.329 16.8005 5
      vertex -14.329 16.8005 2.5
    endloop
  endfacet
  facet normal -0.707107 -0.707107 0
    outer loop
      vertex -14.329 16.8005 5
      vertex -14.1995 16.671 2.5
      vertex -14.1995 16.671 5
    endloop
  endfacet
  facet normal 0.629277 -0.777181 0
    outer loop
      vertex -16.671 16.8005 0
      vertex -16.5286 16.9158 5
      vertex -16.671 16.8005 5
    endloop
  endfacet
  facet normal 0.629277 -0.777181 0
    outer loop
      vertex -16.5286 16.9158 5
      vertex -16.671 16.8005 0
      vertex -16.5286 16.9158 0
    endloop
  endfacet
  facet normal 0.358174 -0.933655 0
    outer loop
      vertex -16.2118 17.0987 0
      vertex -16.0408 17.1643 5
      vertex -16.2118 17.0987 5
    endloop
  endfacet
  facet normal 0.358174 -0.933655 0
    outer loop
      vertex -16.0408 17.1643 5
      vertex -16.2118 17.0987 0
      vertex -16.0408 17.1643 0
    endloop
  endfacet
  facet normal -0.890906 -0.454187 0
    outer loop
      vertex -13.9013 16.2118 2.5
      vertex -13.9845 16.375 5
      vertex -13.9845 16.375 2.5
    endloop
  endfacet
  facet normal -0.890906 -0.454187 0
    outer loop
      vertex -13.9845 16.375 5
      vertex -13.9013 16.2118 2.5
      vertex -13.9013 16.2118 5
    endloop
  endfacet
  facet normal -0.454187 -0.890906 0
    outer loop
      vertex -14.7882 17.0987 2.5
      vertex -14.625 17.0155 5
      vertex -14.7882 17.0987 5
    endloop
  endfacet
  facet normal -0.454187 -0.890906 -0
    outer loop
      vertex -14.625 17.0155 5
      vertex -14.7882 17.0987 2.5
      vertex -14.625 17.0155 2.5
    endloop
  endfacet
  facet normal -0.629277 -0.777181 0
    outer loop
      vertex -14.4714 16.9158 2.5
      vertex -14.329 16.8005 5
      vertex -14.4714 16.9158 5
    endloop
  endfacet
  facet normal -0.629277 -0.777181 -0
    outer loop
      vertex -14.329 16.8005 5
      vertex -14.4714 16.9158 2.5
      vertex -14.329 16.8005 2.5
    endloop
  endfacet
  facet normal 0.890906 -0.454187 0
    outer loop
      vertex -17.0987 16.2118 5
      vertex -17.0155 16.375 0
      vertex -17.0155 16.375 5
    endloop
  endfacet
  facet normal 0.890906 -0.454187 0
    outer loop
      vertex -17.0155 16.375 0
      vertex -17.0987 16.2118 5
      vertex -17.0987 16.2118 0
    endloop
  endfacet
  facet normal 0.454187 -0.890906 0
    outer loop
      vertex -16.375 17.0155 0
      vertex -16.2118 17.0987 5
      vertex -16.375 17.0155 5
    endloop
  endfacet
  facet normal 0.454187 -0.890906 0
    outer loop
      vertex -16.2118 17.0987 5
      vertex -16.375 17.0155 0
      vertex -16.2118 17.0987 0
    endloop
  endfacet
  facet normal 0.156159 -0.987732 0
    outer loop
      vertex -15.8638 17.2118 0
      vertex -15.6829 17.2404 5
      vertex -15.8638 17.2118 5
    endloop
  endfacet
  facet normal 0.156159 -0.987732 0
    outer loop
      vertex -15.6829 17.2404 5
      vertex -15.8638 17.2118 0
      vertex -15.6829 17.2404 0
    endloop
  endfacet
  facet normal -0.965826 0.259191 0
    outer loop
      vertex -13.8357 14.9592 2.5
      vertex -13.7882 15.1362 5
      vertex -13.7882 15.1362 2.5
    endloop
  endfacet
  facet normal -0.965826 0.259191 0
    outer loop
      vertex -13.7882 15.1362 5
      vertex -13.8357 14.9592 2.5
      vertex -13.8357 14.9592 5
    endloop
  endfacet
  facet normal 0.777181 0.629277 0
    outer loop
      vertex -16.8005 14.329 5
      vertex -16.9158 14.4714 2.5
      vertex -16.9158 14.4714 5
    endloop
  endfacet
  facet normal 0.777181 0.629277 0
    outer loop
      vertex -16.9158 14.4714 2.5
      vertex -16.8005 14.329 5
      vertex -16.8005 14.329 2.5
    endloop
  endfacet
  facet normal -0.156159 0.987732 0
    outer loop
      vertex -15.1362 13.7882 2.5
      vertex -15.3171 13.7596 5
      vertex -15.1362 13.7882 5
    endloop
  endfacet
  facet normal -0.156159 0.987732 0
    outer loop
      vertex -15.3171 13.7596 5
      vertex -15.1362 13.7882 2.5
      vertex -15.3171 13.7596 2.5
    endloop
  endfacet
  facet normal -0.965826 -0.259191 0
    outer loop
      vertex -13.7882 15.8638 2.5
      vertex -13.8357 16.0408 5
      vertex -13.8357 16.0408 2.5
    endloop
  endfacet
  facet normal -0.965826 -0.259191 0
    outer loop
      vertex -13.8357 16.0408 5
      vertex -13.7882 15.8638 2.5
      vertex -13.7882 15.8638 5
    endloop
  endfacet
  facet normal -0.987732 -0.156159 0
    outer loop
      vertex -13.7596 15.6829 2.5
      vertex -13.7882 15.8638 5
      vertex -13.7882 15.8638 2.5
    endloop
  endfacet
  facet normal -0.987732 -0.156159 0
    outer loop
      vertex -13.7882 15.8638 5
      vertex -13.7596 15.6829 2.5
      vertex -13.7596 15.6829 5
    endloop
  endfacet
  facet normal -0.933655 -0.358174 0
    outer loop
      vertex -13.8357 16.0408 2.5
      vertex -13.9013 16.2118 5
      vertex -13.9013 16.2118 2.5
    endloop
  endfacet
  facet normal -0.933655 -0.358174 0
    outer loop
      vertex -13.9013 16.2118 5
      vertex -13.8357 16.0408 2.5
      vertex -13.8357 16.0408 5
    endloop
  endfacet
  facet normal -0.777181 -0.629277 0
    outer loop
      vertex -14.0842 16.5286 2.5
      vertex -14.1995 16.671 5
      vertex -14.1995 16.671 2.5
    endloop
  endfacet
  facet normal -0.777181 -0.629277 0
    outer loop
      vertex -14.1995 16.671 5
      vertex -14.0842 16.5286 2.5
      vertex -14.0842 16.5286 5
    endloop
  endfacet
  facet normal -0.838793 -0.544451 0
    outer loop
      vertex -13.9845 16.375 2.5
      vertex -14.0842 16.5286 5
      vertex -14.0842 16.5286 2.5
    endloop
  endfacet
  facet normal -0.838793 -0.544451 0
    outer loop
      vertex -14.0842 16.5286 5
      vertex -13.9845 16.375 2.5
      vertex -13.9845 16.375 5
    endloop
  endfacet
  facet normal -0.259191 -0.965826 0
    outer loop
      vertex -15.1362 17.2118 2.5
      vertex -14.9592 17.1643 5
      vertex -15.1362 17.2118 5
    endloop
  endfacet
  facet normal -0.259191 -0.965826 -0
    outer loop
      vertex -14.9592 17.1643 5
      vertex -15.1362 17.2118 2.5
      vertex -14.9592 17.1643 2.5
    endloop
  endfacet
  facet normal -0.358174 -0.933655 0
    outer loop
      vertex -14.9592 17.1643 2.5
      vertex -14.7882 17.0987 5
      vertex -14.9592 17.1643 5
    endloop
  endfacet
  facet normal -0.358174 -0.933655 -0
    outer loop
      vertex -14.7882 17.0987 5
      vertex -14.9592 17.1643 2.5
      vertex -14.7882 17.0987 2.5
    endloop
  endfacet
  facet normal -0.156159 -0.987732 1.03523e-05
    outer loop
      vertex -15.3171 17.2404 5
      vertex -15.2907 17.2362 2.5
      vertex -15.1362 17.2118 5
    endloop
  endfacet
  facet normal -0.157115 -0.98758 0
    outer loop
      vertex -15.3171 17.2404 0
      vertex -15.2907 17.2362 2.5
      vertex -15.3171 17.2404 5
    endloop
  endfacet
  facet normal -0.157115 -0.98758 -0
    outer loop
      vertex -15.2907 17.2362 2.5
      vertex -15.3171 17.2404 0
      vertex -15.2907 17.2362 0
    endloop
  endfacet
  facet normal -0.155995 -0.987758 -0
    outer loop
      vertex -15.1362 17.2118 5
      vertex -15.2907 17.2362 2.5
      vertex -15.1362 17.2118 2.5
    endloop
  endfacet
  facet normal -0.544451 -0.838793 0
    outer loop
      vertex -14.625 17.0155 2.5
      vertex -14.4714 16.9158 5
      vertex -14.625 17.0155 5
    endloop
  endfacet
  facet normal -0.544451 -0.838793 -0
    outer loop
      vertex -14.4714 16.9158 5
      vertex -14.625 17.0155 2.5
      vertex -14.4714 16.9158 2.5
    endloop
  endfacet
  facet normal 0.965826 -0.259191 0
    outer loop
      vertex -17.2118 15.8638 5
      vertex -17.1643 16.0408 0
      vertex -17.1643 16.0408 5
    endloop
  endfacet
  facet normal 0.965826 -0.259191 0
    outer loop
      vertex -17.1643 16.0408 0
      vertex -17.2118 15.8638 5
      vertex -17.2118 15.8638 0
    endloop
  endfacet
  facet normal 0.777181 -0.629277 0
    outer loop
      vertex -16.9158 16.5286 5
      vertex -16.8005 16.671 0
      vertex -16.8005 16.671 5
    endloop
  endfacet
  facet normal 0.777181 -0.629277 0
    outer loop
      vertex -16.8005 16.671 0
      vertex -16.9158 16.5286 5
      vertex -16.9158 16.5286 0
    endloop
  endfacet
  facet normal 0.707107 -0.707107 0
    outer loop
      vertex -16.8005 16.671 5
      vertex -16.671 16.8005 0
      vertex -16.671 16.8005 5
    endloop
  endfacet
  facet normal 0.707107 -0.707107 0
    outer loop
      vertex -16.671 16.8005 0
      vertex -16.8005 16.671 5
      vertex -16.8005 16.671 0
    endloop
  endfacet
  facet normal 0.838793 -0.544451 0
    outer loop
      vertex -17.0155 16.375 5
      vertex -16.9158 16.5286 0
      vertex -16.9158 16.5286 5
    endloop
  endfacet
  facet normal 0.838793 -0.544451 0
    outer loop
      vertex -16.9158 16.5286 0
      vertex -17.0155 16.375 5
      vertex -17.0155 16.375 0
    endloop
  endfacet
  facet normal 0.933655 -0.358174 0
    outer loop
      vertex -17.1643 16.0408 5
      vertex -17.0987 16.2118 0
      vertex -17.0987 16.2118 5
    endloop
  endfacet
  facet normal 0.933655 -0.358174 0
    outer loop
      vertex -17.0987 16.2118 0
      vertex -17.1643 16.0408 5
      vertex -17.1643 16.0408 0
    endloop
  endfacet
  facet normal 0.987732 -0.156159 0
    outer loop
      vertex -17.2404 15.6829 5
      vertex -17.2118 15.8638 0
      vertex -17.2118 15.8638 5
    endloop
  endfacet
  facet normal 0.987732 -0.156159 0
    outer loop
      vertex -17.2118 15.8638 0
      vertex -17.2404 15.6829 5
      vertex -17.2404 15.6829 0
    endloop
  endfacet
  facet normal 0.544451 -0.838793 0
    outer loop
      vertex -16.5286 16.9158 0
      vertex -16.375 17.0155 5
      vertex -16.5286 16.9158 5
    endloop
  endfacet
  facet normal 0.544451 -0.838793 0
    outer loop
      vertex -16.375 17.0155 5
      vertex -16.5286 16.9158 0
      vertex -16.375 17.0155 0
    endloop
  endfacet
  facet normal 0.259191 -0.965826 0
    outer loop
      vertex -16.0408 17.1643 0
      vertex -15.8638 17.2118 5
      vertex -16.0408 17.1643 5
    endloop
  endfacet
  facet normal 0.259191 -0.965826 0
    outer loop
      vertex -15.8638 17.2118 5
      vertex -16.0408 17.1643 0
      vertex -15.8638 17.2118 0
    endloop
  endfacet
  facet normal 0.0524155 -0.998625 0
    outer loop
      vertex -15.6829 17.2404 0
      vertex -15.5 17.25 5
      vertex -15.6829 17.2404 5
    endloop
  endfacet
  facet normal 0.0524155 -0.998625 0
    outer loop
      vertex -15.5 17.25 5
      vertex -15.6829 17.2404 0
      vertex -15.5 17.25 0
    endloop
  endfacet
  facet normal -0.707107 0.707107 0
    outer loop
      vertex -14.329 14.1995 2.5
      vertex -14.1995 14.329 5
      vertex -14.1995 14.329 2.5
    endloop
  endfacet
  facet normal -0.707107 0.707107 0
    outer loop
      vertex -14.1995 14.329 5
      vertex -14.329 14.1995 2.5
      vertex -14.329 14.1995 5
    endloop
  endfacet
  facet normal 0.838793 0.544451 0
    outer loop
      vertex -16.9158 14.4714 5
      vertex -17.0155 14.625 2.5
      vertex -17.0155 14.625 5
    endloop
  endfacet
  facet normal 0.838793 0.544451 0
    outer loop
      vertex -17.0155 14.625 2.5
      vertex -16.9158 14.4714 5
      vertex -16.9158 14.4714 2.5
    endloop
  endfacet
  facet normal -0.987732 0.156159 0
    outer loop
      vertex -13.7882 15.1362 2.5
      vertex -13.7596 15.3171 5
      vertex -13.7596 15.3171 2.5
    endloop
  endfacet
  facet normal -0.987732 0.156159 0
    outer loop
      vertex -13.7596 15.3171 5
      vertex -13.7882 15.1362 2.5
      vertex -13.7882 15.1362 5
    endloop
  endfacet
  facet normal -0.998625 0.0524155 0
    outer loop
      vertex -13.7596 15.3171 2.5
      vertex -13.75 15.5 5
      vertex -13.75 15.5 2.5
    endloop
  endfacet
  facet normal -0.998625 0.0524155 0
    outer loop
      vertex -13.75 15.5 5
      vertex -13.7596 15.3171 2.5
      vertex -13.7596 15.3171 5
    endloop
  endfacet
  facet normal -0.629277 0.777181 0
    outer loop
      vertex -14.329 14.1995 2.5
      vertex -14.4714 14.0842 5
      vertex -14.329 14.1995 5
    endloop
  endfacet
  facet normal -0.629277 0.777181 0
    outer loop
      vertex -14.4714 14.0842 5
      vertex -14.329 14.1995 2.5
      vertex -14.4714 14.0842 2.5
    endloop
  endfacet
  facet normal -0.890906 0.454187 0
    outer loop
      vertex -13.9845 14.625 2.5
      vertex -13.9013 14.7882 5
      vertex -13.9013 14.7882 2.5
    endloop
  endfacet
  facet normal -0.890906 0.454187 0
    outer loop
      vertex -13.9013 14.7882 5
      vertex -13.9845 14.625 2.5
      vertex -13.9845 14.625 5
    endloop
  endfacet
  facet normal -0.777181 0.629277 0
    outer loop
      vertex -14.1995 14.329 2.5
      vertex -14.0842 14.4714 5
      vertex -14.0842 14.4714 2.5
    endloop
  endfacet
  facet normal -0.777181 0.629277 0
    outer loop
      vertex -14.0842 14.4714 5
      vertex -14.1995 14.329 2.5
      vertex -14.1995 14.329 5
    endloop
  endfacet
  facet normal 0.965826 0.259191 0
    outer loop
      vertex -17.1643 14.9592 5
      vertex -17.2118 15.1362 2.5
      vertex -17.2118 15.1362 5
    endloop
  endfacet
  facet normal 0.965826 0.259191 0
    outer loop
      vertex -17.2118 15.1362 2.5
      vertex -17.1643 14.9592 5
      vertex -17.1643 14.9592 2.5
    endloop
  endfacet
  facet normal -0.358174 0.933655 0
    outer loop
      vertex -14.7882 13.9013 2.5
      vertex -14.9592 13.8357 5
      vertex -14.7882 13.9013 5
    endloop
  endfacet
  facet normal -0.358174 0.933655 0
    outer loop
      vertex -14.9592 13.8357 5
      vertex -14.7882 13.9013 2.5
      vertex -14.9592 13.8357 2.5
    endloop
  endfacet
  facet normal -0.259191 0.965826 0
    outer loop
      vertex -14.9592 13.8357 2.5
      vertex -15.1362 13.7882 5
      vertex -14.9592 13.8357 5
    endloop
  endfacet
  facet normal -0.259191 0.965826 0
    outer loop
      vertex -15.1362 13.7882 5
      vertex -14.9592 13.8357 2.5
      vertex -15.1362 13.7882 2.5
    endloop
  endfacet
  facet normal -0.454187 0.890906 0
    outer loop
      vertex -14.625 13.9845 2.5
      vertex -14.7882 13.9013 5
      vertex -14.625 13.9845 5
    endloop
  endfacet
  facet normal -0.454187 0.890906 0
    outer loop
      vertex -14.7882 13.9013 5
      vertex -14.625 13.9845 2.5
      vertex -14.7882 13.9013 2.5
    endloop
  endfacet
  facet normal -0.544451 0.838793 0
    outer loop
      vertex -14.4714 14.0842 2.5
      vertex -14.625 13.9845 5
      vertex -14.4714 14.0842 5
    endloop
  endfacet
  facet normal -0.544451 0.838793 0
    outer loop
      vertex -14.625 13.9845 5
      vertex -14.4714 14.0842 2.5
      vertex -14.625 13.9845 2.5
    endloop
  endfacet
  facet normal -0.933655 0.358174 0
    outer loop
      vertex -13.9013 14.7882 2.5
      vertex -13.8357 14.9592 5
      vertex -13.8357 14.9592 2.5
    endloop
  endfacet
  facet normal -0.933655 0.358174 0
    outer loop
      vertex -13.8357 14.9592 5
      vertex -13.9013 14.7882 2.5
      vertex -13.9013 14.7882 5
    endloop
  endfacet
  facet normal -0.838793 0.544451 0
    outer loop
      vertex -14.0842 14.4714 2.5
      vertex -13.9845 14.625 5
      vertex -13.9845 14.625 2.5
    endloop
  endfacet
  facet normal -0.838793 0.544451 0
    outer loop
      vertex -13.9845 14.625 5
      vertex -14.0842 14.4714 2.5
      vertex -14.0842 14.4714 5
    endloop
  endfacet
  facet normal 0.0524155 0.998625 -0
    outer loop
      vertex -15.5 13.75 2.5
      vertex -15.6829 13.7596 5
      vertex -15.5 13.75 5
    endloop
  endfacet
  facet normal 0.0524155 0.998625 0
    outer loop
      vertex -15.6829 13.7596 5
      vertex -15.5 13.75 2.5
      vertex -15.6829 13.7596 2.5
    endloop
  endfacet
  facet normal 0.358174 0.933655 -0
    outer loop
      vertex -16.0408 13.8357 2.5
      vertex -16.2118 13.9013 5
      vertex -16.0408 13.8357 5
    endloop
  endfacet
  facet normal 0.358174 0.933655 0
    outer loop
      vertex -16.2118 13.9013 5
      vertex -16.0408 13.8357 2.5
      vertex -16.2118 13.9013 2.5
    endloop
  endfacet
  facet normal 0.890906 0.454187 0
    outer loop
      vertex -17.0155 14.625 5
      vertex -17.0987 14.7882 2.5
      vertex -17.0987 14.7882 5
    endloop
  endfacet
  facet normal 0.890906 0.454187 0
    outer loop
      vertex -17.0987 14.7882 2.5
      vertex -17.0155 14.625 5
      vertex -17.0155 14.625 2.5
    endloop
  endfacet
  facet normal 0.707107 0.707107 0
    outer loop
      vertex -16.671 14.1995 5
      vertex -16.8005 14.329 2.5
      vertex -16.8005 14.329 5
    endloop
  endfacet
  facet normal 0.707107 0.707107 0
    outer loop
      vertex -16.8005 14.329 2.5
      vertex -16.671 14.1995 5
      vertex -16.671 14.1995 2.5
    endloop
  endfacet
  facet normal 0.933655 0.358174 0
    outer loop
      vertex -17.0987 14.7882 5
      vertex -17.1643 14.9592 2.5
      vertex -17.1643 14.9592 5
    endloop
  endfacet
  facet normal 0.933655 0.358174 0
    outer loop
      vertex -17.1643 14.9592 2.5
      vertex -17.0987 14.7882 5
      vertex -17.0987 14.7882 2.5
    endloop
  endfacet
  facet normal 0.98758 0.157115 0
    outer loop
      vertex -17.2404 15.3171 5
      vertex -17.2362 15.2907 2.5
      vertex -17.2404 15.3171 0
    endloop
  endfacet
  facet normal 0.987732 0.156159 1.03523e-05
    outer loop
      vertex -17.2118 15.1362 5
      vertex -17.2362 15.2907 2.5
      vertex -17.2404 15.3171 5
    endloop
  endfacet
  facet normal 0.987758 0.155995 0
    outer loop
      vertex -17.2362 15.2907 2.5
      vertex -17.2118 15.1362 5
      vertex -17.2118 15.1362 2.5
    endloop
  endfacet
  facet normal 0.98758 0.157115 0
    outer loop
      vertex -17.2404 15.3171 0
      vertex -17.2362 15.2907 2.5
      vertex -17.2362 15.2907 0
    endloop
  endfacet
  facet normal 0.998625 0.0524155 0
    outer loop
      vertex -17.2404 15.3171 5
      vertex -17.25 15.5 0
      vertex -17.25 15.5 5
    endloop
  endfacet
  facet normal 0.998625 0.0524155 0
    outer loop
      vertex -17.25 15.5 0
      vertex -17.2404 15.3171 5
      vertex -17.2404 15.3171 0
    endloop
  endfacet
  facet normal 0.259191 0.965826 -0
    outer loop
      vertex -15.8638 13.7882 2.5
      vertex -16.0408 13.8357 5
      vertex -15.8638 13.7882 5
    endloop
  endfacet
  facet normal 0.259191 0.965826 0
    outer loop
      vertex -16.0408 13.8357 5
      vertex -15.8638 13.7882 2.5
      vertex -16.0408 13.8357 2.5
    endloop
  endfacet
  facet normal 0.156159 0.987732 -0
    outer loop
      vertex -15.6829 13.7596 2.5
      vertex -15.8638 13.7882 5
      vertex -15.6829 13.7596 5
    endloop
  endfacet
  facet normal 0.156159 0.987732 0
    outer loop
      vertex -15.8638 13.7882 5
      vertex -15.6829 13.7596 2.5
      vertex -15.8638 13.7882 2.5
    endloop
  endfacet
  facet normal 0.629277 0.777181 -0
    outer loop
      vertex -16.5286 14.0842 2.5
      vertex -16.671 14.1995 5
      vertex -16.5286 14.0842 5
    endloop
  endfacet
  facet normal 0.629277 0.777181 0
    outer loop
      vertex -16.671 14.1995 5
      vertex -16.5286 14.0842 2.5
      vertex -16.671 14.1995 2.5
    endloop
  endfacet
  facet normal 0.454187 0.890906 -0
    outer loop
      vertex -16.2118 13.9013 2.5
      vertex -16.375 13.9845 5
      vertex -16.2118 13.9013 5
    endloop
  endfacet
  facet normal 0.454187 0.890906 0
    outer loop
      vertex -16.375 13.9845 5
      vertex -16.2118 13.9013 2.5
      vertex -16.375 13.9845 2.5
    endloop
  endfacet
  facet normal 0.544451 0.838793 -0
    outer loop
      vertex -16.375 13.9845 2.5
      vertex -16.5286 14.0842 5
      vertex -16.375 13.9845 5
    endloop
  endfacet
  facet normal 0.544451 0.838793 0
    outer loop
      vertex -16.5286 14.0842 5
      vertex -16.375 13.9845 2.5
      vertex -16.5286 14.0842 2.5
    endloop
  endfacet
  facet normal -0.933655 -0.358174 0
    outer loop
      vertex 17.1643 -14.9592 2.5
      vertex 17.0987 -14.7882 5
      vertex 17.0987 -14.7882 2.5
    endloop
  endfacet
  facet normal -0.933655 -0.358174 0
    outer loop
      vertex 17.0987 -14.7882 5
      vertex 17.1643 -14.9592 2.5
      vertex 17.1643 -14.9592 5
    endloop
  endfacet
  facet normal -0.890906 -0.454187 0
    outer loop
      vertex 17.0987 -14.7882 2.5
      vertex 17.0155 -14.625 5
      vertex 17.0155 -14.625 2.5
    endloop
  endfacet
  facet normal -0.890906 -0.454187 0
    outer loop
      vertex 17.0155 -14.625 5
      vertex 17.0987 -14.7882 2.5
      vertex 17.0987 -14.7882 5
    endloop
  endfacet
  facet normal -0.358174 -0.933655 0
    outer loop
      vertex 16.0408 -13.8357 2.5
      vertex 16.2118 -13.9013 5
      vertex 16.0408 -13.8357 5
    endloop
  endfacet
  facet normal -0.358174 -0.933655 -0
    outer loop
      vertex 16.2118 -13.9013 5
      vertex 16.0408 -13.8357 2.5
      vertex 16.2118 -13.9013 2.5
    endloop
  endfacet
  facet normal 0.358174 -0.933655 0
    outer loop
      vertex 14.7882 -13.9013 2.5
      vertex 14.9592 -13.8357 5
      vertex 14.7882 -13.9013 5
    endloop
  endfacet
  facet normal 0.358174 -0.933655 0
    outer loop
      vertex 14.9592 -13.8357 5
      vertex 14.7882 -13.9013 2.5
      vertex 14.9592 -13.8357 2.5
    endloop
  endfacet
  facet normal 0.933655 -0.358174 0
    outer loop
      vertex 13.8357 -14.9592 5
      vertex 13.9013 -14.7882 2.5
      vertex 13.9013 -14.7882 5
    endloop
  endfacet
  facet normal 0.933655 -0.358174 0
    outer loop
      vertex 13.9013 -14.7882 2.5
      vertex 13.8357 -14.9592 5
      vertex 13.8357 -14.9592 2.5
    endloop
  endfacet
  facet normal -0.998625 0.0524155 0
    outer loop
      vertex 17.2404 -15.6829 0
      vertex 17.25 -15.5 5
      vertex 17.25 -15.5 0
    endloop
  endfacet
  facet normal -0.998625 0.0524155 0
    outer loop
      vertex 17.25 -15.5 5
      vertex 17.2404 -15.6829 0
      vertex 17.2404 -15.6829 5
    endloop
  endfacet
  facet normal -0.544451 -0.838793 0
    outer loop
      vertex 16.375 -13.9845 2.5
      vertex 16.5286 -14.0842 5
      vertex 16.375 -13.9845 5
    endloop
  endfacet
  facet normal -0.544451 -0.838793 -0
    outer loop
      vertex 16.5286 -14.0842 5
      vertex 16.375 -13.9845 2.5
      vertex 16.5286 -14.0842 2.5
    endloop
  endfacet
  facet normal 0.998625 -0.0524155 0
    outer loop
      vertex 13.75 -15.5 5
      vertex 13.7596 -15.3171 2.5
      vertex 13.7596 -15.3171 5
    endloop
  endfacet
  facet normal 0.998625 -0.0524155 0
    outer loop
      vertex 13.7596 -15.3171 2.5
      vertex 13.75 -15.5 5
      vertex 13.75 -15.5 2.5
    endloop
  endfacet
  facet normal 0.777181 -0.629277 0
    outer loop
      vertex 14.0842 -14.4714 5
      vertex 14.1995 -14.329 2.5
      vertex 14.1995 -14.329 5
    endloop
  endfacet
  facet normal 0.777181 -0.629277 0
    outer loop
      vertex 14.1995 -14.329 2.5
      vertex 14.0842 -14.4714 5
      vertex 14.0842 -14.4714 2.5
    endloop
  endfacet
  facet normal 0.259191 -0.965826 0
    outer loop
      vertex 14.9592 -13.8357 2.5
      vertex 15.1362 -13.7882 5
      vertex 14.9592 -13.8357 5
    endloop
  endfacet
  facet normal 0.259191 -0.965826 0
    outer loop
      vertex 15.1362 -13.7882 5
      vertex 14.9592 -13.8357 2.5
      vertex 15.1362 -13.7882 2.5
    endloop
  endfacet
  facet normal -0.544451 0.838793 0
    outer loop
      vertex 16.5286 -16.9158 0
      vertex 16.375 -17.0155 5
      vertex 16.5286 -16.9158 5
    endloop
  endfacet
  facet normal -0.544451 0.838793 0
    outer loop
      vertex 16.375 -17.0155 5
      vertex 16.5286 -16.9158 0
      vertex 16.375 -17.0155 0
    endloop
  endfacet
  facet normal 0.629277 0.777181 -0
    outer loop
      vertex 14.4714 -16.9158 2.5
      vertex 14.329 -16.8005 5
      vertex 14.4714 -16.9158 5
    endloop
  endfacet
  facet normal 0.629277 0.777181 0
    outer loop
      vertex 14.329 -16.8005 5
      vertex 14.4714 -16.9158 2.5
      vertex 14.329 -16.8005 2.5
    endloop
  endfacet
  facet normal 0.838793 0.544451 0
    outer loop
      vertex 14.0842 -16.5286 5
      vertex 13.9845 -16.375 2.5
      vertex 13.9845 -16.375 5
    endloop
  endfacet
  facet normal 0.838793 0.544451 0
    outer loop
      vertex 13.9845 -16.375 2.5
      vertex 14.0842 -16.5286 5
      vertex 14.0842 -16.5286 2.5
    endloop
  endfacet
  facet normal -0.156159 0.987732 0
    outer loop
      vertex 15.8638 -17.2118 0
      vertex 15.6829 -17.2404 5
      vertex 15.8638 -17.2118 5
    endloop
  endfacet
  facet normal -0.156159 0.987732 0
    outer loop
      vertex 15.6829 -17.2404 5
      vertex 15.8638 -17.2118 0
      vertex 15.6829 -17.2404 0
    endloop
  endfacet
  facet normal -0.965826 -0.259191 0
    outer loop
      vertex 17.2118 -15.1362 2.5
      vertex 17.1643 -14.9592 5
      vertex 17.1643 -14.9592 2.5
    endloop
  endfacet
  facet normal -0.965826 -0.259191 0
    outer loop
      vertex 17.1643 -14.9592 5
      vertex 17.2118 -15.1362 2.5
      vertex 17.2118 -15.1362 5
    endloop
  endfacet
  facet normal -0.838793 -0.544451 0
    outer loop
      vertex 17.0155 -14.625 2.5
      vertex 16.9158 -14.4714 5
      vertex 16.9158 -14.4714 2.5
    endloop
  endfacet
  facet normal -0.838793 -0.544451 0
    outer loop
      vertex 16.9158 -14.4714 5
      vertex 17.0155 -14.625 2.5
      vertex 17.0155 -14.625 5
    endloop
  endfacet
  facet normal -0.707107 -0.707107 0
    outer loop
      vertex 16.8005 -14.329 2.5
      vertex 16.671 -14.1995 5
      vertex 16.671 -14.1995 2.5
    endloop
  endfacet
  facet normal -0.707107 -0.707107 0
    outer loop
      vertex 16.671 -14.1995 5
      vertex 16.8005 -14.329 2.5
      vertex 16.8005 -14.329 5
    endloop
  endfacet
  facet normal 0.0524155 -0.998625 0
    outer loop
      vertex 15.3171 -13.7596 2.5
      vertex 15.5 -13.75 5
      vertex 15.3171 -13.7596 5
    endloop
  endfacet
  facet normal 0.0524155 -0.998625 0
    outer loop
      vertex 15.5 -13.75 5
      vertex 15.3171 -13.7596 2.5
      vertex 15.5 -13.75 2.5
    endloop
  endfacet
  facet normal -0.259191 -0.965826 0
    outer loop
      vertex 15.8638 -13.7882 2.5
      vertex 16.0408 -13.8357 5
      vertex 15.8638 -13.7882 5
    endloop
  endfacet
  facet normal -0.259191 -0.965826 -0
    outer loop
      vertex 16.0408 -13.8357 5
      vertex 15.8638 -13.7882 2.5
      vertex 16.0408 -13.8357 2.5
    endloop
  endfacet
  facet normal -0.156159 -0.987732 0
    outer loop
      vertex 15.6829 -13.7596 2.5
      vertex 15.8638 -13.7882 5
      vertex 15.6829 -13.7596 5
    endloop
  endfacet
  facet normal -0.156159 -0.987732 -0
    outer loop
      vertex 15.8638 -13.7882 5
      vertex 15.6829 -13.7596 2.5
      vertex 15.8638 -13.7882 2.5
    endloop
  endfacet
  facet normal -0.454187 -0.890906 0
    outer loop
      vertex 16.2118 -13.9013 2.5
      vertex 16.375 -13.9845 5
      vertex 16.2118 -13.9013 5
    endloop
  endfacet
  facet normal -0.454187 -0.890906 -0
    outer loop
      vertex 16.375 -13.9845 5
      vertex 16.2118 -13.9013 2.5
      vertex 16.375 -13.9845 2.5
    endloop
  endfacet
  facet normal -0.629277 -0.777181 0
    outer loop
      vertex 16.5286 -14.0842 2.5
      vertex 16.671 -14.1995 5
      vertex 16.5286 -14.0842 5
    endloop
  endfacet
  facet normal -0.629277 -0.777181 -0
    outer loop
      vertex 16.671 -14.1995 5
      vertex 16.5286 -14.0842 2.5
      vertex 16.671 -14.1995 2.5
    endloop
  endfacet
  facet normal 0.998625 0.0524155 0
    outer loop
      vertex 13.7596 -15.6829 5
      vertex 13.75 -15.5 2.5
      vertex 13.75 -15.5 5
    endloop
  endfacet
  facet normal 0.998625 0.0524155 0
    outer loop
      vertex 13.75 -15.5 2.5
      vertex 13.7596 -15.6829 5
      vertex 13.7596 -15.6829 2.5
    endloop
  endfacet
  facet normal 0.965826 -0.259191 0
    outer loop
      vertex 13.7882 -15.1362 5
      vertex 13.8357 -14.9592 2.5
      vertex 13.8357 -14.9592 5
    endloop
  endfacet
  facet normal 0.965826 -0.259191 0
    outer loop
      vertex 13.8357 -14.9592 2.5
      vertex 13.7882 -15.1362 5
      vertex 13.7882 -15.1362 2.5
    endloop
  endfacet
  facet normal 0.987732 -0.156159 0
    outer loop
      vertex 13.7596 -15.3171 5
      vertex 13.7882 -15.1362 2.5
      vertex 13.7882 -15.1362 5
    endloop
  endfacet
  facet normal 0.987732 -0.156159 0
    outer loop
      vertex 13.7882 -15.1362 2.5
      vertex 13.7596 -15.3171 5
      vertex 13.7596 -15.3171 2.5
    endloop
  endfacet
  facet normal 0.890906 -0.454187 0
    outer loop
      vertex 13.9013 -14.7882 5
      vertex 13.9845 -14.625 2.5
      vertex 13.9845 -14.625 5
    endloop
  endfacet
  facet normal 0.890906 -0.454187 0
    outer loop
      vertex 13.9845 -14.625 2.5
      vertex 13.9013 -14.7882 5
      vertex 13.9013 -14.7882 2.5
    endloop
  endfacet
  facet normal 0.838793 -0.544451 0
    outer loop
      vertex 13.9845 -14.625 5
      vertex 14.0842 -14.4714 2.5
      vertex 14.0842 -14.4714 5
    endloop
  endfacet
  facet normal 0.838793 -0.544451 0
    outer loop
      vertex 14.0842 -14.4714 2.5
      vertex 13.9845 -14.625 5
      vertex 13.9845 -14.625 2.5
    endloop
  endfacet
  facet normal 0.156159 -0.987732 0
    outer loop
      vertex 15.1362 -13.7882 2.5
      vertex 15.3171 -13.7596 5
      vertex 15.1362 -13.7882 5
    endloop
  endfacet
  facet normal 0.156159 -0.987732 0
    outer loop
      vertex 15.3171 -13.7596 5
      vertex 15.1362 -13.7882 2.5
      vertex 15.3171 -13.7596 2.5
    endloop
  endfacet
  facet normal 0.544451 -0.838793 0
    outer loop
      vertex 14.4714 -14.0842 2.5
      vertex 14.625 -13.9845 5
      vertex 14.4714 -14.0842 5
    endloop
  endfacet
  facet normal 0.544451 -0.838793 0
    outer loop
      vertex 14.625 -13.9845 5
      vertex 14.4714 -14.0842 2.5
      vertex 14.625 -13.9845 2.5
    endloop
  endfacet
  facet normal 0.629277 -0.777181 0
    outer loop
      vertex 14.329 -14.1995 2.5
      vertex 14.4714 -14.0842 5
      vertex 14.329 -14.1995 5
    endloop
  endfacet
  facet normal 0.629277 -0.777181 0
    outer loop
      vertex 14.4714 -14.0842 5
      vertex 14.329 -14.1995 2.5
      vertex 14.4714 -14.0842 2.5
    endloop
  endfacet
  facet normal 0.454187 -0.890906 0
    outer loop
      vertex 14.625 -13.9845 2.5
      vertex 14.7882 -13.9013 5
      vertex 14.625 -13.9845 5
    endloop
  endfacet
  facet normal 0.454187 -0.890906 0
    outer loop
      vertex 14.7882 -13.9013 5
      vertex 14.625 -13.9845 2.5
      vertex 14.7882 -13.9013 2.5
    endloop
  endfacet
  facet normal 0.707107 -0.707107 0
    outer loop
      vertex 14.1995 -14.329 5
      vertex 14.329 -14.1995 2.5
      vertex 14.329 -14.1995 5
    endloop
  endfacet
  facet normal 0.707107 -0.707107 0
    outer loop
      vertex 14.329 -14.1995 2.5
      vertex 14.1995 -14.329 5
      vertex 14.1995 -14.329 2.5
    endloop
  endfacet
  facet normal -0.998625 -0.0524155 0
    outer loop
      vertex 17.25 -15.5 0
      vertex 17.2404 -15.3171 5
      vertex 17.2404 -15.3171 0
    endloop
  endfacet
  facet normal -0.998625 -0.0524155 0
    outer loop
      vertex 17.2404 -15.3171 5
      vertex 17.25 -15.5 0
      vertex 17.25 -15.5 5
    endloop
  endfacet
  facet normal -0.965826 0.259191 0
    outer loop
      vertex 17.1643 -16.0408 0
      vertex 17.2118 -15.8638 5
      vertex 17.2118 -15.8638 0
    endloop
  endfacet
  facet normal -0.965826 0.259191 0
    outer loop
      vertex 17.2118 -15.8638 5
      vertex 17.1643 -16.0408 0
      vertex 17.1643 -16.0408 5
    endloop
  endfacet
  facet normal 0.707107 0.707107 0
    outer loop
      vertex 14.329 -16.8005 5
      vertex 14.1995 -16.671 2.5
      vertex 14.1995 -16.671 5
    endloop
  endfacet
  facet normal 0.707107 0.707107 0
    outer loop
      vertex 14.1995 -16.671 2.5
      vertex 14.329 -16.8005 5
      vertex 14.329 -16.8005 2.5
    endloop
  endfacet
  facet normal -0.259191 0.965826 0
    outer loop
      vertex 16.0408 -17.1643 0
      vertex 15.8638 -17.2118 5
      vertex 16.0408 -17.1643 5
    endloop
  endfacet
  facet normal -0.259191 0.965826 0
    outer loop
      vertex 15.8638 -17.2118 5
      vertex 16.0408 -17.1643 0
      vertex 15.8638 -17.2118 0
    endloop
  endfacet
  facet normal -0.987758 -0.155995 0
    outer loop
      vertex 17.2362 -15.2907 2.5
      vertex 17.2118 -15.1362 5
      vertex 17.2118 -15.1362 2.5
    endloop
  endfacet
  facet normal -0.987732 -0.156159 1.03523e-05
    outer loop
      vertex 17.2362 -15.2907 2.5
      vertex 17.2404 -15.3171 5
      vertex 17.2118 -15.1362 5
    endloop
  endfacet
  facet normal -0.98758 -0.157115 -0
    outer loop
      vertex 17.2404 -15.3171 5
      vertex 17.2362 -15.2907 2.5
      vertex 17.2404 -15.3171 0
    endloop
  endfacet
  facet normal -0.98758 -0.157115 0
    outer loop
      vertex 17.2362 -15.2907 0
      vertex 17.2404 -15.3171 0
      vertex 17.2362 -15.2907 2.5
    endloop
  endfacet
  facet normal -0.777181 -0.629277 0
    outer loop
      vertex 16.9158 -14.4714 2.5
      vertex 16.8005 -14.329 5
      vertex 16.8005 -14.329 2.5
    endloop
  endfacet
  facet normal -0.777181 -0.629277 0
    outer loop
      vertex 16.8005 -14.329 5
      vertex 16.9158 -14.4714 2.5
      vertex 16.9158 -14.4714 5
    endloop
  endfacet
  facet normal -0.0524155 -0.998625 0
    outer loop
      vertex 15.5 -13.75 2.5
      vertex 15.6829 -13.7596 5
      vertex 15.5 -13.75 5
    endloop
  endfacet
  facet normal -0.0524155 -0.998625 -0
    outer loop
      vertex 15.6829 -13.7596 5
      vertex 15.5 -13.75 2.5
      vertex 15.6829 -13.7596 2.5
    endloop
  endfacet
  facet normal -0.987732 0.156159 0
    outer loop
      vertex 17.2118 -15.8638 0
      vertex 17.2404 -15.6829 5
      vertex 17.2404 -15.6829 0
    endloop
  endfacet
  facet normal -0.987732 0.156159 0
    outer loop
      vertex 17.2404 -15.6829 5
      vertex 17.2118 -15.8638 0
      vertex 17.2118 -15.8638 5
    endloop
  endfacet
  facet normal -0.707107 0.707107 0
    outer loop
      vertex 16.671 -16.8005 0
      vertex 16.8005 -16.671 5
      vertex 16.8005 -16.671 0
    endloop
  endfacet
  facet normal -0.707107 0.707107 0
    outer loop
      vertex 16.8005 -16.671 5
      vertex 16.671 -16.8005 0
      vertex 16.671 -16.8005 5
    endloop
  endfacet
  facet normal -0.777181 0.629277 0
    outer loop
      vertex 16.8005 -16.671 0
      vertex 16.9158 -16.5286 5
      vertex 16.9158 -16.5286 0
    endloop
  endfacet
  facet normal -0.777181 0.629277 0
    outer loop
      vertex 16.9158 -16.5286 5
      vertex 16.8005 -16.671 0
      vertex 16.8005 -16.671 5
    endloop
  endfacet
  facet normal -0.890906 0.454187 0
    outer loop
      vertex 17.0155 -16.375 0
      vertex 17.0987 -16.2118 5
      vertex 17.0987 -16.2118 0
    endloop
  endfacet
  facet normal -0.890906 0.454187 0
    outer loop
      vertex 17.0987 -16.2118 5
      vertex 17.0155 -16.375 0
      vertex 17.0155 -16.375 5
    endloop
  endfacet
  facet normal 0.0524155 0.998625 -0
    outer loop
      vertex 15.5 -17.25 0
      vertex 15.3171 -17.2404 5
      vertex 15.5 -17.25 5
    endloop
  endfacet
  facet normal 0.0524155 0.998625 0
    outer loop
      vertex 15.3171 -17.2404 5
      vertex 15.5 -17.25 0
      vertex 15.3171 -17.2404 0
    endloop
  endfacet
  facet normal 0.987732 0.156159 0
    outer loop
      vertex 13.7882 -15.8638 5
      vertex 13.7596 -15.6829 2.5
      vertex 13.7596 -15.6829 5
    endloop
  endfacet
  facet normal 0.987732 0.156159 0
    outer loop
      vertex 13.7596 -15.6829 2.5
      vertex 13.7882 -15.8638 5
      vertex 13.7882 -15.8638 2.5
    endloop
  endfacet
  facet normal 0.933655 0.358174 0
    outer loop
      vertex 13.9013 -16.2118 5
      vertex 13.8357 -16.0408 2.5
      vertex 13.8357 -16.0408 5
    endloop
  endfacet
  facet normal 0.933655 0.358174 0
    outer loop
      vertex 13.8357 -16.0408 2.5
      vertex 13.9013 -16.2118 5
      vertex 13.9013 -16.2118 2.5
    endloop
  endfacet
  facet normal -0.454187 0.890906 0
    outer loop
      vertex 16.375 -17.0155 0
      vertex 16.2118 -17.0987 5
      vertex 16.375 -17.0155 5
    endloop
  endfacet
  facet normal -0.454187 0.890906 0
    outer loop
      vertex 16.2118 -17.0987 5
      vertex 16.375 -17.0155 0
      vertex 16.2118 -17.0987 0
    endloop
  endfacet
  facet normal -0.629277 0.777181 0
    outer loop
      vertex 16.671 -16.8005 0
      vertex 16.5286 -16.9158 5
      vertex 16.671 -16.8005 5
    endloop
  endfacet
  facet normal -0.629277 0.777181 0
    outer loop
      vertex 16.5286 -16.9158 5
      vertex 16.671 -16.8005 0
      vertex 16.5286 -16.9158 0
    endloop
  endfacet
  facet normal -0.933655 0.358174 0
    outer loop
      vertex 17.0987 -16.2118 0
      vertex 17.1643 -16.0408 5
      vertex 17.1643 -16.0408 0
    endloop
  endfacet
  facet normal -0.933655 0.358174 0
    outer loop
      vertex 17.1643 -16.0408 5
      vertex 17.0987 -16.2118 0
      vertex 17.0987 -16.2118 5
    endloop
  endfacet
  facet normal -0.838793 0.544451 0
    outer loop
      vertex 16.9158 -16.5286 0
      vertex 17.0155 -16.375 5
      vertex 17.0155 -16.375 0
    endloop
  endfacet
  facet normal -0.838793 0.544451 0
    outer loop
      vertex 17.0155 -16.375 5
      vertex 16.9158 -16.5286 0
      vertex 16.9158 -16.5286 5
    endloop
  endfacet
  facet normal -0.0524155 0.998625 0
    outer loop
      vertex 15.6829 -17.2404 0
      vertex 15.5 -17.25 5
      vertex 15.6829 -17.2404 5
    endloop
  endfacet
  facet normal -0.0524155 0.998625 0
    outer loop
      vertex 15.5 -17.25 5
      vertex 15.6829 -17.2404 0
      vertex 15.5 -17.25 0
    endloop
  endfacet
  facet normal 0.454187 0.890906 -0
    outer loop
      vertex 14.7882 -17.0987 2.5
      vertex 14.625 -17.0155 5
      vertex 14.7882 -17.0987 5
    endloop
  endfacet
  facet normal 0.454187 0.890906 0
    outer loop
      vertex 14.625 -17.0155 5
      vertex 14.7882 -17.0987 2.5
      vertex 14.625 -17.0155 2.5
    endloop
  endfacet
  facet normal 0.259191 0.965826 -0
    outer loop
      vertex 15.1362 -17.2118 2.5
      vertex 14.9592 -17.1643 5
      vertex 15.1362 -17.2118 5
    endloop
  endfacet
  facet normal 0.259191 0.965826 0
    outer loop
      vertex 14.9592 -17.1643 5
      vertex 15.1362 -17.2118 2.5
      vertex 14.9592 -17.1643 2.5
    endloop
  endfacet
  facet normal 0.156159 0.987732 1.03523e-05
    outer loop
      vertex 15.3171 -17.2404 5
      vertex 15.2907 -17.2362 2.5
      vertex 15.1362 -17.2118 5
    endloop
  endfacet
  facet normal 0.157115 0.98758 -0
    outer loop
      vertex 15.3171 -17.2404 0
      vertex 15.2907 -17.2362 2.5
      vertex 15.3171 -17.2404 5
    endloop
  endfacet
  facet normal 0.157115 0.98758 0
    outer loop
      vertex 15.2907 -17.2362 2.5
      vertex 15.3171 -17.2404 0
      vertex 15.2907 -17.2362 0
    endloop
  endfacet
  facet normal 0.155995 0.987758 0
    outer loop
      vertex 15.1362 -17.2118 5
      vertex 15.2907 -17.2362 2.5
      vertex 15.1362 -17.2118 2.5
    endloop
  endfacet
  facet normal 0.965826 0.259191 0
    outer loop
      vertex 13.8357 -16.0408 5
      vertex 13.7882 -15.8638 2.5
      vertex 13.7882 -15.8638 5
    endloop
  endfacet
  facet normal 0.965826 0.259191 0
    outer loop
      vertex 13.7882 -15.8638 2.5
      vertex 13.8357 -16.0408 5
      vertex 13.8357 -16.0408 2.5
    endloop
  endfacet
  facet normal 0.890906 0.454187 0
    outer loop
      vertex 13.9845 -16.375 5
      vertex 13.9013 -16.2118 2.5
      vertex 13.9013 -16.2118 5
    endloop
  endfacet
  facet normal 0.890906 0.454187 0
    outer loop
      vertex 13.9013 -16.2118 2.5
      vertex 13.9845 -16.375 5
      vertex 13.9845 -16.375 2.5
    endloop
  endfacet
  facet normal 0.777181 0.629277 0
    outer loop
      vertex 14.1995 -16.671 5
      vertex 14.0842 -16.5286 2.5
      vertex 14.0842 -16.5286 5
    endloop
  endfacet
  facet normal 0.777181 0.629277 0
    outer loop
      vertex 14.0842 -16.5286 2.5
      vertex 14.1995 -16.671 5
      vertex 14.1995 -16.671 2.5
    endloop
  endfacet
  facet normal -0.358174 0.933655 0
    outer loop
      vertex 16.2118 -17.0987 0
      vertex 16.0408 -17.1643 5
      vertex 16.2118 -17.0987 5
    endloop
  endfacet
  facet normal -0.358174 0.933655 0
    outer loop
      vertex 16.0408 -17.1643 5
      vertex 16.2118 -17.0987 0
      vertex 16.0408 -17.1643 0
    endloop
  endfacet
  facet normal 0.544451 0.838793 -0
    outer loop
      vertex 14.625 -17.0155 2.5
      vertex 14.4714 -16.9158 5
      vertex 14.625 -17.0155 5
    endloop
  endfacet
  facet normal 0.544451 0.838793 0
    outer loop
      vertex 14.4714 -16.9158 5
      vertex 14.625 -17.0155 2.5
      vertex 14.4714 -16.9158 2.5
    endloop
  endfacet
  facet normal 0.358174 0.933655 -0
    outer loop
      vertex 14.9592 -17.1643 2.5
      vertex 14.7882 -17.0987 5
      vertex 14.9592 -17.1643 5
    endloop
  endfacet
  facet normal 0.358174 0.933655 0
    outer loop
      vertex 14.7882 -17.0987 5
      vertex 14.9592 -17.1643 2.5
      vertex 14.7882 -17.0987 2.5
    endloop
  endfacet
  facet normal -0.629277 -0.777181 0
    outer loop
      vertex 16.5286 16.9158 0
      vertex 16.671 16.8005 5
      vertex 16.5286 16.9158 5
    endloop
  endfacet
  facet normal -0.629277 -0.777181 -0
    outer loop
      vertex 16.671 16.8005 5
      vertex 16.5286 16.9158 0
      vertex 16.671 16.8005 0
    endloop
  endfacet
  facet normal -0.998625 0.0524155 0
    outer loop
      vertex 17.2404 15.3171 0
      vertex 17.25 15.5 5
      vertex 17.25 15.5 0
    endloop
  endfacet
  facet normal -0.998625 0.0524155 0
    outer loop
      vertex 17.25 15.5 5
      vertex 17.2404 15.3171 0
      vertex 17.2404 15.3171 5
    endloop
  endfacet
  facet normal 0.358174 -0.933655 0
    outer loop
      vertex 14.7882 17.0987 2.5
      vertex 14.9592 17.1643 5
      vertex 14.7882 17.0987 5
    endloop
  endfacet
  facet normal 0.358174 -0.933655 0
    outer loop
      vertex 14.9592 17.1643 5
      vertex 14.7882 17.0987 2.5
      vertex 14.9592 17.1643 2.5
    endloop
  endfacet
  facet normal 0.933655 -0.358174 0
    outer loop
      vertex 13.8357 16.0408 5
      vertex 13.9013 16.2118 2.5
      vertex 13.9013 16.2118 5
    endloop
  endfacet
  facet normal 0.933655 -0.358174 0
    outer loop
      vertex 13.9013 16.2118 2.5
      vertex 13.8357 16.0408 5
      vertex 13.8357 16.0408 2.5
    endloop
  endfacet
  facet normal 0.358174 0.933655 -0
    outer loop
      vertex 14.9592 13.8357 2.5
      vertex 14.7882 13.9013 5
      vertex 14.9592 13.8357 5
    endloop
  endfacet
  facet normal 0.358174 0.933655 0
    outer loop
      vertex 14.7882 13.9013 5
      vertex 14.9592 13.8357 2.5
      vertex 14.7882 13.9013 2.5
    endloop
  endfacet
  facet normal -0.890906 -0.454187 0
    outer loop
      vertex 17.0987 16.2118 0
      vertex 17.0155 16.375 5
      vertex 17.0155 16.375 0
    endloop
  endfacet
  facet normal -0.890906 -0.454187 0
    outer loop
      vertex 17.0155 16.375 5
      vertex 17.0987 16.2118 0
      vertex 17.0987 16.2118 5
    endloop
  endfacet
  facet normal -0.838793 -0.544451 0
    outer loop
      vertex 17.0155 16.375 0
      vertex 16.9158 16.5286 5
      vertex 16.9158 16.5286 0
    endloop
  endfacet
  facet normal -0.838793 -0.544451 0
    outer loop
      vertex 16.9158 16.5286 5
      vertex 17.0155 16.375 0
      vertex 17.0155 16.375 5
    endloop
  endfacet
  facet normal -0.707107 -0.707107 0
    outer loop
      vertex 16.8005 16.671 0
      vertex 16.671 16.8005 5
      vertex 16.671 16.8005 0
    endloop
  endfacet
  facet normal -0.707107 -0.707107 0
    outer loop
      vertex 16.671 16.8005 5
      vertex 16.8005 16.671 0
      vertex 16.8005 16.671 5
    endloop
  endfacet
  facet normal -0.358174 -0.933655 0
    outer loop
      vertex 16.0408 17.1643 0
      vertex 16.2118 17.0987 5
      vertex 16.0408 17.1643 5
    endloop
  endfacet
  facet normal -0.358174 -0.933655 -0
    outer loop
      vertex 16.2118 17.0987 5
      vertex 16.0408 17.1643 0
      vertex 16.2118 17.0987 0
    endloop
  endfacet
  facet normal -0.0524155 -0.998625 0
    outer loop
      vertex 15.5 17.25 0
      vertex 15.6829 17.2404 5
      vertex 15.5 17.25 5
    endloop
  endfacet
  facet normal -0.0524155 -0.998625 -0
    outer loop
      vertex 15.6829 17.2404 5
      vertex 15.5 17.25 0
      vertex 15.6829 17.2404 0
    endloop
  endfacet
  facet normal 0.998625 -0.0524155 0
    outer loop
      vertex 13.75 15.5 5
      vertex 13.7596 15.6829 2.5
      vertex 13.7596 15.6829 5
    endloop
  endfacet
  facet normal 0.998625 -0.0524155 0
    outer loop
      vertex 13.7596 15.6829 2.5
      vertex 13.75 15.5 5
      vertex 13.75 15.5 2.5
    endloop
  endfacet
  facet normal 0.777181 -0.629277 0
    outer loop
      vertex 14.0842 16.5286 5
      vertex 14.1995 16.671 2.5
      vertex 14.1995 16.671 5
    endloop
  endfacet
  facet normal 0.777181 -0.629277 0
    outer loop
      vertex 14.1995 16.671 2.5
      vertex 14.0842 16.5286 5
      vertex 14.0842 16.5286 2.5
    endloop
  endfacet
  facet normal 0.259191 -0.965826 0
    outer loop
      vertex 14.9592 17.1643 2.5
      vertex 15.1362 17.2118 5
      vertex 14.9592 17.1643 5
    endloop
  endfacet
  facet normal 0.259191 -0.965826 0
    outer loop
      vertex 15.1362 17.2118 5
      vertex 14.9592 17.1643 2.5
      vertex 15.1362 17.2118 2.5
    endloop
  endfacet
  facet normal -0.777181 0.629277 0
    outer loop
      vertex 16.8005 14.329 2.5
      vertex 16.9158 14.4714 5
      vertex 16.9158 14.4714 2.5
    endloop
  endfacet
  facet normal -0.777181 0.629277 0
    outer loop
      vertex 16.9158 14.4714 5
      vertex 16.8005 14.329 2.5
      vertex 16.8005 14.329 5
    endloop
  endfacet
  facet normal -0.933655 0.358174 0
    outer loop
      vertex 17.0987 14.7882 2.5
      vertex 17.1643 14.9592 5
      vertex 17.1643 14.9592 2.5
    endloop
  endfacet
  facet normal -0.933655 0.358174 0
    outer loop
      vertex 17.1643 14.9592 5
      vertex 17.0987 14.7882 2.5
      vertex 17.0987 14.7882 5
    endloop
  endfacet
  facet normal 0.0524155 0.998625 -0
    outer loop
      vertex 15.5 13.75 2.5
      vertex 15.3171 13.7596 5
      vertex 15.5 13.75 5
    endloop
  endfacet
  facet normal 0.0524155 0.998625 0
    outer loop
      vertex 15.3171 13.7596 5
      vertex 15.5 13.75 2.5
      vertex 15.3171 13.7596 2.5
    endloop
  endfacet
  facet normal 0.629277 0.777181 -0
    outer loop
      vertex 14.4714 14.0842 2.5
      vertex 14.329 14.1995 5
      vertex 14.4714 14.0842 5
    endloop
  endfacet
  facet normal 0.629277 0.777181 0
    outer loop
      vertex 14.329 14.1995 5
      vertex 14.4714 14.0842 2.5
      vertex 14.329 14.1995 2.5
    endloop
  endfacet
  facet normal -0.965826 -0.259191 0
    outer loop
      vertex 17.2118 15.8638 0
      vertex 17.1643 16.0408 5
      vertex 17.1643 16.0408 0
    endloop
  endfacet
  facet normal -0.965826 -0.259191 0
    outer loop
      vertex 17.1643 16.0408 5
      vertex 17.2118 15.8638 0
      vertex 17.2118 15.8638 5
    endloop
  endfacet
  facet normal -0.933655 -0.358174 0
    outer loop
      vertex 17.1643 16.0408 0
      vertex 17.0987 16.2118 5
      vertex 17.0987 16.2118 0
    endloop
  endfacet
  facet normal -0.933655 -0.358174 0
    outer loop
      vertex 17.0987 16.2118 5
      vertex 17.1643 16.0408 0
      vertex 17.1643 16.0408 5
    endloop
  endfacet
  facet normal -0.777181 -0.629277 0
    outer loop
      vertex 16.9158 16.5286 0
      vertex 16.8005 16.671 5
      vertex 16.8005 16.671 0
    endloop
  endfacet
  facet normal -0.777181 -0.629277 0
    outer loop
      vertex 16.8005 16.671 5
      vertex 16.9158 16.5286 0
      vertex 16.9158 16.5286 5
    endloop
  endfacet
  facet normal -0.544451 -0.838793 0
    outer loop
      vertex 16.375 17.0155 0
      vertex 16.5286 16.9158 5
      vertex 16.375 17.0155 5
    endloop
  endfacet
  facet normal -0.544451 -0.838793 -0
    outer loop
      vertex 16.5286 16.9158 5
      vertex 16.375 17.0155 0
      vertex 16.5286 16.9158 0
    endloop
  endfacet
  facet normal 0.0524155 -0.998625 0
    outer loop
      vertex 15.3171 17.2404 0
      vertex 15.5 17.25 5
      vertex 15.3171 17.2404 5
    endloop
  endfacet
  facet normal 0.0524155 -0.998625 0
    outer loop
      vertex 15.5 17.25 5
      vertex 15.3171 17.2404 0
      vertex 15.5 17.25 0
    endloop
  endfacet
  facet normal -0.454187 -0.890906 0
    outer loop
      vertex 16.2118 17.0987 0
      vertex 16.375 17.0155 5
      vertex 16.2118 17.0987 5
    endloop
  endfacet
  facet normal -0.454187 -0.890906 -0
    outer loop
      vertex 16.375 17.0155 5
      vertex 16.2118 17.0987 0
      vertex 16.375 17.0155 0
    endloop
  endfacet
  facet normal -0.259191 -0.965826 0
    outer loop
      vertex 15.8638 17.2118 0
      vertex 16.0408 17.1643 5
      vertex 15.8638 17.2118 5
    endloop
  endfacet
  facet normal -0.259191 -0.965826 -0
    outer loop
      vertex 16.0408 17.1643 5
      vertex 15.8638 17.2118 0
      vertex 16.0408 17.1643 0
    endloop
  endfacet
  facet normal -0.156159 -0.987732 0
    outer loop
      vertex 15.6829 17.2404 0
      vertex 15.8638 17.2118 5
      vertex 15.6829 17.2404 5
    endloop
  endfacet
  facet normal -0.156159 -0.987732 -0
    outer loop
      vertex 15.8638 17.2118 5
      vertex 15.6829 17.2404 0
      vertex 15.8638 17.2118 0
    endloop
  endfacet
  facet normal 0.998625 0.0524155 0
    outer loop
      vertex 13.7596 15.3171 5
      vertex 13.75 15.5 2.5
      vertex 13.75 15.5 5
    endloop
  endfacet
  facet normal 0.998625 0.0524155 0
    outer loop
      vertex 13.75 15.5 2.5
      vertex 13.7596 15.3171 5
      vertex 13.7596 15.3171 2.5
    endloop
  endfacet
  facet normal 0.965826 -0.259191 0
    outer loop
      vertex 13.7882 15.8638 5
      vertex 13.8357 16.0408 2.5
      vertex 13.8357 16.0408 5
    endloop
  endfacet
  facet normal 0.965826 -0.259191 0
    outer loop
      vertex 13.8357 16.0408 2.5
      vertex 13.7882 15.8638 5
      vertex 13.7882 15.8638 2.5
    endloop
  endfacet
  facet normal 0.987732 -0.156159 0
    outer loop
      vertex 13.7596 15.6829 5
      vertex 13.7882 15.8638 2.5
      vertex 13.7882 15.8638 5
    endloop
  endfacet
  facet normal 0.987732 -0.156159 0
    outer loop
      vertex 13.7882 15.8638 2.5
      vertex 13.7596 15.6829 5
      vertex 13.7596 15.6829 2.5
    endloop
  endfacet
  facet normal 0.890906 -0.454187 0
    outer loop
      vertex 13.9013 16.2118 5
      vertex 13.9845 16.375 2.5
      vertex 13.9845 16.375 5
    endloop
  endfacet
  facet normal 0.890906 -0.454187 0
    outer loop
      vertex 13.9845 16.375 2.5
      vertex 13.9013 16.2118 5
      vertex 13.9013 16.2118 2.5
    endloop
  endfacet
  facet normal 0.838793 -0.544451 0
    outer loop
      vertex 13.9845 16.375 5
      vertex 14.0842 16.5286 2.5
      vertex 14.0842 16.5286 5
    endloop
  endfacet
  facet normal 0.838793 -0.544451 0
    outer loop
      vertex 14.0842 16.5286 2.5
      vertex 13.9845 16.375 5
      vertex 13.9845 16.375 2.5
    endloop
  endfacet
  facet normal 0.155995 -0.987758 0
    outer loop
      vertex 15.2907 17.2362 2.5
      vertex 15.1362 17.2118 5
      vertex 15.1362 17.2118 2.5
    endloop
  endfacet
  facet normal 0.156159 -0.987732 1.03523e-05
    outer loop
      vertex 15.1362 17.2118 5
      vertex 15.2907 17.2362 2.5
      vertex 15.3171 17.2404 5
    endloop
  endfacet
  facet normal 0.157115 -0.98758 0
    outer loop
      vertex 15.3171 17.2404 0
      vertex 15.2907 17.2362 2.5
      vertex 15.2907 17.2362 0
    endloop
  endfacet
  facet normal 0.157115 -0.98758 0
    outer loop
      vertex 15.2907 17.2362 2.5
      vertex 15.3171 17.2404 0
      vertex 15.3171 17.2404 5
    endloop
  endfacet
  facet normal 0.544451 -0.838793 0
    outer loop
      vertex 14.4714 16.9158 2.5
      vertex 14.625 17.0155 5
      vertex 14.4714 16.9158 5
    endloop
  endfacet
  facet normal 0.544451 -0.838793 0
    outer loop
      vertex 14.625 17.0155 5
      vertex 14.4714 16.9158 2.5
      vertex 14.625 17.0155 2.5
    endloop
  endfacet
  facet normal 0.629277 -0.777181 0
    outer loop
      vertex 14.329 16.8005 2.5
      vertex 14.4714 16.9158 5
      vertex 14.329 16.8005 5
    endloop
  endfacet
  facet normal 0.629277 -0.777181 0
    outer loop
      vertex 14.4714 16.9158 5
      vertex 14.329 16.8005 2.5
      vertex 14.4714 16.9158 2.5
    endloop
  endfacet
  facet normal 0.454187 -0.890906 0
    outer loop
      vertex 14.625 17.0155 2.5
      vertex 14.7882 17.0987 5
      vertex 14.625 17.0155 5
    endloop
  endfacet
  facet normal 0.454187 -0.890906 0
    outer loop
      vertex 14.7882 17.0987 5
      vertex 14.625 17.0155 2.5
      vertex 14.7882 17.0987 2.5
    endloop
  endfacet
  facet normal 0.707107 -0.707107 0
    outer loop
      vertex 14.1995 16.671 5
      vertex 14.329 16.8005 2.5
      vertex 14.329 16.8005 5
    endloop
  endfacet
  facet normal 0.707107 -0.707107 0
    outer loop
      vertex 14.329 16.8005 2.5
      vertex 14.1995 16.671 5
      vertex 14.1995 16.671 2.5
    endloop
  endfacet
  facet normal -0.998625 -0.0524155 0
    outer loop
      vertex 17.25 15.5 0
      vertex 17.2404 15.6829 5
      vertex 17.2404 15.6829 0
    endloop
  endfacet
  facet normal -0.998625 -0.0524155 0
    outer loop
      vertex 17.2404 15.6829 5
      vertex 17.25 15.5 0
      vertex 17.25 15.5 5
    endloop
  endfacet
  facet normal -0.965826 0.259191 0
    outer loop
      vertex 17.1643 14.9592 2.5
      vertex 17.2118 15.1362 5
      vertex 17.2118 15.1362 2.5
    endloop
  endfacet
  facet normal -0.965826 0.259191 0
    outer loop
      vertex 17.2118 15.1362 5
      vertex 17.1643 14.9592 2.5
      vertex 17.1643 14.9592 5
    endloop
  endfacet
  facet normal -0.156159 0.987732 0
    outer loop
      vertex 15.8638 13.7882 2.5
      vertex 15.6829 13.7596 5
      vertex 15.8638 13.7882 5
    endloop
  endfacet
  facet normal -0.156159 0.987732 0
    outer loop
      vertex 15.6829 13.7596 5
      vertex 15.8638 13.7882 2.5
      vertex 15.6829 13.7596 2.5
    endloop
  endfacet
  facet normal -0.259191 0.965826 0
    outer loop
      vertex 16.0408 13.8357 2.5
      vertex 15.8638 13.7882 5
      vertex 16.0408 13.8357 5
    endloop
  endfacet
  facet normal -0.259191 0.965826 0
    outer loop
      vertex 15.8638 13.7882 5
      vertex 16.0408 13.8357 2.5
      vertex 15.8638 13.7882 2.5
    endloop
  endfacet
  facet normal -0.358174 0.933655 0
    outer loop
      vertex 16.2118 13.9013 2.5
      vertex 16.0408 13.8357 5
      vertex 16.2118 13.9013 5
    endloop
  endfacet
  facet normal -0.358174 0.933655 0
    outer loop
      vertex 16.0408 13.8357 5
      vertex 16.2118 13.9013 2.5
      vertex 16.0408 13.8357 2.5
    endloop
  endfacet
  facet normal -0.707107 0.707107 0
    outer loop
      vertex 16.671 14.1995 2.5
      vertex 16.8005 14.329 5
      vertex 16.8005 14.329 2.5
    endloop
  endfacet
  facet normal -0.707107 0.707107 0
    outer loop
      vertex 16.8005 14.329 5
      vertex 16.671 14.1995 2.5
      vertex 16.671 14.1995 5
    endloop
  endfacet
  facet normal -0.544451 0.838793 0
    outer loop
      vertex 16.5286 14.0842 2.5
      vertex 16.375 13.9845 5
      vertex 16.5286 14.0842 5
    endloop
  endfacet
  facet normal -0.544451 0.838793 0
    outer loop
      vertex 16.375 13.9845 5
      vertex 16.5286 14.0842 2.5
      vertex 16.375 13.9845 2.5
    endloop
  endfacet
  facet normal -0.0524155 0.998625 0
    outer loop
      vertex 15.6829 13.7596 2.5
      vertex 15.5 13.75 5
      vertex 15.6829 13.7596 5
    endloop
  endfacet
  facet normal -0.0524155 0.998625 0
    outer loop
      vertex 15.5 13.75 5
      vertex 15.6829 13.7596 2.5
      vertex 15.5 13.75 2.5
    endloop
  endfacet
  facet normal 0.259191 0.965826 -0
    outer loop
      vertex 15.1362 13.7882 2.5
      vertex 14.9592 13.8357 5
      vertex 15.1362 13.7882 5
    endloop
  endfacet
  facet normal 0.259191 0.965826 0
    outer loop
      vertex 14.9592 13.8357 5
      vertex 15.1362 13.7882 2.5
      vertex 14.9592 13.8357 2.5
    endloop
  endfacet
  facet normal 0.454187 0.890906 -0
    outer loop
      vertex 14.7882 13.9013 2.5
      vertex 14.625 13.9845 5
      vertex 14.7882 13.9013 5
    endloop
  endfacet
  facet normal 0.454187 0.890906 0
    outer loop
      vertex 14.625 13.9845 5
      vertex 14.7882 13.9013 2.5
      vertex 14.625 13.9845 2.5
    endloop
  endfacet
  facet normal 0.933655 0.358174 0
    outer loop
      vertex 13.9013 14.7882 5
      vertex 13.8357 14.9592 2.5
      vertex 13.8357 14.9592 5
    endloop
  endfacet
  facet normal 0.933655 0.358174 0
    outer loop
      vertex 13.8357 14.9592 2.5
      vertex 13.9013 14.7882 5
      vertex 13.9013 14.7882 2.5
    endloop
  endfacet
  facet normal 0.987732 0.156159 0
    outer loop
      vertex 13.7882 15.1362 5
      vertex 13.7596 15.3171 2.5
      vertex 13.7596 15.3171 5
    endloop
  endfacet
  facet normal 0.987732 0.156159 0
    outer loop
      vertex 13.7596 15.3171 2.5
      vertex 13.7882 15.1362 5
      vertex 13.7882 15.1362 2.5
    endloop
  endfacet
  facet normal 0.777181 0.629277 0
    outer loop
      vertex 14.1995 14.329 5
      vertex 14.0842 14.4714 2.5
      vertex 14.0842 14.4714 5
    endloop
  endfacet
  facet normal 0.777181 0.629277 0
    outer loop
      vertex 14.0842 14.4714 2.5
      vertex 14.1995 14.329 5
      vertex 14.1995 14.329 2.5
    endloop
  endfacet
  facet normal 0.890906 0.454187 0
    outer loop
      vertex 13.9845 14.625 5
      vertex 13.9013 14.7882 2.5
      vertex 13.9013 14.7882 5
    endloop
  endfacet
  facet normal 0.890906 0.454187 0
    outer loop
      vertex 13.9013 14.7882 2.5
      vertex 13.9845 14.625 5
      vertex 13.9845 14.625 2.5
    endloop
  endfacet
  facet normal -0.987732 -0.156159 0
    outer loop
      vertex 17.2404 15.6829 0
      vertex 17.2118 15.8638 5
      vertex 17.2118 15.8638 0
    endloop
  endfacet
  facet normal -0.987732 -0.156159 0
    outer loop
      vertex 17.2118 15.8638 5
      vertex 17.2404 15.6829 0
      vertex 17.2404 15.6829 5
    endloop
  endfacet
  facet normal -0.98758 0.157115 0
    outer loop
      vertex 17.2362 15.2907 2.5
      vertex 17.2404 15.3171 0
      vertex 17.2362 15.2907 0
    endloop
  endfacet
  facet normal -0.98758 0.157115 0
    outer loop
      vertex 17.2404 15.3171 0
      vertex 17.2362 15.2907 2.5
      vertex 17.2404 15.3171 5
    endloop
  endfacet
  facet normal -0.987758 0.155995 0
    outer loop
      vertex 17.2118 15.1362 5
      vertex 17.2362 15.2907 2.5
      vertex 17.2118 15.1362 2.5
    endloop
  endfacet
  facet normal -0.987732 0.156159 1.03523e-05
    outer loop
      vertex 17.2362 15.2907 2.5
      vertex 17.2118 15.1362 5
      vertex 17.2404 15.3171 5
    endloop
  endfacet
  facet normal -0.890906 0.454187 0
    outer loop
      vertex 17.0155 14.625 2.5
      vertex 17.0987 14.7882 5
      vertex 17.0987 14.7882 2.5
    endloop
  endfacet
  facet normal -0.890906 0.454187 0
    outer loop
      vertex 17.0987 14.7882 5
      vertex 17.0155 14.625 2.5
      vertex 17.0155 14.625 5
    endloop
  endfacet
  facet normal -0.838793 0.544451 0
    outer loop
      vertex 16.9158 14.4714 2.5
      vertex 17.0155 14.625 5
      vertex 17.0155 14.625 2.5
    endloop
  endfacet
  facet normal -0.838793 0.544451 0
    outer loop
      vertex 17.0155 14.625 5
      vertex 16.9158 14.4714 2.5
      vertex 16.9158 14.4714 5
    endloop
  endfacet
  facet normal -0.454187 0.890906 0
    outer loop
      vertex 16.375 13.9845 2.5
      vertex 16.2118 13.9013 5
      vertex 16.375 13.9845 5
    endloop
  endfacet
  facet normal -0.454187 0.890906 0
    outer loop
      vertex 16.2118 13.9013 5
      vertex 16.375 13.9845 2.5
      vertex 16.2118 13.9013 2.5
    endloop
  endfacet
  facet normal -0.629277 0.777181 0
    outer loop
      vertex 16.671 14.1995 2.5
      vertex 16.5286 14.0842 5
      vertex 16.671 14.1995 5
    endloop
  endfacet
  facet normal -0.629277 0.777181 0
    outer loop
      vertex 16.5286 14.0842 5
      vertex 16.671 14.1995 2.5
      vertex 16.5286 14.0842 2.5
    endloop
  endfacet
  facet normal 0.156159 0.987732 -0
    outer loop
      vertex 15.3171 13.7596 2.5
      vertex 15.1362 13.7882 5
      vertex 15.3171 13.7596 5
    endloop
  endfacet
  facet normal 0.156159 0.987732 0
    outer loop
      vertex 15.1362 13.7882 5
      vertex 15.3171 13.7596 2.5
      vertex 15.1362 13.7882 2.5
    endloop
  endfacet
  facet normal 0.544451 0.838793 -0
    outer loop
      vertex 14.625 13.9845 2.5
      vertex 14.4714 14.0842 5
      vertex 14.625 13.9845 5
    endloop
  endfacet
  facet normal 0.544451 0.838793 0
    outer loop
      vertex 14.4714 14.0842 5
      vertex 14.625 13.9845 2.5
      vertex 14.4714 14.0842 2.5
    endloop
  endfacet
  facet normal 0.965826 0.259191 0
    outer loop
      vertex 13.8357 14.9592 5
      vertex 13.7882 15.1362 2.5
      vertex 13.7882 15.1362 5
    endloop
  endfacet
  facet normal 0.965826 0.259191 0
    outer loop
      vertex 13.7882 15.1362 2.5
      vertex 13.8357 14.9592 5
      vertex 13.8357 14.9592 2.5
    endloop
  endfacet
  facet normal 0.838793 0.544451 0
    outer loop
      vertex 14.0842 14.4714 5
      vertex 13.9845 14.625 2.5
      vertex 13.9845 14.625 5
    endloop
  endfacet
  facet normal 0.838793 0.544451 0
    outer loop
      vertex 13.9845 14.625 2.5
      vertex 14.0842 14.4714 5
      vertex 14.0842 14.4714 2.5
    endloop
  endfacet
  facet normal 0.707107 0.707107 0
    outer loop
      vertex 14.329 14.1995 5
      vertex 14.1995 14.329 2.5
      vertex 14.1995 14.329 5
    endloop
  endfacet
  facet normal 0.707107 0.707107 0
    outer loop
      vertex 14.1995 14.329 2.5
      vertex 14.329 14.1995 5
      vertex 14.329 14.1995 2.5
    endloop
  endfacet
  facet normal -0.707107 -0.707107 0
    outer loop
      vertex 11.5269 21 0
      vertex 15.2907 17.2362 2.5
      vertex 11.5269 21 2.5
    endloop
  endfacet
  facet normal -0.707107 -0.707107 -0
    outer loop
      vertex 15.2907 17.2362 2.5
      vertex 11.5269 21 0
      vertex 15.2907 17.2362 0
    endloop
  endfacet
  facet normal -0.707107 -0.707107 0
    outer loop
      vertex 21 11.5269 0
      vertex 17.2362 15.2907 2.5
      vertex 17.2362 15.2907 0
    endloop
  endfacet
  facet normal -0.707107 -0.707107 0
    outer loop
      vertex 17.2362 15.2907 2.5
      vertex 21 11.5269 0
      vertex 21 11.5269 2.5
    endloop
  endfacet
  facet normal 0 0 -1
    outer loop
      vertex 15.8638 13.7882 2.5
      vertex 21 11.5269 2.5
      vertex 21 6.85786 2.5
    endloop
  endfacet
  facet normal 0 0 -1
    outer loop
      vertex 21 11.5269 2.5
      vertex 17.2118 15.1362 2.5
      vertex 17.2362 15.2907 2.5
    endloop
  endfacet
  facet normal 0 0 -1
    outer loop
      vertex 21 11.5269 2.5
      vertex 17.1643 14.9592 2.5
      vertex 17.2118 15.1362 2.5
    endloop
  endfacet
  facet normal 0 0 -1
    outer loop
      vertex 21 11.5269 2.5
      vertex 17.0987 14.7882 2.5
      vertex 17.1643 14.9592 2.5
    endloop
  endfacet
  facet normal 0 0 -1
    outer loop
      vertex 21 11.5269 2.5
      vertex 17.0155 14.625 2.5
      vertex 17.0987 14.7882 2.5
    endloop
  endfacet
  facet normal 0 0 -1
    outer loop
      vertex 21 11.5269 2.5
      vertex 16.9158 14.4714 2.5
      vertex 17.0155 14.625 2.5
    endloop
  endfacet
  facet normal 0 0 -1
    outer loop
      vertex 21 11.5269 2.5
      vertex 16.8005 14.329 2.5
      vertex 16.9158 14.4714 2.5
    endloop
  endfacet
  facet normal 0 0 -1
    outer loop
      vertex 21 11.5269 2.5
      vertex 16.671 14.1995 2.5
      vertex 16.8005 14.329 2.5
    endloop
  endfacet
  facet normal 0 0 -1
    outer loop
      vertex 21 11.5269 2.5
      vertex 16.5286 14.0842 2.5
      vertex 16.671 14.1995 2.5
    endloop
  endfacet
  facet normal 0 0 -1
    outer loop
      vertex 21 11.5269 2.5
      vertex 16.375 13.9845 2.5
      vertex 16.5286 14.0842 2.5
    endloop
  endfacet
  facet normal 0 0 -1
    outer loop
      vertex 15.5 13.75 2.5
      vertex 21 6.85786 2.5
      vertex 16.2635 2.12132 2.5
    endloop
  endfacet
  facet normal 0 0 -1
    outer loop
      vertex 21 11.5269 2.5
      vertex 16.2118 13.9013 2.5
      vertex 16.375 13.9845 2.5
    endloop
  endfacet
  facet normal 0 0 -1
    outer loop
      vertex 21 11.5269 2.5
      vertex 16.0408 13.8357 2.5
      vertex 16.2118 13.9013 2.5
    endloop
  endfacet
  facet normal 0 0 -1
    outer loop
      vertex 21 11.5269 2.5
      vertex 15.8638 13.7882 2.5
      vertex 16.0408 13.8357 2.5
    endloop
  endfacet
  facet normal 0 0 -1
    outer loop
      vertex 21 6.85786 2.5
      vertex 15.6829 13.7596 2.5
      vertex 15.8638 13.7882 2.5
    endloop
  endfacet
  facet normal 0 0 -1
    outer loop
      vertex 21 6.85786 2.5
      vertex 15.5 13.75 2.5
      vertex 15.6829 13.7596 2.5
    endloop
  endfacet
  facet normal 0 0 -1
    outer loop
      vertex 16.2635 2.12132 2.5
      vertex 15.3171 13.7596 2.5
      vertex 15.5 13.75 2.5
    endloop
  endfacet
  facet normal 0 0 -1
    outer loop
      vertex 16.2635 2.12132 2.5
      vertex 15.1362 13.7882 2.5
      vertex 15.3171 13.7596 2.5
    endloop
  endfacet
  facet normal 0 0 -1
    outer loop
      vertex 16.2635 2.12132 2.5
      vertex 14.9592 13.8357 2.5
      vertex 15.1362 13.7882 2.5
    endloop
  endfacet
  facet normal 0 0 -1
    outer loop
      vertex 16.2635 2.12132 2.5
      vertex 14.7882 13.9013 2.5
      vertex 14.9592 13.8357 2.5
    endloop
  endfacet
  facet normal 0 0 -1
    outer loop
      vertex 16.2635 2.12132 2.5
      vertex 14.625 13.9845 2.5
      vertex 14.7882 13.9013 2.5
    endloop
  endfacet
  facet normal 0 0 -1
    outer loop
      vertex 16.2635 2.12132 2.5
      vertex 14.4714 14.0842 2.5
      vertex 14.625 13.9845 2.5
    endloop
  endfacet
  facet normal 0 0 -1
    outer loop
      vertex 16.2635 2.12132 2.5
      vertex 14.329 14.1995 2.5
      vertex 14.4714 14.0842 2.5
    endloop
  endfacet
  facet normal 0 0 -1
    outer loop
      vertex 16.2635 2.12132 2.5
      vertex 14.1995 14.329 2.5
      vertex 14.329 14.1995 2.5
    endloop
  endfacet
  facet normal 0 0 -1
    outer loop
      vertex 2.12132 16.2635 2.5
      vertex 14.1995 14.329 2.5
      vertex 16.2635 2.12132 2.5
    endloop
  endfacet
  facet normal 0 0 -1
    outer loop
      vertex 14.1995 14.329 2.5
      vertex 2.12132 16.2635 2.5
      vertex 14.0842 14.4714 2.5
    endloop
  endfacet
  facet normal 0 0 -1
    outer loop
      vertex 14.0842 14.4714 2.5
      vertex 2.12132 16.2635 2.5
      vertex 13.9845 14.625 2.5
    endloop
  endfacet
  facet normal 0 0 -1
    outer loop
      vertex 13.9845 14.625 2.5
      vertex 2.12132 16.2635 2.5
      vertex 13.9013 14.7882 2.5
    endloop
  endfacet
  facet normal 0 0 -1
    outer loop
      vertex 13.9013 14.7882 2.5
      vertex 2.12132 16.2635 2.5
      vertex 13.8357 14.9592 2.5
    endloop
  endfacet
  facet normal 0 0 -1
    outer loop
      vertex 2.12132 16.2635 2.5
      vertex 13.75 15.5 2.5
      vertex 13.7596 15.3171 2.5
    endloop
  endfacet
  facet normal 0 0 -1
    outer loop
      vertex 2.12132 16.2635 2.5
      vertex 13.7596 15.3171 2.5
      vertex 13.7882 15.1362 2.5
    endloop
  endfacet
  facet normal 0 0 -1
    outer loop
      vertex 13.8357 14.9592 2.5
      vertex 2.12132 16.2635 2.5
      vertex 13.7882 15.1362 2.5
    endloop
  endfacet
  facet normal 0 0 -1
    outer loop
      vertex 13.75 15.5 2.5
      vertex 2.12132 16.2635 2.5
      vertex 6.85786 21 2.5
    endloop
  endfacet
  facet normal 0 0 -1
    outer loop
      vertex 13.75 15.5 2.5
      vertex 6.85786 21 2.5
      vertex 11.5269 21 2.5
    endloop
  endfacet
  facet normal 0 0 -1
    outer loop
      vertex 15.1362 17.2118 2.5
      vertex 11.5269 21 2.5
      vertex 15.2907 17.2362 2.5
    endloop
  endfacet
  facet normal 0 0 -1
    outer loop
      vertex 14.9592 17.1643 2.5
      vertex 11.5269 21 2.5
      vertex 15.1362 17.2118 2.5
    endloop
  endfacet
  facet normal 0 0 -1
    outer loop
      vertex 14.7882 17.0987 2.5
      vertex 11.5269 21 2.5
      vertex 14.9592 17.1643 2.5
    endloop
  endfacet
  facet normal 0 0 -1
    outer loop
      vertex 14.625 17.0155 2.5
      vertex 11.5269 21 2.5
      vertex 14.7882 17.0987 2.5
    endloop
  endfacet
  facet normal 0 0 -1
    outer loop
      vertex 14.4714 16.9158 2.5
      vertex 11.5269 21 2.5
      vertex 14.625 17.0155 2.5
    endloop
  endfacet
  facet normal 0 0 -1
    outer loop
      vertex 14.329 16.8005 2.5
      vertex 11.5269 21 2.5
      vertex 14.4714 16.9158 2.5
    endloop
  endfacet
  facet normal 0 0 -1
    outer loop
      vertex 14.1995 16.671 2.5
      vertex 11.5269 21 2.5
      vertex 14.329 16.8005 2.5
    endloop
  endfacet
  facet normal 0 0 -1
    outer loop
      vertex 14.0842 16.5286 2.5
      vertex 11.5269 21 2.5
      vertex 14.1995 16.671 2.5
    endloop
  endfacet
  facet normal 0 0 -1
    outer loop
      vertex 13.9845 16.375 2.5
      vertex 11.5269 21 2.5
      vertex 14.0842 16.5286 2.5
    endloop
  endfacet
  facet normal 0 0 -1
    outer loop
      vertex 13.9013 16.2118 2.5
      vertex 11.5269 21 2.5
      vertex 13.9845 16.375 2.5
    endloop
  endfacet
  facet normal 0 0 -1
    outer loop
      vertex 13.8357 16.0408 2.5
      vertex 11.5269 21 2.5
      vertex 13.9013 16.2118 2.5
    endloop
  endfacet
  facet normal 0 0 -1
    outer loop
      vertex 13.7882 15.8638 2.5
      vertex 11.5269 21 2.5
      vertex 13.8357 16.0408 2.5
    endloop
  endfacet
  facet normal 0 0 -1
    outer loop
      vertex 13.7596 15.6829 2.5
      vertex 11.5269 21 2.5
      vertex 13.7882 15.8638 2.5
    endloop
  endfacet
  facet normal 0 0 -1
    outer loop
      vertex 11.5269 21 2.5
      vertex 13.7596 15.6829 2.5
      vertex 13.75 15.5 2.5
    endloop
  endfacet
  facet normal 0.707104 -0.70711 0
    outer loop
      vertex 2.12132 16.2635 2.5
      vertex 6.85786 21 0
      vertex 6.85786 21 2.5
    endloop
  endfacet
  facet normal 0.707104 -0.70711 0
    outer loop
      vertex 6.85786 21 0
      vertex 2.12132 16.2635 2.5
      vertex 2.12132 16.2635 0
    endloop
  endfacet
  facet normal 0.707107 0.707107 0
    outer loop
      vertex 16.2635 2.12132 2.5
      vertex 2.12132 16.2635 0
      vertex 2.12132 16.2635 2.5
    endloop
  endfacet
  facet normal 0.707107 0.707107 0
    outer loop
      vertex 2.12132 16.2635 0
      vertex 16.2635 2.12132 2.5
      vertex 16.2635 2.12132 0
    endloop
  endfacet
  facet normal -0.70711 0.707104 0
    outer loop
      vertex 21 6.85786 0
      vertex 16.2635 2.12132 2.5
      vertex 21 6.85786 2.5
    endloop
  endfacet
  facet normal -0.70711 0.707104 0
    outer loop
      vertex 16.2635 2.12132 2.5
      vertex 21 6.85786 0
      vertex 16.2635 2.12132 0
    endloop
  endfacet
  facet normal 0 0 -1
    outer loop
      vertex -13.75 15.5 2.5
      vertex -6.85786 21 2.5
      vertex -2.12132 16.2635 2.5
    endloop
  endfacet
  facet normal 0 0 -1
    outer loop
      vertex -6.85786 21 2.5
      vertex -13.75 15.5 2.5
      vertex -13.7596 15.6829 2.5
    endloop
  endfacet
  facet normal 0 0 -1
    outer loop
      vertex -2.12132 16.2635 2.5
      vertex -13.7596 15.3171 2.5
      vertex -13.75 15.5 2.5
    endloop
  endfacet
  facet normal 0 0 -1
    outer loop
      vertex -2.12132 16.2635 2.5
      vertex -13.7882 15.1362 2.5
      vertex -13.7596 15.3171 2.5
    endloop
  endfacet
  facet normal 0 0 -1
    outer loop
      vertex -2.12132 16.2635 2.5
      vertex -13.8357 14.9592 2.5
      vertex -13.7882 15.1362 2.5
    endloop
  endfacet
  facet normal 0 0 -1
    outer loop
      vertex -2.12132 16.2635 2.5
      vertex -13.9013 14.7882 2.5
      vertex -13.8357 14.9592 2.5
    endloop
  endfacet
  facet normal 0 0 -1
    outer loop
      vertex -2.12132 16.2635 2.5
      vertex -13.9845 14.625 2.5
      vertex -13.9013 14.7882 2.5
    endloop
  endfacet
  facet normal 0 0 -1
    outer loop
      vertex -2.12132 16.2635 2.5
      vertex -14.0842 14.4714 2.5
      vertex -13.9845 14.625 2.5
    endloop
  endfacet
  facet normal 0 0 -1
    outer loop
      vertex -2.12132 16.2635 2.5
      vertex -14.1995 14.329 2.5
      vertex -14.0842 14.4714 2.5
    endloop
  endfacet
  facet normal 0 0 -1
    outer loop
      vertex -2.12132 16.2635 2.5
      vertex -14.329 14.1995 2.5
      vertex -14.1995 14.329 2.5
    endloop
  endfacet
  facet normal 0 0 -1
    outer loop
      vertex -16.2635 2.12132 2.5
      vertex -14.329 14.1995 2.5
      vertex -2.12132 16.2635 2.5
    endloop
  endfacet
  facet normal 0 0 -1
    outer loop
      vertex -14.329 14.1995 2.5
      vertex -16.2635 2.12132 2.5
      vertex -14.4714 14.0842 2.5
    endloop
  endfacet
  facet normal 0 0 -1
    outer loop
      vertex -14.4714 14.0842 2.5
      vertex -16.2635 2.12132 2.5
      vertex -14.625 13.9845 2.5
    endloop
  endfacet
  facet normal 0 0 -1
    outer loop
      vertex -14.625 13.9845 2.5
      vertex -16.2635 2.12132 2.5
      vertex -14.7882 13.9013 2.5
    endloop
  endfacet
  facet normal 0 0 -1
    outer loop
      vertex -14.7882 13.9013 2.5
      vertex -16.2635 2.12132 2.5
      vertex -14.9592 13.8357 2.5
    endloop
  endfacet
  facet normal 0 0 -1
    outer loop
      vertex -14.9592 13.8357 2.5
      vertex -16.2635 2.12132 2.5
      vertex -15.1362 13.7882 2.5
    endloop
  endfacet
  facet normal 0 0 -1
    outer loop
      vertex -16.2635 2.12132 2.5
      vertex -15.3171 13.7596 2.5
      vertex -15.1362 13.7882 2.5
    endloop
  endfacet
  facet normal 0 0 -1
    outer loop
      vertex -16.2635 2.12132 2.5
      vertex -15.5 13.75 2.5
      vertex -15.3171 13.7596 2.5
    endloop
  endfacet
  facet normal 0 0 -1
    outer loop
      vertex -21 6.85786 2.5
      vertex -15.5 13.75 2.5
      vertex -16.2635 2.12132 2.5
    endloop
  endfacet
  facet normal -0 0 -1
    outer loop
      vertex -15.5 13.75 2.5
      vertex -21 6.85786 2.5
      vertex -15.6829 13.7596 2.5
    endloop
  endfacet
  facet normal -0 0 -1
    outer loop
      vertex -15.6829 13.7596 2.5
      vertex -21 6.85786 2.5
      vertex -15.8638 13.7882 2.5
    endloop
  endfacet
  facet normal 0 0 -1
    outer loop
      vertex -21 11.5269 2.5
      vertex -15.8638 13.7882 2.5
      vertex -21 6.85786 2.5
    endloop
  endfacet
  facet normal -0 0 -1
    outer loop
      vertex -15.8638 13.7882 2.5
      vertex -21 11.5269 2.5
      vertex -16.0408 13.8357 2.5
    endloop
  endfacet
  facet normal -0 0 -1
    outer loop
      vertex -16.0408 13.8357 2.5
      vertex -21 11.5269 2.5
      vertex -16.2118 13.9013 2.5
    endloop
  endfacet
  facet normal -0 0 -1
    outer loop
      vertex -16.2118 13.9013 2.5
      vertex -21 11.5269 2.5
      vertex -16.375 13.9845 2.5
    endloop
  endfacet
  facet normal -0 0 -1
    outer loop
      vertex -16.375 13.9845 2.5
      vertex -21 11.5269 2.5
      vertex -16.5286 14.0842 2.5
    endloop
  endfacet
  facet normal -0 0 -1
    outer loop
      vertex -16.5286 14.0842 2.5
      vertex -21 11.5269 2.5
      vertex -16.671 14.1995 2.5
    endloop
  endfacet
  facet normal -0 0 -1
    outer loop
      vertex -16.671 14.1995 2.5
      vertex -21 11.5269 2.5
      vertex -16.8005 14.329 2.5
    endloop
  endfacet
  facet normal -0 0 -1
    outer loop
      vertex -16.8005 14.329 2.5
      vertex -21 11.5269 2.5
      vertex -16.9158 14.4714 2.5
    endloop
  endfacet
  facet normal -0 0 -1
    outer loop
      vertex -16.9158 14.4714 2.5
      vertex -21 11.5269 2.5
      vertex -17.0155 14.625 2.5
    endloop
  endfacet
  facet normal -0 0 -1
    outer loop
      vertex -17.0155 14.625 2.5
      vertex -21 11.5269 2.5
      vertex -17.0987 14.7882 2.5
    endloop
  endfacet
  facet normal -0 0 -1
    outer loop
      vertex -17.0987 14.7882 2.5
      vertex -21 11.5269 2.5
      vertex -17.1643 14.9592 2.5
    endloop
  endfacet
  facet normal -0 0 -1
    outer loop
      vertex -17.1643 14.9592 2.5
      vertex -21 11.5269 2.5
      vertex -17.2118 15.1362 2.5
    endloop
  endfacet
  facet normal -0 0 -1
    outer loop
      vertex -17.2118 15.1362 2.5
      vertex -21 11.5269 2.5
      vertex -17.2362 15.2907 2.5
    endloop
  endfacet
  facet normal 0 0 -1
    outer loop
      vertex -13.7882 15.8638 2.5
      vertex -6.85786 21 2.5
      vertex -13.7596 15.6829 2.5
    endloop
  endfacet
  facet normal -0 0 -1
    outer loop
      vertex -6.85786 21 2.5
      vertex -13.7882 15.8638 2.5
      vertex -11.5269 21 2.5
    endloop
  endfacet
  facet normal 0 0 -1
    outer loop
      vertex -13.8357 16.0408 2.5
      vertex -11.5269 21 2.5
      vertex -13.7882 15.8638 2.5
    endloop
  endfacet
  facet normal 0 0 -1
    outer loop
      vertex -13.9013 16.2118 2.5
      vertex -11.5269 21 2.5
      vertex -13.8357 16.0408 2.5
    endloop
  endfacet
  facet normal 0 0 -1
    outer loop
      vertex -13.9845 16.375 2.5
      vertex -11.5269 21 2.5
      vertex -13.9013 16.2118 2.5
    endloop
  endfacet
  facet normal 0 0 -1
    outer loop
      vertex -14.0842 16.5286 2.5
      vertex -11.5269 21 2.5
      vertex -13.9845 16.375 2.5
    endloop
  endfacet
  facet normal 0 0 -1
    outer loop
      vertex -14.1995 16.671 2.5
      vertex -11.5269 21 2.5
      vertex -14.0842 16.5286 2.5
    endloop
  endfacet
  facet normal 0 0 -1
    outer loop
      vertex -14.329 16.8005 2.5
      vertex -11.5269 21 2.5
      vertex -14.1995 16.671 2.5
    endloop
  endfacet
  facet normal 0 0 -1
    outer loop
      vertex -14.4714 16.9158 2.5
      vertex -11.5269 21 2.5
      vertex -14.329 16.8005 2.5
    endloop
  endfacet
  facet normal 0 0 -1
    outer loop
      vertex -14.625 17.0155 2.5
      vertex -11.5269 21 2.5
      vertex -14.4714 16.9158 2.5
    endloop
  endfacet
  facet normal 0 0 -1
    outer loop
      vertex -14.7882 17.0987 2.5
      vertex -11.5269 21 2.5
      vertex -14.625 17.0155 2.5
    endloop
  endfacet
  facet normal 0 0 -1
    outer loop
      vertex -14.9592 17.1643 2.5
      vertex -11.5269 21 2.5
      vertex -14.7882 17.0987 2.5
    endloop
  endfacet
  facet normal 0 0 -1
    outer loop
      vertex -15.1362 17.2118 2.5
      vertex -11.5269 21 2.5
      vertex -14.9592 17.1643 2.5
    endloop
  endfacet
  facet normal 0 0 -1
    outer loop
      vertex -11.5269 21 2.5
      vertex -15.1362 17.2118 2.5
      vertex -15.2907 17.2362 2.5
    endloop
  endfacet
  facet normal 0.707107 -0.707107 0
    outer loop
      vertex -21 11.5269 2.5
      vertex -17.2362 15.2907 0
      vertex -17.2362 15.2907 2.5
    endloop
  endfacet
  facet normal 0.707107 -0.707107 0
    outer loop
      vertex -17.2362 15.2907 0
      vertex -21 11.5269 2.5
      vertex -21 11.5269 0
    endloop
  endfacet
  facet normal 0.707107 -0.707107 0
    outer loop
      vertex -15.2907 17.2362 0
      vertex -11.5269 21 2.5
      vertex -15.2907 17.2362 2.5
    endloop
  endfacet
  facet normal 0.707107 -0.707107 0
    outer loop
      vertex -11.5269 21 2.5
      vertex -15.2907 17.2362 0
      vertex -11.5269 21 0
    endloop
  endfacet
  facet normal -0.707104 -0.70711 0
    outer loop
      vertex -2.12132 16.2635 0
      vertex -6.85786 21 2.5
      vertex -6.85786 21 0
    endloop
  endfacet
  facet normal -0.707104 -0.70711 0
    outer loop
      vertex -6.85786 21 2.5
      vertex -2.12132 16.2635 0
      vertex -2.12132 16.2635 2.5
    endloop
  endfacet
  facet normal -0.707107 0.707107 0
    outer loop
      vertex -16.2635 2.12132 0
      vertex -2.12132 16.2635 2.5
      vertex -2.12132 16.2635 0
    endloop
  endfacet
  facet normal -0.707107 0.707107 0
    outer loop
      vertex -2.12132 16.2635 2.5
      vertex -16.2635 2.12132 0
      vertex -16.2635 2.12132 2.5
    endloop
  endfacet
  facet normal 0.70711 0.707104 -0
    outer loop
      vertex -16.2635 2.12132 0
      vertex -21 6.85786 2.5
      vertex -16.2635 2.12132 2.5
    endloop
  endfacet
  facet normal 0.70711 0.707104 0
    outer loop
      vertex -21 6.85786 2.5
      vertex -16.2635 2.12132 0
      vertex -21 6.85786 0
    endloop
  endfacet
  facet normal 0 0 -1
    outer loop
      vertex -6.85786 -21 2.5
      vertex -13.7596 -15.6829 2.5
      vertex -13.75 -15.5 2.5
    endloop
  endfacet
  facet normal 0 0 -1
    outer loop
      vertex -6.85786 -21 2.5
      vertex -13.7882 -15.8638 2.5
      vertex -13.7596 -15.6829 2.5
    endloop
  endfacet
  facet normal 0 0 -1
    outer loop
      vertex -11.5269 -21 2.5
      vertex -13.8357 -16.0408 2.5
      vertex -13.7882 -15.8638 2.5
    endloop
  endfacet
  facet normal 0 0 -1
    outer loop
      vertex -11.5269 -21 2.5
      vertex -13.9013 -16.2118 2.5
      vertex -13.8357 -16.0408 2.5
    endloop
  endfacet
  facet normal 0 0 -1
    outer loop
      vertex -11.5269 -21 2.5
      vertex -13.9845 -16.375 2.5
      vertex -13.9013 -16.2118 2.5
    endloop
  endfacet
  facet normal 0 0 -1
    outer loop
      vertex -11.5269 -21 2.5
      vertex -14.0842 -16.5286 2.5
      vertex -13.9845 -16.375 2.5
    endloop
  endfacet
  facet normal 0 0 -1
    outer loop
      vertex -11.5269 -21 2.5
      vertex -14.1995 -16.671 2.5
      vertex -14.0842 -16.5286 2.5
    endloop
  endfacet
  facet normal 0 0 -1
    outer loop
      vertex -11.5269 -21 2.5
      vertex -14.329 -16.8005 2.5
      vertex -14.1995 -16.671 2.5
    endloop
  endfacet
  facet normal 0 0 -1
    outer loop
      vertex -11.5269 -21 2.5
      vertex -14.4714 -16.9158 2.5
      vertex -14.329 -16.8005 2.5
    endloop
  endfacet
  facet normal 0 0 -1
    outer loop
      vertex -11.5269 -21 2.5
      vertex -14.625 -17.0155 2.5
      vertex -14.4714 -16.9158 2.5
    endloop
  endfacet
  facet normal 0 0 -1
    outer loop
      vertex -11.5269 -21 2.5
      vertex -14.7882 -17.0987 2.5
      vertex -14.625 -17.0155 2.5
    endloop
  endfacet
  facet normal 0 0 -1
    outer loop
      vertex -11.5269 -21 2.5
      vertex -14.9592 -17.1643 2.5
      vertex -14.7882 -17.0987 2.5
    endloop
  endfacet
  facet normal 0 0 -1
    outer loop
      vertex -11.5269 -21 2.5
      vertex -15.1362 -17.2118 2.5
      vertex -14.9592 -17.1643 2.5
    endloop
  endfacet
  facet normal 0 -0 -1
    outer loop
      vertex -15.1362 -17.2118 2.5
      vertex -11.5269 -21 2.5
      vertex -15.2907 -17.2362 2.5
    endloop
  endfacet
  facet normal 0 0 -1
    outer loop
      vertex -13.7882 -15.8638 2.5
      vertex -6.85786 -21 2.5
      vertex -11.5269 -21 2.5
    endloop
  endfacet
  facet normal 0 0 -1
    outer loop
      vertex -6.85786 -21 2.5
      vertex -13.75 -15.5 2.5
      vertex -2.12132 -16.2635 2.5
    endloop
  endfacet
  facet normal 0 0 -1
    outer loop
      vertex -13.7596 -15.3171 2.5
      vertex -2.12132 -16.2635 2.5
      vertex -13.75 -15.5 2.5
    endloop
  endfacet
  facet normal 0 0 -1
    outer loop
      vertex -13.7882 -15.1362 2.5
      vertex -2.12132 -16.2635 2.5
      vertex -13.7596 -15.3171 2.5
    endloop
  endfacet
  facet normal 0 0 -1
    outer loop
      vertex -13.8357 -14.9592 2.5
      vertex -2.12132 -16.2635 2.5
      vertex -13.7882 -15.1362 2.5
    endloop
  endfacet
  facet normal 0 0 -1
    outer loop
      vertex -13.9013 -14.7882 2.5
      vertex -2.12132 -16.2635 2.5
      vertex -13.8357 -14.9592 2.5
    endloop
  endfacet
  facet normal 0 0 -1
    outer loop
      vertex -13.9845 -14.625 2.5
      vertex -2.12132 -16.2635 2.5
      vertex -13.9013 -14.7882 2.5
    endloop
  endfacet
  facet normal 0 0 -1
    outer loop
      vertex -14.0842 -14.4714 2.5
      vertex -2.12132 -16.2635 2.5
      vertex -13.9845 -14.625 2.5
    endloop
  endfacet
  facet normal 0 0 -1
    outer loop
      vertex -14.1995 -14.329 2.5
      vertex -2.12132 -16.2635 2.5
      vertex -14.0842 -14.4714 2.5
    endloop
  endfacet
  facet normal 0 0 -1
    outer loop
      vertex -14.329 -14.1995 2.5
      vertex -2.12132 -16.2635 2.5
      vertex -14.1995 -14.329 2.5
    endloop
  endfacet
  facet normal 0 0 -1
    outer loop
      vertex -16.2635 -2.12132 2.5
      vertex -14.329 -14.1995 2.5
      vertex -14.4714 -14.0842 2.5
    endloop
  endfacet
  facet normal 0 0 -1
    outer loop
      vertex -16.2635 -2.12132 2.5
      vertex -14.4714 -14.0842 2.5
      vertex -14.625 -13.9845 2.5
    endloop
  endfacet
  facet normal 0 0 -1
    outer loop
      vertex -16.2635 -2.12132 2.5
      vertex -14.625 -13.9845 2.5
      vertex -14.7882 -13.9013 2.5
    endloop
  endfacet
  facet normal 0 0 -1
    outer loop
      vertex -16.2635 -2.12132 2.5
      vertex -14.7882 -13.9013 2.5
      vertex -14.9592 -13.8357 2.5
    endloop
  endfacet
  facet normal 0 0 -1
    outer loop
      vertex -16.2635 -2.12132 2.5
      vertex -14.9592 -13.8357 2.5
      vertex -15.1362 -13.7882 2.5
    endloop
  endfacet
  facet normal 0 0 -1
    outer loop
      vertex -14.329 -14.1995 2.5
      vertex -16.2635 -2.12132 2.5
      vertex -2.12132 -16.2635 2.5
    endloop
  endfacet
  facet normal 0 0 -1
    outer loop
      vertex -15.3171 -13.7596 2.5
      vertex -16.2635 -2.12132 2.5
      vertex -15.1362 -13.7882 2.5
    endloop
  endfacet
  facet normal 0 0 -1
    outer loop
      vertex -15.5 -13.75 2.5
      vertex -16.2635 -2.12132 2.5
      vertex -15.3171 -13.7596 2.5
    endloop
  endfacet
  facet normal 0 0 -1
    outer loop
      vertex -21 -6.85786 2.5
      vertex -15.5 -13.75 2.5
      vertex -15.6829 -13.7596 2.5
    endloop
  endfacet
  facet normal 0 0 -1
    outer loop
      vertex -21 -6.85786 2.5
      vertex -15.6829 -13.7596 2.5
      vertex -15.8638 -13.7882 2.5
    endloop
  endfacet
  facet normal 0 0 -1
    outer loop
      vertex -21 -11.5269 2.5
      vertex -15.8638 -13.7882 2.5
      vertex -16.0408 -13.8357 2.5
    endloop
  endfacet
  facet normal 0 0 -1
    outer loop
      vertex -21 -11.5269 2.5
      vertex -16.0408 -13.8357 2.5
      vertex -16.2118 -13.9013 2.5
    endloop
  endfacet
  facet normal 0 0 -1
    outer loop
      vertex -21 -11.5269 2.5
      vertex -16.2118 -13.9013 2.5
      vertex -16.375 -13.9845 2.5
    endloop
  endfacet
  facet normal 0 0 -1
    outer loop
      vertex -21 -11.5269 2.5
      vertex -16.375 -13.9845 2.5
      vertex -16.5286 -14.0842 2.5
    endloop
  endfacet
  facet normal 0 0 -1
    outer loop
      vertex -21 -11.5269 2.5
      vertex -16.5286 -14.0842 2.5
      vertex -16.671 -14.1995 2.5
    endloop
  endfacet
  facet normal 0 0 -1
    outer loop
      vertex -21 -11.5269 2.5
      vertex -16.671 -14.1995 2.5
      vertex -16.8005 -14.329 2.5
    endloop
  endfacet
  facet normal 0 0 -1
    outer loop
      vertex -21 -11.5269 2.5
      vertex -16.8005 -14.329 2.5
      vertex -16.9158 -14.4714 2.5
    endloop
  endfacet
  facet normal 0 0 -1
    outer loop
      vertex -21 -11.5269 2.5
      vertex -16.9158 -14.4714 2.5
      vertex -17.0155 -14.625 2.5
    endloop
  endfacet
  facet normal 0 0 -1
    outer loop
      vertex -21 -11.5269 2.5
      vertex -17.0155 -14.625 2.5
      vertex -17.0987 -14.7882 2.5
    endloop
  endfacet
  facet normal 0 0 -1
    outer loop
      vertex -21 -11.5269 2.5
      vertex -17.0987 -14.7882 2.5
      vertex -17.1643 -14.9592 2.5
    endloop
  endfacet
  facet normal 0 0 -1
    outer loop
      vertex -21 -11.5269 2.5
      vertex -17.1643 -14.9592 2.5
      vertex -17.2118 -15.1362 2.5
    endloop
  endfacet
  facet normal 0 0 -1
    outer loop
      vertex -21 -11.5269 2.5
      vertex -17.2118 -15.1362 2.5
      vertex -17.2362 -15.2907 2.5
    endloop
  endfacet
  facet normal 0 0 -1
    outer loop
      vertex -15.8638 -13.7882 2.5
      vertex -21 -11.5269 2.5
      vertex -21 -6.85786 2.5
    endloop
  endfacet
  facet normal 0 0 -1
    outer loop
      vertex -15.5 -13.75 2.5
      vertex -21 -6.85786 2.5
      vertex -16.2635 -2.12132 2.5
    endloop
  endfacet
  facet normal -0.707107 -0.707107 0
    outer loop
      vertex -2.12132 -16.2635 0
      vertex -16.2635 -2.12132 2.5
      vertex -16.2635 -2.12132 0
    endloop
  endfacet
  facet normal -0.707107 -0.707107 0
    outer loop
      vertex -16.2635 -2.12132 2.5
      vertex -2.12132 -16.2635 0
      vertex -2.12132 -16.2635 2.5
    endloop
  endfacet
  facet normal 0.707107 0.707107 0
    outer loop
      vertex -17.2362 -15.2907 2.5
      vertex -21 -11.5269 0
      vertex -21 -11.5269 2.5
    endloop
  endfacet
  facet normal 0.707107 0.707107 0
    outer loop
      vertex -21 -11.5269 0
      vertex -17.2362 -15.2907 2.5
      vertex -17.2362 -15.2907 0
    endloop
  endfacet
  facet normal 0.707107 0.707107 -0
    outer loop
      vertex -11.5269 -21 0
      vertex -15.2907 -17.2362 2.5
      vertex -11.5269 -21 2.5
    endloop
  endfacet
  facet normal 0.707107 0.707107 0
    outer loop
      vertex -15.2907 -17.2362 2.5
      vertex -11.5269 -21 0
      vertex -15.2907 -17.2362 0
    endloop
  endfacet
  facet normal 0.70711 -0.707104 0
    outer loop
      vertex -21 -6.85786 0
      vertex -16.2635 -2.12132 2.5
      vertex -21 -6.85786 2.5
    endloop
  endfacet
  facet normal 0.70711 -0.707104 0
    outer loop
      vertex -16.2635 -2.12132 2.5
      vertex -21 -6.85786 0
      vertex -16.2635 -2.12132 0
    endloop
  endfacet
  facet normal -0.707104 0.70711 0
    outer loop
      vertex -6.85786 -21 0
      vertex -2.12132 -16.2635 2.5
      vertex -2.12132 -16.2635 0
    endloop
  endfacet
  facet normal -0.707104 0.70711 0
    outer loop
      vertex -2.12132 -16.2635 2.5
      vertex -6.85786 -21 0
      vertex -6.85786 -21 2.5
    endloop
  endfacet
  facet normal 0.707107 -0.707107 0
    outer loop
      vertex 2.12132 -16.2635 2.5
      vertex 16.2635 -2.12132 0
      vertex 16.2635 -2.12132 2.5
    endloop
  endfacet
  facet normal 0.707107 -0.707107 0
    outer loop
      vertex 16.2635 -2.12132 0
      vertex 2.12132 -16.2635 2.5
      vertex 2.12132 -16.2635 0
    endloop
  endfacet
  facet normal -0 0 -1
    outer loop
      vertex 13.7882 -15.8638 2.5
      vertex 6.85786 -21 2.5
      vertex 13.7596 -15.6829 2.5
    endloop
  endfacet
  facet normal 0 0 -1
    outer loop
      vertex 6.85786 -21 2.5
      vertex 13.7882 -15.8638 2.5
      vertex 11.5269 -21 2.5
    endloop
  endfacet
  facet normal -0 0 -1
    outer loop
      vertex 13.8357 -16.0408 2.5
      vertex 11.5269 -21 2.5
      vertex 13.7882 -15.8638 2.5
    endloop
  endfacet
  facet normal -0 0 -1
    outer loop
      vertex 13.9013 -16.2118 2.5
      vertex 11.5269 -21 2.5
      vertex 13.8357 -16.0408 2.5
    endloop
  endfacet
  facet normal -0 0 -1
    outer loop
      vertex 13.9845 -16.375 2.5
      vertex 11.5269 -21 2.5
      vertex 13.9013 -16.2118 2.5
    endloop
  endfacet
  facet normal -0 0 -1
    outer loop
      vertex 14.0842 -16.5286 2.5
      vertex 11.5269 -21 2.5
      vertex 13.9845 -16.375 2.5
    endloop
  endfacet
  facet normal -0 0 -1
    outer loop
      vertex 14.1995 -16.671 2.5
      vertex 11.5269 -21 2.5
      vertex 14.0842 -16.5286 2.5
    endloop
  endfacet
  facet normal -0 0 -1
    outer loop
      vertex 14.329 -16.8005 2.5
      vertex 11.5269 -21 2.5
      vertex 14.1995 -16.671 2.5
    endloop
  endfacet
  facet normal -0 0 -1
    outer loop
      vertex 14.4714 -16.9158 2.5
      vertex 11.5269 -21 2.5
      vertex 14.329 -16.8005 2.5
    endloop
  endfacet
  facet normal -0 0 -1
    outer loop
      vertex 14.625 -17.0155 2.5
      vertex 11.5269 -21 2.5
      vertex 14.4714 -16.9158 2.5
    endloop
  endfacet
  facet normal -0 0 -1
    outer loop
      vertex 14.7882 -17.0987 2.5
      vertex 11.5269 -21 2.5
      vertex 14.625 -17.0155 2.5
    endloop
  endfacet
  facet normal -0 0 -1
    outer loop
      vertex 14.9592 -17.1643 2.5
      vertex 11.5269 -21 2.5
      vertex 14.7882 -17.0987 2.5
    endloop
  endfacet
  facet normal -0 0 -1
    outer loop
      vertex 15.1362 -17.2118 2.5
      vertex 11.5269 -21 2.5
      vertex 14.9592 -17.1643 2.5
    endloop
  endfacet
  facet normal 0 0 -1
    outer loop
      vertex 11.5269 -21 2.5
      vertex 15.1362 -17.2118 2.5
      vertex 15.2907 -17.2362 2.5
    endloop
  endfacet
  facet normal 0 0 -1
    outer loop
      vertex 17.2118 -15.1362 2.5
      vertex 21 -11.5269 2.5
      vertex 17.2362 -15.2907 2.5
    endloop
  endfacet
  facet normal 0 0 -1
    outer loop
      vertex 17.1643 -14.9592 2.5
      vertex 21 -11.5269 2.5
      vertex 17.2118 -15.1362 2.5
    endloop
  endfacet
  facet normal 0 0 -1
    outer loop
      vertex 17.0987 -14.7882 2.5
      vertex 21 -11.5269 2.5
      vertex 17.1643 -14.9592 2.5
    endloop
  endfacet
  facet normal 0 0 -1
    outer loop
      vertex 17.0155 -14.625 2.5
      vertex 21 -11.5269 2.5
      vertex 17.0987 -14.7882 2.5
    endloop
  endfacet
  facet normal 0 0 -1
    outer loop
      vertex 16.9158 -14.4714 2.5
      vertex 21 -11.5269 2.5
      vertex 17.0155 -14.625 2.5
    endloop
  endfacet
  facet normal 0 0 -1
    outer loop
      vertex 16.8005 -14.329 2.5
      vertex 21 -11.5269 2.5
      vertex 16.9158 -14.4714 2.5
    endloop
  endfacet
  facet normal 0 0 -1
    outer loop
      vertex 16.671 -14.1995 2.5
      vertex 21 -11.5269 2.5
      vertex 16.8005 -14.329 2.5
    endloop
  endfacet
  facet normal 0 0 -1
    outer loop
      vertex 16.5286 -14.0842 2.5
      vertex 21 -11.5269 2.5
      vertex 16.671 -14.1995 2.5
    endloop
  endfacet
  facet normal 0 0 -1
    outer loop
      vertex 16.375 -13.9845 2.5
      vertex 21 -11.5269 2.5
      vertex 16.5286 -14.0842 2.5
    endloop
  endfacet
  facet normal 0 0 -1
    outer loop
      vertex 16.2118 -13.9013 2.5
      vertex 21 -11.5269 2.5
      vertex 16.375 -13.9845 2.5
    endloop
  endfacet
  facet normal 0 0 -1
    outer loop
      vertex 16.0408 -13.8357 2.5
      vertex 21 -11.5269 2.5
      vertex 16.2118 -13.9013 2.5
    endloop
  endfacet
  facet normal 0 0 -1
    outer loop
      vertex 15.8638 -13.7882 2.5
      vertex 21 -11.5269 2.5
      vertex 16.0408 -13.8357 2.5
    endloop
  endfacet
  facet normal -0 0 -1
    outer loop
      vertex 21 -11.5269 2.5
      vertex 15.8638 -13.7882 2.5
      vertex 21 -6.85786 2.5
    endloop
  endfacet
  facet normal 0 0 -1
    outer loop
      vertex 15.6829 -13.7596 2.5
      vertex 21 -6.85786 2.5
      vertex 15.8638 -13.7882 2.5
    endloop
  endfacet
  facet normal 0 0 -1
    outer loop
      vertex 15.5 -13.75 2.5
      vertex 21 -6.85786 2.5
      vertex 15.6829 -13.7596 2.5
    endloop
  endfacet
  facet normal -0 0 -1
    outer loop
      vertex 21 -6.85786 2.5
      vertex 15.5 -13.75 2.5
      vertex 16.2635 -2.12132 2.5
    endloop
  endfacet
  facet normal 0 0 -1
    outer loop
      vertex 15.3171 -13.7596 2.5
      vertex 16.2635 -2.12132 2.5
      vertex 15.5 -13.75 2.5
    endloop
  endfacet
  facet normal 0 0 -1
    outer loop
      vertex 15.1362 -13.7882 2.5
      vertex 16.2635 -2.12132 2.5
      vertex 15.3171 -13.7596 2.5
    endloop
  endfacet
  facet normal 0 0 -1
    outer loop
      vertex 14.9592 -13.8357 2.5
      vertex 16.2635 -2.12132 2.5
      vertex 15.1362 -13.7882 2.5
    endloop
  endfacet
  facet normal 0 0 -1
    outer loop
      vertex 14.7882 -13.9013 2.5
      vertex 16.2635 -2.12132 2.5
      vertex 14.9592 -13.8357 2.5
    endloop
  endfacet
  facet normal 0 0 -1
    outer loop
      vertex 14.625 -13.9845 2.5
      vertex 16.2635 -2.12132 2.5
      vertex 14.7882 -13.9013 2.5
    endloop
  endfacet
  facet normal 0 0 -1
    outer loop
      vertex 14.4714 -14.0842 2.5
      vertex 16.2635 -2.12132 2.5
      vertex 14.625 -13.9845 2.5
    endloop
  endfacet
  facet normal 0 0 -1
    outer loop
      vertex 14.329 -14.1995 2.5
      vertex 16.2635 -2.12132 2.5
      vertex 14.4714 -14.0842 2.5
    endloop
  endfacet
  facet normal 0 0 -1
    outer loop
      vertex 14.1995 -14.329 2.5
      vertex 16.2635 -2.12132 2.5
      vertex 14.329 -14.1995 2.5
    endloop
  endfacet
  facet normal 0 0 -1
    outer loop
      vertex 2.12132 -16.2635 2.5
      vertex 14.1995 -14.329 2.5
      vertex 14.0842 -14.4714 2.5
    endloop
  endfacet
  facet normal 0 0 -1
    outer loop
      vertex 2.12132 -16.2635 2.5
      vertex 14.0842 -14.4714 2.5
      vertex 13.9845 -14.625 2.5
    endloop
  endfacet
  facet normal 0 0 -1
    outer loop
      vertex 2.12132 -16.2635 2.5
      vertex 13.9845 -14.625 2.5
      vertex 13.9013 -14.7882 2.5
    endloop
  endfacet
  facet normal 0 0 -1
    outer loop
      vertex 2.12132 -16.2635 2.5
      vertex 13.9013 -14.7882 2.5
      vertex 13.8357 -14.9592 2.5
    endloop
  endfacet
  facet normal 0 0 -1
    outer loop
      vertex 2.12132 -16.2635 2.5
      vertex 13.8357 -14.9592 2.5
      vertex 13.7882 -15.1362 2.5
    endloop
  endfacet
  facet normal -0 0 -1
    outer loop
      vertex 13.7596 -15.6829 2.5
      vertex 6.85786 -21 2.5
      vertex 13.75 -15.5 2.5
    endloop
  endfacet
  facet normal 0 0 -1
    outer loop
      vertex 2.12132 -16.2635 2.5
      vertex 13.75 -15.5 2.5
      vertex 6.85786 -21 2.5
    endloop
  endfacet
  facet normal -0 0 -1
    outer loop
      vertex 13.75 -15.5 2.5
      vertex 2.12132 -16.2635 2.5
      vertex 13.7596 -15.3171 2.5
    endloop
  endfacet
  facet normal -0 0 -1
    outer loop
      vertex 13.7596 -15.3171 2.5
      vertex 2.12132 -16.2635 2.5
      vertex 13.7882 -15.1362 2.5
    endloop
  endfacet
  facet normal -0 0 -1
    outer loop
      vertex 14.1995 -14.329 2.5
      vertex 2.12132 -16.2635 2.5
      vertex 16.2635 -2.12132 2.5
    endloop
  endfacet
  facet normal -0.707107 0.707107 0
    outer loop
      vertex 15.2907 -17.2362 0
      vertex 11.5269 -21 2.5
      vertex 15.2907 -17.2362 2.5
    endloop
  endfacet
  facet normal -0.707107 0.707107 0
    outer loop
      vertex 11.5269 -21 2.5
      vertex 15.2907 -17.2362 0
      vertex 11.5269 -21 0
    endloop
  endfacet
  facet normal -0.707107 0.707107 0
    outer loop
      vertex 17.2362 -15.2907 0
      vertex 21 -11.5269 2.5
      vertex 21 -11.5269 0
    endloop
  endfacet
  facet normal -0.707107 0.707107 0
    outer loop
      vertex 21 -11.5269 2.5
      vertex 17.2362 -15.2907 0
      vertex 17.2362 -15.2907 2.5
    endloop
  endfacet
  facet normal 0.707104 0.70711 0
    outer loop
      vertex 6.85786 -21 2.5
      vertex 2.12132 -16.2635 0
      vertex 2.12132 -16.2635 2.5
    endloop
  endfacet
  facet normal 0.707104 0.70711 0
    outer loop
      vertex 2.12132 -16.2635 0
      vertex 6.85786 -21 2.5
      vertex 6.85786 -21 0
    endloop
  endfacet
  facet normal -0.70711 -0.707104 0
    outer loop
      vertex 16.2635 -2.12132 0
      vertex 21 -6.85786 2.5
      vertex 16.2635 -2.12132 2.5
    endloop
  endfacet
  facet normal -0.70711 -0.707104 -0
    outer loop
      vertex 21 -6.85786 2.5
      vertex 16.2635 -2.12132 0
      vertex 21 -6.85786 0
    endloop
  endfacet
  facet normal -1 0 0
    outer loop
      vertex -21 -11.5269 0
      vertex -21 -21 0
      vertex -21 -11.5269 2.5
    endloop
  endfacet
  facet normal -1 0 0
    outer loop
      vertex -21 6.85786 0
      vertex -21 -6.85786 0
      vertex -21 6.85786 2.5
    endloop
  endfacet
  facet normal -1 0 0
    outer loop
      vertex -21 11.5269 2.5
      vertex -21 21 0
      vertex -21 11.5269 0
    endloop
  endfacet
  facet normal -1 0 0
    outer loop
      vertex -21 21 0
      vertex -21 11.5269 2.5
      vertex -21 21 5
    endloop
  endfacet
  facet normal -1 0 0
    outer loop
      vertex -21 6.85786 2.5
      vertex -21 21 5
      vertex -21 11.5269 2.5
    endloop
  endfacet
  facet normal -1 0 0
    outer loop
      vertex -21 -6.85786 2.5
      vertex -21 6.85786 2.5
      vertex -21 -6.85786 0
    endloop
  endfacet
  facet normal -1 0 0
    outer loop
      vertex -21 -6.85786 2.5
      vertex -21 21 5
      vertex -21 6.85786 2.5
    endloop
  endfacet
  facet normal -1 0 0
    outer loop
      vertex -21 -21 5
      vertex -21 -6.85786 2.5
      vertex -21 -11.5269 2.5
    endloop
  endfacet
  facet normal -1 0 0
    outer loop
      vertex -21 -6.85786 2.5
      vertex -21 -21 5
      vertex -21 21 5
    endloop
  endfacet
  facet normal -1 0 0
    outer loop
      vertex -21 -21 5
      vertex -21 -11.5269 2.5
      vertex -21 -21 0
    endloop
  endfacet
  facet normal -0 0 1
    outer loop
      vertex -14.4714 14.0842 5
      vertex -8.54617 7.695 5
      vertex -14.329 14.1995 5
    endloop
  endfacet
  facet normal 0 0 1
    outer loop
      vertex -11.5 0 5
      vertex -13.7596 -15.3171 5
      vertex -13.75 -15.5 5
    endloop
  endfacet
  facet normal -0 0 1
    outer loop
      vertex -14.625 13.9845 5
      vertex -8.54617 7.695 5
      vertex -14.4714 14.0842 5
    endloop
  endfacet
  facet normal 0 0 1
    outer loop
      vertex -11.5 0 5
      vertex -13.7882 -15.1362 5
      vertex -13.7596 -15.3171 5
    endloop
  endfacet
  facet normal 0 0 1
    outer loop
      vertex -8.54617 7.695 5
      vertex -14.625 13.9845 5
      vertex -9.30369 6.75953 5
    endloop
  endfacet
  facet normal 0 0 1
    outer loop
      vertex -11.5 0 5
      vertex -13.8357 -14.9592 5
      vertex -13.7882 -15.1362 5
    endloop
  endfacet
  facet normal -0 0 1
    outer loop
      vertex -14.7882 13.9013 5
      vertex -9.30369 6.75953 5
      vertex -14.625 13.9845 5
    endloop
  endfacet
  facet normal 0 0 1
    outer loop
      vertex -11.5 0 5
      vertex -13.9013 -14.7882 5
      vertex -13.8357 -14.9592 5
    endloop
  endfacet
  facet normal -0 0 1
    outer loop
      vertex -14.9592 13.8357 5
      vertex -9.30369 6.75953 5
      vertex -14.7882 13.9013 5
    endloop
  endfacet
  facet normal 0 0 1
    outer loop
      vertex -11.5 0 5
      vertex -13.9845 -14.625 5
      vertex -13.9013 -14.7882 5
    endloop
  endfacet
  facet normal -0 0 1
    outer loop
      vertex -15.1362 13.7882 5
      vertex -9.30369 6.75953 5
      vertex -14.9592 13.8357 5
    endloop
  endfacet
  facet normal 0 0 1
    outer loop
      vertex -11.5 0 5
      vertex -14.0842 -14.4714 5
      vertex -13.9845 -14.625 5
    endloop
  endfacet
  facet normal 0 0 1
    outer loop
      vertex -9.30369 6.75953 5
      vertex -15.1362 13.7882 5
      vertex -9.95929 5.75 5
    endloop
  endfacet
  facet normal 0 0 1
    outer loop
      vertex -11.5 0 5
      vertex -14.1995 -14.329 5
      vertex -14.0842 -14.4714 5
    endloop
  endfacet
  facet normal -0 0 1
    outer loop
      vertex -15.3171 13.7596 5
      vertex -9.95929 5.75 5
      vertex -15.1362 13.7882 5
    endloop
  endfacet
  facet normal 0 0 1
    outer loop
      vertex -11.5 0 5
      vertex -14.329 -14.1995 5
      vertex -14.1995 -14.329 5
    endloop
  endfacet
  facet normal -0 0 1
    outer loop
      vertex -15.5 13.75 5
      vertex -9.95929 5.75 5
      vertex -15.3171 13.7596 5
    endloop
  endfacet
  facet normal 0 0 1
    outer loop
      vertex -11.5 0 5
      vertex -14.4714 -14.0842 5
      vertex -14.329 -14.1995 5
    endloop
  endfacet
  facet normal 0 0 1
    outer loop
      vertex -9.95929 5.75 5
      vertex -15.5 13.75 5
      vertex -10.5058 4.67747 5
    endloop
  endfacet
  facet normal 0 0 1
    outer loop
      vertex -11.5 0 5
      vertex -14.625 -13.9845 5
      vertex -14.4714 -14.0842 5
    endloop
  endfacet
  facet normal 0 0 1
    outer loop
      vertex -15.6829 13.7596 5
      vertex -10.5058 4.67747 5
      vertex -15.5 13.75 5
    endloop
  endfacet
  facet normal 0 0 1
    outer loop
      vertex -11.5 0 5
      vertex -14.7882 -13.9013 5
      vertex -14.625 -13.9845 5
    endloop
  endfacet
  facet normal 0 0 1
    outer loop
      vertex -15.8638 13.7882 5
      vertex -10.5058 4.67747 5
      vertex -15.6829 13.7596 5
    endloop
  endfacet
  facet normal 0 0 1
    outer loop
      vertex -11.5 0 5
      vertex -14.9592 -13.8357 5
      vertex -14.7882 -13.9013 5
    endloop
  endfacet
  facet normal 0 0 1
    outer loop
      vertex -10.5058 4.67747 5
      vertex -15.8638 13.7882 5
      vertex -10.9371 3.55369 5
    endloop
  endfacet
  facet normal 0 0 1
    outer loop
      vertex -11.5 0 5
      vertex -15.1362 -13.7882 5
      vertex -14.9592 -13.8357 5
    endloop
  endfacet
  facet normal 0 0 1
    outer loop
      vertex -16.0408 13.8357 5
      vertex -10.9371 3.55369 5
      vertex -15.8638 13.7882 5
    endloop
  endfacet
  facet normal 0 0 1
    outer loop
      vertex -11.5 0 5
      vertex -15.3171 -13.7596 5
      vertex -15.1362 -13.7882 5
    endloop
  endfacet
  facet normal 0 0 1
    outer loop
      vertex -16.2118 13.9013 5
      vertex -10.9371 3.55369 5
      vertex -16.0408 13.8357 5
    endloop
  endfacet
  facet normal 0 0 1
    outer loop
      vertex -11.5 0 5
      vertex -15.5 -13.75 5
      vertex -15.3171 -13.7596 5
    endloop
  endfacet
  facet normal 0 0 1
    outer loop
      vertex -10.9371 3.55369 5
      vertex -16.2118 13.9013 5
      vertex -11.2487 2.39098 5
    endloop
  endfacet
  facet normal 0 0 1
    outer loop
      vertex -11.5 0 5
      vertex -15.6829 -13.7596 5
      vertex -15.5 -13.75 5
    endloop
  endfacet
  facet normal 0 0 1
    outer loop
      vertex -16.375 13.9845 5
      vertex -11.2487 2.39098 5
      vertex -16.2118 13.9013 5
    endloop
  endfacet
  facet normal 0 0 1
    outer loop
      vertex -11.5 0 5
      vertex -15.8638 -13.7882 5
      vertex -15.6829 -13.7596 5
    endloop
  endfacet
  facet normal 0 0 1
    outer loop
      vertex -16.5286 14.0842 5
      vertex -11.2487 2.39098 5
      vertex -16.375 13.9845 5
    endloop
  endfacet
  facet normal 0 0 1
    outer loop
      vertex -11.5 0 5
      vertex -16.0408 -13.8357 5
      vertex -15.8638 -13.7882 5
    endloop
  endfacet
  facet normal 0 0 1
    outer loop
      vertex -11.2487 2.39098 5
      vertex -16.5286 14.0842 5
      vertex -11.437 1.20208 5
    endloop
  endfacet
  facet normal 0 0 1
    outer loop
      vertex -11.5 0 5
      vertex -16.2118 -13.9013 5
      vertex -16.0408 -13.8357 5
    endloop
  endfacet
  facet normal 0 0 1
    outer loop
      vertex -16.671 14.1995 5
      vertex -11.437 1.20208 5
      vertex -16.5286 14.0842 5
    endloop
  endfacet
  facet normal 0 0 1
    outer loop
      vertex -11.5 0 5
      vertex -16.375 -13.9845 5
      vertex -16.2118 -13.9013 5
    endloop
  endfacet
  facet normal 0 0 1
    outer loop
      vertex -11.437 1.20208 5
      vertex -16.671 14.1995 5
      vertex -11.5 0 5
    endloop
  endfacet
  facet normal 0 0 1
    outer loop
      vertex -11.5 0 5
      vertex -16.5286 -14.0842 5
      vertex -16.375 -13.9845 5
    endloop
  endfacet
  facet normal 0 0 1
    outer loop
      vertex -16.8005 14.329 5
      vertex -11.5 0 5
      vertex -16.671 14.1995 5
    endloop
  endfacet
  facet normal 0 0 1
    outer loop
      vertex -11.5 0 5
      vertex -16.671 -14.1995 5
      vertex -16.5286 -14.0842 5
    endloop
  endfacet
  facet normal 0 0 1
    outer loop
      vertex -16.8005 -14.329 5
      vertex -11.5 0 5
      vertex -16.8005 14.329 5
    endloop
  endfacet
  facet normal 0 0 1
    outer loop
      vertex -11.5 0 5
      vertex -16.8005 -14.329 5
      vertex -16.671 -14.1995 5
    endloop
  endfacet
  facet normal 0 0 1
    outer loop
      vertex -16.9158 14.4714 5
      vertex -16.8005 -14.329 5
      vertex -16.8005 14.329 5
    endloop
  endfacet
  facet normal 0 0 1
    outer loop
      vertex -16.9158 14.4714 5
      vertex -16.9158 -14.4714 5
      vertex -16.8005 -14.329 5
    endloop
  endfacet
  facet normal 0 0 1
    outer loop
      vertex -17.0155 14.625 5
      vertex -16.9158 -14.4714 5
      vertex -16.9158 14.4714 5
    endloop
  endfacet
  facet normal 0 0 1
    outer loop
      vertex -17.0155 14.625 5
      vertex -17.0155 -14.625 5
      vertex -16.9158 -14.4714 5
    endloop
  endfacet
  facet normal 0 0 1
    outer loop
      vertex -17.0987 14.7882 5
      vertex -17.0155 -14.625 5
      vertex -17.0155 14.625 5
    endloop
  endfacet
  facet normal 0 0 1
    outer loop
      vertex -17.0987 14.7882 5
      vertex -17.0987 -14.7882 5
      vertex -17.0155 -14.625 5
    endloop
  endfacet
  facet normal 0 0 1
    outer loop
      vertex -21 21 5
      vertex -17.0987 14.7882 5
      vertex -17.1643 14.9592 5
    endloop
  endfacet
  facet normal 0 0 1
    outer loop
      vertex -17.0987 14.7882 5
      vertex -21 21 5
      vertex -17.0987 -14.7882 5
    endloop
  endfacet
  facet normal 0 0 1
    outer loop
      vertex -21 21 5
      vertex -17.1643 14.9592 5
      vertex -17.2118 15.1362 5
    endloop
  endfacet
  facet normal 0 0 1
    outer loop
      vertex -21 -21 5
      vertex -17.0987 -14.7882 5
      vertex -21 21 5
    endloop
  endfacet
  facet normal 0 0 1
    outer loop
      vertex -21 21 5
      vertex -17.2118 15.1362 5
      vertex -17.2404 15.3171 5
    endloop
  endfacet
  facet normal 0 0 1
    outer loop
      vertex -17.0987 -14.7882 5
      vertex -21 -21 5
      vertex -17.1643 -14.9592 5
    endloop
  endfacet
  facet normal 0 0 1
    outer loop
      vertex -21 21 5
      vertex -17.2404 15.3171 5
      vertex -17.25 15.5 5
    endloop
  endfacet
  facet normal 0 0 1
    outer loop
      vertex -17.1643 -14.9592 5
      vertex -21 -21 5
      vertex -17.2118 -15.1362 5
    endloop
  endfacet
  facet normal 0 0 1
    outer loop
      vertex 17.1643 14.9592 5
      vertex 21 21 5
      vertex 17.2118 15.1362 5
    endloop
  endfacet
  facet normal 0 0 1
    outer loop
      vertex 21 -21 5
      vertex 17.2404 -15.3171 5
      vertex 17.25 -15.5 5
    endloop
  endfacet
  facet normal 0 0 1
    outer loop
      vertex 17.0987 14.7882 5
      vertex 21 21 5
      vertex 17.1643 14.9592 5
    endloop
  endfacet
  facet normal 0 0 1
    outer loop
      vertex 21 -21 5
      vertex 17.2118 -15.1362 5
      vertex 17.2404 -15.3171 5
    endloop
  endfacet
  facet normal 0 0 1
    outer loop
      vertex 21 21 5
      vertex 17.0987 14.7882 5
      vertex 21 -21 5
    endloop
  endfacet
  facet normal 0 0 1
    outer loop
      vertex 21 -21 5
      vertex 17.1643 -14.9592 5
      vertex 17.2118 -15.1362 5
    endloop
  endfacet
  facet normal -0 0 1
    outer loop
      vertex 17.0987 -14.7882 5
      vertex 21 -21 5
      vertex 17.0987 14.7882 5
    endloop
  endfacet
  facet normal 0 0 1
    outer loop
      vertex 21 -21 5
      vertex 17.0987 -14.7882 5
      vertex 17.1643 -14.9592 5
    endloop
  endfacet
  facet normal -0 0 1
    outer loop
      vertex 17.0155 14.625 5
      vertex 17.0987 -14.7882 5
      vertex 17.0987 14.7882 5
    endloop
  endfacet
  facet normal 0 0 1
    outer loop
      vertex 17.0155 14.625 5
      vertex 17.0155 -14.625 5
      vertex 17.0987 -14.7882 5
    endloop
  endfacet
  facet normal -0 0 1
    outer loop
      vertex 16.9158 14.4714 5
      vertex 17.0155 -14.625 5
      vertex 17.0155 14.625 5
    endloop
  endfacet
  facet normal 0 0 1
    outer loop
      vertex 16.9158 14.4714 5
      vertex 16.9158 -14.4714 5
      vertex 17.0155 -14.625 5
    endloop
  endfacet
  facet normal -0 0 1
    outer loop
      vertex 16.8005 14.329 5
      vertex 16.9158 -14.4714 5
      vertex 16.9158 14.4714 5
    endloop
  endfacet
  facet normal 0 0 1
    outer loop
      vertex 16.8005 14.329 5
      vertex 16.8005 -14.329 5
      vertex 16.9158 -14.4714 5
    endloop
  endfacet
  facet normal 0 0 1
    outer loop
      vertex 11.5 0 5
      vertex 16.8005 14.329 5
      vertex 16.671 14.1995 5
    endloop
  endfacet
  facet normal 0 0 1
    outer loop
      vertex 16.8005 14.329 5
      vertex 11.5 0 5
      vertex 16.8005 -14.329 5
    endloop
  endfacet
  facet normal 0 0 1
    outer loop
      vertex 11.437 1.20208 5
      vertex 16.671 14.1995 5
      vertex 16.5286 14.0842 5
    endloop
  endfacet
  facet normal 0 0 1
    outer loop
      vertex 16.8005 -14.329 5
      vertex 11.5 0 5
      vertex 16.671 -14.1995 5
    endloop
  endfacet
  facet normal 0 0 1
    outer loop
      vertex 11.2487 2.39098 5
      vertex 16.5286 14.0842 5
      vertex 16.375 13.9845 5
    endloop
  endfacet
  facet normal -0 0 1
    outer loop
      vertex 11.437 -1.20208 5
      vertex 16.671 -14.1995 5
      vertex 11.5 0 5
    endloop
  endfacet
  facet normal 0 0 1
    outer loop
      vertex 11.2487 2.39098 5
      vertex 16.375 13.9845 5
      vertex 16.2118 13.9013 5
    endloop
  endfacet
  facet normal 0 0 1
    outer loop
      vertex 16.671 -14.1995 5
      vertex 11.437 -1.20208 5
      vertex 16.5286 -14.0842 5
    endloop
  endfacet
  facet normal 0 0 1
    outer loop
      vertex 10.9371 3.55369 5
      vertex 16.2118 13.9013 5
      vertex 16.0408 13.8357 5
    endloop
  endfacet
  facet normal -0 0 1
    outer loop
      vertex 11.2487 -2.39098 5
      vertex 16.5286 -14.0842 5
      vertex 11.437 -1.20208 5
    endloop
  endfacet
  facet normal 0 0 1
    outer loop
      vertex 10.9371 3.55369 5
      vertex 16.0408 13.8357 5
      vertex 15.8638 13.7882 5
    endloop
  endfacet
  facet normal 0 0 1
    outer loop
      vertex 16.5286 -14.0842 5
      vertex 11.2487 -2.39098 5
      vertex 16.375 -13.9845 5
    endloop
  endfacet
  facet normal 0 0 1
    outer loop
      vertex 10.5058 4.67747 5
      vertex 15.8638 13.7882 5
      vertex 15.6829 13.7596 5
    endloop
  endfacet
  facet normal 0 0 1
    outer loop
      vertex 16.375 -13.9845 5
      vertex 11.2487 -2.39098 5
      vertex 16.2118 -13.9013 5
    endloop
  endfacet
  facet normal 0 0 1
    outer loop
      vertex 10.5058 4.67747 5
      vertex 15.6829 13.7596 5
      vertex 15.5 13.75 5
    endloop
  endfacet
  facet normal -0 0 1
    outer loop
      vertex 10.9371 -3.55369 5
      vertex 16.2118 -13.9013 5
      vertex 11.2487 -2.39098 5
    endloop
  endfacet
  facet normal 0 0 1
    outer loop
      vertex 9.95929 5.75 5
      vertex 15.5 13.75 5
      vertex 15.3171 13.7596 5
    endloop
  endfacet
  facet normal 0 0 1
    outer loop
      vertex 16.2118 -13.9013 5
      vertex 10.9371 -3.55369 5
      vertex 16.0408 -13.8357 5
    endloop
  endfacet
  facet normal 0 0 1
    outer loop
      vertex 9.95929 5.75 5
      vertex 15.3171 13.7596 5
      vertex 15.1362 13.7882 5
    endloop
  endfacet
  facet normal 0 0 1
    outer loop
      vertex 16.0408 -13.8357 5
      vertex 10.9371 -3.55369 5
      vertex 15.8638 -13.7882 5
    endloop
  endfacet
  facet normal 0 0 1
    outer loop
      vertex 9.30369 6.75953 5
      vertex 15.1362 13.7882 5
      vertex 14.9592 13.8357 5
    endloop
  endfacet
  facet normal -0 0 1
    outer loop
      vertex 10.5058 -4.67747 5
      vertex 15.8638 -13.7882 5
      vertex 10.9371 -3.55369 5
    endloop
  endfacet
  facet normal 0 0 1
    outer loop
      vertex 9.30369 6.75953 5
      vertex 14.9592 13.8357 5
      vertex 14.7882 13.9013 5
    endloop
  endfacet
  facet normal 0 0 1
    outer loop
      vertex 15.8638 -13.7882 5
      vertex 10.5058 -4.67747 5
      vertex 15.6829 -13.7596 5
    endloop
  endfacet
  facet normal 0 0 1
    outer loop
      vertex 9.30369 6.75953 5
      vertex 14.7882 13.9013 5
      vertex 14.625 13.9845 5
    endloop
  endfacet
  facet normal 0 0 1
    outer loop
      vertex 15.6829 -13.7596 5
      vertex 10.5058 -4.67747 5
      vertex 15.5 -13.75 5
    endloop
  endfacet
  facet normal 0 0 1
    outer loop
      vertex 8.54617 7.695 5
      vertex 14.625 13.9845 5
      vertex 14.4714 14.0842 5
    endloop
  endfacet
  facet normal -0 0 1
    outer loop
      vertex 9.95929 -5.75 5
      vertex 15.5 -13.75 5
      vertex 10.5058 -4.67747 5
    endloop
  endfacet
  facet normal 0 0 1
    outer loop
      vertex 8.54617 7.695 5
      vertex 14.4714 14.0842 5
      vertex 14.329 14.1995 5
    endloop
  endfacet
  facet normal 0 0 1
    outer loop
      vertex 15.5 -13.75 5
      vertex 9.95929 -5.75 5
      vertex 15.3171 -13.7596 5
    endloop
  endfacet
  facet normal 0 0 1
    outer loop
      vertex 8.54617 7.695 5
      vertex 14.329 14.1995 5
      vertex 14.1995 14.329 5
    endloop
  endfacet
  facet normal 0 0 1
    outer loop
      vertex 15.3171 -13.7596 5
      vertex 9.95929 -5.75 5
      vertex 15.1362 -13.7882 5
    endloop
  endfacet
  facet normal 0 0 1
    outer loop
      vertex 7.695 8.54617 5
      vertex 14.1995 14.329 5
      vertex 14.0842 14.4714 5
    endloop
  endfacet
  facet normal -0 0 1
    outer loop
      vertex 9.30369 -6.75953 5
      vertex 15.1362 -13.7882 5
      vertex 9.95929 -5.75 5
    endloop
  endfacet
  facet normal 0 0 1
    outer loop
      vertex 7.695 8.54617 5
      vertex 14.0842 14.4714 5
      vertex 13.9845 14.625 5
    endloop
  endfacet
  facet normal 0 0 1
    outer loop
      vertex 15.1362 -13.7882 5
      vertex 9.30369 -6.75953 5
      vertex 14.9592 -13.8357 5
    endloop
  endfacet
  facet normal 0 0 1
    outer loop
      vertex 6.75953 9.30369 5
      vertex 13.9845 14.625 5
      vertex 13.9013 14.7882 5
    endloop
  endfacet
  facet normal 0 0 1
    outer loop
      vertex 14.9592 -13.8357 5
      vertex 9.30369 -6.75953 5
      vertex 14.7882 -13.9013 5
    endloop
  endfacet
  facet normal 0 0 1
    outer loop
      vertex 6.75953 9.30369 5
      vertex 13.9013 14.7882 5
      vertex 13.8357 14.9592 5
    endloop
  endfacet
  facet normal 0 0 1
    outer loop
      vertex 14.7882 -13.9013 5
      vertex 9.30369 -6.75953 5
      vertex 14.625 -13.9845 5
    endloop
  endfacet
  facet normal 0 0 1
    outer loop
      vertex 6.75953 9.30369 5
      vertex 13.8357 14.9592 5
      vertex 13.7882 15.1362 5
    endloop
  endfacet
  facet normal -0 0 1
    outer loop
      vertex 8.54617 -7.695 5
      vertex 14.625 -13.9845 5
      vertex 9.30369 -6.75953 5
    endloop
  endfacet
  facet normal 0 0 1
    outer loop
      vertex 5.75 9.95929 5
      vertex 13.7882 15.1362 5
      vertex 13.7596 15.3171 5
    endloop
  endfacet
  facet normal 0 0 1
    outer loop
      vertex 14.625 -13.9845 5
      vertex 8.54617 -7.695 5
      vertex 14.4714 -14.0842 5
    endloop
  endfacet
  facet normal 0 0 1
    outer loop
      vertex 5.75 9.95929 5
      vertex 13.7596 15.3171 5
      vertex 13.75 15.5 5
    endloop
  endfacet
  facet normal 0 0 1
    outer loop
      vertex 14.4714 -14.0842 5
      vertex 8.54617 -7.695 5
      vertex 14.329 -14.1995 5
    endloop
  endfacet
  facet normal 0 0 1
    outer loop
      vertex 17.2404 15.3171 5
      vertex 21 21 5
      vertex 17.25 15.5 5
    endloop
  endfacet
  facet normal 0 0 1
    outer loop
      vertex 21 21 5
      vertex 17.2404 15.6829 5
      vertex 17.25 15.5 5
    endloop
  endfacet
  facet normal 0 0 1
    outer loop
      vertex 21 21 5
      vertex 17.2118 15.8638 5
      vertex 17.2404 15.6829 5
    endloop
  endfacet
  facet normal 0 0 1
    outer loop
      vertex 21 21 5
      vertex 17.1643 16.0408 5
      vertex 17.2118 15.8638 5
    endloop
  endfacet
  facet normal 0 0 1
    outer loop
      vertex 21 21 5
      vertex 17.0987 16.2118 5
      vertex 17.1643 16.0408 5
    endloop
  endfacet
  facet normal 0 0 1
    outer loop
      vertex 21 21 5
      vertex 17.0155 16.375 5
      vertex 17.0987 16.2118 5
    endloop
  endfacet
  facet normal 0 0 1
    outer loop
      vertex 21 21 5
      vertex 16.9158 16.5286 5
      vertex 17.0155 16.375 5
    endloop
  endfacet
  facet normal 0 0 1
    outer loop
      vertex 21 21 5
      vertex 16.8005 16.671 5
      vertex 16.9158 16.5286 5
    endloop
  endfacet
  facet normal 0 0 1
    outer loop
      vertex 21 21 5
      vertex 16.671 16.8005 5
      vertex 16.8005 16.671 5
    endloop
  endfacet
  facet normal 0 0 1
    outer loop
      vertex 21 21 5
      vertex 16.5286 16.9158 5
      vertex 16.671 16.8005 5
    endloop
  endfacet
  facet normal 0 0 1
    outer loop
      vertex 21 21 5
      vertex 16.375 17.0155 5
      vertex 16.5286 16.9158 5
    endloop
  endfacet
  facet normal 0 0 1
    outer loop
      vertex 21 21 5
      vertex 16.2118 17.0987 5
      vertex 16.375 17.0155 5
    endloop
  endfacet
  facet normal 0 0 1
    outer loop
      vertex 21 21 5
      vertex 16.0408 17.1643 5
      vertex 16.2118 17.0987 5
    endloop
  endfacet
  facet normal 0 0 1
    outer loop
      vertex 21 21 5
      vertex 15.8638 17.2118 5
      vertex 16.0408 17.1643 5
    endloop
  endfacet
  facet normal 0 0 1
    outer loop
      vertex 21 21 5
      vertex 15.6829 17.2404 5
      vertex 15.8638 17.2118 5
    endloop
  endfacet
  facet normal 0 0 1
    outer loop
      vertex 21 21 5
      vertex 15.5 17.25 5
      vertex 15.6829 17.2404 5
    endloop
  endfacet
  facet normal 0 0 1
    outer loop
      vertex 21 21 5
      vertex 15.3171 17.2404 5
      vertex 15.5 17.25 5
    endloop
  endfacet
  facet normal 0 0 1
    outer loop
      vertex 21 21 5
      vertex 15.1362 17.2118 5
      vertex 15.3171 17.2404 5
    endloop
  endfacet
  facet normal 0 0 1
    outer loop
      vertex 21 21 5
      vertex 14.9592 17.1643 5
      vertex 15.1362 17.2118 5
    endloop
  endfacet
  facet normal 0 0 1
    outer loop
      vertex 21 21 5
      vertex 14.7882 17.0987 5
      vertex 14.9592 17.1643 5
    endloop
  endfacet
  facet normal 0 0 1
    outer loop
      vertex -14.7882 17.0987 5
      vertex 14.7882 17.0987 5
      vertex 21 21 5
    endloop
  endfacet
  facet normal 0 0 1
    outer loop
      vertex 14.329 -14.1995 5
      vertex 8.54617 -7.695 5
      vertex 14.1995 -14.329 5
    endloop
  endfacet
  facet normal 0 0 1
    outer loop
      vertex 4.67747 10.5058 5
      vertex 13.75 15.5 5
      vertex 13.7596 15.6829 5
    endloop
  endfacet
  facet normal 0 0 1
    outer loop
      vertex 16.671 14.1995 5
      vertex 11.437 1.20208 5
      vertex 11.5 0 5
    endloop
  endfacet
  facet normal 0 0 1
    outer loop
      vertex 4.67747 10.5058 5
      vertex 13.7596 15.6829 5
      vertex 13.7882 15.8638 5
    endloop
  endfacet
  facet normal 0 0 1
    outer loop
      vertex 16.5286 14.0842 5
      vertex 11.2487 2.39098 5
      vertex 11.437 1.20208 5
    endloop
  endfacet
  facet normal 0 0 1
    outer loop
      vertex 16.2118 13.9013 5
      vertex 10.9371 3.55369 5
      vertex 11.2487 2.39098 5
    endloop
  endfacet
  facet normal 0 0 1
    outer loop
      vertex 15.8638 13.7882 5
      vertex 10.5058 4.67747 5
      vertex 10.9371 3.55369 5
    endloop
  endfacet
  facet normal 0 0 1
    outer loop
      vertex 3.55369 10.9371 5
      vertex 13.7882 15.8638 5
      vertex 13.8357 16.0408 5
    endloop
  endfacet
  facet normal 0 0 1
    outer loop
      vertex 15.5 13.75 5
      vertex 9.95929 5.75 5
      vertex 10.5058 4.67747 5
    endloop
  endfacet
  facet normal 0 0 1
    outer loop
      vertex 15.1362 13.7882 5
      vertex 9.30369 6.75953 5
      vertex 9.95929 5.75 5
    endloop
  endfacet
  facet normal 0 0 1
    outer loop
      vertex 3.55369 10.9371 5
      vertex 13.8357 16.0408 5
      vertex 13.9013 16.2118 5
    endloop
  endfacet
  facet normal 0 0 1
    outer loop
      vertex 14.625 13.9845 5
      vertex 8.54617 7.695 5
      vertex 9.30369 6.75953 5
    endloop
  endfacet
  facet normal 0 0 1
    outer loop
      vertex 2.39098 11.2487 5
      vertex 13.9013 16.2118 5
      vertex 13.9845 16.375 5
    endloop
  endfacet
  facet normal 0 0 1
    outer loop
      vertex 14.1995 14.329 5
      vertex 7.695 8.54617 5
      vertex 8.54617 7.695 5
    endloop
  endfacet
  facet normal 0 0 1
    outer loop
      vertex 2.39098 11.2487 5
      vertex 13.9845 16.375 5
      vertex 14.0842 16.5286 5
    endloop
  endfacet
  facet normal 0 0 1
    outer loop
      vertex 13.9845 14.625 5
      vertex 6.75953 9.30369 5
      vertex 7.695 8.54617 5
    endloop
  endfacet
  facet normal 0 0 1
    outer loop
      vertex 1.20208 11.437 5
      vertex 14.0842 16.5286 5
      vertex 14.1995 16.671 5
    endloop
  endfacet
  facet normal 0 0 1
    outer loop
      vertex 1.20208 11.437 5
      vertex 14.1995 16.671 5
      vertex 14.329 16.8005 5
    endloop
  endfacet
  facet normal 0 0 1
    outer loop
      vertex 13.7882 15.1362 5
      vertex 5.75 9.95929 5
      vertex 6.75953 9.30369 5
    endloop
  endfacet
  facet normal 0 0 1
    outer loop
      vertex -14.329 16.8005 5
      vertex 14.329 16.8005 5
      vertex 14.4714 16.9158 5
    endloop
  endfacet
  facet normal 0 0 1
    outer loop
      vertex 13.75 15.5 5
      vertex 4.67747 10.5058 5
      vertex 5.75 9.95929 5
    endloop
  endfacet
  facet normal 0 0 1
    outer loop
      vertex 13.7882 15.8638 5
      vertex 3.55369 10.9371 5
      vertex 4.67747 10.5058 5
    endloop
  endfacet
  facet normal 0 0 1
    outer loop
      vertex -14.4714 16.9158 5
      vertex 14.4714 16.9158 5
      vertex 14.625 17.0155 5
    endloop
  endfacet
  facet normal 0 0 1
    outer loop
      vertex 14.7882 17.0987 5
      vertex -14.7882 17.0987 5
      vertex 14.625 17.0155 5
    endloop
  endfacet
  facet normal 0 0 1
    outer loop
      vertex 13.9013 16.2118 5
      vertex 2.39098 11.2487 5
      vertex 3.55369 10.9371 5
    endloop
  endfacet
  facet normal 0 0 1
    outer loop
      vertex 14.0842 16.5286 5
      vertex 1.20208 11.437 5
      vertex 2.39098 11.2487 5
    endloop
  endfacet
  facet normal 0 0 1
    outer loop
      vertex 14.329 16.8005 5
      vertex 0 11.5 5
      vertex 1.20208 11.437 5
    endloop
  endfacet
  facet normal 0 0 1
    outer loop
      vertex 14.4714 16.9158 5
      vertex -14.4714 16.9158 5
      vertex -14.329 16.8005 5
    endloop
  endfacet
  facet normal 0 0 1
    outer loop
      vertex 0 11.5 5
      vertex -14.329 16.8005 5
      vertex -1.20208 11.437 5
    endloop
  endfacet
  facet normal -0 -0 1
    outer loop
      vertex -14.1995 16.671 5
      vertex -1.20208 11.437 5
      vertex -14.329 16.8005 5
    endloop
  endfacet
  facet normal -0 -0 1
    outer loop
      vertex -14.0842 16.5286 5
      vertex -1.20208 11.437 5
      vertex -14.1995 16.671 5
    endloop
  endfacet
  facet normal 0 0 1
    outer loop
      vertex -7.695 8.54617 5
      vertex -14.1995 14.329 5
      vertex -8.54617 7.695 5
    endloop
  endfacet
  facet normal -0 0 1
    outer loop
      vertex -14.1995 14.329 5
      vertex -7.695 8.54617 5
      vertex -14.0842 14.4714 5
    endloop
  endfacet
  facet normal -0 0 1
    outer loop
      vertex -14.0842 14.4714 5
      vertex -7.695 8.54617 5
      vertex -13.9845 14.625 5
    endloop
  endfacet
  facet normal 0 0 1
    outer loop
      vertex -6.75953 9.30369 5
      vertex -13.9845 14.625 5
      vertex -7.695 8.54617 5
    endloop
  endfacet
  facet normal -0 0 1
    outer loop
      vertex -13.9845 14.625 5
      vertex -6.75953 9.30369 5
      vertex -13.9013 14.7882 5
    endloop
  endfacet
  facet normal -0 0 1
    outer loop
      vertex -13.9013 14.7882 5
      vertex -6.75953 9.30369 5
      vertex -13.8357 14.9592 5
    endloop
  endfacet
  facet normal -0 0 1
    outer loop
      vertex -13.8357 14.9592 5
      vertex -6.75953 9.30369 5
      vertex -13.7882 15.1362 5
    endloop
  endfacet
  facet normal 0 0 1
    outer loop
      vertex -5.75 9.95929 5
      vertex -13.7882 15.1362 5
      vertex -6.75953 9.30369 5
    endloop
  endfacet
  facet normal -0 0 1
    outer loop
      vertex -13.7882 15.1362 5
      vertex -5.75 9.95929 5
      vertex -13.7596 15.3171 5
    endloop
  endfacet
  facet normal -0 0 1
    outer loop
      vertex -13.7596 15.3171 5
      vertex -5.75 9.95929 5
      vertex -13.75 15.5 5
    endloop
  endfacet
  facet normal 0 0 1
    outer loop
      vertex -4.67747 10.5058 5
      vertex -13.75 15.5 5
      vertex -5.75 9.95929 5
    endloop
  endfacet
  facet normal -0 -0 1
    outer loop
      vertex -13.9845 16.375 5
      vertex -2.39098 11.2487 5
      vertex -14.0842 16.5286 5
    endloop
  endfacet
  facet normal 0 0 1
    outer loop
      vertex -4.67747 10.5058 5
      vertex -13.7596 15.6829 5
      vertex -13.75 15.5 5
    endloop
  endfacet
  facet normal 0 0 1
    outer loop
      vertex -4.67747 10.5058 5
      vertex -13.7882 15.8638 5
      vertex -13.7596 15.6829 5
    endloop
  endfacet
  facet normal 0 0 1
    outer loop
      vertex -3.55369 10.9371 5
      vertex -13.7882 15.8638 5
      vertex -4.67747 10.5058 5
    endloop
  endfacet
  facet normal -0 -0 1
    outer loop
      vertex -13.7882 15.8638 5
      vertex -3.55369 10.9371 5
      vertex -13.8357 16.0408 5
    endloop
  endfacet
  facet normal -0 -0 1
    outer loop
      vertex -13.8357 16.0408 5
      vertex -3.55369 10.9371 5
      vertex -13.9013 16.2118 5
    endloop
  endfacet
  facet normal 0 0 1
    outer loop
      vertex -2.39098 11.2487 5
      vertex -13.9013 16.2118 5
      vertex -3.55369 10.9371 5
    endloop
  endfacet
  facet normal -0 -0 1
    outer loop
      vertex -13.9013 16.2118 5
      vertex -2.39098 11.2487 5
      vertex -13.9845 16.375 5
    endloop
  endfacet
  facet normal 0 0 1
    outer loop
      vertex -1.20208 11.437 5
      vertex -14.0842 16.5286 5
      vertex -2.39098 11.2487 5
    endloop
  endfacet
  facet normal 0 0 1
    outer loop
      vertex 14.329 16.8005 5
      vertex -14.329 16.8005 5
      vertex 0 11.5 5
    endloop
  endfacet
  facet normal 0 0 1
    outer loop
      vertex 14.625 17.0155 5
      vertex -14.625 17.0155 5
      vertex -14.4714 16.9158 5
    endloop
  endfacet
  facet normal 0 0 1
    outer loop
      vertex 14.625 17.0155 5
      vertex -14.7882 17.0987 5
      vertex -14.625 17.0155 5
    endloop
  endfacet
  facet normal -0 0 1
    outer loop
      vertex -21 21 5
      vertex -14.7882 17.0987 5
      vertex 21 21 5
    endloop
  endfacet
  facet normal 0 0 1
    outer loop
      vertex -14.7882 17.0987 5
      vertex -21 21 5
      vertex -14.9592 17.1643 5
    endloop
  endfacet
  facet normal 0 0 1
    outer loop
      vertex -14.9592 17.1643 5
      vertex -21 21 5
      vertex -15.1362 17.2118 5
    endloop
  endfacet
  facet normal 0 0 1
    outer loop
      vertex -15.1362 17.2118 5
      vertex -21 21 5
      vertex -15.3171 17.2404 5
    endloop
  endfacet
  facet normal 0 0 1
    outer loop
      vertex -15.3171 17.2404 5
      vertex -21 21 5
      vertex -15.5 17.25 5
    endloop
  endfacet
  facet normal 0 0 1
    outer loop
      vertex -17.2118 -15.1362 5
      vertex -21 -21 5
      vertex -17.2404 -15.3171 5
    endloop
  endfacet
  facet normal 0 0 1
    outer loop
      vertex -17.2404 15.6829 5
      vertex -21 21 5
      vertex -17.25 15.5 5
    endloop
  endfacet
  facet normal 0 0 1
    outer loop
      vertex -17.2118 15.8638 5
      vertex -21 21 5
      vertex -17.2404 15.6829 5
    endloop
  endfacet
  facet normal 0 0 1
    outer loop
      vertex -17.1643 16.0408 5
      vertex -21 21 5
      vertex -17.2118 15.8638 5
    endloop
  endfacet
  facet normal 0 0 1
    outer loop
      vertex -17.0987 16.2118 5
      vertex -21 21 5
      vertex -17.1643 16.0408 5
    endloop
  endfacet
  facet normal 0 0 1
    outer loop
      vertex -17.0155 16.375 5
      vertex -21 21 5
      vertex -17.0987 16.2118 5
    endloop
  endfacet
  facet normal 0 0 1
    outer loop
      vertex -16.9158 16.5286 5
      vertex -21 21 5
      vertex -17.0155 16.375 5
    endloop
  endfacet
  facet normal 0 0 1
    outer loop
      vertex -16.8005 16.671 5
      vertex -21 21 5
      vertex -16.9158 16.5286 5
    endloop
  endfacet
  facet normal 0 0 1
    outer loop
      vertex -16.671 16.8005 5
      vertex -21 21 5
      vertex -16.8005 16.671 5
    endloop
  endfacet
  facet normal 0 0 1
    outer loop
      vertex -16.5286 16.9158 5
      vertex -21 21 5
      vertex -16.671 16.8005 5
    endloop
  endfacet
  facet normal 0 0 1
    outer loop
      vertex -16.375 17.0155 5
      vertex -21 21 5
      vertex -16.5286 16.9158 5
    endloop
  endfacet
  facet normal 0 0 1
    outer loop
      vertex -16.2118 17.0987 5
      vertex -21 21 5
      vertex -16.375 17.0155 5
    endloop
  endfacet
  facet normal 0 0 1
    outer loop
      vertex -16.0408 17.1643 5
      vertex -21 21 5
      vertex -16.2118 17.0987 5
    endloop
  endfacet
  facet normal 0 0 1
    outer loop
      vertex -15.8638 17.2118 5
      vertex -21 21 5
      vertex -16.0408 17.1643 5
    endloop
  endfacet
  facet normal 0 0 1
    outer loop
      vertex -15.6829 17.2404 5
      vertex -21 21 5
      vertex -15.8638 17.2118 5
    endloop
  endfacet
  facet normal 0 0 1
    outer loop
      vertex -15.5 17.25 5
      vertex -21 21 5
      vertex -15.6829 17.2404 5
    endloop
  endfacet
  facet normal 0 0 1
    outer loop
      vertex 17.2118 15.1362 5
      vertex 21 21 5
      vertex 17.2404 15.3171 5
    endloop
  endfacet
  facet normal -0 0 1
    outer loop
      vertex 17.2404 -15.6829 5
      vertex 21 -21 5
      vertex 17.25 -15.5 5
    endloop
  endfacet
  facet normal -0 0 1
    outer loop
      vertex 17.2118 -15.8638 5
      vertex 21 -21 5
      vertex 17.2404 -15.6829 5
    endloop
  endfacet
  facet normal -0 0 1
    outer loop
      vertex 17.1643 -16.0408 5
      vertex 21 -21 5
      vertex 17.2118 -15.8638 5
    endloop
  endfacet
  facet normal -0 0 1
    outer loop
      vertex 17.0987 -16.2118 5
      vertex 21 -21 5
      vertex 17.1643 -16.0408 5
    endloop
  endfacet
  facet normal -0 0 1
    outer loop
      vertex 17.0155 -16.375 5
      vertex 21 -21 5
      vertex 17.0987 -16.2118 5
    endloop
  endfacet
  facet normal -0 0 1
    outer loop
      vertex 16.9158 -16.5286 5
      vertex 21 -21 5
      vertex 17.0155 -16.375 5
    endloop
  endfacet
  facet normal -0 0 1
    outer loop
      vertex 16.8005 -16.671 5
      vertex 21 -21 5
      vertex 16.9158 -16.5286 5
    endloop
  endfacet
  facet normal -0 0 1
    outer loop
      vertex 16.671 -16.8005 5
      vertex 21 -21 5
      vertex 16.8005 -16.671 5
    endloop
  endfacet
  facet normal -0 0 1
    outer loop
      vertex 16.5286 -16.9158 5
      vertex 21 -21 5
      vertex 16.671 -16.8005 5
    endloop
  endfacet
  facet normal -0 0 1
    outer loop
      vertex 16.375 -17.0155 5
      vertex 21 -21 5
      vertex 16.5286 -16.9158 5
    endloop
  endfacet
  facet normal -0 0 1
    outer loop
      vertex 16.2118 -17.0987 5
      vertex 21 -21 5
      vertex 16.375 -17.0155 5
    endloop
  endfacet
  facet normal -0 0 1
    outer loop
      vertex 16.0408 -17.1643 5
      vertex 21 -21 5
      vertex 16.2118 -17.0987 5
    endloop
  endfacet
  facet normal -0 0 1
    outer loop
      vertex 15.8638 -17.2118 5
      vertex 21 -21 5
      vertex 16.0408 -17.1643 5
    endloop
  endfacet
  facet normal -0 0 1
    outer loop
      vertex 15.6829 -17.2404 5
      vertex 21 -21 5
      vertex 15.8638 -17.2118 5
    endloop
  endfacet
  facet normal -0 0 1
    outer loop
      vertex 15.5 -17.25 5
      vertex 21 -21 5
      vertex 15.6829 -17.2404 5
    endloop
  endfacet
  facet normal 0 0 1
    outer loop
      vertex 15.3171 -17.2404 5
      vertex 21 -21 5
      vertex 15.5 -17.25 5
    endloop
  endfacet
  facet normal 0 0 1
    outer loop
      vertex 15.1362 -17.2118 5
      vertex 21 -21 5
      vertex 15.3171 -17.2404 5
    endloop
  endfacet
  facet normal 0 0 1
    outer loop
      vertex 14.9592 -17.1643 5
      vertex 21 -21 5
      vertex 15.1362 -17.2118 5
    endloop
  endfacet
  facet normal 0 0 1
    outer loop
      vertex 14.7882 -17.0987 5
      vertex 21 -21 5
      vertex 14.9592 -17.1643 5
    endloop
  endfacet
  facet normal 0 0 1
    outer loop
      vertex -14.7882 -17.0987 5
      vertex 14.7882 -17.0987 5
      vertex 14.625 -17.0155 5
    endloop
  endfacet
  facet normal -0 0 1
    outer loop
      vertex 7.695 -8.54617 5
      vertex 14.1995 -14.329 5
      vertex 8.54617 -7.695 5
    endloop
  endfacet
  facet normal 0 0 1
    outer loop
      vertex 14.1995 -14.329 5
      vertex 7.695 -8.54617 5
      vertex 14.0842 -14.4714 5
    endloop
  endfacet
  facet normal 0 0 1
    outer loop
      vertex 14.0842 -14.4714 5
      vertex 7.695 -8.54617 5
      vertex 13.9845 -14.625 5
    endloop
  endfacet
  facet normal -0 0 1
    outer loop
      vertex 6.75953 -9.30369 5
      vertex 13.9845 -14.625 5
      vertex 7.695 -8.54617 5
    endloop
  endfacet
  facet normal 0 0 1
    outer loop
      vertex 13.9845 -14.625 5
      vertex 6.75953 -9.30369 5
      vertex 13.9013 -14.7882 5
    endloop
  endfacet
  facet normal 0 0 1
    outer loop
      vertex 13.9013 -14.7882 5
      vertex 6.75953 -9.30369 5
      vertex 13.8357 -14.9592 5
    endloop
  endfacet
  facet normal 0 0 1
    outer loop
      vertex 13.8357 -14.9592 5
      vertex 6.75953 -9.30369 5
      vertex 13.7882 -15.1362 5
    endloop
  endfacet
  facet normal -0 0 1
    outer loop
      vertex 5.75 -9.95929 5
      vertex 13.7882 -15.1362 5
      vertex 6.75953 -9.30369 5
    endloop
  endfacet
  facet normal 0 0 1
    outer loop
      vertex 13.7882 -15.1362 5
      vertex 5.75 -9.95929 5
      vertex 13.7596 -15.3171 5
    endloop
  endfacet
  facet normal 0 0 1
    outer loop
      vertex 13.7596 -15.3171 5
      vertex 5.75 -9.95929 5
      vertex 13.75 -15.5 5
    endloop
  endfacet
  facet normal -0 0 1
    outer loop
      vertex 4.67747 -10.5058 5
      vertex 13.75 -15.5 5
      vertex 5.75 -9.95929 5
    endloop
  endfacet
  facet normal 0 0 1
    outer loop
      vertex 13.75 -15.5 5
      vertex 4.67747 -10.5058 5
      vertex 13.7596 -15.6829 5
    endloop
  endfacet
  facet normal 0 0 1
    outer loop
      vertex 13.7596 -15.6829 5
      vertex 4.67747 -10.5058 5
      vertex 13.7882 -15.8638 5
    endloop
  endfacet
  facet normal -0 0 1
    outer loop
      vertex 3.55369 -10.9371 5
      vertex 13.7882 -15.8638 5
      vertex 4.67747 -10.5058 5
    endloop
  endfacet
  facet normal 0 0 1
    outer loop
      vertex 13.7882 -15.8638 5
      vertex 3.55369 -10.9371 5
      vertex 13.8357 -16.0408 5
    endloop
  endfacet
  facet normal 0 0 1
    outer loop
      vertex 13.8357 -16.0408 5
      vertex 3.55369 -10.9371 5
      vertex 13.9013 -16.2118 5
    endloop
  endfacet
  facet normal -0 0 1
    outer loop
      vertex 2.39098 -11.2487 5
      vertex 13.9013 -16.2118 5
      vertex 3.55369 -10.9371 5
    endloop
  endfacet
  facet normal 0 0 1
    outer loop
      vertex 13.9013 -16.2118 5
      vertex 2.39098 -11.2487 5
      vertex 13.9845 -16.375 5
    endloop
  endfacet
  facet normal 0 0 1
    outer loop
      vertex 13.9845 -16.375 5
      vertex 2.39098 -11.2487 5
      vertex 14.0842 -16.5286 5
    endloop
  endfacet
  facet normal -0 0 1
    outer loop
      vertex 1.20208 -11.437 5
      vertex 14.0842 -16.5286 5
      vertex 2.39098 -11.2487 5
    endloop
  endfacet
  facet normal 0 0 1
    outer loop
      vertex 14.0842 -16.5286 5
      vertex 1.20208 -11.437 5
      vertex 14.1995 -16.671 5
    endloop
  endfacet
  facet normal 0 0 1
    outer loop
      vertex 14.1995 -16.671 5
      vertex 1.20208 -11.437 5
      vertex 14.329 -16.8005 5
    endloop
  endfacet
  facet normal -0 0 1
    outer loop
      vertex 0 -11.5 5
      vertex 14.329 -16.8005 5
      vertex 1.20208 -11.437 5
    endloop
  endfacet
  facet normal 0 0 1
    outer loop
      vertex -14.329 -16.8005 5
      vertex 14.329 -16.8005 5
      vertex 0 -11.5 5
    endloop
  endfacet
  facet normal 0 0 1
    outer loop
      vertex 14.329 -16.8005 5
      vertex -14.329 -16.8005 5
      vertex 14.4714 -16.9158 5
    endloop
  endfacet
  facet normal 0 0 1
    outer loop
      vertex -14.4714 -16.9158 5
      vertex 14.4714 -16.9158 5
      vertex -14.329 -16.8005 5
    endloop
  endfacet
  facet normal 0 0 1
    outer loop
      vertex -14.329 -16.8005 5
      vertex 0 -11.5 5
      vertex -1.20208 -11.437 5
    endloop
  endfacet
  facet normal 0 0 1
    outer loop
      vertex -14.0842 -16.5286 5
      vertex -1.20208 -11.437 5
      vertex -2.39098 -11.2487 5
    endloop
  endfacet
  facet normal 0 0 1
    outer loop
      vertex -13.9013 -16.2118 5
      vertex -2.39098 -11.2487 5
      vertex -3.55369 -10.9371 5
    endloop
  endfacet
  facet normal 0 0 1
    outer loop
      vertex -13.7882 -15.8638 5
      vertex -3.55369 -10.9371 5
      vertex -4.67747 -10.5058 5
    endloop
  endfacet
  facet normal -0 0 1
    outer loop
      vertex -14.329 14.1995 5
      vertex -8.54617 7.695 5
      vertex -14.1995 14.329 5
    endloop
  endfacet
  facet normal 0 0 1
    outer loop
      vertex -11.5 0 5
      vertex -13.75 -15.5 5
      vertex -11.437 -1.20208 5
    endloop
  endfacet
  facet normal 0 0 1
    outer loop
      vertex -13.75 -15.5 5
      vertex -11.2487 -2.39098 5
      vertex -11.437 -1.20208 5
    endloop
  endfacet
  facet normal 0 0 1
    outer loop
      vertex -13.75 -15.5 5
      vertex -10.9371 -3.55369 5
      vertex -11.2487 -2.39098 5
    endloop
  endfacet
  facet normal 0 0 1
    outer loop
      vertex -13.75 -15.5 5
      vertex -10.5058 -4.67747 5
      vertex -10.9371 -3.55369 5
    endloop
  endfacet
  facet normal 0 0 1
    outer loop
      vertex -13.75 -15.5 5
      vertex -9.95929 -5.75 5
      vertex -10.5058 -4.67747 5
    endloop
  endfacet
  facet normal 0 0 1
    outer loop
      vertex -13.75 -15.5 5
      vertex -9.30369 -6.75953 5
      vertex -9.95929 -5.75 5
    endloop
  endfacet
  facet normal 0 0 1
    outer loop
      vertex -13.75 -15.5 5
      vertex -8.54617 -7.695 5
      vertex -9.30369 -6.75953 5
    endloop
  endfacet
  facet normal 0 0 1
    outer loop
      vertex -13.75 -15.5 5
      vertex -7.695 -8.54617 5
      vertex -8.54617 -7.695 5
    endloop
  endfacet
  facet normal 0 0 1
    outer loop
      vertex -13.75 -15.5 5
      vertex -6.75953 -9.30369 5
      vertex -7.695 -8.54617 5
    endloop
  endfacet
  facet normal 0 0 1
    outer loop
      vertex -13.75 -15.5 5
      vertex -5.75 -9.95929 5
      vertex -6.75953 -9.30369 5
    endloop
  endfacet
  facet normal 0 0 1
    outer loop
      vertex -13.75 -15.5 5
      vertex -4.67747 -10.5058 5
      vertex -5.75 -9.95929 5
    endloop
  endfacet
  facet normal 0 0 1
    outer loop
      vertex -13.7596 -15.6829 5
      vertex -4.67747 -10.5058 5
      vertex -13.75 -15.5 5
    endloop
  endfacet
  facet normal 0 0 1
    outer loop
      vertex -13.7882 -15.8638 5
      vertex -4.67747 -10.5058 5
      vertex -13.7596 -15.6829 5
    endloop
  endfacet
  facet normal 0 0 1
    outer loop
      vertex -3.55369 -10.9371 5
      vertex -13.7882 -15.8638 5
      vertex -13.8357 -16.0408 5
    endloop
  endfacet
  facet normal 0 0 1
    outer loop
      vertex -3.55369 -10.9371 5
      vertex -13.8357 -16.0408 5
      vertex -13.9013 -16.2118 5
    endloop
  endfacet
  facet normal 0 0 1
    outer loop
      vertex -2.39098 -11.2487 5
      vertex -13.9013 -16.2118 5
      vertex -13.9845 -16.375 5
    endloop
  endfacet
  facet normal 0 0 1
    outer loop
      vertex -2.39098 -11.2487 5
      vertex -13.9845 -16.375 5
      vertex -14.0842 -16.5286 5
    endloop
  endfacet
  facet normal 0 0 1
    outer loop
      vertex -1.20208 -11.437 5
      vertex -14.0842 -16.5286 5
      vertex -14.1995 -16.671 5
    endloop
  endfacet
  facet normal 0 0 1
    outer loop
      vertex -1.20208 -11.437 5
      vertex -14.1995 -16.671 5
      vertex -14.329 -16.8005 5
    endloop
  endfacet
  facet normal 0 0 1
    outer loop
      vertex 14.4714 -16.9158 5
      vertex -14.4714 -16.9158 5
      vertex 14.625 -17.0155 5
    endloop
  endfacet
  facet normal 0 0 1
    outer loop
      vertex -14.625 -17.0155 5
      vertex 14.625 -17.0155 5
      vertex -14.4714 -16.9158 5
    endloop
  endfacet
  facet normal 0 0 1
    outer loop
      vertex -14.7882 -17.0987 5
      vertex 14.625 -17.0155 5
      vertex -14.625 -17.0155 5
    endloop
  endfacet
  facet normal 0 0 1
    outer loop
      vertex 14.7882 -17.0987 5
      vertex -14.7882 -17.0987 5
      vertex 21 -21 5
    endloop
  endfacet
  facet normal 0 0 1
    outer loop
      vertex -21 -21 5
      vertex -14.7882 -17.0987 5
      vertex -14.9592 -17.1643 5
    endloop
  endfacet
  facet normal 0 0 1
    outer loop
      vertex -21 -21 5
      vertex -14.9592 -17.1643 5
      vertex -15.1362 -17.2118 5
    endloop
  endfacet
  facet normal 0 0 1
    outer loop
      vertex -21 -21 5
      vertex -15.1362 -17.2118 5
      vertex -15.3171 -17.2404 5
    endloop
  endfacet
  facet normal 0 0 1
    outer loop
      vertex -21 -21 5
      vertex -15.3171 -17.2404 5
      vertex -15.5 -17.25 5
    endloop
  endfacet
  facet normal 0 0 1
    outer loop
      vertex -21 -21 5
      vertex -15.5 -17.25 5
      vertex -15.6829 -17.2404 5
    endloop
  endfacet
  facet normal 0 0 1
    outer loop
      vertex -17.2404 -15.3171 5
      vertex -21 -21 5
      vertex -17.25 -15.5 5
    endloop
  endfacet
  facet normal 0 0 1
    outer loop
      vertex -14.7882 -17.0987 5
      vertex -21 -21 5
      vertex 21 -21 5
    endloop
  endfacet
  facet normal 0 0 1
    outer loop
      vertex -15.8638 -17.2118 5
      vertex -21 -21 5
      vertex -15.6829 -17.2404 5
    endloop
  endfacet
  facet normal 0 0 1
    outer loop
      vertex -16.0408 -17.1643 5
      vertex -21 -21 5
      vertex -15.8638 -17.2118 5
    endloop
  endfacet
  facet normal 0 0 1
    outer loop
      vertex -16.2118 -17.0987 5
      vertex -21 -21 5
      vertex -16.0408 -17.1643 5
    endloop
  endfacet
  facet normal 0 0 1
    outer loop
      vertex -16.375 -17.0155 5
      vertex -21 -21 5
      vertex -16.2118 -17.0987 5
    endloop
  endfacet
  facet normal 0 0 1
    outer loop
      vertex -16.5286 -16.9158 5
      vertex -21 -21 5
      vertex -16.375 -17.0155 5
    endloop
  endfacet
  facet normal 0 0 1
    outer loop
      vertex -16.671 -16.8005 5
      vertex -21 -21 5
      vertex -16.5286 -16.9158 5
    endloop
  endfacet
  facet normal 0 0 1
    outer loop
      vertex -16.8005 -16.671 5
      vertex -21 -21 5
      vertex -16.671 -16.8005 5
    endloop
  endfacet
  facet normal 0 0 1
    outer loop
      vertex -16.9158 -16.5286 5
      vertex -21 -21 5
      vertex -16.8005 -16.671 5
    endloop
  endfacet
  facet normal 0 0 1
    outer loop
      vertex -17.0155 -16.375 5
      vertex -21 -21 5
      vertex -16.9158 -16.5286 5
    endloop
  endfacet
  facet normal 0 0 1
    outer loop
      vertex -17.0987 -16.2118 5
      vertex -21 -21 5
      vertex -17.0155 -16.375 5
    endloop
  endfacet
  facet normal 0 0 1
    outer loop
      vertex -17.1643 -16.0408 5
      vertex -21 -21 5
      vertex -17.0987 -16.2118 5
    endloop
  endfacet
  facet normal 0 0 1
    outer loop
      vertex -17.2118 -15.8638 5
      vertex -21 -21 5
      vertex -17.1643 -16.0408 5
    endloop
  endfacet
  facet normal 0 0 1
    outer loop
      vertex -17.2404 -15.6829 5
      vertex -21 -21 5
      vertex -17.2118 -15.8638 5
    endloop
  endfacet
  facet normal 0 0 1
    outer loop
      vertex -17.25 -15.5 5
      vertex -21 -21 5
      vertex -17.2404 -15.6829 5
    endloop
  endfacet
  facet normal 1 0 0
    outer loop
      vertex 21 21 5
      vertex 21 11.5269 2.5
      vertex 21 21 0
    endloop
  endfacet
  facet normal 1 0 0
    outer loop
      vertex 21 21 5
      vertex 21 6.85786 2.5
      vertex 21 11.5269 2.5
    endloop
  endfacet
  facet normal 1 0 0
    outer loop
      vertex 21 6.85786 2.5
      vertex 21 -6.85786 2.5
      vertex 21 6.85786 0
    endloop
  endfacet
  facet normal 1 0 0
    outer loop
      vertex 21 21 5
      vertex 21 -6.85786 2.5
      vertex 21 6.85786 2.5
    endloop
  endfacet
  facet normal 1 -0 0
    outer loop
      vertex 21 -21 5
      vertex 21 -6.85786 2.5
      vertex 21 21 5
    endloop
  endfacet
  facet normal 1 0 0
    outer loop
      vertex 21 -6.85786 2.5
      vertex 21 -21 5
      vertex 21 -11.5269 2.5
    endloop
  endfacet
  facet normal 1 0 0
    outer loop
      vertex 21 -21 0
      vertex 21 -11.5269 2.5
      vertex 21 -21 5
    endloop
  endfacet
  facet normal 1 0 0
    outer loop
      vertex 21 -11.5269 2.5
      vertex 21 -21 0
      vertex 21 -11.5269 0
    endloop
  endfacet
  facet normal 1 0 0
    outer loop
      vertex 21 21 0
      vertex 21 11.5269 2.5
      vertex 21 11.5269 0
    endloop
  endfacet
  facet normal 1 0 0
    outer loop
      vertex 21 6.85786 0
      vertex 21 -6.85786 2.5
      vertex 21 -6.85786 0
    endloop
  endfacet
  facet normal 0 1 -0
    outer loop
      vertex 6.85786 21 0
      vertex -6.85786 21 2.5
      vertex 6.85786 21 2.5
    endloop
  endfacet
  facet normal 0 1 0
    outer loop
      vertex -6.85786 21 2.5
      vertex 6.85786 21 0
      vertex -6.85786 21 0
    endloop
  endfacet
  facet normal 0 1 0
    outer loop
      vertex 6.85786 21 2.5
      vertex 21 21 5
      vertex 11.5269 21 2.5
    endloop
  endfacet
  facet normal 0 1 -0
    outer loop
      vertex 21 21 0
      vertex 11.5269 21 2.5
      vertex 21 21 5
    endloop
  endfacet
  facet normal 0 1 0
    outer loop
      vertex 11.5269 21 2.5
      vertex 21 21 0
      vertex 11.5269 21 0
    endloop
  endfacet
  facet normal 0 1 0
    outer loop
      vertex 21 21 5
      vertex 6.85786 21 2.5
      vertex -21 21 5
    endloop
  endfacet
  facet normal 0 1 -0
    outer loop
      vertex -6.85786 21 2.5
      vertex -21 21 5
      vertex 6.85786 21 2.5
    endloop
  endfacet
  facet normal 0 1 -0
    outer loop
      vertex -11.5269 21 2.5
      vertex -21 21 5
      vertex -6.85786 21 2.5
    endloop
  endfacet
  facet normal 0 1 0
    outer loop
      vertex -21 21 0
      vertex -11.5269 21 2.5
      vertex -11.5269 21 0
    endloop
  endfacet
  facet normal 0 1 0
    outer loop
      vertex -11.5269 21 2.5
      vertex -21 21 0
      vertex -21 21 5
    endloop
  endfacet
  facet normal 0 0 -1
    outer loop
      vertex -11.5269 -21 0
      vertex -15.3171 -17.2404 0
      vertex -15.2907 -17.2362 0
    endloop
  endfacet
  facet normal 0 0 -1
    outer loop
      vertex -11.5269 -21 0
      vertex -15.5 -17.25 0
      vertex -15.3171 -17.2404 0
    endloop
  endfacet
  facet normal 0 0 -1
    outer loop
      vertex -11.5269 -21 0
      vertex -15.6829 -17.2404 0
      vertex -15.5 -17.25 0
    endloop
  endfacet
  facet normal 0 0 -1
    outer loop
      vertex -21 -21 0
      vertex -15.6829 -17.2404 0
      vertex -11.5269 -21 0
    endloop
  endfacet
  facet normal -0 0 -1
    outer loop
      vertex -15.6829 -17.2404 0
      vertex -21 -21 0
      vertex -15.8638 -17.2118 0
    endloop
  endfacet
  facet normal -0 0 -1
    outer loop
      vertex -15.8638 -17.2118 0
      vertex -21 -21 0
      vertex -16.0408 -17.1643 0
    endloop
  endfacet
  facet normal -0 0 -1
    outer loop
      vertex -16.0408 -17.1643 0
      vertex -21 -21 0
      vertex -16.2118 -17.0987 0
    endloop
  endfacet
  facet normal -0 0 -1
    outer loop
      vertex -16.2118 -17.0987 0
      vertex -21 -21 0
      vertex -16.375 -17.0155 0
    endloop
  endfacet
  facet normal -0 0 -1
    outer loop
      vertex -16.375 -17.0155 0
      vertex -21 -21 0
      vertex -16.5286 -16.9158 0
    endloop
  endfacet
  facet normal 0 0 -1
    outer loop
      vertex -21 -11.5269 0
      vertex -17.2404 -15.6829 0
      vertex -21 -21 0
    endloop
  endfacet
  facet normal -0 0 -1
    outer loop
      vertex -17.2118 -15.8638 0
      vertex -21 -21 0
      vertex -17.2404 -15.6829 0
    endloop
  endfacet
  facet normal -0 0 -1
    outer loop
      vertex -17.1643 -16.0408 0
      vertex -21 -21 0
      vertex -17.2118 -15.8638 0
    endloop
  endfacet
  facet normal -0 0 -1
    outer loop
      vertex -17.0987 -16.2118 0
      vertex -21 -21 0
      vertex -17.1643 -16.0408 0
    endloop
  endfacet
  facet normal -0 0 -1
    outer loop
      vertex -17.0155 -16.375 0
      vertex -21 -21 0
      vertex -17.0987 -16.2118 0
    endloop
  endfacet
  facet normal -0 0 -1
    outer loop
      vertex -16.9158 -16.5286 0
      vertex -21 -21 0
      vertex -17.0155 -16.375 0
    endloop
  endfacet
  facet normal -0 0 -1
    outer loop
      vertex -16.8005 -16.671 0
      vertex -21 -21 0
      vertex -16.9158 -16.5286 0
    endloop
  endfacet
  facet normal -0 0 -1
    outer loop
      vertex -16.671 -16.8005 0
      vertex -21 -21 0
      vertex -16.8005 -16.671 0
    endloop
  endfacet
  facet normal -0 0 -1
    outer loop
      vertex -16.5286 -16.9158 0
      vertex -21 -21 0
      vertex -16.671 -16.8005 0
    endloop
  endfacet
  facet normal 0 0 -1
    outer loop
      vertex -17.2404 -15.6829 0
      vertex -21 -11.5269 0
      vertex -17.25 -15.5 0
    endloop
  endfacet
  facet normal 0 0 -1
    outer loop
      vertex -17.25 -15.5 0
      vertex -21 -11.5269 0
      vertex -17.2404 -15.3171 0
    endloop
  endfacet
  facet normal 0 0 -1
    outer loop
      vertex -17.2404 -15.3171 0
      vertex -21 -11.5269 0
      vertex -17.2362 -15.2907 0
    endloop
  endfacet
  facet normal 0 0 -1
    outer loop
      vertex 17.2404 15.6829 0
      vertex 21 11.5269 0
      vertex 17.25 15.5 0
    endloop
  endfacet
  facet normal 0 0 -1
    outer loop
      vertex 21 11.5269 0
      vertex 17.2404 15.3171 0
      vertex 17.25 15.5 0
    endloop
  endfacet
  facet normal 0 -0 -1
    outer loop
      vertex 17.2404 15.3171 0
      vertex 21 11.5269 0
      vertex 17.2362 15.2907 0
    endloop
  endfacet
  facet normal 0 0 -1
    outer loop
      vertex 21 11.5269 0
      vertex 17.2404 15.6829 0
      vertex 21 21 0
    endloop
  endfacet
  facet normal 0 0 -1
    outer loop
      vertex 17.2118 15.8638 0
      vertex 21 21 0
      vertex 17.2404 15.6829 0
    endloop
  endfacet
  facet normal 0 0 -1
    outer loop
      vertex 17.1643 16.0408 0
      vertex 21 21 0
      vertex 17.2118 15.8638 0
    endloop
  endfacet
  facet normal 0 0 -1
    outer loop
      vertex 17.0987 16.2118 0
      vertex 21 21 0
      vertex 17.1643 16.0408 0
    endloop
  endfacet
  facet normal 0 0 -1
    outer loop
      vertex 17.0155 16.375 0
      vertex 21 21 0
      vertex 17.0987 16.2118 0
    endloop
  endfacet
  facet normal 0 0 -1
    outer loop
      vertex 16.9158 16.5286 0
      vertex 21 21 0
      vertex 17.0155 16.375 0
    endloop
  endfacet
  facet normal 0 0 -1
    outer loop
      vertex 16.8005 16.671 0
      vertex 21 21 0
      vertex 16.9158 16.5286 0
    endloop
  endfacet
  facet normal 0 0 -1
    outer loop
      vertex 16.671 16.8005 0
      vertex 21 21 0
      vertex 16.8005 16.671 0
    endloop
  endfacet
  facet normal 0 0 -1
    outer loop
      vertex 16.5286 16.9158 0
      vertex 21 21 0
      vertex 16.671 16.8005 0
    endloop
  endfacet
  facet normal 0 0 -1
    outer loop
      vertex 16.375 17.0155 0
      vertex 21 21 0
      vertex 16.5286 16.9158 0
    endloop
  endfacet
  facet normal 0 0 -1
    outer loop
      vertex 16.2118 17.0987 0
      vertex 21 21 0
      vertex 16.375 17.0155 0
    endloop
  endfacet
  facet normal 0 0 -1
    outer loop
      vertex 16.0408 17.1643 0
      vertex 21 21 0
      vertex 16.2118 17.0987 0
    endloop
  endfacet
  facet normal 0 0 -1
    outer loop
      vertex 15.8638 17.2118 0
      vertex 21 21 0
      vertex 16.0408 17.1643 0
    endloop
  endfacet
  facet normal 0 0 -1
    outer loop
      vertex 15.6829 17.2404 0
      vertex 21 21 0
      vertex 15.8638 17.2118 0
    endloop
  endfacet
  facet normal 0 0 -1
    outer loop
      vertex 11.5269 21 0
      vertex 15.6829 17.2404 0
      vertex 15.5 17.25 0
    endloop
  endfacet
  facet normal 0 0 -1
    outer loop
      vertex 11.5269 21 0
      vertex 15.5 17.25 0
      vertex 15.3171 17.2404 0
    endloop
  endfacet
  facet normal 0 0 -1
    outer loop
      vertex 11.5269 21 0
      vertex 15.3171 17.2404 0
      vertex 15.2907 17.2362 0
    endloop
  endfacet
  facet normal 0 0 -1
    outer loop
      vertex 15.6829 17.2404 0
      vertex 11.5269 21 0
      vertex 21 21 0
    endloop
  endfacet
  facet normal -0 0 -1
    outer loop
      vertex -17.2404 15.3171 0
      vertex -21 11.5269 0
      vertex -17.25 15.5 0
    endloop
  endfacet
  facet normal 0 0 -1
    outer loop
      vertex -21 11.5269 0
      vertex -17.2404 15.3171 0
      vertex -17.2362 15.2907 0
    endloop
  endfacet
  facet normal 0 0 -1
    outer loop
      vertex -15.3171 17.2404 0
      vertex -11.5269 21 0
      vertex -15.2907 17.2362 0
    endloop
  endfacet
  facet normal 0 0 -1
    outer loop
      vertex -15.5 17.25 0
      vertex -11.5269 21 0
      vertex -15.3171 17.2404 0
    endloop
  endfacet
  facet normal 0 0 -1
    outer loop
      vertex -15.6829 17.2404 0
      vertex -11.5269 21 0
      vertex -15.5 17.25 0
    endloop
  endfacet
  facet normal 0 0 -1
    outer loop
      vertex -21 21 0
      vertex -15.6829 17.2404 0
      vertex -15.8638 17.2118 0
    endloop
  endfacet
  facet normal 0 0 -1
    outer loop
      vertex -21 21 0
      vertex -15.8638 17.2118 0
      vertex -16.0408 17.1643 0
    endloop
  endfacet
  facet normal 0 0 -1
    outer loop
      vertex -21 21 0
      vertex -16.0408 17.1643 0
      vertex -16.2118 17.0987 0
    endloop
  endfacet
  facet normal 0 0 -1
    outer loop
      vertex -21 21 0
      vertex -16.2118 17.0987 0
      vertex -16.375 17.0155 0
    endloop
  endfacet
  facet normal 0 0 -1
    outer loop
      vertex -21 21 0
      vertex -16.375 17.0155 0
      vertex -16.5286 16.9158 0
    endloop
  endfacet
  facet normal 0 0 -1
    outer loop
      vertex -21 21 0
      vertex -16.5286 16.9158 0
      vertex -16.671 16.8005 0
    endloop
  endfacet
  facet normal 0 0 -1
    outer loop
      vertex -21 11.5269 0
      vertex -17.2404 15.6829 0
      vertex -17.25 15.5 0
    endloop
  endfacet
  facet normal 0 0 -1
    outer loop
      vertex -21 21 0
      vertex -17.2404 15.6829 0
      vertex -21 11.5269 0
    endloop
  endfacet
  facet normal 0 0 -1
    outer loop
      vertex -17.2404 15.6829 0
      vertex -21 21 0
      vertex -17.2118 15.8638 0
    endloop
  endfacet
  facet normal 0 0 -1
    outer loop
      vertex -17.2118 15.8638 0
      vertex -21 21 0
      vertex -17.1643 16.0408 0
    endloop
  endfacet
  facet normal 0 0 -1
    outer loop
      vertex -17.1643 16.0408 0
      vertex -21 21 0
      vertex -17.0987 16.2118 0
    endloop
  endfacet
  facet normal 0 0 -1
    outer loop
      vertex -17.0987 16.2118 0
      vertex -21 21 0
      vertex -17.0155 16.375 0
    endloop
  endfacet
  facet normal 0 0 -1
    outer loop
      vertex -17.0155 16.375 0
      vertex -21 21 0
      vertex -16.9158 16.5286 0
    endloop
  endfacet
  facet normal 0 0 -1
    outer loop
      vertex -15.6829 17.2404 0
      vertex -21 21 0
      vertex -11.5269 21 0
    endloop
  endfacet
  facet normal 0 0 -1
    outer loop
      vertex -16.8005 16.671 0
      vertex -21 21 0
      vertex -16.671 16.8005 0
    endloop
  endfacet
  facet normal 0 0 -1
    outer loop
      vertex -16.9158 16.5286 0
      vertex -21 21 0
      vertex -16.8005 16.671 0
    endloop
  endfacet
  facet normal 0 0 -1
    outer loop
      vertex 17.2404 -15.6829 0
      vertex 21 -11.5269 0
      vertex 21 -21 0
    endloop
  endfacet
  facet normal 0 0 -1
    outer loop
      vertex 21 -11.5269 0
      vertex 17.2404 -15.6829 0
      vertex 17.25 -15.5 0
    endloop
  endfacet
  facet normal 0 0 -1
    outer loop
      vertex 21 -21 0
      vertex 17.2118 -15.8638 0
      vertex 17.2404 -15.6829 0
    endloop
  endfacet
  facet normal 0 0 -1
    outer loop
      vertex 21 -21 0
      vertex 17.1643 -16.0408 0
      vertex 17.2118 -15.8638 0
    endloop
  endfacet
  facet normal 0 0 -1
    outer loop
      vertex 21 -21 0
      vertex 17.0987 -16.2118 0
      vertex 17.1643 -16.0408 0
    endloop
  endfacet
  facet normal 0 0 -1
    outer loop
      vertex 21 -21 0
      vertex 17.0155 -16.375 0
      vertex 17.0987 -16.2118 0
    endloop
  endfacet
  facet normal 0 0 -1
    outer loop
      vertex 21 -21 0
      vertex 16.9158 -16.5286 0
      vertex 17.0155 -16.375 0
    endloop
  endfacet
  facet normal 0 0 -1
    outer loop
      vertex 21 -21 0
      vertex 16.8005 -16.671 0
      vertex 16.9158 -16.5286 0
    endloop
  endfacet
  facet normal 0 0 -1
    outer loop
      vertex 21 -21 0
      vertex 16.671 -16.8005 0
      vertex 16.8005 -16.671 0
    endloop
  endfacet
  facet normal 0 0 -1
    outer loop
      vertex 21 -21 0
      vertex 16.5286 -16.9158 0
      vertex 16.671 -16.8005 0
    endloop
  endfacet
  facet normal 0 0 -1
    outer loop
      vertex 21 -21 0
      vertex 16.375 -17.0155 0
      vertex 16.5286 -16.9158 0
    endloop
  endfacet
  facet normal 0 0 -1
    outer loop
      vertex 21 -21 0
      vertex 16.2118 -17.0987 0
      vertex 16.375 -17.0155 0
    endloop
  endfacet
  facet normal 0 0 -1
    outer loop
      vertex 21 -21 0
      vertex 16.0408 -17.1643 0
      vertex 16.2118 -17.0987 0
    endloop
  endfacet
  facet normal 0 0 -1
    outer loop
      vertex 21 -21 0
      vertex 15.8638 -17.2118 0
      vertex 16.0408 -17.1643 0
    endloop
  endfacet
  facet normal 0 0 -1
    outer loop
      vertex 21 -21 0
      vertex 15.6829 -17.2404 0
      vertex 15.8638 -17.2118 0
    endloop
  endfacet
  facet normal 0 0 -1
    outer loop
      vertex 11.5269 -21 0
      vertex 15.6829 -17.2404 0
      vertex 21 -21 0
    endloop
  endfacet
  facet normal 0 0 -1
    outer loop
      vertex 15.6829 -17.2404 0
      vertex 11.5269 -21 0
      vertex 15.5 -17.25 0
    endloop
  endfacet
  facet normal -0 0 -1
    outer loop
      vertex 15.5 -17.25 0
      vertex 11.5269 -21 0
      vertex 15.3171 -17.2404 0
    endloop
  endfacet
  facet normal -0 0 -1
    outer loop
      vertex 15.3171 -17.2404 0
      vertex 11.5269 -21 0
      vertex 15.2907 -17.2362 0
    endloop
  endfacet
  facet normal 0 0 -1
    outer loop
      vertex 17.2404 -15.3171 0
      vertex 21 -11.5269 0
      vertex 17.25 -15.5 0
    endloop
  endfacet
  facet normal 0 0 -1
    outer loop
      vertex 21 -11.5269 0
      vertex 17.2404 -15.3171 0
      vertex 17.2362 -15.2907 0
    endloop
  endfacet
  facet normal 0 0 -1
    outer loop
      vertex 2.12132 -16.2635 0
      vertex 0 -11.5 0
      vertex 1.20208 -11.437 0
    endloop
  endfacet
  facet normal 0 0 -1
    outer loop
      vertex -2.12132 -16.2635 0
      vertex 0 -11.5 0
      vertex 2.12132 -16.2635 0
    endloop
  endfacet
  facet normal -0 0 -1
    outer loop
      vertex 0 -11.5 0
      vertex -2.12132 -16.2635 0
      vertex -1.20208 -11.437 0
    endloop
  endfacet
  facet normal 0 0 -1
    outer loop
      vertex 6.85786 -21 0
      vertex -2.12132 -16.2635 0
      vertex 2.12132 -16.2635 0
    endloop
  endfacet
  facet normal 0 -0 -1
    outer loop
      vertex -2.12132 -16.2635 0
      vertex 6.85786 -21 0
      vertex -6.85786 -21 0
    endloop
  endfacet
  facet normal 0 0 -1
    outer loop
      vertex 16.2635 -2.12132 0
      vertex 21 6.85786 0
      vertex 21 -6.85786 0
    endloop
  endfacet
  facet normal 0 0 -1
    outer loop
      vertex 16.2635 -2.12132 0
      vertex 16.2635 2.12132 0
      vertex 21 6.85786 0
    endloop
  endfacet
  facet normal 0 0 -1
    outer loop
      vertex 16.2635 -2.12132 0
      vertex 11.5 0 0
      vertex 16.2635 2.12132 0
    endloop
  endfacet
  facet normal 0 0 -1
    outer loop
      vertex 16.2635 -2.12132 0
      vertex 11.437 -1.20208 0
      vertex 11.5 0 0
    endloop
  endfacet
  facet normal -0 0 -1
    outer loop
      vertex 16.2635 -2.12132 0
      vertex 11.2487 -2.39098 0
      vertex 11.437 -1.20208 0
    endloop
  endfacet
  facet normal 0 0 -1
    outer loop
      vertex 16.2635 -2.12132 0
      vertex 10.9371 -3.55369 0
      vertex 11.2487 -2.39098 0
    endloop
  endfacet
  facet normal 0 0 -1
    outer loop
      vertex 16.2635 -2.12132 0
      vertex 10.5058 -4.67747 0
      vertex 10.9371 -3.55369 0
    endloop
  endfacet
  facet normal 0 0 -1
    outer loop
      vertex 16.2635 -2.12132 0
      vertex 9.95929 -5.75 0
      vertex 10.5058 -4.67747 0
    endloop
  endfacet
  facet normal 0 0 -1
    outer loop
      vertex 16.2635 -2.12132 0
      vertex 9.30369 -6.75953 0
      vertex 9.95929 -5.75 0
    endloop
  endfacet
  facet normal 0 0 -1
    outer loop
      vertex 16.2635 -2.12132 0
      vertex 8.54617 -7.695 0
      vertex 9.30369 -6.75953 0
    endloop
  endfacet
  facet normal 0 0 -1
    outer loop
      vertex 16.2635 -2.12132 0
      vertex 7.695 -8.54617 0
      vertex 8.54617 -7.695 0
    endloop
  endfacet
  facet normal 0 0 -1
    outer loop
      vertex 2.12132 -16.2635 0
      vertex 7.695 -8.54617 0
      vertex 16.2635 -2.12132 0
    endloop
  endfacet
  facet normal 0 0 -1
    outer loop
      vertex 7.695 -8.54617 0
      vertex 2.12132 -16.2635 0
      vertex 6.75953 -9.30369 0
    endloop
  endfacet
  facet normal 0 0 -1
    outer loop
      vertex 2.12132 -16.2635 0
      vertex 5.75 -9.95929 0
      vertex 6.75953 -9.30369 0
    endloop
  endfacet
  facet normal 0 0 -1
    outer loop
      vertex 2.12132 -16.2635 0
      vertex 4.67747 -10.5058 0
      vertex 5.75 -9.95929 0
    endloop
  endfacet
  facet normal 0 0 -1
    outer loop
      vertex 2.12132 -16.2635 0
      vertex 3.55369 -10.9371 0
      vertex 4.67747 -10.5058 0
    endloop
  endfacet
  facet normal 0 0 -1
    outer loop
      vertex 2.12132 -16.2635 0
      vertex 2.39098 -11.2487 0
      vertex 3.55369 -10.9371 0
    endloop
  endfacet
  facet normal 0 0 -1
    outer loop
      vertex 2.39098 -11.2487 0
      vertex 2.12132 -16.2635 0
      vertex 1.20208 -11.437 0
    endloop
  endfacet
  facet normal 0 0 -1
    outer loop
      vertex 11.437 1.20208 0
      vertex 16.2635 2.12132 0
      vertex 11.5 0 0
    endloop
  endfacet
  facet normal 0 0 -1
    outer loop
      vertex 11.2487 2.39098 0
      vertex 16.2635 2.12132 0
      vertex 11.437 1.20208 0
    endloop
  endfacet
  facet normal 0 0 -1
    outer loop
      vertex 10.9371 3.55369 0
      vertex 16.2635 2.12132 0
      vertex 11.2487 2.39098 0
    endloop
  endfacet
  facet normal 0 0 -1
    outer loop
      vertex 10.5058 4.67747 0
      vertex 16.2635 2.12132 0
      vertex 10.9371 3.55369 0
    endloop
  endfacet
  facet normal 0 0 -1
    outer loop
      vertex 9.95929 5.75 0
      vertex 16.2635 2.12132 0
      vertex 10.5058 4.67747 0
    endloop
  endfacet
  facet normal 0 0 -1
    outer loop
      vertex 9.30369 6.75953 0
      vertex 16.2635 2.12132 0
      vertex 9.95929 5.75 0
    endloop
  endfacet
  facet normal 0 0 -1
    outer loop
      vertex 8.54617 7.695 0
      vertex 16.2635 2.12132 0
      vertex 9.30369 6.75953 0
    endloop
  endfacet
  facet normal 0 0 -1
    outer loop
      vertex 7.695 8.54617 0
      vertex 16.2635 2.12132 0
      vertex 8.54617 7.695 0
    endloop
  endfacet
  facet normal 0 0 -1
    outer loop
      vertex 2.12132 16.2635 0
      vertex 7.695 8.54617 0
      vertex 6.75953 9.30369 0
    endloop
  endfacet
  facet normal 0 0 -1
    outer loop
      vertex 7.695 8.54617 0
      vertex 2.12132 16.2635 0
      vertex 16.2635 2.12132 0
    endloop
  endfacet
  facet normal 0 0 -1
    outer loop
      vertex 5.75 9.95929 0
      vertex 2.12132 16.2635 0
      vertex 6.75953 9.30369 0
    endloop
  endfacet
  facet normal 0 0 -1
    outer loop
      vertex 4.67747 10.5058 0
      vertex 2.12132 16.2635 0
      vertex 5.75 9.95929 0
    endloop
  endfacet
  facet normal 0 0 -1
    outer loop
      vertex 3.55369 10.9371 0
      vertex 2.12132 16.2635 0
      vertex 4.67747 10.5058 0
    endloop
  endfacet
  facet normal 0 0 -1
    outer loop
      vertex 2.39098 11.2487 0
      vertex 2.12132 16.2635 0
      vertex 3.55369 10.9371 0
    endloop
  endfacet
  facet normal 0 -0 -1
    outer loop
      vertex 2.12132 16.2635 0
      vertex 2.39098 11.2487 0
      vertex 1.20208 11.437 0
    endloop
  endfacet
  facet normal 0 0 -1
    outer loop
      vertex 0 11.5 0
      vertex 2.12132 16.2635 0
      vertex 1.20208 11.437 0
    endloop
  endfacet
  facet normal 0 0 -1
    outer loop
      vertex -2.12132 16.2635 0
      vertex 0 11.5 0
      vertex -1.20208 11.437 0
    endloop
  endfacet
  facet normal 0 0 -1
    outer loop
      vertex 0 11.5 0
      vertex -2.12132 16.2635 0
      vertex 2.12132 16.2635 0
    endloop
  endfacet
  facet normal 0 0 -1
    outer loop
      vertex -2.12132 16.2635 0
      vertex 6.85786 21 0
      vertex 2.12132 16.2635 0
    endloop
  endfacet
  facet normal -0 0 -1
    outer loop
      vertex 6.85786 21 0
      vertex -2.12132 16.2635 0
      vertex -6.85786 21 0
    endloop
  endfacet
  facet normal 0 0 -1
    outer loop
      vertex -2.39098 11.2487 0
      vertex -2.12132 16.2635 0
      vertex -1.20208 11.437 0
    endloop
  endfacet
  facet normal 0 0 -1
    outer loop
      vertex -3.55369 10.9371 0
      vertex -2.12132 16.2635 0
      vertex -2.39098 11.2487 0
    endloop
  endfacet
  facet normal 0 0 -1
    outer loop
      vertex -4.67747 10.5058 0
      vertex -2.12132 16.2635 0
      vertex -3.55369 10.9371 0
    endloop
  endfacet
  facet normal 0 0 -1
    outer loop
      vertex -5.75 9.95929 0
      vertex -2.12132 16.2635 0
      vertex -4.67747 10.5058 0
    endloop
  endfacet
  facet normal 0 0 -1
    outer loop
      vertex -6.75953 9.30369 0
      vertex -2.12132 16.2635 0
      vertex -5.75 9.95929 0
    endloop
  endfacet
  facet normal 0 0 -1
    outer loop
      vertex -7.695 8.54617 0
      vertex -2.12132 16.2635 0
      vertex -6.75953 9.30369 0
    endloop
  endfacet
  facet normal 0 0 -1
    outer loop
      vertex -8.54617 7.695 0
      vertex -2.12132 16.2635 0
      vertex -7.695 8.54617 0
    endloop
  endfacet
  facet normal 0 0 -1
    outer loop
      vertex -16.2635 2.12132 0
      vertex -8.54617 7.695 0
      vertex -9.30369 6.75953 0
    endloop
  endfacet
  facet normal 0 0 -1
    outer loop
      vertex -16.2635 2.12132 0
      vertex -11.5 0 0
      vertex -16.2635 -2.12132 0
    endloop
  endfacet
  facet normal 0 0 -1
    outer loop
      vertex -11.5 0 0
      vertex -16.2635 2.12132 0
      vertex -11.437 1.20208 0
    endloop
  endfacet
  facet normal 0 0 -1
    outer loop
      vertex -11.437 1.20208 0
      vertex -16.2635 2.12132 0
      vertex -11.2487 2.39098 0
    endloop
  endfacet
  facet normal -0 0 -1
    outer loop
      vertex -11.2487 2.39098 0
      vertex -16.2635 2.12132 0
      vertex -10.9371 3.55369 0
    endloop
  endfacet
  facet normal -0 0 -1
    outer loop
      vertex -10.9371 3.55369 0
      vertex -16.2635 2.12132 0
      vertex -10.5058 4.67747 0
    endloop
  endfacet
  facet normal -0 0 -1
    outer loop
      vertex -10.5058 4.67747 0
      vertex -16.2635 2.12132 0
      vertex -9.95929 5.75 0
    endloop
  endfacet
  facet normal -0 0 -1
    outer loop
      vertex -9.95929 5.75 0
      vertex -16.2635 2.12132 0
      vertex -9.30369 6.75953 0
    endloop
  endfacet
  facet normal -0 0 -1
    outer loop
      vertex -8.54617 7.695 0
      vertex -16.2635 2.12132 0
      vertex -2.12132 16.2635 0
    endloop
  endfacet
  facet normal 0 0 -1
    outer loop
      vertex -21 -6.85786 0
      vertex -16.2635 2.12132 0
      vertex -16.2635 -2.12132 0
    endloop
  endfacet
  facet normal -0 0 -1
    outer loop
      vertex -16.2635 2.12132 0
      vertex -21 -6.85786 0
      vertex -21 6.85786 0
    endloop
  endfacet
  facet normal 0 0 -1
    outer loop
      vertex -2.12132 -16.2635 0
      vertex -2.39098 -11.2487 0
      vertex -1.20208 -11.437 0
    endloop
  endfacet
  facet normal 0 0 -1
    outer loop
      vertex -2.12132 -16.2635 0
      vertex -3.55369 -10.9371 0
      vertex -2.39098 -11.2487 0
    endloop
  endfacet
  facet normal 0 0 -1
    outer loop
      vertex -2.12132 -16.2635 0
      vertex -4.67747 -10.5058 0
      vertex -3.55369 -10.9371 0
    endloop
  endfacet
  facet normal 0 0 -1
    outer loop
      vertex -2.12132 -16.2635 0
      vertex -5.75 -9.95929 0
      vertex -4.67747 -10.5058 0
    endloop
  endfacet
  facet normal 0 0 -1
    outer loop
      vertex -2.12132 -16.2635 0
      vertex -6.75953 -9.30369 0
      vertex -5.75 -9.95929 0
    endloop
  endfacet
  facet normal 0 0 -1
    outer loop
      vertex -2.12132 -16.2635 0
      vertex -7.695 -8.54617 0
      vertex -6.75953 -9.30369 0
    endloop
  endfacet
  facet normal 0 0 -1
    outer loop
      vertex -2.12132 -16.2635 0
      vertex -8.54617 -7.695 0
      vertex -7.695 -8.54617 0
    endloop
  endfacet
  facet normal 0 0 -1
    outer loop
      vertex -16.2635 -2.12132 0
      vertex -8.54617 -7.695 0
      vertex -2.12132 -16.2635 0
    endloop
  endfacet
  facet normal -0 0 -1
    outer loop
      vertex -11.437 -1.20208 0
      vertex -16.2635 -2.12132 0
      vertex -11.5 0 0
    endloop
  endfacet
  facet normal 0 0 -1
    outer loop
      vertex -11.2487 -2.39098 0
      vertex -16.2635 -2.12132 0
      vertex -11.437 -1.20208 0
    endloop
  endfacet
  facet normal 0 0 -1
    outer loop
      vertex -10.9371 -3.55369 0
      vertex -16.2635 -2.12132 0
      vertex -11.2487 -2.39098 0
    endloop
  endfacet
  facet normal 0 0 -1
    outer loop
      vertex -10.5058 -4.67747 0
      vertex -16.2635 -2.12132 0
      vertex -10.9371 -3.55369 0
    endloop
  endfacet
  facet normal 0 0 -1
    outer loop
      vertex -9.95929 -5.75 0
      vertex -16.2635 -2.12132 0
      vertex -10.5058 -4.67747 0
    endloop
  endfacet
  facet normal 0 0 -1
    outer loop
      vertex -9.30369 -6.75953 0
      vertex -16.2635 -2.12132 0
      vertex -9.95929 -5.75 0
    endloop
  endfacet
  facet normal 0 0 -1
    outer loop
      vertex -8.54617 -7.695 0
      vertex -16.2635 -2.12132 0
      vertex -9.30369 -6.75953 0
    endloop
  endfacet
  facet normal 0 -1 0
    outer loop
      vertex -6.85786 -21 0
      vertex 6.85786 -21 2.5
      vertex -6.85786 -21 2.5
    endloop
  endfacet
  facet normal 0 -1 -0
    outer loop
      vertex 6.85786 -21 2.5
      vertex -6.85786 -21 0
      vertex 6.85786 -21 0
    endloop
  endfacet
  facet normal 0 -1 0
    outer loop
      vertex -6.85786 -21 2.5
      vertex -21 -21 5
      vertex -11.5269 -21 2.5
    endloop
  endfacet
  facet normal 0 -1 0
    outer loop
      vertex -21 -21 0
      vertex -11.5269 -21 2.5
      vertex -21 -21 5
    endloop
  endfacet
  facet normal 0 -1 -0
    outer loop
      vertex -11.5269 -21 2.5
      vertex -21 -21 0
      vertex -11.5269 -21 0
    endloop
  endfacet
  facet normal 0 -1 0
    outer loop
      vertex -21 -21 5
      vertex -6.85786 -21 2.5
      vertex 21 -21 5
    endloop
  endfacet
  facet normal 0 -1 0
    outer loop
      vertex 6.85786 -21 2.5
      vertex 21 -21 5
      vertex -6.85786 -21 2.5
    endloop
  endfacet
  facet normal 0 -1 0
    outer loop
      vertex 11.5269 -21 2.5
      vertex 21 -21 5
      vertex 6.85786 -21 2.5
    endloop
  endfacet
  facet normal 0 -1 0
    outer loop
      vertex 21 -21 0
      vertex 11.5269 -21 2.5
      vertex 11.5269 -21 0
    endloop
  endfacet
  facet normal 0 -1 0
    outer loop
      vertex 11.5269 -21 2.5
      vertex 21 -21 0
      vertex 21 -21 5
    endloop
  endfacet
  facet normal -0.965915 0.25886 0
    outer loop
      vertex 10.9371 -3.55369 0
      vertex 11.2487 -2.39098 5
      vertex 11.2487 -2.39098 0
    endloop
  endfacet
  facet normal -0.965915 0.25886 0
    outer loop
      vertex 11.2487 -2.39098 5
      vertex 10.9371 -3.55369 0
      vertex 10.9371 -3.55369 5
    endloop
  endfacet
  facet normal -0.544641 -0.838669 0
    outer loop
      vertex 5.75 9.95929 0
      vertex 6.75953 9.30369 5
      vertex 5.75 9.95929 5
    endloop
  endfacet
  facet normal -0.544641 -0.838669 -0
    outer loop
      vertex 6.75953 9.30369 5
      vertex 5.75 9.95929 0
      vertex 6.75953 9.30369 0
    endloop
  endfacet
  facet normal 0.358311 -0.933602 0
    outer loop
      vertex -4.67747 10.5058 0
      vertex -3.55369 10.9371 5
      vertex -4.67747 10.5058 5
    endloop
  endfacet
  facet normal 0.358311 -0.933602 0
    outer loop
      vertex -3.55369 10.9371 5
      vertex -4.67747 10.5058 0
      vertex -3.55369 10.9371 0
    endloop
  endfacet
  facet normal 0.890997 -0.454009 0
    outer loop
      vertex -10.5058 4.67747 5
      vertex -9.95929 5.75 0
      vertex -9.95929 5.75 5
    endloop
  endfacet
  facet normal 0.890997 -0.454009 0
    outer loop
      vertex -9.95929 5.75 0
      vertex -10.5058 4.67747 5
      vertex -10.5058 4.67747 0
    endloop
  endfacet
  facet normal 0.890997 0.454009 0
    outer loop
      vertex -9.95929 -5.75 5
      vertex -10.5058 -4.67747 0
      vertex -10.5058 -4.67747 5
    endloop
  endfacet
  facet normal 0.890997 0.454009 0
    outer loop
      vertex -10.5058 -4.67747 0
      vertex -9.95929 -5.75 5
      vertex -9.95929 -5.75 0
    endloop
  endfacet
  facet normal -0.965915 -0.25886 0
    outer loop
      vertex 11.2487 2.39098 0
      vertex 10.9371 3.55369 5
      vertex 10.9371 3.55369 0
    endloop
  endfacet
  facet normal -0.965915 -0.25886 0
    outer loop
      vertex 10.9371 3.55369 5
      vertex 11.2487 2.39098 0
      vertex 11.2487 2.39098 5
    endloop
  endfacet
  facet normal -0.777149 -0.629316 0
    outer loop
      vertex 9.30369 6.75953 0
      vertex 8.54617 7.695 5
      vertex 8.54617 7.695 0
    endloop
  endfacet
  facet normal -0.777149 -0.629316 0
    outer loop
      vertex 8.54617 7.695 5
      vertex 9.30369 6.75953 0
      vertex 9.30369 6.75953 5
    endloop
  endfacet
  facet normal -0.454009 -0.890997 0
    outer loop
      vertex 4.67747 10.5058 0
      vertex 5.75 9.95929 5
      vertex 4.67747 10.5058 5
    endloop
  endfacet
  facet normal -0.454009 -0.890997 -0
    outer loop
      vertex 5.75 9.95929 5
      vertex 4.67747 10.5058 0
      vertex 5.75 9.95929 0
    endloop
  endfacet
  facet normal 0.454009 -0.890997 0
    outer loop
      vertex -5.75 9.95929 0
      vertex -4.67747 10.5058 5
      vertex -5.75 9.95929 5
    endloop
  endfacet
  facet normal 0.454009 -0.890997 0
    outer loop
      vertex -4.67747 10.5058 5
      vertex -5.75 9.95929 0
      vertex -4.67747 10.5058 0
    endloop
  endfacet
  facet normal 0.544641 -0.838669 0
    outer loop
      vertex -6.75953 9.30369 0
      vertex -5.75 9.95929 5
      vertex -6.75953 9.30369 5
    endloop
  endfacet
  facet normal 0.544641 -0.838669 0
    outer loop
      vertex -5.75 9.95929 5
      vertex -6.75953 9.30369 0
      vertex -5.75 9.95929 0
    endloop
  endfacet
  facet normal -0.25886 0.965915 0
    outer loop
      vertex 3.55369 -10.9371 0
      vertex 2.39098 -11.2487 5
      vertex 3.55369 -10.9371 5
    endloop
  endfacet
  facet normal -0.25886 0.965915 0
    outer loop
      vertex 2.39098 -11.2487 5
      vertex 3.55369 -10.9371 0
      vertex 2.39098 -11.2487 0
    endloop
  endfacet
  facet normal -0.707107 0.707107 0
    outer loop
      vertex 7.695 -8.54617 0
      vertex 8.54617 -7.695 5
      vertex 8.54617 -7.695 0
    endloop
  endfacet
  facet normal -0.707107 0.707107 0
    outer loop
      vertex 8.54617 -7.695 5
      vertex 7.695 -8.54617 0
      vertex 7.695 -8.54617 5
    endloop
  endfacet
  facet normal 0.0523373 0.998629 -0
    outer loop
      vertex 0 -11.5 0
      vertex -1.20208 -11.437 5
      vertex 0 -11.5 5
    endloop
  endfacet
  facet normal 0.0523373 0.998629 0
    outer loop
      vertex -1.20208 -11.437 5
      vertex 0 -11.5 0
      vertex -1.20208 -11.437 0
    endloop
  endfacet
  facet normal 0.544641 0.838669 -0
    outer loop
      vertex -5.75 -9.95929 0
      vertex -6.75953 -9.30369 5
      vertex -5.75 -9.95929 5
    endloop
  endfacet
  facet normal 0.544641 0.838669 0
    outer loop
      vertex -6.75953 -9.30369 5
      vertex -5.75 -9.95929 0
      vertex -6.75953 -9.30369 0
    endloop
  endfacet
  facet normal 0.629316 0.777149 -0
    outer loop
      vertex -6.75953 -9.30369 0
      vertex -7.695 -8.54617 5
      vertex -6.75953 -9.30369 5
    endloop
  endfacet
  facet normal 0.629316 0.777149 0
    outer loop
      vertex -7.695 -8.54617 5
      vertex -6.75953 -9.30369 0
      vertex -7.695 -8.54617 0
    endloop
  endfacet
  facet normal -0.987689 -0.156432 0
    outer loop
      vertex 11.437 1.20208 0
      vertex 11.2487 2.39098 5
      vertex 11.2487 2.39098 0
    endloop
  endfacet
  facet normal -0.987689 -0.156432 0
    outer loop
      vertex 11.2487 2.39098 5
      vertex 11.437 1.20208 0
      vertex 11.437 1.20208 5
    endloop
  endfacet
  facet normal -0.933602 -0.358311 0
    outer loop
      vertex 10.9371 3.55369 0
      vertex 10.5058 4.67747 5
      vertex 10.5058 4.67747 0
    endloop
  endfacet
  facet normal -0.933602 -0.358311 0
    outer loop
      vertex 10.5058 4.67747 5
      vertex 10.9371 3.55369 0
      vertex 10.9371 3.55369 5
    endloop
  endfacet
  facet normal -0.890997 -0.454009 0
    outer loop
      vertex 10.5058 4.67747 0
      vertex 9.95929 5.75 5
      vertex 9.95929 5.75 0
    endloop
  endfacet
  facet normal -0.890997 -0.454009 0
    outer loop
      vertex 9.95929 5.75 5
      vertex 10.5058 4.67747 0
      vertex 10.5058 4.67747 5
    endloop
  endfacet
  facet normal -0.838669 -0.544641 0
    outer loop
      vertex 9.95929 5.75 0
      vertex 9.30369 6.75953 5
      vertex 9.30369 6.75953 0
    endloop
  endfacet
  facet normal -0.838669 -0.544641 0
    outer loop
      vertex 9.30369 6.75953 5
      vertex 9.95929 5.75 0
      vertex 9.95929 5.75 5
    endloop
  endfacet
  facet normal -0.707107 -0.707107 0
    outer loop
      vertex 8.54617 7.695 0
      vertex 7.695 8.54617 5
      vertex 7.695 8.54617 0
    endloop
  endfacet
  facet normal -0.707107 -0.707107 0
    outer loop
      vertex 7.695 8.54617 5
      vertex 8.54617 7.695 0
      vertex 8.54617 7.695 5
    endloop
  endfacet
  facet normal -0.0523373 -0.998629 0
    outer loop
      vertex 0 11.5 0
      vertex 1.20208 11.437 5
      vertex 0 11.5 5
    endloop
  endfacet
  facet normal -0.0523373 -0.998629 -0
    outer loop
      vertex 1.20208 11.437 5
      vertex 0 11.5 0
      vertex 1.20208 11.437 0
    endloop
  endfacet
  facet normal -0.25886 -0.965915 0
    outer loop
      vertex 2.39098 11.2487 0
      vertex 3.55369 10.9371 5
      vertex 2.39098 11.2487 5
    endloop
  endfacet
  facet normal -0.25886 -0.965915 -0
    outer loop
      vertex 3.55369 10.9371 5
      vertex 2.39098 11.2487 0
      vertex 3.55369 10.9371 0
    endloop
  endfacet
  facet normal 0.998629 -0.0523373 0
    outer loop
      vertex -11.5 0 5
      vertex -11.437 1.20208 0
      vertex -11.437 1.20208 5
    endloop
  endfacet
  facet normal 0.998629 -0.0523373 0
    outer loop
      vertex -11.437 1.20208 0
      vertex -11.5 0 5
      vertex -11.5 0 0
    endloop
  endfacet
  facet normal 0.965915 -0.25886 0
    outer loop
      vertex -11.2487 2.39098 5
      vertex -10.9371 3.55369 0
      vertex -10.9371 3.55369 5
    endloop
  endfacet
  facet normal 0.965915 -0.25886 0
    outer loop
      vertex -10.9371 3.55369 0
      vertex -11.2487 2.39098 5
      vertex -11.2487 2.39098 0
    endloop
  endfacet
  facet normal 0.707107 -0.707107 0
    outer loop
      vertex -8.54617 7.695 5
      vertex -7.695 8.54617 0
      vertex -7.695 8.54617 5
    endloop
  endfacet
  facet normal 0.707107 -0.707107 0
    outer loop
      vertex -7.695 8.54617 0
      vertex -8.54617 7.695 5
      vertex -8.54617 7.695 0
    endloop
  endfacet
  facet normal 0.777149 -0.629316 0
    outer loop
      vertex -9.30369 6.75953 5
      vertex -8.54617 7.695 0
      vertex -8.54617 7.695 5
    endloop
  endfacet
  facet normal 0.777149 -0.629316 0
    outer loop
      vertex -8.54617 7.695 0
      vertex -9.30369 6.75953 5
      vertex -9.30369 6.75953 0
    endloop
  endfacet
  facet normal 0.0523373 -0.998629 0
    outer loop
      vertex -1.20208 11.437 0
      vertex 0 11.5 5
      vertex -1.20208 11.437 5
    endloop
  endfacet
  facet normal 0.0523373 -0.998629 0
    outer loop
      vertex 0 11.5 5
      vertex -1.20208 11.437 0
      vertex 0 11.5 0
    endloop
  endfacet
  facet normal 0.156432 -0.987689 0
    outer loop
      vertex -2.39098 11.2487 0
      vertex -1.20208 11.437 5
      vertex -2.39098 11.2487 5
    endloop
  endfacet
  facet normal 0.156432 -0.987689 0
    outer loop
      vertex -1.20208 11.437 5
      vertex -2.39098 11.2487 0
      vertex -1.20208 11.437 0
    endloop
  endfacet
  facet normal 0.629316 -0.777149 0
    outer loop
      vertex -7.695 8.54617 0
      vertex -6.75953 9.30369 5
      vertex -7.695 8.54617 5
    endloop
  endfacet
  facet normal 0.629316 -0.777149 0
    outer loop
      vertex -6.75953 9.30369 5
      vertex -7.695 8.54617 0
      vertex -6.75953 9.30369 0
    endloop
  endfacet
  facet normal -0.998629 -0.0523373 0
    outer loop
      vertex 11.5 0 0
      vertex 11.437 1.20208 5
      vertex 11.437 1.20208 0
    endloop
  endfacet
  facet normal -0.998629 -0.0523373 0
    outer loop
      vertex 11.437 1.20208 5
      vertex 11.5 0 0
      vertex 11.5 0 5
    endloop
  endfacet
  facet normal -0.0523373 0.998629 0
    outer loop
      vertex 1.20208 -11.437 0
      vertex 0 -11.5 5
      vertex 1.20208 -11.437 5
    endloop
  endfacet
  facet normal -0.0523373 0.998629 0
    outer loop
      vertex 0 -11.5 5
      vertex 1.20208 -11.437 0
      vertex 0 -11.5 0
    endloop
  endfacet
  facet normal -0.156432 0.987689 0
    outer loop
      vertex 2.39098 -11.2487 0
      vertex 1.20208 -11.437 5
      vertex 2.39098 -11.2487 5
    endloop
  endfacet
  facet normal -0.156432 0.987689 0
    outer loop
      vertex 1.20208 -11.437 5
      vertex 2.39098 -11.2487 0
      vertex 1.20208 -11.437 0
    endloop
  endfacet
  facet normal -0.454009 0.890997 0
    outer loop
      vertex 5.75 -9.95929 0
      vertex 4.67747 -10.5058 5
      vertex 5.75 -9.95929 5
    endloop
  endfacet
  facet normal -0.454009 0.890997 0
    outer loop
      vertex 4.67747 -10.5058 5
      vertex 5.75 -9.95929 0
      vertex 4.67747 -10.5058 0
    endloop
  endfacet
  facet normal -0.629316 0.777149 0
    outer loop
      vertex 7.695 -8.54617 0
      vertex 6.75953 -9.30369 5
      vertex 7.695 -8.54617 5
    endloop
  endfacet
  facet normal -0.629316 0.777149 0
    outer loop
      vertex 6.75953 -9.30369 5
      vertex 7.695 -8.54617 0
      vertex 6.75953 -9.30369 0
    endloop
  endfacet
  facet normal -0.544641 0.838669 0
    outer loop
      vertex 6.75953 -9.30369 0
      vertex 5.75 -9.95929 5
      vertex 6.75953 -9.30369 5
    endloop
  endfacet
  facet normal -0.544641 0.838669 0
    outer loop
      vertex 5.75 -9.95929 5
      vertex 6.75953 -9.30369 0
      vertex 5.75 -9.95929 0
    endloop
  endfacet
  facet normal 0.25886 0.965915 -0
    outer loop
      vertex -2.39098 -11.2487 0
      vertex -3.55369 -10.9371 5
      vertex -2.39098 -11.2487 5
    endloop
  endfacet
  facet normal 0.25886 0.965915 0
    outer loop
      vertex -3.55369 -10.9371 5
      vertex -2.39098 -11.2487 0
      vertex -3.55369 -10.9371 0
    endloop
  endfacet
  facet normal 0.358311 0.933602 -0
    outer loop
      vertex -3.55369 -10.9371 0
      vertex -4.67747 -10.5058 5
      vertex -3.55369 -10.9371 5
    endloop
  endfacet
  facet normal 0.358311 0.933602 0
    outer loop
      vertex -4.67747 -10.5058 5
      vertex -3.55369 -10.9371 0
      vertex -4.67747 -10.5058 0
    endloop
  endfacet
  facet normal 0.156432 0.987689 -0
    outer loop
      vertex -1.20208 -11.437 0
      vertex -2.39098 -11.2487 5
      vertex -1.20208 -11.437 5
    endloop
  endfacet
  facet normal 0.156432 0.987689 0
    outer loop
      vertex -2.39098 -11.2487 5
      vertex -1.20208 -11.437 0
      vertex -2.39098 -11.2487 0
    endloop
  endfacet
  facet normal 0.454009 0.890997 -0
    outer loop
      vertex -4.67747 -10.5058 0
      vertex -5.75 -9.95929 5
      vertex -4.67747 -10.5058 5
    endloop
  endfacet
  facet normal 0.454009 0.890997 0
    outer loop
      vertex -5.75 -9.95929 5
      vertex -4.67747 -10.5058 0
      vertex -5.75 -9.95929 0
    endloop
  endfacet
  facet normal 0.707107 0.707107 0
    outer loop
      vertex -7.695 -8.54617 5
      vertex -8.54617 -7.695 0
      vertex -8.54617 -7.695 5
    endloop
  endfacet
  facet normal 0.707107 0.707107 0
    outer loop
      vertex -8.54617 -7.695 0
      vertex -7.695 -8.54617 5
      vertex -7.695 -8.54617 0
    endloop
  endfacet
  facet normal 0.965915 0.25886 0
    outer loop
      vertex -10.9371 -3.55369 5
      vertex -11.2487 -2.39098 0
      vertex -11.2487 -2.39098 5
    endloop
  endfacet
  facet normal 0.965915 0.25886 0
    outer loop
      vertex -11.2487 -2.39098 0
      vertex -10.9371 -3.55369 5
      vertex -10.9371 -3.55369 0
    endloop
  endfacet
  facet normal 0.998629 0.0523373 0
    outer loop
      vertex -11.437 -1.20208 5
      vertex -11.5 0 0
      vertex -11.5 0 5
    endloop
  endfacet
  facet normal 0.998629 0.0523373 0
    outer loop
      vertex -11.5 0 0
      vertex -11.437 -1.20208 5
      vertex -11.437 -1.20208 0
    endloop
  endfacet
  facet normal 0.838669 0.544641 0
    outer loop
      vertex -9.30369 -6.75953 5
      vertex -9.95929 -5.75 0
      vertex -9.95929 -5.75 5
    endloop
  endfacet
  facet normal 0.838669 0.544641 0
    outer loop
      vertex -9.95929 -5.75 0
      vertex -9.30369 -6.75953 5
      vertex -9.30369 -6.75953 0
    endloop
  endfacet
  facet normal 0.777149 0.629316 0
    outer loop
      vertex -8.54617 -7.695 5
      vertex -9.30369 -6.75953 0
      vertex -9.30369 -6.75953 5
    endloop
  endfacet
  facet normal 0.777149 0.629316 0
    outer loop
      vertex -9.30369 -6.75953 0
      vertex -8.54617 -7.695 5
      vertex -8.54617 -7.695 0
    endloop
  endfacet
  facet normal -0.629316 -0.777149 0
    outer loop
      vertex 6.75953 9.30369 0
      vertex 7.695 8.54617 5
      vertex 6.75953 9.30369 5
    endloop
  endfacet
  facet normal -0.629316 -0.777149 -0
    outer loop
      vertex 7.695 8.54617 5
      vertex 6.75953 9.30369 0
      vertex 7.695 8.54617 0
    endloop
  endfacet
  facet normal -0.156432 -0.987689 0
    outer loop
      vertex 1.20208 11.437 0
      vertex 2.39098 11.2487 5
      vertex 1.20208 11.437 5
    endloop
  endfacet
  facet normal -0.156432 -0.987689 -0
    outer loop
      vertex 2.39098 11.2487 5
      vertex 1.20208 11.437 0
      vertex 2.39098 11.2487 0
    endloop
  endfacet
  facet normal -0.358311 -0.933602 0
    outer loop
      vertex 3.55369 10.9371 0
      vertex 4.67747 10.5058 5
      vertex 3.55369 10.9371 5
    endloop
  endfacet
  facet normal -0.358311 -0.933602 -0
    outer loop
      vertex 4.67747 10.5058 5
      vertex 3.55369 10.9371 0
      vertex 4.67747 10.5058 0
    endloop
  endfacet
  facet normal 0.987689 -0.156432 0
    outer loop
      vertex -11.437 1.20208 5
      vertex -11.2487 2.39098 0
      vertex -11.2487 2.39098 5
    endloop
  endfacet
  facet normal 0.987689 -0.156432 0
    outer loop
      vertex -11.2487 2.39098 0
      vertex -11.437 1.20208 5
      vertex -11.437 1.20208 0
    endloop
  endfacet
  facet normal 0.933602 -0.358311 0
    outer loop
      vertex -10.9371 3.55369 5
      vertex -10.5058 4.67747 0
      vertex -10.5058 4.67747 5
    endloop
  endfacet
  facet normal 0.933602 -0.358311 0
    outer loop
      vertex -10.5058 4.67747 0
      vertex -10.9371 3.55369 5
      vertex -10.9371 3.55369 0
    endloop
  endfacet
  facet normal 0.838669 -0.544641 0
    outer loop
      vertex -9.95929 5.75 5
      vertex -9.30369 6.75953 0
      vertex -9.30369 6.75953 5
    endloop
  endfacet
  facet normal 0.838669 -0.544641 0
    outer loop
      vertex -9.30369 6.75953 0
      vertex -9.95929 5.75 5
      vertex -9.95929 5.75 0
    endloop
  endfacet
  facet normal 0.25886 -0.965915 0
    outer loop
      vertex -3.55369 10.9371 0
      vertex -2.39098 11.2487 5
      vertex -3.55369 10.9371 5
    endloop
  endfacet
  facet normal 0.25886 -0.965915 0
    outer loop
      vertex -2.39098 11.2487 5
      vertex -3.55369 10.9371 0
      vertex -2.39098 11.2487 0
    endloop
  endfacet
  facet normal -0.987689 0.156432 0
    outer loop
      vertex 11.2487 -2.39098 0
      vertex 11.437 -1.20208 5
      vertex 11.437 -1.20208 0
    endloop
  endfacet
  facet normal -0.987689 0.156432 0
    outer loop
      vertex 11.437 -1.20208 5
      vertex 11.2487 -2.39098 0
      vertex 11.2487 -2.39098 5
    endloop
  endfacet
  facet normal -0.998629 0.0523373 0
    outer loop
      vertex 11.437 -1.20208 0
      vertex 11.5 0 5
      vertex 11.5 0 0
    endloop
  endfacet
  facet normal -0.998629 0.0523373 0
    outer loop
      vertex 11.5 0 5
      vertex 11.437 -1.20208 0
      vertex 11.437 -1.20208 5
    endloop
  endfacet
  facet normal -0.890997 0.454009 0
    outer loop
      vertex 9.95929 -5.75 0
      vertex 10.5058 -4.67747 5
      vertex 10.5058 -4.67747 0
    endloop
  endfacet
  facet normal -0.890997 0.454009 0
    outer loop
      vertex 10.5058 -4.67747 5
      vertex 9.95929 -5.75 0
      vertex 9.95929 -5.75 5
    endloop
  endfacet
  facet normal -0.777149 0.629316 0
    outer loop
      vertex 8.54617 -7.695 0
      vertex 9.30369 -6.75953 5
      vertex 9.30369 -6.75953 0
    endloop
  endfacet
  facet normal -0.777149 0.629316 0
    outer loop
      vertex 9.30369 -6.75953 5
      vertex 8.54617 -7.695 0
      vertex 8.54617 -7.695 5
    endloop
  endfacet
  facet normal -0.838669 0.544641 0
    outer loop
      vertex 9.30369 -6.75953 0
      vertex 9.95929 -5.75 5
      vertex 9.95929 -5.75 0
    endloop
  endfacet
  facet normal -0.838669 0.544641 0
    outer loop
      vertex 9.95929 -5.75 5
      vertex 9.30369 -6.75953 0
      vertex 9.30369 -6.75953 5
    endloop
  endfacet
  facet normal -0.358311 0.933602 0
    outer loop
      vertex 4.67747 -10.5058 0
      vertex 3.55369 -10.9371 5
      vertex 4.67747 -10.5058 5
    endloop
  endfacet
  facet normal -0.358311 0.933602 0
    outer loop
      vertex 3.55369 -10.9371 5
      vertex 4.67747 -10.5058 0
      vertex 3.55369 -10.9371 0
    endloop
  endfacet
  facet normal 0.987689 0.156432 0
    outer loop
      vertex -11.2487 -2.39098 5
      vertex -11.437 -1.20208 0
      vertex -11.437 -1.20208 5
    endloop
  endfacet
  facet normal 0.987689 0.156432 0
    outer loop
      vertex -11.437 -1.20208 0
      vertex -11.2487 -2.39098 5
      vertex -11.2487 -2.39098 0
    endloop
  endfacet
  facet normal 0.933602 0.358311 0
    outer loop
      vertex -10.5058 -4.67747 5
      vertex -10.9371 -3.55369 0
      vertex -10.9371 -3.55369 5
    endloop
  endfacet
  facet normal 0.933602 0.358311 0
    outer loop
      vertex -10.9371 -3.55369 0
      vertex -10.5058 -4.67747 5
      vertex -10.5058 -4.67747 0
    endloop
  endfacet
  facet normal -0.933602 0.358311 0
    outer loop
      vertex 10.5058 -4.67747 0
      vertex 10.9371 -3.55369 5
      vertex 10.9371 -3.55369 0
    endloop
  endfacet
  facet normal -0.933602 0.358311 0
    outer loop
      vertex 10.9371 -3.55369 5
      vertex 10.5058 -4.67747 0
      vertex 10.5058 -4.67747 5
    endloop
  endfacet
endsolid OpenSCAD_Model
