solid OpenSCAD_Model
  facet normal -1 0 0
    outer loop
      vertex -5 2.88675 8.40889
      vertex -5 7.11325 8.40889
      vertex -5 2.88675 1.59111
    endloop
  endfacet
  facet normal -1 0 0
    outer loop
      vertex -5 7.11325 8.40889
      vertex -5 2.88675 8.40889
      vertex -5 2.91687 8.44709
    endloop
  endfacet
  facet normal -1 0 0
    outer loop
      vertex -5 2.8265 1.61907
      vertex -5 2.88675 8.40889
      vertex -5 2.88675 1.59111
    endloop
  endfacet
  facet normal -1 0 0
    outer loop
      vertex -5 2.8265 1.61907
      vertex -5 2.8265 8.38093
      vertex -5 2.88675 8.40889
    endloop
  endfacet
  facet normal -1 0 0
    outer loop
      vertex -5 0 2.93085
      vertex -5 2.8265 8.38093
      vertex -5 2.8265 1.61907
    endloop
  endfacet
  facet normal -1 0 0
    outer loop
      vertex -5 0 2.93085
      vertex -5 0 7.06915
      vertex -5 2.8265 8.38093
    endloop
  endfacet
  facet normal -1 0 0
    outer loop
      vertex -5 -2.8265 1.61907
      vertex -5 0 7.06915
      vertex -5 0 2.93085
    endloop
  endfacet
  facet normal -1 0 0
    outer loop
      vertex -5 -2.8265 1.61907
      vertex -5 -2.8265 8.38093
      vertex -5 0 7.06915
    endloop
  endfacet
  facet normal -1 0 0
    outer loop
      vertex -5 -2.88675 1.59111
      vertex -5 -2.8265 8.38093
      vertex -5 -2.8265 1.61907
    endloop
  endfacet
  facet normal -1 0 0
    outer loop
      vertex -5 -2.88675 1.59111
      vertex -5 -2.88675 8.40889
      vertex -5 -2.8265 8.38093
    endloop
  endfacet
  facet normal -1 0 0
    outer loop
      vertex -5 -2.91687 1.55291
      vertex -5 -2.88675 8.40889
      vertex -5 -2.88675 1.59111
    endloop
  endfacet
  facet normal -1 -0 0
    outer loop
      vertex -5 -2.88675 8.40889
      vertex -5 -2.91687 1.55291
      vertex -5 -2.91687 8.44709
    endloop
  endfacet
  facet normal -1 0 0
    outer loop
      vertex -5 12.8868 1.59111
      vertex -5 12.9169 8.44709
      vertex -5 12.9169 1.55291
    endloop
  endfacet
  facet normal -1 0 0
    outer loop
      vertex -5 12.8868 1.59111
      vertex -5 12.8868 8.40889
      vertex -5 12.9169 8.44709
    endloop
  endfacet
  facet normal -1 0 0
    outer loop
      vertex -5 12.8265 1.61907
      vertex -5 12.8868 8.40889
      vertex -5 12.8868 1.59111
    endloop
  endfacet
  facet normal -1 0 0
    outer loop
      vertex -5 12.8265 1.61907
      vertex -5 12.8265 8.38093
      vertex -5 12.8868 8.40889
    endloop
  endfacet
  facet normal -1 0 0
    outer loop
      vertex -5 10 2.93085
      vertex -5 12.8265 8.38093
      vertex -5 12.8265 1.61907
    endloop
  endfacet
  facet normal -1 0 0
    outer loop
      vertex -5 10 2.93085
      vertex -5 10 7.06915
      vertex -5 12.8265 8.38093
    endloop
  endfacet
  facet normal -1 0 0
    outer loop
      vertex -5 7.1735 1.61907
      vertex -5 10 7.06915
      vertex -5 10 2.93085
    endloop
  endfacet
  facet normal -1 0 0
    outer loop
      vertex -5 7.1735 1.61907
      vertex -5 7.1735 8.38093
      vertex -5 10 7.06915
    endloop
  endfacet
  facet normal -1 0 0
    outer loop
      vertex -5 7.11325 1.59111
      vertex -5 7.1735 8.38093
      vertex -5 7.1735 1.61907
    endloop
  endfacet
  facet normal -1 0 0
    outer loop
      vertex -5 7.11325 1.59111
      vertex -5 7.11325 8.40889
      vertex -5 7.1735 8.38093
    endloop
  endfacet
  facet normal -1 0 0
    outer loop
      vertex -5 2.91687 1.55291
      vertex -5 7.11325 1.59111
      vertex -5 7.08313 1.55291
    endloop
  endfacet
  facet normal -1 0 0
    outer loop
      vertex -5 2.88675 1.59111
      vertex -5 7.11325 1.59111
      vertex -5 2.91687 1.55291
    endloop
  endfacet
  facet normal -1 0 0
    outer loop
      vertex -5 12.9169 1.55291
      vertex -5 15 -5
      vertex -5 12.9169 -1.55291
    endloop
  endfacet
  facet normal -1 0 0
    outer loop
      vertex -5 15 -5
      vertex -5 12.8868 -1.59111
      vertex -5 12.9169 -1.55291
    endloop
  endfacet
  facet normal -1 0 0
    outer loop
      vertex -5 15 -5
      vertex -5 12.8265 -1.61907
      vertex -5 12.8868 -1.59111
    endloop
  endfacet
  facet normal -1 0 0
    outer loop
      vertex -5 15 -5
      vertex -5 10 -2.93085
      vertex -5 12.8265 -1.61907
    endloop
  endfacet
  facet normal -1 0 0
    outer loop
      vertex -5 2.8265 -1.61907
      vertex -5 7.1735 -1.61907
      vertex -5 10 -2.93085
    endloop
  endfacet
  facet normal -1 0 0
    outer loop
      vertex -5 2.91687 1.55291
      vertex -5 7.08313 1.55291
      vertex -5 7.08313 -1.55291
    endloop
  endfacet
  facet normal -1 0 0
    outer loop
      vertex -5 7.11325 1.59111
      vertex -5 2.88675 1.59111
      vertex -5 7.11325 8.40889
    endloop
  endfacet
  facet normal -1 0 0
    outer loop
      vertex -5 2.91687 1.55291
      vertex -5 7.08313 -1.55291
      vertex -5 2.91687 -1.55291
    endloop
  endfacet
  facet normal -1 0 0
    outer loop
      vertex -5 7.11325 -1.59111
      vertex -5 2.91687 -1.55291
      vertex -5 7.08313 -1.55291
    endloop
  endfacet
  facet normal -1 0 0
    outer loop
      vertex -5 7.1735 -1.61907
      vertex -5 2.8265 -1.61907
      vertex -5 7.11325 -1.59111
    endloop
  endfacet
  facet normal -1 0 0
    outer loop
      vertex -5 0 -2.93085
      vertex -5 10 -2.93085
      vertex -5 15 -5
    endloop
  endfacet
  facet normal -1 0 0
    outer loop
      vertex -5 7.11325 -1.59111
      vertex -5 2.88675 -1.59111
      vertex -5 2.91687 -1.55291
    endloop
  endfacet
  facet normal -1 -0 0
    outer loop
      vertex -5 7.11325 -1.59111
      vertex -5 2.8265 -1.61907
      vertex -5 2.88675 -1.59111
    endloop
  endfacet
  facet normal -1 0 0
    outer loop
      vertex -5 10 -2.93085
      vertex -5 0 -2.93085
      vertex -5 2.8265 -1.61907
    endloop
  endfacet
  facet normal -1 0 0
    outer loop
      vertex -5 -5 -5
      vertex -5 -2.91687 1.55291
      vertex -5 -2.91687 -1.55291
    endloop
  endfacet
  facet normal -1 -0 0
    outer loop
      vertex -5 -2.91687 1.55291
      vertex -5 -5 -5
      vertex -5 -2.91687 8.44709
    endloop
  endfacet
  facet normal -1 0 0
    outer loop
      vertex -5 -5 15
      vertex -5 -2.91687 8.44709
      vertex -5 -5 -5
    endloop
  endfacet
  facet normal -1 -0 0
    outer loop
      vertex -5 -2.88675 -1.59111
      vertex -5 -5 -5
      vertex -5 -2.91687 -1.55291
    endloop
  endfacet
  facet normal -1 -0 0
    outer loop
      vertex -5 -2.8265 -1.61907
      vertex -5 -5 -5
      vertex -5 -2.88675 -1.59111
    endloop
  endfacet
  facet normal -1 -0 0
    outer loop
      vertex -5 0 -2.93085
      vertex -5 -5 -5
      vertex -5 -2.8265 -1.61907
    endloop
  endfacet
  facet normal -1 0 0
    outer loop
      vertex -5 -5 -5
      vertex -5 0 -2.93085
      vertex -5 15 -5
    endloop
  endfacet
  facet normal -1 0 0
    outer loop
      vertex -5 15 -5
      vertex -5 12.9169 1.55291
      vertex -5 15 15
    endloop
  endfacet
  facet normal -1 0 0
    outer loop
      vertex -5 12.9169 8.44709
      vertex -5 15 15
      vertex -5 12.9169 1.55291
    endloop
  endfacet
  facet normal -1 0 0
    outer loop
      vertex -5 12.9169 11.5529
      vertex -5 15 15
      vertex -5 12.9169 8.44709
    endloop
  endfacet
  facet normal -1 0 0
    outer loop
      vertex -5 12.8868 11.5911
      vertex -5 15 15
      vertex -5 12.9169 11.5529
    endloop
  endfacet
  facet normal -1 0 0
    outer loop
      vertex -5 12.8265 11.6191
      vertex -5 15 15
      vertex -5 12.8868 11.5911
    endloop
  endfacet
  facet normal -1 0 0
    outer loop
      vertex -5 10 12.9309
      vertex -5 15 15
      vertex -5 12.8265 11.6191
    endloop
  endfacet
  facet normal -1 0 0
    outer loop
      vertex -5 7.11325 8.40889
      vertex -5 2.91687 8.44709
      vertex -5 7.08313 8.44709
    endloop
  endfacet
  facet normal -1 0 0
    outer loop
      vertex -5 7.08313 8.44709
      vertex -5 2.91687 8.44709
      vertex -5 7.08313 11.5529
    endloop
  endfacet
  facet normal -1 0 0
    outer loop
      vertex -5 2.91687 11.5529
      vertex -5 7.08313 11.5529
      vertex -5 2.91687 8.44709
    endloop
  endfacet
  facet normal -1 0 0
    outer loop
      vertex -5 7.08313 11.5529
      vertex -5 2.91687 11.5529
      vertex -5 7.11325 11.5911
    endloop
  endfacet
  facet normal -1 0 0
    outer loop
      vertex -5 2.88675 11.5911
      vertex -5 7.11325 11.5911
      vertex -5 2.91687 11.5529
    endloop
  endfacet
  facet normal -1 0 0
    outer loop
      vertex -5 7.11325 11.5911
      vertex -5 2.88675 11.5911
      vertex -5 7.1735 11.6191
    endloop
  endfacet
  facet normal -1 0 0
    outer loop
      vertex -5 2.8265 11.6191
      vertex -5 7.1735 11.6191
      vertex -5 2.88675 11.5911
    endloop
  endfacet
  facet normal -1 0 0
    outer loop
      vertex -5 7.1735 11.6191
      vertex -5 2.8265 11.6191
      vertex -5 10 12.9309
    endloop
  endfacet
  facet normal -1 0 0
    outer loop
      vertex -5 0 12.9309
      vertex -5 10 12.9309
      vertex -5 2.8265 11.6191
    endloop
  endfacet
  facet normal -1 0 0
    outer loop
      vertex -5 10 12.9309
      vertex -5 0 12.9309
      vertex -5 15 15
    endloop
  endfacet
  facet normal -1 0 0
    outer loop
      vertex -5 0 12.9309
      vertex -5 -5 15
      vertex -5 15 15
    endloop
  endfacet
  facet normal -1 0 0
    outer loop
      vertex -5 -2.8265 11.6191
      vertex -5 -5 15
      vertex -5 0 12.9309
    endloop
  endfacet
  facet normal -1 0 0
    outer loop
      vertex -5 -2.88675 11.5911
      vertex -5 -5 15
      vertex -5 -2.8265 11.6191
    endloop
  endfacet
  facet normal -1 0 0
    outer loop
      vertex -5 -2.91687 11.5529
      vertex -5 -5 15
      vertex -5 -2.88675 11.5911
    endloop
  endfacet
  facet normal -1 0 0
    outer loop
      vertex -5 -2.91687 8.44709
      vertex -5 -5 15
      vertex -5 -2.91687 11.5529
    endloop
  endfacet
  facet normal 0 0 -1
    outer loop
      vertex 7.46181 1.46543 -5
      vertex 2.53819 1.46543 -5
      vertex 7.46181 8.53457 -5
    endloop
  endfacet
  facet normal 0 0 -1
    outer loop
      vertex 7.46181 8.53457 -5
      vertex 2.82939 9.62132 -5
      vertex 2.93085 10 -5
    endloop
  endfacet
  facet normal 0 0 -1
    outer loop
      vertex 2.53819 8.53457 -5
      vertex 7.46181 8.53457 -5
      vertex 2.53819 1.46543 -5
    endloop
  endfacet
  facet normal 0 0 -1
    outer loop
      vertex 7.46181 8.53457 -5
      vertex 2.53819 8.53457 -5
      vertex 2.82939 9.62132 -5
    endloop
  endfacet
  facet normal 0 0 -1
    outer loop
      vertex 1.46543 2.53819 -5
      vertex 2.53819 8.53457 -5
      vertex 2.53819 1.46543 -5
    endloop
  endfacet
  facet normal 0 0 -1
    outer loop
      vertex 1.46543 2.53819 -5
      vertex 1.46543 7.46181 -5
      vertex 2.53819 8.53457 -5
    endloop
  endfacet
  facet normal 0 0 -1
    outer loop
      vertex 0.37868 2.82939 -5
      vertex 1.46543 7.46181 -5
      vertex 1.46543 2.53819 -5
    endloop
  endfacet
  facet normal 0 0 -1
    outer loop
      vertex 0.37868 2.82939 -5
      vertex 0.37868 7.17061 -5
      vertex 1.46543 7.46181 -5
    endloop
  endfacet
  facet normal 0 0 -1
    outer loop
      vertex 0 2.93085 -5
      vertex 0.37868 7.17061 -5
      vertex 0.37868 2.82939 -5
    endloop
  endfacet
  facet normal 0 0 -1
    outer loop
      vertex 0 2.93085 -5
      vertex 0 7.06915 -5
      vertex 0.37868 7.17061 -5
    endloop
  endfacet
  facet normal 0 0 -1
    outer loop
      vertex -0.37868 2.82939 -5
      vertex 0 7.06915 -5
      vertex 0 2.93085 -5
    endloop
  endfacet
  facet normal 0 0 -1
    outer loop
      vertex -0.37868 2.82939 -5
      vertex -0.37868 7.17061 -5
      vertex 0 7.06915 -5
    endloop
  endfacet
  facet normal 0 0 -1
    outer loop
      vertex -1.46543 2.53819 -5
      vertex -0.37868 7.17061 -5
      vertex -0.37868 2.82939 -5
    endloop
  endfacet
  facet normal 0 0 -1
    outer loop
      vertex -1.46543 2.53819 -5
      vertex -1.46543 7.46181 -5
      vertex -0.37868 7.17061 -5
    endloop
  endfacet
  facet normal 0 0 -1
    outer loop
      vertex -2.53819 1.46543 -5
      vertex -1.46543 7.46181 -5
      vertex -1.46543 2.53819 -5
    endloop
  endfacet
  facet normal 0 0 -1
    outer loop
      vertex -2.53819 1.46543 -5
      vertex -2.53819 8.53457 -5
      vertex -1.46543 7.46181 -5
    endloop
  endfacet
  facet normal 0 0 -1
    outer loop
      vertex -2.82939 0.37868 -5
      vertex -2.53819 8.53457 -5
      vertex -2.53819 1.46543 -5
    endloop
  endfacet
  facet normal 0 0 -1
    outer loop
      vertex -2.82939 0.37868 -5
      vertex -2.82939 9.62132 -5
      vertex -2.53819 8.53457 -5
    endloop
  endfacet
  facet normal 0 0 -1
    outer loop
      vertex -2.93085 0 -5
      vertex -2.82939 9.62132 -5
      vertex -2.82939 0.37868 -5
    endloop
  endfacet
  facet normal -0 0 -1
    outer loop
      vertex -2.82939 9.62132 -5
      vertex -2.93085 0 -5
      vertex -2.93085 10 -5
    endloop
  endfacet
  facet normal 0 0 -1
    outer loop
      vertex 12.8294 0.37868 -5
      vertex 12.9309 10 -5
      vertex 12.9309 0 -5
    endloop
  endfacet
  facet normal 0 0 -1
    outer loop
      vertex 12.8294 0.37868 -5
      vertex 12.8294 9.62132 -5
      vertex 12.9309 10 -5
    endloop
  endfacet
  facet normal 0 0 -1
    outer loop
      vertex 12.5382 1.46543 -5
      vertex 12.8294 9.62132 -5
      vertex 12.8294 0.37868 -5
    endloop
  endfacet
  facet normal 0 0 -1
    outer loop
      vertex 12.5382 1.46543 -5
      vertex 12.5382 8.53457 -5
      vertex 12.8294 9.62132 -5
    endloop
  endfacet
  facet normal 0 0 -1
    outer loop
      vertex 11.4654 2.53819 -5
      vertex 12.5382 8.53457 -5
      vertex 12.5382 1.46543 -5
    endloop
  endfacet
  facet normal 0 0 -1
    outer loop
      vertex 11.4654 2.53819 -5
      vertex 11.4654 7.46181 -5
      vertex 12.5382 8.53457 -5
    endloop
  endfacet
  facet normal 0 0 -1
    outer loop
      vertex 10.3787 2.82939 -5
      vertex 11.4654 7.46181 -5
      vertex 11.4654 2.53819 -5
    endloop
  endfacet
  facet normal 0 0 -1
    outer loop
      vertex 10.3787 2.82939 -5
      vertex 10.3787 7.17061 -5
      vertex 11.4654 7.46181 -5
    endloop
  endfacet
  facet normal 0 0 -1
    outer loop
      vertex 10 2.93085 -5
      vertex 10.3787 7.17061 -5
      vertex 10.3787 2.82939 -5
    endloop
  endfacet
  facet normal 0 0 -1
    outer loop
      vertex 10 2.93085 -5
      vertex 10 7.06915 -5
      vertex 10.3787 7.17061 -5
    endloop
  endfacet
  facet normal 0 0 -1
    outer loop
      vertex 9.62132 2.82939 -5
      vertex 10 7.06915 -5
      vertex 10 2.93085 -5
    endloop
  endfacet
  facet normal 0 0 -1
    outer loop
      vertex 9.62132 2.82939 -5
      vertex 9.62132 7.17061 -5
      vertex 10 7.06915 -5
    endloop
  endfacet
  facet normal 0 0 -1
    outer loop
      vertex 8.53457 2.53819 -5
      vertex 9.62132 7.17061 -5
      vertex 9.62132 2.82939 -5
    endloop
  endfacet
  facet normal 0 0 -1
    outer loop
      vertex 8.53457 2.53819 -5
      vertex 8.53457 7.46181 -5
      vertex 9.62132 7.17061 -5
    endloop
  endfacet
  facet normal 0 0 -1
    outer loop
      vertex 7.46181 1.46543 -5
      vertex 8.53457 7.46181 -5
      vertex 8.53457 2.53819 -5
    endloop
  endfacet
  facet normal 0 0 -1
    outer loop
      vertex 7.46181 1.46543 -5
      vertex 7.46181 8.53457 -5
      vertex 8.53457 7.46181 -5
    endloop
  endfacet
  facet normal 0 0 -1
    outer loop
      vertex 2.82939 0.37868 -5
      vertex 7.17061 0.37868 -5
      vertex 2.93085 0 -5
    endloop
  endfacet
  facet normal 0 0 -1
    outer loop
      vertex 7.17061 0.37868 -5
      vertex 2.82939 0.37868 -5
      vertex 7.46181 1.46543 -5
    endloop
  endfacet
  facet normal 0 0 -1
    outer loop
      vertex 2.93085 0 -5
      vertex 7.17061 0.37868 -5
      vertex 7.06915 0 -5
    endloop
  endfacet
  facet normal 0 0 -1
    outer loop
      vertex 2.53819 1.46543 -5
      vertex 7.46181 1.46543 -5
      vertex 2.82939 0.37868 -5
    endloop
  endfacet
  facet normal 0 0 -1
    outer loop
      vertex 15 -5 -5
      vertex 12.9309 0 -5
      vertex 15 15 -5
    endloop
  endfacet
  facet normal 0 0 -1
    outer loop
      vertex 15 -5 -5
      vertex 12.8294 -0.37868 -5
      vertex 12.9309 0 -5
    endloop
  endfacet
  facet normal 0 0 -1
    outer loop
      vertex 15 -5 -5
      vertex 12.5382 -1.46543 -5
      vertex 12.8294 -0.37868 -5
    endloop
  endfacet
  facet normal 0 0 -1
    outer loop
      vertex 15 -5 -5
      vertex 11.4654 -2.53819 -5
      vertex 12.5382 -1.46543 -5
    endloop
  endfacet
  facet normal 0 0 -1
    outer loop
      vertex 15 -5 -5
      vertex 10.3787 -2.82939 -5
      vertex 11.4654 -2.53819 -5
    endloop
  endfacet
  facet normal 0 0 -1
    outer loop
      vertex 15 -5 -5
      vertex 10 -2.93085 -5
      vertex 10.3787 -2.82939 -5
    endloop
  endfacet
  facet normal 0 0 -1
    outer loop
      vertex 0 -2.93085 -5
      vertex 10 -2.93085 -5
      vertex 15 -5 -5
    endloop
  endfacet
  facet normal 0 0 -1
    outer loop
      vertex 10 -2.93085 -5
      vertex 0 -2.93085 -5
      vertex 9.62132 -2.82939 -5
    endloop
  endfacet
  facet normal 0 0 -1
    outer loop
      vertex 2.82939 -0.37868 -5
      vertex 7.17061 -0.37868 -5
      vertex 7.46181 -1.46543 -5
    endloop
  endfacet
  facet normal 0 0 -1
    outer loop
      vertex 7.46181 8.53457 -5
      vertex 2.93085 10 -5
      vertex 7.17061 9.62132 -5
    endloop
  endfacet
  facet normal 0 0 -1
    outer loop
      vertex 7.17061 -0.37868 -5
      vertex 2.82939 -0.37868 -5
      vertex 7.06915 0 -5
    endloop
  endfacet
  facet normal 0 0 -1
    outer loop
      vertex 2.53819 -1.46543 -5
      vertex 7.46181 -1.46543 -5
      vertex 8.53457 -2.53819 -5
    endloop
  endfacet
  facet normal -0 0 -1
    outer loop
      vertex 7.06915 0 -5
      vertex 2.82939 -0.37868 -5
      vertex 2.93085 0 -5
    endloop
  endfacet
  facet normal 0 0 -1
    outer loop
      vertex 9.62132 -2.82939 -5
      vertex 0.37868 -2.82939 -5
      vertex 8.53457 -2.53819 -5
    endloop
  endfacet
  facet normal 0 0 -1
    outer loop
      vertex 7.46181 -1.46543 -5
      vertex 2.53819 -1.46543 -5
      vertex 2.82939 -0.37868 -5
    endloop
  endfacet
  facet normal 0 0 -1
    outer loop
      vertex 8.53457 -2.53819 -5
      vertex 1.46543 -2.53819 -5
      vertex 2.53819 -1.46543 -5
    endloop
  endfacet
  facet normal -0 0 -1
    outer loop
      vertex 8.53457 -2.53819 -5
      vertex 0.37868 -2.82939 -5
      vertex 1.46543 -2.53819 -5
    endloop
  endfacet
  facet normal -0 0 -1
    outer loop
      vertex 9.62132 -2.82939 -5
      vertex 0 -2.93085 -5
      vertex 0.37868 -2.82939 -5
    endloop
  endfacet
  facet normal -0 0 -1
    outer loop
      vertex -2.93085 0 -5
      vertex -5 -5 -5
      vertex -2.93085 10 -5
    endloop
  endfacet
  facet normal -0 0 -1
    outer loop
      vertex -2.82939 -0.37868 -5
      vertex -5 -5 -5
      vertex -2.93085 0 -5
    endloop
  endfacet
  facet normal -0 0 -1
    outer loop
      vertex -2.53819 -1.46543 -5
      vertex -5 -5 -5
      vertex -2.82939 -0.37868 -5
    endloop
  endfacet
  facet normal -0 0 -1
    outer loop
      vertex -1.46543 -2.53819 -5
      vertex -5 -5 -5
      vertex -2.53819 -1.46543 -5
    endloop
  endfacet
  facet normal -0 0 -1
    outer loop
      vertex -0.37868 -2.82939 -5
      vertex -5 -5 -5
      vertex -1.46543 -2.53819 -5
    endloop
  endfacet
  facet normal -0 0 -1
    outer loop
      vertex 0 -2.93085 -5
      vertex -5 -5 -5
      vertex -0.37868 -2.82939 -5
    endloop
  endfacet
  facet normal 0 0 -1
    outer loop
      vertex -5 -5 -5
      vertex 0 -2.93085 -5
      vertex 15 -5 -5
    endloop
  endfacet
  facet normal 0 0 -1
    outer loop
      vertex 12.9309 10 -5
      vertex 15 15 -5
      vertex 12.9309 0 -5
    endloop
  endfacet
  facet normal 0 0 -1
    outer loop
      vertex 12.8294 10.3787 -5
      vertex 15 15 -5
      vertex 12.9309 10 -5
    endloop
  endfacet
  facet normal 0 0 -1
    outer loop
      vertex 12.5382 11.4654 -5
      vertex 15 15 -5
      vertex 12.8294 10.3787 -5
    endloop
  endfacet
  facet normal 0 0 -1
    outer loop
      vertex 11.4654 12.5382 -5
      vertex 15 15 -5
      vertex 12.5382 11.4654 -5
    endloop
  endfacet
  facet normal 0 0 -1
    outer loop
      vertex 10.3787 12.8294 -5
      vertex 15 15 -5
      vertex 11.4654 12.5382 -5
    endloop
  endfacet
  facet normal 0 0 -1
    outer loop
      vertex 10 12.9309 -5
      vertex 15 15 -5
      vertex 10.3787 12.8294 -5
    endloop
  endfacet
  facet normal 0 0 -1
    outer loop
      vertex 0 12.9309 -5
      vertex 10 12.9309 -5
      vertex 9.62132 12.8294 -5
    endloop
  endfacet
  facet normal 0 0 -1
    outer loop
      vertex 0.37868 12.8294 -5
      vertex 9.62132 12.8294 -5
      vertex 8.53457 12.5382 -5
    endloop
  endfacet
  facet normal 0 0 -1
    outer loop
      vertex 2.82939 10.3787 -5
      vertex 7.17061 10.3787 -5
      vertex 7.06915 10 -5
    endloop
  endfacet
  facet normal 0 0 -1
    outer loop
      vertex 7.17061 9.62132 -5
      vertex 2.93085 10 -5
      vertex 7.06915 10 -5
    endloop
  endfacet
  facet normal 0 0 -1
    outer loop
      vertex 2.82939 10.3787 -5
      vertex 7.06915 10 -5
      vertex 2.93085 10 -5
    endloop
  endfacet
  facet normal 0 0 -1
    outer loop
      vertex 7.17061 10.3787 -5
      vertex 2.82939 10.3787 -5
      vertex 7.46181 11.4654 -5
    endloop
  endfacet
  facet normal 0 0 -1
    outer loop
      vertex 2.53819 11.4654 -5
      vertex 7.46181 11.4654 -5
      vertex 2.82939 10.3787 -5
    endloop
  endfacet
  facet normal 0 0 -1
    outer loop
      vertex 7.46181 11.4654 -5
      vertex 2.53819 11.4654 -5
      vertex 8.53457 12.5382 -5
    endloop
  endfacet
  facet normal 0 0 -1
    outer loop
      vertex 1.46543 12.5382 -5
      vertex 8.53457 12.5382 -5
      vertex 2.53819 11.4654 -5
    endloop
  endfacet
  facet normal 0 0 -1
    outer loop
      vertex 0.37868 12.8294 -5
      vertex 8.53457 12.5382 -5
      vertex 1.46543 12.5382 -5
    endloop
  endfacet
  facet normal 0 0 -1
    outer loop
      vertex 0 12.9309 -5
      vertex 9.62132 12.8294 -5
      vertex 0.37868 12.8294 -5
    endloop
  endfacet
  facet normal 0 0 -1
    outer loop
      vertex 10 12.9309 -5
      vertex 0 12.9309 -5
      vertex 15 15 -5
    endloop
  endfacet
  facet normal 0 0 -1
    outer loop
      vertex -5 15 -5
      vertex -0.37868 12.8294 -5
      vertex -1.46543 12.5382 -5
    endloop
  endfacet
  facet normal 0 0 -1
    outer loop
      vertex 0 12.9309 -5
      vertex -5 15 -5
      vertex 15 15 -5
    endloop
  endfacet
  facet normal 0 0 -1
    outer loop
      vertex -0.37868 12.8294 -5
      vertex -5 15 -5
      vertex 0 12.9309 -5
    endloop
  endfacet
  facet normal 0 0 -1
    outer loop
      vertex -2.53819 11.4654 -5
      vertex -5 15 -5
      vertex -1.46543 12.5382 -5
    endloop
  endfacet
  facet normal 0 0 -1
    outer loop
      vertex -2.82939 10.3787 -5
      vertex -5 15 -5
      vertex -2.53819 11.4654 -5
    endloop
  endfacet
  facet normal 0 0 -1
    outer loop
      vertex -2.93085 10 -5
      vertex -5 15 -5
      vertex -2.82939 10.3787 -5
    endloop
  endfacet
  facet normal 0 0 -1
    outer loop
      vertex -5 15 -5
      vertex -2.93085 10 -5
      vertex -5 -5 -5
    endloop
  endfacet
  facet normal 0 -1 0
    outer loop
      vertex 7.11325 -5 1.59111
      vertex 7.11325 -5 8.40889
      vertex 2.88675 -5 1.59111
    endloop
  endfacet
  facet normal 0 -1 0
    outer loop
      vertex 7.1735 -5 8.38093
      vertex 7.1735 -5 1.61907
      vertex 10 -5 2.93085
    endloop
  endfacet
  facet normal 0 -1 0
    outer loop
      vertex 7.11325 -5 8.40889
      vertex 7.11325 -5 1.59111
      vertex 7.1735 -5 8.38093
    endloop
  endfacet
  facet normal 0 -1 -0
    outer loop
      vertex 7.1735 -5 8.38093
      vertex 7.11325 -5 1.59111
      vertex 7.1735 -5 1.61907
    endloop
  endfacet
  facet normal 0 -1 0
    outer loop
      vertex 2.91687 -5 1.55291
      vertex 7.11325 -5 1.59111
      vertex 2.88675 -5 1.59111
    endloop
  endfacet
  facet normal 0 -1 0
    outer loop
      vertex 2.91687 -5 1.55291
      vertex 7.08313 -5 1.55291
      vertex 7.11325 -5 1.59111
    endloop
  endfacet
  facet normal 0 -1 0
    outer loop
      vertex 2.91687 -5 -1.55291
      vertex 7.08313 -5 1.55291
      vertex 2.91687 -5 1.55291
    endloop
  endfacet
  facet normal 0 -1 0
    outer loop
      vertex 2.91687 -5 -1.55291
      vertex 7.08313 -5 -1.55291
      vertex 7.08313 -5 1.55291
    endloop
  endfacet
  facet normal 0 -1 0
    outer loop
      vertex 2.88675 -5 -1.59111
      vertex 7.08313 -5 -1.55291
      vertex 2.91687 -5 -1.55291
    endloop
  endfacet
  facet normal 0 -1 0
    outer loop
      vertex 2.88675 -5 -1.59111
      vertex 7.11325 -5 -1.59111
      vertex 7.08313 -5 -1.55291
    endloop
  endfacet
  facet normal 0 -1 0
    outer loop
      vertex 2.8265 -5 -1.61907
      vertex 7.11325 -5 -1.59111
      vertex 2.88675 -5 -1.59111
    endloop
  endfacet
  facet normal 0 -1 0
    outer loop
      vertex 2.8265 -5 -1.61907
      vertex 7.1735 -5 -1.61907
      vertex 7.11325 -5 -1.59111
    endloop
  endfacet
  facet normal 0 -1 0
    outer loop
      vertex 0 -5 -2.93085
      vertex 7.1735 -5 -1.61907
      vertex 2.8265 -5 -1.61907
    endloop
  endfacet
  facet normal 0 -1 -0
    outer loop
      vertex 7.1735 -5 -1.61907
      vertex 0 -5 -2.93085
      vertex 10 -5 -2.93085
    endloop
  endfacet
  facet normal 0 -1 0
    outer loop
      vertex 2.8265 -5 11.6191
      vertex 10 -5 12.9309
      vertex 0 -5 12.9309
    endloop
  endfacet
  facet normal 0 -1 0
    outer loop
      vertex 2.8265 -5 11.6191
      vertex 7.1735 -5 11.6191
      vertex 10 -5 12.9309
    endloop
  endfacet
  facet normal 0 -1 0
    outer loop
      vertex 2.88675 -5 11.5911
      vertex 7.1735 -5 11.6191
      vertex 2.8265 -5 11.6191
    endloop
  endfacet
  facet normal 0 -1 0
    outer loop
      vertex 2.88675 -5 11.5911
      vertex 7.11325 -5 11.5911
      vertex 7.1735 -5 11.6191
    endloop
  endfacet
  facet normal 0 -1 0
    outer loop
      vertex 2.91687 -5 11.5529
      vertex 7.11325 -5 11.5911
      vertex 2.88675 -5 11.5911
    endloop
  endfacet
  facet normal 0 -1 0
    outer loop
      vertex 2.91687 -5 11.5529
      vertex 7.08313 -5 11.5529
      vertex 7.11325 -5 11.5911
    endloop
  endfacet
  facet normal 0 -1 0
    outer loop
      vertex 2.91687 -5 8.44709
      vertex 7.08313 -5 11.5529
      vertex 2.91687 -5 11.5529
    endloop
  endfacet
  facet normal 0 -1 0
    outer loop
      vertex 2.91687 -5 8.44709
      vertex 7.08313 -5 8.44709
      vertex 7.08313 -5 11.5529
    endloop
  endfacet
  facet normal 0 -1 0
    outer loop
      vertex 2.88675 -5 8.40889
      vertex 7.08313 -5 8.44709
      vertex 2.91687 -5 8.44709
    endloop
  endfacet
  facet normal 0 -1 0
    outer loop
      vertex 2.88675 -5 8.40889
      vertex 7.11325 -5 8.40889
      vertex 7.08313 -5 8.44709
    endloop
  endfacet
  facet normal 0 -1 0
    outer loop
      vertex 2.8265 -5 1.61907
      vertex 2.88675 -5 8.40889
      vertex 2.8265 -5 8.38093
    endloop
  endfacet
  facet normal 0 -1 0
    outer loop
      vertex 2.88675 -5 1.59111
      vertex 2.88675 -5 8.40889
      vertex 2.8265 -5 1.61907
    endloop
  endfacet
  facet normal 0 -1 0
    outer loop
      vertex 0 -5 2.93085
      vertex 2.8265 -5 8.38093
      vertex 0 -5 7.06915
    endloop
  endfacet
  facet normal 0 -1 0
    outer loop
      vertex 2.8265 -5 1.61907
      vertex 2.8265 -5 8.38093
      vertex 0 -5 2.93085
    endloop
  endfacet
  facet normal 0 -1 0
    outer loop
      vertex -5 -5 15
      vertex 0 -5 12.9309
      vertex 15 -5 15
    endloop
  endfacet
  facet normal 0 -1 0
    outer loop
      vertex -5 -5 15
      vertex -2.8265 -5 11.6191
      vertex 0 -5 12.9309
    endloop
  endfacet
  facet normal 0 -1 0
    outer loop
      vertex -5 -5 15
      vertex -2.88675 -5 11.5911
      vertex -2.8265 -5 11.6191
    endloop
  endfacet
  facet normal 0 -1 0
    outer loop
      vertex -5 -5 15
      vertex -2.91687 -5 11.5529
      vertex -2.88675 -5 11.5911
    endloop
  endfacet
  facet normal 0 -1 0
    outer loop
      vertex -5 -5 15
      vertex -2.91687 -5 8.44709
      vertex -2.91687 -5 11.5529
    endloop
  endfacet
  facet normal 0 -1 0
    outer loop
      vertex 2.88675 -5 8.40889
      vertex 2.88675 -5 1.59111
      vertex 7.11325 -5 8.40889
    endloop
  endfacet
  facet normal 0 -1 0
    outer loop
      vertex -2.8265 -5 8.38093
      vertex 0 -5 2.93085
      vertex 0 -5 7.06915
    endloop
  endfacet
  facet normal 0 -1 0
    outer loop
      vertex -2.8265 -5 1.61907
      vertex -2.8265 -5 8.38093
      vertex -2.88675 -5 8.40889
    endloop
  endfacet
  facet normal 0 -1 0
    outer loop
      vertex -2.88675 -5 1.59111
      vertex -2.88675 -5 8.40889
      vertex -2.91687 -5 8.44709
    endloop
  endfacet
  facet normal 0 -1 0
    outer loop
      vertex -2.8265 -5 8.38093
      vertex -2.8265 -5 1.61907
      vertex 0 -5 2.93085
    endloop
  endfacet
  facet normal 0 -1 0
    outer loop
      vertex -2.91687 -5 1.55291
      vertex -2.91687 -5 8.44709
      vertex -5 -5 15
    endloop
  endfacet
  facet normal 0 -1 0
    outer loop
      vertex -2.88675 -5 8.40889
      vertex -2.88675 -5 1.59111
      vertex -2.8265 -5 1.61907
    endloop
  endfacet
  facet normal 0 -1 0
    outer loop
      vertex -2.91687 -5 8.44709
      vertex -2.91687 -5 1.55291
      vertex -2.88675 -5 1.59111
    endloop
  endfacet
  facet normal 0 -1 0
    outer loop
      vertex -5 -5 -5
      vertex -2.91687 -5 1.55291
      vertex -5 -5 15
    endloop
  endfacet
  facet normal 0 -1 -0
    outer loop
      vertex 0 -5 -2.93085
      vertex -5 -5 -5
      vertex 10 -5 -2.93085
    endloop
  endfacet
  facet normal 0 -1 -0
    outer loop
      vertex -2.8265 -5 -1.61907
      vertex -5 -5 -5
      vertex 0 -5 -2.93085
    endloop
  endfacet
  facet normal 0 -1 -0
    outer loop
      vertex -2.88675 -5 -1.59111
      vertex -5 -5 -5
      vertex -2.8265 -5 -1.61907
    endloop
  endfacet
  facet normal 0 -1 -0
    outer loop
      vertex -2.91687 -5 -1.55291
      vertex -5 -5 -5
      vertex -2.88675 -5 -1.59111
    endloop
  endfacet
  facet normal 0 -1 -0
    outer loop
      vertex -2.91687 -5 1.55291
      vertex -5 -5 -5
      vertex -2.91687 -5 -1.55291
    endloop
  endfacet
  facet normal 0 -1 0
    outer loop
      vertex 10 -5 12.9309
      vertex 15 -5 15
      vertex 0 -5 12.9309
    endloop
  endfacet
  facet normal 0 -1 0
    outer loop
      vertex 12.8265 -5 11.6191
      vertex 15 -5 15
      vertex 10 -5 12.9309
    endloop
  endfacet
  facet normal 0 -1 0
    outer loop
      vertex 12.8868 -5 11.5911
      vertex 15 -5 15
      vertex 12.8265 -5 11.6191
    endloop
  endfacet
  facet normal 0 -1 0
    outer loop
      vertex 12.9169 -5 11.5529
      vertex 15 -5 15
      vertex 12.8868 -5 11.5911
    endloop
  endfacet
  facet normal 0 -1 0
    outer loop
      vertex 12.9169 -5 8.44709
      vertex 15 -5 15
      vertex 12.9169 -5 11.5529
    endloop
  endfacet
  facet normal 0 -1 0
    outer loop
      vertex 7.1735 -5 8.38093
      vertex 10 -5 2.93085
      vertex 10 -5 7.06915
    endloop
  endfacet
  facet normal 0 -1 0
    outer loop
      vertex 10 -5 2.93085
      vertex 12.8265 -5 8.38093
      vertex 10 -5 7.06915
    endloop
  endfacet
  facet normal 0 -1 0
    outer loop
      vertex 12.8265 -5 1.61907
      vertex 12.8265 -5 8.38093
      vertex 10 -5 2.93085
    endloop
  endfacet
  facet normal 0 -1 0
    outer loop
      vertex 12.8265 -5 8.38093
      vertex 12.8265 -5 1.61907
      vertex 12.8868 -5 8.40889
    endloop
  endfacet
  facet normal 0 -1 0
    outer loop
      vertex 12.8868 -5 1.59111
      vertex 12.8868 -5 8.40889
      vertex 12.8265 -5 1.61907
    endloop
  endfacet
  facet normal 0 -1 0
    outer loop
      vertex 12.8868 -5 8.40889
      vertex 12.8868 -5 1.59111
      vertex 12.9169 -5 8.44709
    endloop
  endfacet
  facet normal 0 -1 0
    outer loop
      vertex 12.9169 -5 1.55291
      vertex 12.9169 -5 8.44709
      vertex 12.8868 -5 1.59111
    endloop
  endfacet
  facet normal 0 -1 0
    outer loop
      vertex 12.9169 -5 8.44709
      vertex 12.9169 -5 1.55291
      vertex 15 -5 15
    endloop
  endfacet
  facet normal 0 -1 0
    outer loop
      vertex 15 -5 -5
      vertex 12.9169 -5 1.55291
      vertex 12.9169 -5 -1.55291
    endloop
  endfacet
  facet normal 0 -1 0
    outer loop
      vertex 15 -5 -5
      vertex 12.8265 -5 -1.61907
      vertex 10 -5 -2.93085
    endloop
  endfacet
  facet normal 0 -1 0
    outer loop
      vertex 12.9169 -5 1.55291
      vertex 15 -5 -5
      vertex 15 -5 15
    endloop
  endfacet
  facet normal 0 -1 0
    outer loop
      vertex 12.8868 -5 -1.59111
      vertex 15 -5 -5
      vertex 12.9169 -5 -1.55291
    endloop
  endfacet
  facet normal 0 -1 0
    outer loop
      vertex 12.8265 -5 -1.61907
      vertex 15 -5 -5
      vertex 12.8868 -5 -1.59111
    endloop
  endfacet
  facet normal 0 -1 0
    outer loop
      vertex 15 -5 -5
      vertex 10 -5 -2.93085
      vertex -5 -5 -5
    endloop
  endfacet
  facet normal -0.362784 -0.362784 -0.858356
    outer loop
      vertex 2.53819 1.46543 5
      vertex 2.12132 3.67423 4.24264
      vertex 3.67423 2.12132 4.24264
    endloop
  endfacet
  facet normal -0.362784 -0.362784 -0.858356
    outer loop
      vertex 2.12132 3.67423 4.24264
      vertex 2.53819 1.46543 5
      vertex 1.46543 2.53819 5
    endloop
  endfacet
  facet normal 0.843615 -0.226027 -0.487058
    outer loop
      vertex -3.67423 2.12132 4.24264
      vertex -5 2.8265 1.61907
      vertex -5 2.88675 1.59111
    endloop
  endfacet
  facet normal 0.843609 -0.226046 -0.48706
    outer loop
      vertex -5 2.8265 1.61907
      vertex -3.67423 2.12132 4.24264
      vertex -4.24264 0 4.24264
    endloop
  endfacet
  facet normal -0.843611 0.226044 -0.487057
    outer loop
      vertex 5 0 2.93085
      vertex 5 -2.8265 1.61907
      vertex 4.24264 0 4.24264
    endloop
  endfacet
  facet normal 0.226046 -0.843609 -0.48706
    outer loop
      vertex -2.12132 3.67423 4.24264
      vertex -2.8265 5 1.61907
      vertex 0 4.24264 4.24264
    endloop
  endfacet
  facet normal 0.226027 -0.843615 -0.487058
    outer loop
      vertex -2.8265 5 1.61907
      vertex -2.12132 3.67423 4.24264
      vertex -2.88675 5 1.59111
    endloop
  endfacet
  facet normal -0.495573 -0.132789 -0.858356
    outer loop
      vertex 2.82939 0.37868 5
      vertex 3.67423 2.12132 4.24264
      vertex 4.24264 0 4.24264
    endloop
  endfacet
  facet normal -0.495571 -0.132791 -0.858356
    outer loop
      vertex 3.67423 2.12132 4.24264
      vertex 2.82939 0.37868 5
      vertex 2.53819 1.46543 5
    endloop
  endfacet
  facet normal -0.362784 0.362784 -0.858356
    outer loop
      vertex 2.12132 -3.67423 4.24264
      vertex 2.53819 -1.46543 5
      vertex 3.67423 -2.12132 4.24264
    endloop
  endfacet
  facet normal -0.362784 0.362784 -0.858356
    outer loop
      vertex 2.53819 -1.46543 5
      vertex 2.12132 -3.67423 4.24264
      vertex 1.46543 -2.53819 5
    endloop
  endfacet
  facet normal 0.617601 -0.617601 0.486967
    outer loop
      vertex -5 2.88675 -1.59111
      vertex -2.91687 5 -1.55291
      vertex -5 2.91687 -1.55291
    endloop
  endfacet
  facet normal 0.617601 -0.617601 0.486967
    outer loop
      vertex -5 2.88675 -1.59111
      vertex -2.88675 5 -1.59111
      vertex -2.91687 5 -1.55291
    endloop
  endfacet
  facet normal 0.617565 -0.617565 0.487059
    outer loop
      vertex -3.67423 2.12132 -4.24264
      vertex -2.88675 5 -1.59111
      vertex -5 2.88675 -1.59111
    endloop
  endfacet
  facet normal 0.617565 -0.617565 0.487059
    outer loop
      vertex -2.88675 5 -1.59111
      vertex -3.67423 2.12132 -4.24264
      vertex -2.12132 3.67423 -4.24264
    endloop
  endfacet
  facet normal -0.495572 -0.132779 -0.858358
    outer loop
      vertex 4.24264 0 4.24264
      vertex 2.93085 0 5
      vertex 2.82939 0.37868 5
    endloop
  endfacet
  facet normal -0.495573 -0.132789 0.858356
    outer loop
      vertex 3.67423 2.12132 -4.24264
      vertex 2.82939 0.37868 -5
      vertex 4.24264 0 -4.24264
    endloop
  endfacet
  facet normal -0.495571 -0.132791 0.858356
    outer loop
      vertex 2.82939 0.37868 -5
      vertex 3.67423 2.12132 -4.24264
      vertex 2.53819 1.46543 -5
    endloop
  endfacet
  facet normal -0.495573 0.132789 -0.858356
    outer loop
      vertex 3.67423 -2.12132 4.24264
      vertex 2.82939 -0.37868 5
      vertex 4.24264 0 4.24264
    endloop
  endfacet
  facet normal -0.495571 0.132791 -0.858356
    outer loop
      vertex 2.82939 -0.37868 5
      vertex 3.67423 -2.12132 4.24264
      vertex 2.53819 -1.46543 5
    endloop
  endfacet
  facet normal -0.843611 -0.226044 -0.487057
    outer loop
      vertex 5 2.8265 1.61907
      vertex 5 0 2.93085
      vertex 4.24264 0 4.24264
    endloop
  endfacet
  facet normal 0.226044 0.843611 -0.487057
    outer loop
      vertex 0 -4.24264 4.24264
      vertex 0 -5 2.93085
      vertex -2.8265 -5 1.61907
    endloop
  endfacet
  facet normal 0.495572 -0.132779 0.858358
    outer loop
      vertex -2.93085 0 -5
      vertex -2.82939 0.37868 -5
      vertex -4.24264 0 -4.24264
    endloop
  endfacet
  facet normal 0.707107 0.707107 0
    outer loop
      vertex -2.91687 -5 1.55291
      vertex -5 -2.91687 -1.55291
      vertex -5 -2.91687 1.55291
    endloop
  endfacet
  facet normal 0.707107 0.707107 0
    outer loop
      vertex -5 -2.91687 -1.55291
      vertex -2.91687 -5 1.55291
      vertex -2.91687 -5 -1.55291
    endloop
  endfacet
  facet normal -0.226044 0.843611 0.487057
    outer loop
      vertex 2.8265 -5 -1.61907
      vertex 0 -4.24264 -4.24264
      vertex 0 -5 -2.93085
    endloop
  endfacet
  facet normal 0.843609 0.226046 -0.48706
    outer loop
      vertex -3.67423 -2.12132 4.24264
      vertex -5 -2.8265 1.61907
      vertex -4.24264 0 4.24264
    endloop
  endfacet
  facet normal 0.843615 0.226027 -0.487058
    outer loop
      vertex -5 -2.8265 1.61907
      vertex -3.67423 -2.12132 4.24264
      vertex -5 -2.88675 1.59111
    endloop
  endfacet
  facet normal 0.495571 0.132791 -0.858356
    outer loop
      vertex -3.67423 -2.12132 4.24264
      vertex -2.82939 -0.37868 5
      vertex -2.53819 -1.46543 5
    endloop
  endfacet
  facet normal 0.495573 0.132789 -0.858356
    outer loop
      vertex -2.82939 -0.37868 5
      vertex -3.67423 -2.12132 4.24264
      vertex -4.24264 0 4.24264
    endloop
  endfacet
  facet normal -0.843611 -0.226044 0.487057
    outer loop
      vertex 5 0 -2.93085
      vertex 5 2.8265 -1.61907
      vertex 4.24264 0 -4.24264
    endloop
  endfacet
  facet normal -0.226046 -0.843609 -0.48706
    outer loop
      vertex 2.8265 5 1.61907
      vertex 2.12132 3.67423 4.24264
      vertex 0 4.24264 4.24264
    endloop
  endfacet
  facet normal -0.226027 -0.843615 -0.487058
    outer loop
      vertex 2.12132 3.67423 4.24264
      vertex 2.8265 5 1.61907
      vertex 2.88675 5 1.59111
    endloop
  endfacet
  facet normal 0.495572 0.132779 -0.858358
    outer loop
      vertex -2.93085 0 5
      vertex -2.82939 -0.37868 5
      vertex -4.24264 0 4.24264
    endloop
  endfacet
  facet normal -0.226044 -0.843611 0.487057
    outer loop
      vertex 2.8265 5 -1.61907
      vertex 0 5 -2.93085
      vertex 0 4.24264 -4.24264
    endloop
  endfacet
  facet normal -0.617601 -0.617601 -0.486967
    outer loop
      vertex 5 2.91687 1.55291
      vertex 2.88675 5 1.59111
      vertex 2.91687 5 1.55291
    endloop
  endfacet
  facet normal -0.617601 -0.617601 -0.486967
    outer loop
      vertex 2.88675 5 1.59111
      vertex 5 2.91687 1.55291
      vertex 5 2.88675 1.59111
    endloop
  endfacet
  facet normal -0.617565 -0.617565 -0.487059
    outer loop
      vertex 2.88675 5 1.59111
      vertex 5 2.88675 1.59111
      vertex 2.12132 3.67423 4.24264
    endloop
  endfacet
  facet normal -0.617565 -0.617565 -0.487059
    outer loop
      vertex 2.12132 3.67423 4.24264
      vertex 5 2.88675 1.59111
      vertex 3.67423 2.12132 4.24264
    endloop
  endfacet
  facet normal 0.362784 0.362784 -0.858356
    outer loop
      vertex -2.12132 -3.67423 4.24264
      vertex -2.53819 -1.46543 5
      vertex -1.46543 -2.53819 5
    endloop
  endfacet
  facet normal 0.362784 0.362784 -0.858356
    outer loop
      vertex -2.53819 -1.46543 5
      vertex -2.12132 -3.67423 4.24264
      vertex -3.67423 -2.12132 4.24264
    endloop
  endfacet
  facet normal -0.226046 0.843609 -0.48706
    outer loop
      vertex 2.12132 -3.67423 4.24264
      vertex 2.8265 -5 1.61907
      vertex 0 -4.24264 4.24264
    endloop
  endfacet
  facet normal -0.226027 0.843615 -0.487058
    outer loop
      vertex 2.8265 -5 1.61907
      vertex 2.12132 -3.67423 4.24264
      vertex 2.88675 -5 1.59111
    endloop
  endfacet
  facet normal 0.226044 0.843611 0.487057
    outer loop
      vertex 0 -5 -2.93085
      vertex 0 -4.24264 -4.24264
      vertex -2.8265 -5 -1.61907
    endloop
  endfacet
  facet normal 0.617601 0.617601 0.486967
    outer loop
      vertex -2.88675 -5 -1.59111
      vertex -5 -2.88675 -1.59111
      vertex -5 -2.91687 -1.55291
    endloop
  endfacet
  facet normal 0.617565 0.617565 0.487059
    outer loop
      vertex -5 -2.88675 -1.59111
      vertex -2.12132 -3.67423 -4.24264
      vertex -3.67423 -2.12132 -4.24264
    endloop
  endfacet
  facet normal 0.617601 0.617601 0.486967
    outer loop
      vertex -2.88675 -5 -1.59111
      vertex -5 -2.91687 -1.55291
      vertex -2.91687 -5 -1.55291
    endloop
  endfacet
  facet normal 0.617565 0.617565 0.487059
    outer loop
      vertex -5 -2.88675 -1.59111
      vertex -2.88675 -5 -1.59111
      vertex -2.12132 -3.67423 -4.24264
    endloop
  endfacet
  facet normal -0.843609 0.226046 0.48706
    outer loop
      vertex 3.67423 -2.12132 -4.24264
      vertex 5 -2.8265 -1.61907
      vertex 4.24264 0 -4.24264
    endloop
  endfacet
  facet normal -0.843615 0.226027 0.487058
    outer loop
      vertex 5 -2.8265 -1.61907
      vertex 3.67423 -2.12132 -4.24264
      vertex 5 -2.88675 -1.59111
    endloop
  endfacet
  facet normal 0.843611 -0.226044 0.487057
    outer loop
      vertex -4.24264 0 -4.24264
      vertex -5 2.8265 -1.61907
      vertex -5 0 -2.93085
    endloop
  endfacet
  facet normal 0.843611 0.226044 0.487057
    outer loop
      vertex -4.24264 0 -4.24264
      vertex -5 0 -2.93085
      vertex -5 -2.8265 -1.61907
    endloop
  endfacet
  facet normal 0.617565 -0.617565 -0.487059
    outer loop
      vertex -5 2.88675 1.59111
      vertex -2.88675 5 1.59111
      vertex -2.12132 3.67423 4.24264
    endloop
  endfacet
  facet normal 0.617601 -0.617601 -0.486967
    outer loop
      vertex -5 2.91687 1.55291
      vertex -2.88675 5 1.59111
      vertex -5 2.88675 1.59111
    endloop
  endfacet
  facet normal 0.617601 -0.617601 -0.486967
    outer loop
      vertex -2.88675 5 1.59111
      vertex -5 2.91687 1.55291
      vertex -2.91687 5 1.55291
    endloop
  endfacet
  facet normal 0.617565 -0.617565 -0.487059
    outer loop
      vertex -5 2.88675 1.59111
      vertex -2.12132 3.67423 4.24264
      vertex -3.67423 2.12132 4.24264
    endloop
  endfacet
  facet normal 0.843615 -0.226027 0.487058
    outer loop
      vertex -5 2.8265 -1.61907
      vertex -3.67423 2.12132 -4.24264
      vertex -5 2.88675 -1.59111
    endloop
  endfacet
  facet normal 0.843609 -0.226046 0.48706
    outer loop
      vertex -3.67423 2.12132 -4.24264
      vertex -5 2.8265 -1.61907
      vertex -4.24264 0 -4.24264
    endloop
  endfacet
  facet normal -0.132791 -0.495571 0.858356
    outer loop
      vertex 2.12132 3.67423 -4.24264
      vertex 0.37868 2.82939 -5
      vertex 1.46543 2.53819 -5
    endloop
  endfacet
  facet normal -0.132789 -0.495573 0.858356
    outer loop
      vertex 0.37868 2.82939 -5
      vertex 2.12132 3.67423 -4.24264
      vertex 0 4.24264 -4.24264
    endloop
  endfacet
  facet normal -0.362784 -0.362784 0.858356
    outer loop
      vertex 2.12132 3.67423 -4.24264
      vertex 2.53819 1.46543 -5
      vertex 3.67423 2.12132 -4.24264
    endloop
  endfacet
  facet normal -0.362784 -0.362784 0.858356
    outer loop
      vertex 2.53819 1.46543 -5
      vertex 2.12132 3.67423 -4.24264
      vertex 1.46543 2.53819 -5
    endloop
  endfacet
  facet normal -0.226044 -0.843611 -0.487057
    outer loop
      vertex 0 5 2.93085
      vertex 2.8265 5 1.61907
      vertex 0 4.24264 4.24264
    endloop
  endfacet
  facet normal -0.843615 -0.226027 -0.487058
    outer loop
      vertex 5 2.8265 1.61907
      vertex 3.67423 2.12132 4.24264
      vertex 5 2.88675 1.59111
    endloop
  endfacet
  facet normal -0.843609 -0.226046 -0.48706
    outer loop
      vertex 3.67423 2.12132 4.24264
      vertex 5 2.8265 1.61907
      vertex 4.24264 0 4.24264
    endloop
  endfacet
  facet normal -0.617565 -0.617565 0.487059
    outer loop
      vertex 5 2.88675 -1.59111
      vertex 2.88675 5 -1.59111
      vertex 2.12132 3.67423 -4.24264
    endloop
  endfacet
  facet normal -0.617601 -0.617601 0.486967
    outer loop
      vertex 5 2.91687 -1.55291
      vertex 2.88675 5 -1.59111
      vertex 5 2.88675 -1.59111
    endloop
  endfacet
  facet normal -0.617601 -0.617601 0.486967
    outer loop
      vertex 2.88675 5 -1.59111
      vertex 5 2.91687 -1.55291
      vertex 2.91687 5 -1.55291
    endloop
  endfacet
  facet normal -0.617565 -0.617565 0.487059
    outer loop
      vertex 5 2.88675 -1.59111
      vertex 2.12132 3.67423 -4.24264
      vertex 3.67423 2.12132 -4.24264
    endloop
  endfacet
  facet normal -0.226046 -0.843609 0.48706
    outer loop
      vertex 2.12132 3.67423 -4.24264
      vertex 2.8265 5 -1.61907
      vertex 0 4.24264 -4.24264
    endloop
  endfacet
  facet normal -0.226027 -0.843615 0.487058
    outer loop
      vertex 2.8265 5 -1.61907
      vertex 2.12132 3.67423 -4.24264
      vertex 2.88675 5 -1.59111
    endloop
  endfacet
  facet normal 0.617565 0.617565 -0.487059
    outer loop
      vertex -2.88675 -5 1.59111
      vertex -3.67423 -2.12132 4.24264
      vertex -2.12132 -3.67423 4.24264
    endloop
  endfacet
  facet normal 0.617565 0.617565 -0.487059
    outer loop
      vertex -2.88675 -5 1.59111
      vertex -5 -2.88675 1.59111
      vertex -3.67423 -2.12132 4.24264
    endloop
  endfacet
  facet normal 0.617601 0.617601 -0.486967
    outer loop
      vertex -2.91687 -5 1.55291
      vertex -5 -2.88675 1.59111
      vertex -2.88675 -5 1.59111
    endloop
  endfacet
  facet normal 0.617601 0.617601 -0.486967
    outer loop
      vertex -5 -2.88675 1.59111
      vertex -2.91687 -5 1.55291
      vertex -5 -2.91687 1.55291
    endloop
  endfacet
  facet normal -0.707107 0.707107 0
    outer loop
      vertex 2.91687 -5 -1.55291
      vertex 5 -2.91687 1.55291
      vertex 5 -2.91687 -1.55291
    endloop
  endfacet
  facet normal -0.707107 0.707107 0
    outer loop
      vertex 5 -2.91687 1.55291
      vertex 2.91687 -5 -1.55291
      vertex 2.91687 -5 1.55291
    endloop
  endfacet
  facet normal -0.132779 0.495572 -0.858358
    outer loop
      vertex 0 -2.93085 5
      vertex 0.37868 -2.82939 5
      vertex 0 -4.24264 4.24264
    endloop
  endfacet
  facet normal 0.226046 0.843609 -0.48706
    outer loop
      vertex -2.8265 -5 1.61907
      vertex -2.12132 -3.67423 4.24264
      vertex 0 -4.24264 4.24264
    endloop
  endfacet
  facet normal 0.226027 0.843615 -0.487058
    outer loop
      vertex -2.12132 -3.67423 4.24264
      vertex -2.8265 -5 1.61907
      vertex -2.88675 -5 1.59111
    endloop
  endfacet
  facet normal 0.495571 -0.132791 0.858356
    outer loop
      vertex -3.67423 2.12132 -4.24264
      vertex -2.82939 0.37868 -5
      vertex -2.53819 1.46543 -5
    endloop
  endfacet
  facet normal 0.495573 -0.132789 0.858356
    outer loop
      vertex -2.82939 0.37868 -5
      vertex -3.67423 2.12132 -4.24264
      vertex -4.24264 0 -4.24264
    endloop
  endfacet
  facet normal -0.617565 0.617565 0.487059
    outer loop
      vertex 2.12132 -3.67423 -4.24264
      vertex 5 -2.88675 -1.59111
      vertex 3.67423 -2.12132 -4.24264
    endloop
  endfacet
  facet normal -0.617565 0.617565 0.487059
    outer loop
      vertex 2.88675 -5 -1.59111
      vertex 5 -2.88675 -1.59111
      vertex 2.12132 -3.67423 -4.24264
    endloop
  endfacet
  facet normal -0.617601 0.617601 0.486967
    outer loop
      vertex 5 -2.88675 -1.59111
      vertex 2.88675 -5 -1.59111
      vertex 5 -2.91687 -1.55291
    endloop
  endfacet
  facet normal -0.617601 0.617601 0.486967
    outer loop
      vertex 5 -2.91687 -1.55291
      vertex 2.88675 -5 -1.59111
      vertex 2.91687 -5 -1.55291
    endloop
  endfacet
  facet normal -0.843615 -0.226027 0.487058
    outer loop
      vertex 3.67423 2.12132 -4.24264
      vertex 5 2.8265 -1.61907
      vertex 5 2.88675 -1.59111
    endloop
  endfacet
  facet normal -0.843609 -0.226046 0.48706
    outer loop
      vertex 5 2.8265 -1.61907
      vertex 3.67423 2.12132 -4.24264
      vertex 4.24264 0 -4.24264
    endloop
  endfacet
  facet normal -0.843611 0.226044 0.487057
    outer loop
      vertex 5 -2.8265 -1.61907
      vertex 5 0 -2.93085
      vertex 4.24264 0 -4.24264
    endloop
  endfacet
  facet normal 0.226044 -0.843611 0.487057
    outer loop
      vertex 0 4.24264 -4.24264
      vertex 0 5 -2.93085
      vertex -2.8265 5 -1.61907
    endloop
  endfacet
  facet normal 0.226027 -0.843615 0.487058
    outer loop
      vertex -2.12132 3.67423 -4.24264
      vertex -2.8265 5 -1.61907
      vertex -2.88675 5 -1.59111
    endloop
  endfacet
  facet normal 0.226046 -0.843609 0.48706
    outer loop
      vertex -2.8265 5 -1.61907
      vertex -2.12132 3.67423 -4.24264
      vertex 0 4.24264 -4.24264
    endloop
  endfacet
  facet normal -0.495572 -0.132779 0.858358
    outer loop
      vertex 2.93085 0 -5
      vertex 4.24264 0 -4.24264
      vertex 2.82939 0.37868 -5
    endloop
  endfacet
  facet normal -0.132791 -0.495571 -0.858356
    outer loop
      vertex 0.37868 2.82939 5
      vertex 2.12132 3.67423 4.24264
      vertex 1.46543 2.53819 5
    endloop
  endfacet
  facet normal -0.132789 -0.495573 -0.858356
    outer loop
      vertex 2.12132 3.67423 4.24264
      vertex 0.37868 2.82939 5
      vertex 0 4.24264 4.24264
    endloop
  endfacet
  facet normal 0.707107 -0.707107 0
    outer loop
      vertex -5 2.91687 1.55291
      vertex -2.91687 5 -1.55291
      vertex -2.91687 5 1.55291
    endloop
  endfacet
  facet normal 0.707107 -0.707107 0
    outer loop
      vertex -2.91687 5 -1.55291
      vertex -5 2.91687 1.55291
      vertex -5 2.91687 -1.55291
    endloop
  endfacet
  facet normal -0.707107 -0.707107 0
    outer loop
      vertex 5 2.91687 -1.55291
      vertex 2.91687 5 1.55291
      vertex 2.91687 5 -1.55291
    endloop
  endfacet
  facet normal -0.707107 -0.707107 0
    outer loop
      vertex 2.91687 5 1.55291
      vertex 5 2.91687 -1.55291
      vertex 5 2.91687 1.55291
    endloop
  endfacet
  facet normal -0.132791 0.495571 -0.858356
    outer loop
      vertex 2.12132 -3.67423 4.24264
      vertex 0.37868 -2.82939 5
      vertex 1.46543 -2.53819 5
    endloop
  endfacet
  facet normal -0.132789 0.495573 -0.858356
    outer loop
      vertex 0.37868 -2.82939 5
      vertex 2.12132 -3.67423 4.24264
      vertex 0 -4.24264 4.24264
    endloop
  endfacet
  facet normal -0.226044 0.843611 -0.487057
    outer loop
      vertex 0 -4.24264 4.24264
      vertex 2.8265 -5 1.61907
      vertex 0 -5 2.93085
    endloop
  endfacet
  facet normal -0.226027 0.843615 0.487058
    outer loop
      vertex 2.12132 -3.67423 -4.24264
      vertex 2.8265 -5 -1.61907
      vertex 2.88675 -5 -1.59111
    endloop
  endfacet
  facet normal -0.226046 0.843609 0.48706
    outer loop
      vertex 2.8265 -5 -1.61907
      vertex 2.12132 -3.67423 -4.24264
      vertex 0 -4.24264 -4.24264
    endloop
  endfacet
  facet normal -0.495572 0.132779 -0.858358
    outer loop
      vertex 2.93085 0 5
      vertex 4.24264 0 4.24264
      vertex 2.82939 -0.37868 5
    endloop
  endfacet
  facet normal 0.132789 0.495573 -0.858356
    outer loop
      vertex -2.12132 -3.67423 4.24264
      vertex -0.37868 -2.82939 5
      vertex 0 -4.24264 4.24264
    endloop
  endfacet
  facet normal 0.132791 0.495571 -0.858356
    outer loop
      vertex -0.37868 -2.82939 5
      vertex -2.12132 -3.67423 4.24264
      vertex -1.46543 -2.53819 5
    endloop
  endfacet
  facet normal 0.495571 0.132791 0.858356
    outer loop
      vertex -2.82939 -0.37868 -5
      vertex -3.67423 -2.12132 -4.24264
      vertex -2.53819 -1.46543 -5
    endloop
  endfacet
  facet normal 0.495573 0.132789 0.858356
    outer loop
      vertex -3.67423 -2.12132 -4.24264
      vertex -2.82939 -0.37868 -5
      vertex -4.24264 0 -4.24264
    endloop
  endfacet
  facet normal 0.843609 0.226046 0.48706
    outer loop
      vertex -5 -2.8265 -1.61907
      vertex -3.67423 -2.12132 -4.24264
      vertex -4.24264 0 -4.24264
    endloop
  endfacet
  facet normal 0.843615 0.226027 0.487058
    outer loop
      vertex -3.67423 -2.12132 -4.24264
      vertex -5 -2.8265 -1.61907
      vertex -5 -2.88675 -1.59111
    endloop
  endfacet
  facet normal 0.843611 0.226044 -0.487057
    outer loop
      vertex -5 0 2.93085
      vertex -4.24264 0 4.24264
      vertex -5 -2.8265 1.61907
    endloop
  endfacet
  facet normal 0.843611 -0.226044 -0.487057
    outer loop
      vertex -5 2.8265 1.61907
      vertex -4.24264 0 4.24264
      vertex -5 0 2.93085
    endloop
  endfacet
  facet normal -0.132779 0.495572 0.858358
    outer loop
      vertex 0.37868 -2.82939 -5
      vertex 0 -2.93085 -5
      vertex 0 -4.24264 -4.24264
    endloop
  endfacet
  facet normal -0.132779 -0.495572 0.858358
    outer loop
      vertex 0.37868 2.82939 -5
      vertex 0 4.24264 -4.24264
      vertex 0 2.93085 -5
    endloop
  endfacet
  facet normal 0.362784 -0.362784 -0.858356
    outer loop
      vertex -2.53819 1.46543 5
      vertex -2.12132 3.67423 4.24264
      vertex -1.46543 2.53819 5
    endloop
  endfacet
  facet normal 0.362784 -0.362784 -0.858356
    outer loop
      vertex -2.12132 3.67423 4.24264
      vertex -2.53819 1.46543 5
      vertex -3.67423 2.12132 4.24264
    endloop
  endfacet
  facet normal 0.495571 -0.132791 -0.858356
    outer loop
      vertex -2.82939 0.37868 5
      vertex -3.67423 2.12132 4.24264
      vertex -2.53819 1.46543 5
    endloop
  endfacet
  facet normal 0.495573 -0.132789 -0.858356
    outer loop
      vertex -3.67423 2.12132 4.24264
      vertex -2.82939 0.37868 5
      vertex -4.24264 0 4.24264
    endloop
  endfacet
  facet normal 0.226044 -0.843611 -0.487057
    outer loop
      vertex 0 5 2.93085
      vertex 0 4.24264 4.24264
      vertex -2.8265 5 1.61907
    endloop
  endfacet
  facet normal -0.617601 0.617601 -0.486967
    outer loop
      vertex 2.88675 -5 1.59111
      vertex 5 -2.88675 1.59111
      vertex 5 -2.91687 1.55291
    endloop
  endfacet
  facet normal -0.617565 0.617565 -0.487059
    outer loop
      vertex 5 -2.88675 1.59111
      vertex 2.12132 -3.67423 4.24264
      vertex 3.67423 -2.12132 4.24264
    endloop
  endfacet
  facet normal -0.617601 0.617601 -0.486967
    outer loop
      vertex 2.88675 -5 1.59111
      vertex 5 -2.91687 1.55291
      vertex 2.91687 -5 1.55291
    endloop
  endfacet
  facet normal -0.617565 0.617565 -0.487059
    outer loop
      vertex 5 -2.88675 1.59111
      vertex 2.88675 -5 1.59111
      vertex 2.12132 -3.67423 4.24264
    endloop
  endfacet
  facet normal -0.843609 0.226046 -0.48706
    outer loop
      vertex 5 -2.8265 1.61907
      vertex 3.67423 -2.12132 4.24264
      vertex 4.24264 0 4.24264
    endloop
  endfacet
  facet normal -0.843615 0.226027 -0.487058
    outer loop
      vertex 3.67423 -2.12132 4.24264
      vertex 5 -2.8265 1.61907
      vertex 5 -2.88675 1.59111
    endloop
  endfacet
  facet normal 0.132779 0.495572 -0.858358
    outer loop
      vertex 0 -2.93085 5
      vertex 0 -4.24264 4.24264
      vertex -0.37868 -2.82939 5
    endloop
  endfacet
  facet normal 0.362784 -0.362784 0.858356
    outer loop
      vertex -2.12132 3.67423 -4.24264
      vertex -2.53819 1.46543 -5
      vertex -1.46543 2.53819 -5
    endloop
  endfacet
  facet normal 0.362784 -0.362784 0.858356
    outer loop
      vertex -2.53819 1.46543 -5
      vertex -2.12132 3.67423 -4.24264
      vertex -3.67423 2.12132 -4.24264
    endloop
  endfacet
  facet normal 0.132779 -0.495572 0.858358
    outer loop
      vertex 0 2.93085 -5
      vertex 0 4.24264 -4.24264
      vertex -0.37868 2.82939 -5
    endloop
  endfacet
  facet normal 0.226046 0.843609 0.48706
    outer loop
      vertex -2.12132 -3.67423 -4.24264
      vertex -2.8265 -5 -1.61907
      vertex 0 -4.24264 -4.24264
    endloop
  endfacet
  facet normal 0.226027 0.843615 0.487058
    outer loop
      vertex -2.8265 -5 -1.61907
      vertex -2.12132 -3.67423 -4.24264
      vertex -2.88675 -5 -1.59111
    endloop
  endfacet
  facet normal -0.362784 0.362784 0.858356
    outer loop
      vertex 2.53819 -1.46543 -5
      vertex 2.12132 -3.67423 -4.24264
      vertex 3.67423 -2.12132 -4.24264
    endloop
  endfacet
  facet normal -0.362784 0.362784 0.858356
    outer loop
      vertex 2.12132 -3.67423 -4.24264
      vertex 2.53819 -1.46543 -5
      vertex 1.46543 -2.53819 -5
    endloop
  endfacet
  facet normal -0.132791 0.495571 0.858356
    outer loop
      vertex 0.37868 -2.82939 -5
      vertex 2.12132 -3.67423 -4.24264
      vertex 1.46543 -2.53819 -5
    endloop
  endfacet
  facet normal -0.132789 0.495573 0.858356
    outer loop
      vertex 2.12132 -3.67423 -4.24264
      vertex 0.37868 -2.82939 -5
      vertex 0 -4.24264 -4.24264
    endloop
  endfacet
  facet normal 0.495572 -0.132779 -0.858358
    outer loop
      vertex -2.82939 0.37868 5
      vertex -2.93085 0 5
      vertex -4.24264 0 4.24264
    endloop
  endfacet
  facet normal 0.132779 -0.495572 -0.858358
    outer loop
      vertex 0 4.24264 4.24264
      vertex 0 2.93085 5
      vertex -0.37868 2.82939 5
    endloop
  endfacet
  facet normal 0.132791 -0.495571 -0.858356
    outer loop
      vertex -2.12132 3.67423 4.24264
      vertex -0.37868 2.82939 5
      vertex -1.46543 2.53819 5
    endloop
  endfacet
  facet normal 0.132789 -0.495573 -0.858356
    outer loop
      vertex -0.37868 2.82939 5
      vertex -2.12132 3.67423 4.24264
      vertex 0 4.24264 4.24264
    endloop
  endfacet
  facet normal 0.132791 0.495571 0.858356
    outer loop
      vertex -2.12132 -3.67423 -4.24264
      vertex -0.37868 -2.82939 -5
      vertex -1.46543 -2.53819 -5
    endloop
  endfacet
  facet normal 0.132789 0.495573 0.858356
    outer loop
      vertex -0.37868 -2.82939 -5
      vertex -2.12132 -3.67423 -4.24264
      vertex 0 -4.24264 -4.24264
    endloop
  endfacet
  facet normal 0.362784 0.362784 0.858356
    outer loop
      vertex -2.53819 -1.46543 -5
      vertex -2.12132 -3.67423 -4.24264
      vertex -1.46543 -2.53819 -5
    endloop
  endfacet
  facet normal 0.362784 0.362784 0.858356
    outer loop
      vertex -2.12132 -3.67423 -4.24264
      vertex -2.53819 -1.46543 -5
      vertex -3.67423 -2.12132 -4.24264
    endloop
  endfacet
  facet normal 0.132789 -0.495573 0.858356
    outer loop
      vertex -2.12132 3.67423 -4.24264
      vertex -0.37868 2.82939 -5
      vertex 0 4.24264 -4.24264
    endloop
  endfacet
  facet normal 0.132791 -0.495571 0.858356
    outer loop
      vertex -0.37868 2.82939 -5
      vertex -2.12132 3.67423 -4.24264
      vertex -1.46543 2.53819 -5
    endloop
  endfacet
  facet normal -0.495572 0.132779 0.858358
    outer loop
      vertex 4.24264 0 -4.24264
      vertex 2.93085 0 -5
      vertex 2.82939 -0.37868 -5
    endloop
  endfacet
  facet normal -0.495573 0.132789 0.858356
    outer loop
      vertex 2.82939 -0.37868 -5
      vertex 3.67423 -2.12132 -4.24264
      vertex 4.24264 0 -4.24264
    endloop
  endfacet
  facet normal -0.495571 0.132791 0.858356
    outer loop
      vertex 3.67423 -2.12132 -4.24264
      vertex 2.82939 -0.37868 -5
      vertex 2.53819 -1.46543 -5
    endloop
  endfacet
  facet normal -0.132779 -0.495572 -0.858358
    outer loop
      vertex 0 4.24264 4.24264
      vertex 0.37868 2.82939 5
      vertex 0 2.93085 5
    endloop
  endfacet
  facet normal 0.495572 0.132779 0.858358
    outer loop
      vertex -2.82939 -0.37868 -5
      vertex -2.93085 0 -5
      vertex -4.24264 0 -4.24264
    endloop
  endfacet
  facet normal 0.132779 0.495572 0.858358
    outer loop
      vertex 0 -4.24264 -4.24264
      vertex 0 -2.93085 -5
      vertex -0.37868 -2.82939 -5
    endloop
  endfacet
  facet normal 0 0 1
    outer loop
      vertex 7.46181 8.53457 15
      vertex 2.53819 8.53457 15
      vertex 7.46181 1.46543 15
    endloop
  endfacet
  facet normal 0 0 1
    outer loop
      vertex 7.46181 1.46543 15
      vertex 2.82939 0.37868 15
      vertex 2.93085 0 15
    endloop
  endfacet
  facet normal 0 0 1
    outer loop
      vertex 2.53819 1.46543 15
      vertex 7.46181 1.46543 15
      vertex 2.53819 8.53457 15
    endloop
  endfacet
  facet normal 0 0 1
    outer loop
      vertex 7.46181 1.46543 15
      vertex 2.53819 1.46543 15
      vertex 2.82939 0.37868 15
    endloop
  endfacet
  facet normal -0 0 1
    outer loop
      vertex 1.46543 7.46181 15
      vertex 2.53819 1.46543 15
      vertex 2.53819 8.53457 15
    endloop
  endfacet
  facet normal 0 0 1
    outer loop
      vertex 1.46543 7.46181 15
      vertex 1.46543 2.53819 15
      vertex 2.53819 1.46543 15
    endloop
  endfacet
  facet normal -0 0 1
    outer loop
      vertex 0.37868 7.17061 15
      vertex 1.46543 2.53819 15
      vertex 1.46543 7.46181 15
    endloop
  endfacet
  facet normal 0 0 1
    outer loop
      vertex 0.37868 7.17061 15
      vertex 0.37868 2.82939 15
      vertex 1.46543 2.53819 15
    endloop
  endfacet
  facet normal -0 0 1
    outer loop
      vertex 0 7.06915 15
      vertex 0.37868 2.82939 15
      vertex 0.37868 7.17061 15
    endloop
  endfacet
  facet normal 0 0 1
    outer loop
      vertex 0 7.06915 15
      vertex 0 2.93085 15
      vertex 0.37868 2.82939 15
    endloop
  endfacet
  facet normal 0 0 1
    outer loop
      vertex -0.37868 7.17061 15
      vertex 0 2.93085 15
      vertex 0 7.06915 15
    endloop
  endfacet
  facet normal 0 0 1
    outer loop
      vertex -0.37868 7.17061 15
      vertex -0.37868 2.82939 15
      vertex 0 2.93085 15
    endloop
  endfacet
  facet normal 0 0 1
    outer loop
      vertex -1.46543 7.46181 15
      vertex -0.37868 2.82939 15
      vertex -0.37868 7.17061 15
    endloop
  endfacet
  facet normal 0 0 1
    outer loop
      vertex -1.46543 7.46181 15
      vertex -1.46543 2.53819 15
      vertex -0.37868 2.82939 15
    endloop
  endfacet
  facet normal 0 0 1
    outer loop
      vertex -2.53819 8.53457 15
      vertex -1.46543 2.53819 15
      vertex -1.46543 7.46181 15
    endloop
  endfacet
  facet normal 0 0 1
    outer loop
      vertex -2.53819 8.53457 15
      vertex -2.53819 1.46543 15
      vertex -1.46543 2.53819 15
    endloop
  endfacet
  facet normal 0 0 1
    outer loop
      vertex -2.82939 9.62132 15
      vertex -2.53819 1.46543 15
      vertex -2.53819 8.53457 15
    endloop
  endfacet
  facet normal 0 0 1
    outer loop
      vertex -2.82939 9.62132 15
      vertex -2.82939 0.37868 15
      vertex -2.53819 1.46543 15
    endloop
  endfacet
  facet normal 0 0 1
    outer loop
      vertex -2.93085 10 15
      vertex -2.82939 0.37868 15
      vertex -2.82939 9.62132 15
    endloop
  endfacet
  facet normal 0 0 1
    outer loop
      vertex -2.82939 0.37868 15
      vertex -2.93085 10 15
      vertex -2.93085 0 15
    endloop
  endfacet
  facet normal -0 0 1
    outer loop
      vertex 12.8294 9.62132 15
      vertex 12.9309 0 15
      vertex 12.9309 10 15
    endloop
  endfacet
  facet normal 0 0 1
    outer loop
      vertex 12.8294 9.62132 15
      vertex 12.8294 0.37868 15
      vertex 12.9309 0 15
    endloop
  endfacet
  facet normal -0 0 1
    outer loop
      vertex 12.5382 8.53457 15
      vertex 12.8294 0.37868 15
      vertex 12.8294 9.62132 15
    endloop
  endfacet
  facet normal 0 0 1
    outer loop
      vertex 12.5382 8.53457 15
      vertex 12.5382 1.46543 15
      vertex 12.8294 0.37868 15
    endloop
  endfacet
  facet normal -0 0 1
    outer loop
      vertex 11.4654 7.46181 15
      vertex 12.5382 1.46543 15
      vertex 12.5382 8.53457 15
    endloop
  endfacet
  facet normal 0 0 1
    outer loop
      vertex 11.4654 7.46181 15
      vertex 11.4654 2.53819 15
      vertex 12.5382 1.46543 15
    endloop
  endfacet
  facet normal -0 0 1
    outer loop
      vertex 10.3787 7.17061 15
      vertex 11.4654 2.53819 15
      vertex 11.4654 7.46181 15
    endloop
  endfacet
  facet normal 0 0 1
    outer loop
      vertex 10.3787 7.17061 15
      vertex 10.3787 2.82939 15
      vertex 11.4654 2.53819 15
    endloop
  endfacet
  facet normal -0 0 1
    outer loop
      vertex 10 7.06915 15
      vertex 10.3787 2.82939 15
      vertex 10.3787 7.17061 15
    endloop
  endfacet
  facet normal 0 0 1
    outer loop
      vertex 10 7.06915 15
      vertex 10 2.93085 15
      vertex 10.3787 2.82939 15
    endloop
  endfacet
  facet normal 0 0 1
    outer loop
      vertex 9.62132 7.17061 15
      vertex 10 2.93085 15
      vertex 10 7.06915 15
    endloop
  endfacet
  facet normal 0 0 1
    outer loop
      vertex 9.62132 7.17061 15
      vertex 9.62132 2.82939 15
      vertex 10 2.93085 15
    endloop
  endfacet
  facet normal 0 0 1
    outer loop
      vertex 8.53457 7.46181 15
      vertex 9.62132 2.82939 15
      vertex 9.62132 7.17061 15
    endloop
  endfacet
  facet normal 0 0 1
    outer loop
      vertex 8.53457 7.46181 15
      vertex 8.53457 2.53819 15
      vertex 9.62132 2.82939 15
    endloop
  endfacet
  facet normal 0 0 1
    outer loop
      vertex 7.46181 8.53457 15
      vertex 8.53457 2.53819 15
      vertex 8.53457 7.46181 15
    endloop
  endfacet
  facet normal 0 0 1
    outer loop
      vertex 7.46181 8.53457 15
      vertex 7.46181 1.46543 15
      vertex 8.53457 2.53819 15
    endloop
  endfacet
  facet normal 0 0 1
    outer loop
      vertex 2.82939 9.62132 15
      vertex 7.17061 9.62132 15
      vertex 2.93085 10 15
    endloop
  endfacet
  facet normal 0 0 1
    outer loop
      vertex 7.17061 9.62132 15
      vertex 2.82939 9.62132 15
      vertex 7.46181 8.53457 15
    endloop
  endfacet
  facet normal -0 0 1
    outer loop
      vertex 2.93085 10 15
      vertex 7.17061 9.62132 15
      vertex 7.06915 10 15
    endloop
  endfacet
  facet normal 0 0 1
    outer loop
      vertex 2.53819 8.53457 15
      vertex 7.46181 8.53457 15
      vertex 2.82939 9.62132 15
    endloop
  endfacet
  facet normal 0 0 1
    outer loop
      vertex 15 15 15
      vertex 12.9309 10 15
      vertex 15 -5 15
    endloop
  endfacet
  facet normal 0 0 1
    outer loop
      vertex 15 15 15
      vertex 12.8294 10.3787 15
      vertex 12.9309 10 15
    endloop
  endfacet
  facet normal 0 0 1
    outer loop
      vertex 15 15 15
      vertex 12.5382 11.4654 15
      vertex 12.8294 10.3787 15
    endloop
  endfacet
  facet normal 0 0 1
    outer loop
      vertex 15 15 15
      vertex 11.4654 12.5382 15
      vertex 12.5382 11.4654 15
    endloop
  endfacet
  facet normal 0 0 1
    outer loop
      vertex 15 15 15
      vertex 10.3787 12.8294 15
      vertex 11.4654 12.5382 15
    endloop
  endfacet
  facet normal 0 0 1
    outer loop
      vertex 15 15 15
      vertex 10 12.9309 15
      vertex 10.3787 12.8294 15
    endloop
  endfacet
  facet normal 0 0 1
    outer loop
      vertex 0 12.9309 15
      vertex 10 12.9309 15
      vertex 15 15 15
    endloop
  endfacet
  facet normal 0 0 1
    outer loop
      vertex 10 12.9309 15
      vertex 0 12.9309 15
      vertex 9.62132 12.8294 15
    endloop
  endfacet
  facet normal 0 0 1
    outer loop
      vertex 2.82939 10.3787 15
      vertex 7.17061 10.3787 15
      vertex 7.46181 11.4654 15
    endloop
  endfacet
  facet normal 0 0 1
    outer loop
      vertex 7.46181 1.46543 15
      vertex 2.93085 0 15
      vertex 7.17061 0.37868 15
    endloop
  endfacet
  facet normal 0 0 1
    outer loop
      vertex 7.17061 10.3787 15
      vertex 2.82939 10.3787 15
      vertex 7.06915 10 15
    endloop
  endfacet
  facet normal 0 0 1
    outer loop
      vertex 2.53819 11.4654 15
      vertex 7.46181 11.4654 15
      vertex 8.53457 12.5382 15
    endloop
  endfacet
  facet normal 0 0 1
    outer loop
      vertex 7.06915 10 15
      vertex 2.82939 10.3787 15
      vertex 2.93085 10 15
    endloop
  endfacet
  facet normal 0 0 1
    outer loop
      vertex 9.62132 12.8294 15
      vertex 0.37868 12.8294 15
      vertex 8.53457 12.5382 15
    endloop
  endfacet
  facet normal 0 0 1
    outer loop
      vertex 7.46181 11.4654 15
      vertex 2.53819 11.4654 15
      vertex 2.82939 10.3787 15
    endloop
  endfacet
  facet normal 0 0 1
    outer loop
      vertex 8.53457 12.5382 15
      vertex 1.46543 12.5382 15
      vertex 2.53819 11.4654 15
    endloop
  endfacet
  facet normal 0 0 1
    outer loop
      vertex 8.53457 12.5382 15
      vertex 0.37868 12.8294 15
      vertex 1.46543 12.5382 15
    endloop
  endfacet
  facet normal 0 0 1
    outer loop
      vertex 9.62132 12.8294 15
      vertex 0 12.9309 15
      vertex 0.37868 12.8294 15
    endloop
  endfacet
  facet normal 0 0 1
    outer loop
      vertex -5 15 15
      vertex -0.37868 12.8294 15
      vertex 0 12.9309 15
    endloop
  endfacet
  facet normal 0 0 1
    outer loop
      vertex -2.93085 10 15
      vertex -5 15 15
      vertex -2.93085 0 15
    endloop
  endfacet
  facet normal 0 0 1
    outer loop
      vertex -2.82939 10.3787 15
      vertex -5 15 15
      vertex -2.93085 10 15
    endloop
  endfacet
  facet normal 0 0 1
    outer loop
      vertex -2.53819 11.4654 15
      vertex -5 15 15
      vertex -2.82939 10.3787 15
    endloop
  endfacet
  facet normal 0 0 1
    outer loop
      vertex -1.46543 12.5382 15
      vertex -5 15 15
      vertex -2.53819 11.4654 15
    endloop
  endfacet
  facet normal 0 0 1
    outer loop
      vertex -0.37868 12.8294 15
      vertex -5 15 15
      vertex -1.46543 12.5382 15
    endloop
  endfacet
  facet normal -0 0 1
    outer loop
      vertex -5 15 15
      vertex 0 12.9309 15
      vertex 15 15 15
    endloop
  endfacet
  facet normal -0 0 1
    outer loop
      vertex 12.9309 0 15
      vertex 15 -5 15
      vertex 12.9309 10 15
    endloop
  endfacet
  facet normal -0 0 1
    outer loop
      vertex 12.8294 -0.37868 15
      vertex 15 -5 15
      vertex 12.9309 0 15
    endloop
  endfacet
  facet normal -0 0 1
    outer loop
      vertex 12.5382 -1.46543 15
      vertex 15 -5 15
      vertex 12.8294 -0.37868 15
    endloop
  endfacet
  facet normal -0 0 1
    outer loop
      vertex 11.4654 -2.53819 15
      vertex 15 -5 15
      vertex 12.5382 -1.46543 15
    endloop
  endfacet
  facet normal -0 0 1
    outer loop
      vertex 10.3787 -2.82939 15
      vertex 15 -5 15
      vertex 11.4654 -2.53819 15
    endloop
  endfacet
  facet normal -0 0 1
    outer loop
      vertex 10 -2.93085 15
      vertex 15 -5 15
      vertex 10.3787 -2.82939 15
    endloop
  endfacet
  facet normal 0 0 1
    outer loop
      vertex 0 -2.93085 15
      vertex 10 -2.93085 15
      vertex 9.62132 -2.82939 15
    endloop
  endfacet
  facet normal 0 0 1
    outer loop
      vertex 0.37868 -2.82939 15
      vertex 9.62132 -2.82939 15
      vertex 8.53457 -2.53819 15
    endloop
  endfacet
  facet normal 0 0 1
    outer loop
      vertex 2.82939 -0.37868 15
      vertex 7.17061 -0.37868 15
      vertex 7.06915 0 15
    endloop
  endfacet
  facet normal 0 0 1
    outer loop
      vertex 7.17061 0.37868 15
      vertex 2.93085 0 15
      vertex 7.06915 0 15
    endloop
  endfacet
  facet normal 0 0 1
    outer loop
      vertex 2.82939 -0.37868 15
      vertex 7.06915 0 15
      vertex 2.93085 0 15
    endloop
  endfacet
  facet normal 0 0 1
    outer loop
      vertex 7.17061 -0.37868 15
      vertex 2.82939 -0.37868 15
      vertex 7.46181 -1.46543 15
    endloop
  endfacet
  facet normal 0 0 1
    outer loop
      vertex 2.53819 -1.46543 15
      vertex 7.46181 -1.46543 15
      vertex 2.82939 -0.37868 15
    endloop
  endfacet
  facet normal 0 0 1
    outer loop
      vertex 7.46181 -1.46543 15
      vertex 2.53819 -1.46543 15
      vertex 8.53457 -2.53819 15
    endloop
  endfacet
  facet normal 0 0 1
    outer loop
      vertex 1.46543 -2.53819 15
      vertex 8.53457 -2.53819 15
      vertex 2.53819 -1.46543 15
    endloop
  endfacet
  facet normal 0 0 1
    outer loop
      vertex 0.37868 -2.82939 15
      vertex 8.53457 -2.53819 15
      vertex 1.46543 -2.53819 15
    endloop
  endfacet
  facet normal 0 0 1
    outer loop
      vertex 0 -2.93085 15
      vertex 9.62132 -2.82939 15
      vertex 0.37868 -2.82939 15
    endloop
  endfacet
  facet normal 0 0 1
    outer loop
      vertex 10 -2.93085 15
      vertex 0 -2.93085 15
      vertex 15 -5 15
    endloop
  endfacet
  facet normal 0 0 1
    outer loop
      vertex 0 -2.93085 15
      vertex -5 -5 15
      vertex 15 -5 15
    endloop
  endfacet
  facet normal 0 0 1
    outer loop
      vertex -0.37868 -2.82939 15
      vertex -5 -5 15
      vertex 0 -2.93085 15
    endloop
  endfacet
  facet normal 0 0 1
    outer loop
      vertex -1.46543 -2.53819 15
      vertex -5 -5 15
      vertex -0.37868 -2.82939 15
    endloop
  endfacet
  facet normal 0 0 1
    outer loop
      vertex -2.53819 -1.46543 15
      vertex -5 -5 15
      vertex -1.46543 -2.53819 15
    endloop
  endfacet
  facet normal 0 0 1
    outer loop
      vertex -2.82939 -0.37868 15
      vertex -5 -5 15
      vertex -2.53819 -1.46543 15
    endloop
  endfacet
  facet normal 0 0 1
    outer loop
      vertex -2.93085 0 15
      vertex -5 -5 15
      vertex -2.82939 -0.37868 15
    endloop
  endfacet
  facet normal 0 0 1
    outer loop
      vertex -5 -5 15
      vertex -2.93085 0 15
      vertex -5 15 15
    endloop
  endfacet
  facet normal -0.362799 -0.362799 -0.858344
    outer loop
      vertex 2.53819 1.46543 15
      vertex 2.12132 3.67423 14.2426
      vertex 3.67423 2.12132 14.2426
    endloop
  endfacet
  facet normal -0.362799 -0.362799 -0.858344
    outer loop
      vertex 2.12132 3.67423 14.2426
      vertex 2.53819 1.46543 15
      vertex 1.46543 2.53819 15
    endloop
  endfacet
  facet normal 0.843497 -0.226372 -0.487103
    outer loop
      vertex -3.67423 2.12132 14.2426
      vertex -5 2.8265 11.6191
      vertex -5 2.88675 11.5911
    endloop
  endfacet
  facet normal 0.843604 -0.226045 -0.487069
    outer loop
      vertex -5 2.8265 11.6191
      vertex -3.67423 2.12132 14.2426
      vertex -4.24264 0 14.2426
    endloop
  endfacet
  facet normal -0.843594 0.226058 -0.487081
    outer loop
      vertex 5 0 12.9309
      vertex 5 -2.8265 11.6191
      vertex 4.24264 0 14.2426
    endloop
  endfacet
  facet normal 0.226045 -0.843604 -0.487069
    outer loop
      vertex -2.12132 3.67423 14.2426
      vertex -2.8265 5 11.6191
      vertex 0 4.24264 14.2426
    endloop
  endfacet
  facet normal 0.226372 -0.843497 -0.487103
    outer loop
      vertex -2.8265 5 11.6191
      vertex -2.12132 3.67423 14.2426
      vertex -2.88675 5 11.5911
    endloop
  endfacet
  facet normal -0.495592 -0.132795 -0.858344
    outer loop
      vertex 2.82939 0.37868 15
      vertex 3.67423 2.12132 14.2426
      vertex 4.24264 0 14.2426
    endloop
  endfacet
  facet normal -0.49559 -0.132796 -0.858345
    outer loop
      vertex 3.67423 2.12132 14.2426
      vertex 2.82939 0.37868 15
      vertex 2.53819 1.46543 15
    endloop
  endfacet
  facet normal -0.362799 0.362799 -0.858344
    outer loop
      vertex 2.12132 -3.67423 14.2426
      vertex 2.53819 -1.46543 15
      vertex 3.67423 -2.12132 14.2426
    endloop
  endfacet
  facet normal -0.362799 0.362799 -0.858344
    outer loop
      vertex 2.53819 -1.46543 15
      vertex 2.12132 -3.67423 14.2426
      vertex 1.46543 -2.53819 15
    endloop
  endfacet
  facet normal 0.617601 -0.617601 0.486967
    outer loop
      vertex -5 2.88675 8.40889
      vertex -2.91687 5 8.44709
      vertex -5 2.91687 8.44709
    endloop
  endfacet
  facet normal 0.617601 -0.617601 0.486967
    outer loop
      vertex -5 2.88675 8.40889
      vertex -2.88675 5 8.40889
      vertex -2.91687 5 8.44709
    endloop
  endfacet
  facet normal 0.617565 -0.617565 0.487059
    outer loop
      vertex -3.67423 2.12132 5.75736
      vertex -2.88675 5 8.40889
      vertex -5 2.88675 8.40889
    endloop
  endfacet
  facet normal 0.617565 -0.617565 0.487059
    outer loop
      vertex -2.88675 5 8.40889
      vertex -3.67423 2.12132 5.75736
      vertex -2.12132 3.67423 5.75736
    endloop
  endfacet
  facet normal -0.495591 -0.132784 -0.858346
    outer loop
      vertex 4.24264 0 14.2426
      vertex 2.93085 0 15
      vertex 2.82939 0.37868 15
    endloop
  endfacet
  facet normal -0.495573 -0.132789 0.858356
    outer loop
      vertex 3.67423 2.12132 5.75736
      vertex 2.82939 0.37868 5
      vertex 4.24264 0 5.75736
    endloop
  endfacet
  facet normal -0.495571 -0.132791 0.858356
    outer loop
      vertex 2.82939 0.37868 5
      vertex 3.67423 2.12132 5.75736
      vertex 2.53819 1.46543 5
    endloop
  endfacet
  facet normal -0.495592 0.132795 -0.858344
    outer loop
      vertex 3.67423 -2.12132 14.2426
      vertex 2.82939 -0.37868 15
      vertex 4.24264 0 14.2426
    endloop
  endfacet
  facet normal -0.49559 0.132796 -0.858345
    outer loop
      vertex 2.82939 -0.37868 15
      vertex 3.67423 -2.12132 14.2426
      vertex 2.53819 -1.46543 15
    endloop
  endfacet
  facet normal -0.843594 -0.226058 -0.487081
    outer loop
      vertex 5 2.8265 11.6191
      vertex 5 0 12.9309
      vertex 4.24264 0 14.2426
    endloop
  endfacet
  facet normal 0.226058 0.843594 -0.487081
    outer loop
      vertex 0 -4.24264 14.2426
      vertex 0 -5 12.9309
      vertex -2.8265 -5 11.6191
    endloop
  endfacet
  facet normal 0.495572 -0.132779 0.858358
    outer loop
      vertex -2.93085 0 5
      vertex -2.82939 0.37868 5
      vertex -4.24264 0 5.75736
    endloop
  endfacet
  facet normal 0.707107 0.707107 0
    outer loop
      vertex -2.91687 -5 11.5529
      vertex -5 -2.91687 8.44709
      vertex -5 -2.91687 11.5529
    endloop
  endfacet
  facet normal 0.707107 0.707107 0
    outer loop
      vertex -5 -2.91687 8.44709
      vertex -2.91687 -5 11.5529
      vertex -2.91687 -5 8.44709
    endloop
  endfacet
  facet normal -0.226044 0.843611 0.487057
    outer loop
      vertex 2.8265 -5 8.38093
      vertex 0 -4.24264 5.75736
      vertex 0 -5 7.06915
    endloop
  endfacet
  facet normal 0.843604 0.226045 -0.487069
    outer loop
      vertex -3.67423 -2.12132 14.2426
      vertex -5 -2.8265 11.6191
      vertex -4.24264 0 14.2426
    endloop
  endfacet
  facet normal 0.843497 0.226372 -0.487103
    outer loop
      vertex -5 -2.8265 11.6191
      vertex -3.67423 -2.12132 14.2426
      vertex -5 -2.88675 11.5911
    endloop
  endfacet
  facet normal 0.49559 0.132796 -0.858345
    outer loop
      vertex -3.67423 -2.12132 14.2426
      vertex -2.82939 -0.37868 15
      vertex -2.53819 -1.46543 15
    endloop
  endfacet
  facet normal 0.495592 0.132795 -0.858344
    outer loop
      vertex -2.82939 -0.37868 15
      vertex -3.67423 -2.12132 14.2426
      vertex -4.24264 0 14.2426
    endloop
  endfacet
  facet normal -0.843611 -0.226044 0.487057
    outer loop
      vertex 5 0 7.06915
      vertex 5 2.8265 8.38093
      vertex 4.24264 0 5.75736
    endloop
  endfacet
  facet normal -0.226045 -0.843604 -0.487069
    outer loop
      vertex 2.8265 5 11.6191
      vertex 2.12132 3.67423 14.2426
      vertex 0 4.24264 14.2426
    endloop
  endfacet
  facet normal -0.226372 -0.843497 -0.487103
    outer loop
      vertex 2.12132 3.67423 14.2426
      vertex 2.8265 5 11.6191
      vertex 2.88675 5 11.5911
    endloop
  endfacet
  facet normal 0.495591 0.132784 -0.858346
    outer loop
      vertex -2.93085 0 15
      vertex -2.82939 -0.37868 15
      vertex -4.24264 0 14.2426
    endloop
  endfacet
  facet normal -0.226044 -0.843611 0.487057
    outer loop
      vertex 2.8265 5 8.38093
      vertex 0 5 7.06915
      vertex 0 4.24264 5.75736
    endloop
  endfacet
  facet normal -0.617601 -0.617601 -0.486967
    outer loop
      vertex 5 2.91687 11.5529
      vertex 2.88675 5 11.5911
      vertex 2.91687 5 11.5529
    endloop
  endfacet
  facet normal -0.617601 -0.617601 -0.486967
    outer loop
      vertex 2.88675 5 11.5911
      vertex 5 2.91687 11.5529
      vertex 5 2.88675 11.5911
    endloop
  endfacet
  facet normal -0.617563 -0.617563 -0.487063
    outer loop
      vertex 2.88675 5 11.5911
      vertex 5 2.88675 11.5911
      vertex 2.12132 3.67423 14.2426
    endloop
  endfacet
  facet normal -0.617563 -0.617563 -0.487063
    outer loop
      vertex 2.12132 3.67423 14.2426
      vertex 5 2.88675 11.5911
      vertex 3.67423 2.12132 14.2426
    endloop
  endfacet
  facet normal 0.362799 0.362799 -0.858344
    outer loop
      vertex -2.12132 -3.67423 14.2426
      vertex -2.53819 -1.46543 15
      vertex -1.46543 -2.53819 15
    endloop
  endfacet
  facet normal 0.362799 0.362799 -0.858344
    outer loop
      vertex -2.53819 -1.46543 15
      vertex -2.12132 -3.67423 14.2426
      vertex -3.67423 -2.12132 14.2426
    endloop
  endfacet
  facet normal -0.226045 0.843604 -0.487069
    outer loop
      vertex 2.12132 -3.67423 14.2426
      vertex 2.8265 -5 11.6191
      vertex 0 -4.24264 14.2426
    endloop
  endfacet
  facet normal -0.226372 0.843497 -0.487103
    outer loop
      vertex 2.8265 -5 11.6191
      vertex 2.12132 -3.67423 14.2426
      vertex 2.88675 -5 11.5911
    endloop
  endfacet
  facet normal 0.226044 0.843611 0.487057
    outer loop
      vertex 0 -5 7.06915
      vertex 0 -4.24264 5.75736
      vertex -2.8265 -5 8.38093
    endloop
  endfacet
  facet normal 0.617601 0.617601 0.486967
    outer loop
      vertex -2.88675 -5 8.40889
      vertex -5 -2.88675 8.40889
      vertex -5 -2.91687 8.44709
    endloop
  endfacet
  facet normal 0.617565 0.617565 0.487059
    outer loop
      vertex -5 -2.88675 8.40889
      vertex -2.12132 -3.67423 5.75736
      vertex -3.67423 -2.12132 5.75736
    endloop
  endfacet
  facet normal 0.617601 0.617601 0.486967
    outer loop
      vertex -2.88675 -5 8.40889
      vertex -5 -2.91687 8.44709
      vertex -2.91687 -5 8.44709
    endloop
  endfacet
  facet normal 0.617565 0.617565 0.487059
    outer loop
      vertex -5 -2.88675 8.40889
      vertex -2.88675 -5 8.40889
      vertex -2.12132 -3.67423 5.75736
    endloop
  endfacet
  facet normal -0.843609 0.226046 0.48706
    outer loop
      vertex 3.67423 -2.12132 5.75736
      vertex 5 -2.8265 8.38093
      vertex 4.24264 0 5.75736
    endloop
  endfacet
  facet normal -0.843615 0.226027 0.487058
    outer loop
      vertex 5 -2.8265 8.38093
      vertex 3.67423 -2.12132 5.75736
      vertex 5 -2.88675 8.40889
    endloop
  endfacet
  facet normal 0.843611 -0.226044 0.487057
    outer loop
      vertex -4.24264 0 5.75736
      vertex -5 2.8265 8.38093
      vertex -5 0 7.06915
    endloop
  endfacet
  facet normal 0.843611 0.226044 0.487057
    outer loop
      vertex -4.24264 0 5.75736
      vertex -5 0 7.06915
      vertex -5 -2.8265 8.38093
    endloop
  endfacet
  facet normal 0.617563 -0.617563 -0.487063
    outer loop
      vertex -5 2.88675 11.5911
      vertex -2.88675 5 11.5911
      vertex -2.12132 3.67423 14.2426
    endloop
  endfacet
  facet normal 0.617601 -0.617601 -0.486967
    outer loop
      vertex -5 2.91687 11.5529
      vertex -2.88675 5 11.5911
      vertex -5 2.88675 11.5911
    endloop
  endfacet
  facet normal 0.617601 -0.617601 -0.486967
    outer loop
      vertex -2.88675 5 11.5911
      vertex -5 2.91687 11.5529
      vertex -2.91687 5 11.5529
    endloop
  endfacet
  facet normal 0.617563 -0.617563 -0.487063
    outer loop
      vertex -5 2.88675 11.5911
      vertex -2.12132 3.67423 14.2426
      vertex -3.67423 2.12132 14.2426
    endloop
  endfacet
  facet normal 0.843615 -0.226027 0.487058
    outer loop
      vertex -5 2.8265 8.38093
      vertex -3.67423 2.12132 5.75736
      vertex -5 2.88675 8.40889
    endloop
  endfacet
  facet normal 0.843609 -0.226046 0.48706
    outer loop
      vertex -3.67423 2.12132 5.75736
      vertex -5 2.8265 8.38093
      vertex -4.24264 0 5.75736
    endloop
  endfacet
  facet normal -0.132791 -0.495571 0.858356
    outer loop
      vertex 2.12132 3.67423 5.75736
      vertex 0.37868 2.82939 5
      vertex 1.46543 2.53819 5
    endloop
  endfacet
  facet normal -0.132789 -0.495573 0.858356
    outer loop
      vertex 0.37868 2.82939 5
      vertex 2.12132 3.67423 5.75736
      vertex 0 4.24264 5.75736
    endloop
  endfacet
  facet normal -0.362784 -0.362784 0.858356
    outer loop
      vertex 2.12132 3.67423 5.75736
      vertex 2.53819 1.46543 5
      vertex 3.67423 2.12132 5.75736
    endloop
  endfacet
  facet normal -0.362784 -0.362784 0.858356
    outer loop
      vertex 2.53819 1.46543 5
      vertex 2.12132 3.67423 5.75736
      vertex 1.46543 2.53819 5
    endloop
  endfacet
  facet normal -0.226058 -0.843594 -0.487081
    outer loop
      vertex 0 5 12.9309
      vertex 2.8265 5 11.6191
      vertex 0 4.24264 14.2426
    endloop
  endfacet
  facet normal -0.843497 -0.226372 -0.487103
    outer loop
      vertex 5 2.8265 11.6191
      vertex 3.67423 2.12132 14.2426
      vertex 5 2.88675 11.5911
    endloop
  endfacet
  facet normal -0.843604 -0.226045 -0.487069
    outer loop
      vertex 3.67423 2.12132 14.2426
      vertex 5 2.8265 11.6191
      vertex 4.24264 0 14.2426
    endloop
  endfacet
  facet normal -0.617565 -0.617565 0.487059
    outer loop
      vertex 5 2.88675 8.40889
      vertex 2.88675 5 8.40889
      vertex 2.12132 3.67423 5.75736
    endloop
  endfacet
  facet normal -0.617601 -0.617601 0.486967
    outer loop
      vertex 5 2.91687 8.44709
      vertex 2.88675 5 8.40889
      vertex 5 2.88675 8.40889
    endloop
  endfacet
  facet normal -0.617601 -0.617601 0.486967
    outer loop
      vertex 2.88675 5 8.40889
      vertex 5 2.91687 8.44709
      vertex 2.91687 5 8.44709
    endloop
  endfacet
  facet normal -0.617565 -0.617565 0.487059
    outer loop
      vertex 5 2.88675 8.40889
      vertex 2.12132 3.67423 5.75736
      vertex 3.67423 2.12132 5.75736
    endloop
  endfacet
  facet normal -0.226046 -0.843609 0.48706
    outer loop
      vertex 2.12132 3.67423 5.75736
      vertex 2.8265 5 8.38093
      vertex 0 4.24264 5.75736
    endloop
  endfacet
  facet normal -0.226027 -0.843615 0.487058
    outer loop
      vertex 2.8265 5 8.38093
      vertex 2.12132 3.67423 5.75736
      vertex 2.88675 5 8.40889
    endloop
  endfacet
  facet normal 0.617563 0.617563 -0.487063
    outer loop
      vertex -2.88675 -5 11.5911
      vertex -3.67423 -2.12132 14.2426
      vertex -2.12132 -3.67423 14.2426
    endloop
  endfacet
  facet normal 0.617563 0.617563 -0.487063
    outer loop
      vertex -2.88675 -5 11.5911
      vertex -5 -2.88675 11.5911
      vertex -3.67423 -2.12132 14.2426
    endloop
  endfacet
  facet normal 0.617601 0.617601 -0.486967
    outer loop
      vertex -2.91687 -5 11.5529
      vertex -5 -2.88675 11.5911
      vertex -2.88675 -5 11.5911
    endloop
  endfacet
  facet normal 0.617601 0.617601 -0.486967
    outer loop
      vertex -5 -2.88675 11.5911
      vertex -2.91687 -5 11.5529
      vertex -5 -2.91687 11.5529
    endloop
  endfacet
  facet normal -0.707107 0.707107 0
    outer loop
      vertex 2.91687 -5 8.44709
      vertex 5 -2.91687 11.5529
      vertex 5 -2.91687 8.44709
    endloop
  endfacet
  facet normal -0.707107 0.707107 0
    outer loop
      vertex 5 -2.91687 11.5529
      vertex 2.91687 -5 8.44709
      vertex 2.91687 -5 11.5529
    endloop
  endfacet
  facet normal -0.132784 0.495591 -0.858346
    outer loop
      vertex 0 -2.93085 15
      vertex 0.37868 -2.82939 15
      vertex 0 -4.24264 14.2426
    endloop
  endfacet
  facet normal 0.226045 0.843604 -0.487069
    outer loop
      vertex -2.8265 -5 11.6191
      vertex -2.12132 -3.67423 14.2426
      vertex 0 -4.24264 14.2426
    endloop
  endfacet
  facet normal 0.226372 0.843497 -0.487103
    outer loop
      vertex -2.12132 -3.67423 14.2426
      vertex -2.8265 -5 11.6191
      vertex -2.88675 -5 11.5911
    endloop
  endfacet
  facet normal 0.495571 -0.132791 0.858356
    outer loop
      vertex -3.67423 2.12132 5.75736
      vertex -2.82939 0.37868 5
      vertex -2.53819 1.46543 5
    endloop
  endfacet
  facet normal 0.495573 -0.132789 0.858356
    outer loop
      vertex -2.82939 0.37868 5
      vertex -3.67423 2.12132 5.75736
      vertex -4.24264 0 5.75736
    endloop
  endfacet
  facet normal -0.617565 0.617565 0.487059
    outer loop
      vertex 2.12132 -3.67423 5.75736
      vertex 5 -2.88675 8.40889
      vertex 3.67423 -2.12132 5.75736
    endloop
  endfacet
  facet normal -0.617565 0.617565 0.487059
    outer loop
      vertex 2.88675 -5 8.40889
      vertex 5 -2.88675 8.40889
      vertex 2.12132 -3.67423 5.75736
    endloop
  endfacet
  facet normal -0.617601 0.617601 0.486967
    outer loop
      vertex 5 -2.88675 8.40889
      vertex 2.88675 -5 8.40889
      vertex 5 -2.91687 8.44709
    endloop
  endfacet
  facet normal -0.617601 0.617601 0.486967
    outer loop
      vertex 5 -2.91687 8.44709
      vertex 2.88675 -5 8.40889
      vertex 2.91687 -5 8.44709
    endloop
  endfacet
  facet normal -0.843615 -0.226027 0.487058
    outer loop
      vertex 3.67423 2.12132 5.75736
      vertex 5 2.8265 8.38093
      vertex 5 2.88675 8.40889
    endloop
  endfacet
  facet normal -0.843609 -0.226046 0.48706
    outer loop
      vertex 5 2.8265 8.38093
      vertex 3.67423 2.12132 5.75736
      vertex 4.24264 0 5.75736
    endloop
  endfacet
  facet normal -0.843611 0.226044 0.487057
    outer loop
      vertex 5 -2.8265 8.38093
      vertex 5 0 7.06915
      vertex 4.24264 0 5.75736
    endloop
  endfacet
  facet normal 0.226044 -0.843611 0.487057
    outer loop
      vertex 0 4.24264 5.75736
      vertex 0 5 7.06915
      vertex -2.8265 5 8.38093
    endloop
  endfacet
  facet normal 0.226027 -0.843615 0.487058
    outer loop
      vertex -2.12132 3.67423 5.75736
      vertex -2.8265 5 8.38093
      vertex -2.88675 5 8.40889
    endloop
  endfacet
  facet normal 0.226046 -0.843609 0.48706
    outer loop
      vertex -2.8265 5 8.38093
      vertex -2.12132 3.67423 5.75736
      vertex 0 4.24264 5.75736
    endloop
  endfacet
  facet normal -0.495572 -0.132779 0.858358
    outer loop
      vertex 2.93085 0 5
      vertex 4.24264 0 5.75736
      vertex 2.82939 0.37868 5
    endloop
  endfacet
  facet normal -0.132796 -0.49559 -0.858345
    outer loop
      vertex 0.37868 2.82939 15
      vertex 2.12132 3.67423 14.2426
      vertex 1.46543 2.53819 15
    endloop
  endfacet
  facet normal -0.132795 -0.495592 -0.858344
    outer loop
      vertex 2.12132 3.67423 14.2426
      vertex 0.37868 2.82939 15
      vertex 0 4.24264 14.2426
    endloop
  endfacet
  facet normal 0.707107 -0.707107 0
    outer loop
      vertex -5 2.91687 11.5529
      vertex -2.91687 5 8.44709
      vertex -2.91687 5 11.5529
    endloop
  endfacet
  facet normal 0.707107 -0.707107 0
    outer loop
      vertex -2.91687 5 8.44709
      vertex -5 2.91687 11.5529
      vertex -5 2.91687 8.44709
    endloop
  endfacet
  facet normal -0.707107 -0.707107 0
    outer loop
      vertex 5 2.91687 8.44709
      vertex 2.91687 5 11.5529
      vertex 2.91687 5 8.44709
    endloop
  endfacet
  facet normal -0.707107 -0.707107 0
    outer loop
      vertex 2.91687 5 11.5529
      vertex 5 2.91687 8.44709
      vertex 5 2.91687 11.5529
    endloop
  endfacet
  facet normal -0.132796 0.49559 -0.858345
    outer loop
      vertex 2.12132 -3.67423 14.2426
      vertex 0.37868 -2.82939 15
      vertex 1.46543 -2.53819 15
    endloop
  endfacet
  facet normal -0.132795 0.495592 -0.858344
    outer loop
      vertex 0.37868 -2.82939 15
      vertex 2.12132 -3.67423 14.2426
      vertex 0 -4.24264 14.2426
    endloop
  endfacet
  facet normal -0.226058 0.843594 -0.487081
    outer loop
      vertex 0 -4.24264 14.2426
      vertex 2.8265 -5 11.6191
      vertex 0 -5 12.9309
    endloop
  endfacet
  facet normal -0.226027 0.843615 0.487058
    outer loop
      vertex 2.12132 -3.67423 5.75736
      vertex 2.8265 -5 8.38093
      vertex 2.88675 -5 8.40889
    endloop
  endfacet
  facet normal -0.226046 0.843609 0.48706
    outer loop
      vertex 2.8265 -5 8.38093
      vertex 2.12132 -3.67423 5.75736
      vertex 0 -4.24264 5.75736
    endloop
  endfacet
  facet normal -0.495591 0.132784 -0.858346
    outer loop
      vertex 2.93085 0 15
      vertex 4.24264 0 14.2426
      vertex 2.82939 -0.37868 15
    endloop
  endfacet
  facet normal 0.132795 0.495592 -0.858344
    outer loop
      vertex -2.12132 -3.67423 14.2426
      vertex -0.37868 -2.82939 15
      vertex 0 -4.24264 14.2426
    endloop
  endfacet
  facet normal 0.132796 0.49559 -0.858345
    outer loop
      vertex -0.37868 -2.82939 15
      vertex -2.12132 -3.67423 14.2426
      vertex -1.46543 -2.53819 15
    endloop
  endfacet
  facet normal 0.495571 0.132791 0.858356
    outer loop
      vertex -2.82939 -0.37868 5
      vertex -3.67423 -2.12132 5.75736
      vertex -2.53819 -1.46543 5
    endloop
  endfacet
  facet normal 0.495573 0.132789 0.858356
    outer loop
      vertex -3.67423 -2.12132 5.75736
      vertex -2.82939 -0.37868 5
      vertex -4.24264 0 5.75736
    endloop
  endfacet
  facet normal 0.843609 0.226046 0.48706
    outer loop
      vertex -5 -2.8265 8.38093
      vertex -3.67423 -2.12132 5.75736
      vertex -4.24264 0 5.75736
    endloop
  endfacet
  facet normal 0.843615 0.226027 0.487058
    outer loop
      vertex -3.67423 -2.12132 5.75736
      vertex -5 -2.8265 8.38093
      vertex -5 -2.88675 8.40889
    endloop
  endfacet
  facet normal 0.843594 0.226058 -0.487081
    outer loop
      vertex -5 0 12.9309
      vertex -4.24264 0 14.2426
      vertex -5 -2.8265 11.6191
    endloop
  endfacet
  facet normal 0.843594 -0.226058 -0.487081
    outer loop
      vertex -5 2.8265 11.6191
      vertex -4.24264 0 14.2426
      vertex -5 0 12.9309
    endloop
  endfacet
  facet normal -0.132779 0.495572 0.858358
    outer loop
      vertex 0.37868 -2.82939 5
      vertex 0 -2.93085 5
      vertex 0 -4.24264 5.75736
    endloop
  endfacet
  facet normal -0.132779 -0.495572 0.858358
    outer loop
      vertex 0.37868 2.82939 5
      vertex 0 4.24264 5.75736
      vertex 0 2.93085 5
    endloop
  endfacet
  facet normal 0.362799 -0.362799 -0.858344
    outer loop
      vertex -2.53819 1.46543 15
      vertex -2.12132 3.67423 14.2426
      vertex -1.46543 2.53819 15
    endloop
  endfacet
  facet normal 0.362799 -0.362799 -0.858344
    outer loop
      vertex -2.12132 3.67423 14.2426
      vertex -2.53819 1.46543 15
      vertex -3.67423 2.12132 14.2426
    endloop
  endfacet
  facet normal 0.49559 -0.132796 -0.858345
    outer loop
      vertex -2.82939 0.37868 15
      vertex -3.67423 2.12132 14.2426
      vertex -2.53819 1.46543 15
    endloop
  endfacet
  facet normal 0.495592 -0.132795 -0.858344
    outer loop
      vertex -3.67423 2.12132 14.2426
      vertex -2.82939 0.37868 15
      vertex -4.24264 0 14.2426
    endloop
  endfacet
  facet normal 0.226058 -0.843594 -0.487081
    outer loop
      vertex 0 5 12.9309
      vertex 0 4.24264 14.2426
      vertex -2.8265 5 11.6191
    endloop
  endfacet
  facet normal -0.617601 0.617601 -0.486967
    outer loop
      vertex 2.88675 -5 11.5911
      vertex 5 -2.88675 11.5911
      vertex 5 -2.91687 11.5529
    endloop
  endfacet
  facet normal -0.617563 0.617563 -0.487063
    outer loop
      vertex 5 -2.88675 11.5911
      vertex 2.12132 -3.67423 14.2426
      vertex 3.67423 -2.12132 14.2426
    endloop
  endfacet
  facet normal -0.617601 0.617601 -0.486967
    outer loop
      vertex 2.88675 -5 11.5911
      vertex 5 -2.91687 11.5529
      vertex 2.91687 -5 11.5529
    endloop
  endfacet
  facet normal -0.617563 0.617563 -0.487063
    outer loop
      vertex 5 -2.88675 11.5911
      vertex 2.88675 -5 11.5911
      vertex 2.12132 -3.67423 14.2426
    endloop
  endfacet
  facet normal -0.843604 0.226045 -0.487069
    outer loop
      vertex 5 -2.8265 11.6191
      vertex 3.67423 -2.12132 14.2426
      vertex 4.24264 0 14.2426
    endloop
  endfacet
  facet normal -0.843497 0.226372 -0.487103
    outer loop
      vertex 3.67423 -2.12132 14.2426
      vertex 5 -2.8265 11.6191
      vertex 5 -2.88675 11.5911
    endloop
  endfacet
  facet normal 0.132784 0.495591 -0.858346
    outer loop
      vertex 0 -2.93085 15
      vertex 0 -4.24264 14.2426
      vertex -0.37868 -2.82939 15
    endloop
  endfacet
  facet normal 0.362784 -0.362784 0.858356
    outer loop
      vertex -2.12132 3.67423 5.75736
      vertex -2.53819 1.46543 5
      vertex -1.46543 2.53819 5
    endloop
  endfacet
  facet normal 0.362784 -0.362784 0.858356
    outer loop
      vertex -2.53819 1.46543 5
      vertex -2.12132 3.67423 5.75736
      vertex -3.67423 2.12132 5.75736
    endloop
  endfacet
  facet normal 0.132779 -0.495572 0.858358
    outer loop
      vertex 0 2.93085 5
      vertex 0 4.24264 5.75736
      vertex -0.37868 2.82939 5
    endloop
  endfacet
  facet normal 0.226046 0.843609 0.48706
    outer loop
      vertex -2.12132 -3.67423 5.75736
      vertex -2.8265 -5 8.38093
      vertex 0 -4.24264 5.75736
    endloop
  endfacet
  facet normal 0.226027 0.843615 0.487058
    outer loop
      vertex -2.8265 -5 8.38093
      vertex -2.12132 -3.67423 5.75736
      vertex -2.88675 -5 8.40889
    endloop
  endfacet
  facet normal -0.362784 0.362784 0.858356
    outer loop
      vertex 2.53819 -1.46543 5
      vertex 2.12132 -3.67423 5.75736
      vertex 3.67423 -2.12132 5.75736
    endloop
  endfacet
  facet normal -0.362784 0.362784 0.858356
    outer loop
      vertex 2.12132 -3.67423 5.75736
      vertex 2.53819 -1.46543 5
      vertex 1.46543 -2.53819 5
    endloop
  endfacet
  facet normal -0.132791 0.495571 0.858356
    outer loop
      vertex 0.37868 -2.82939 5
      vertex 2.12132 -3.67423 5.75736
      vertex 1.46543 -2.53819 5
    endloop
  endfacet
  facet normal -0.132789 0.495573 0.858356
    outer loop
      vertex 2.12132 -3.67423 5.75736
      vertex 0.37868 -2.82939 5
      vertex 0 -4.24264 5.75736
    endloop
  endfacet
  facet normal 0.495591 -0.132784 -0.858346
    outer loop
      vertex -2.82939 0.37868 15
      vertex -2.93085 0 15
      vertex -4.24264 0 14.2426
    endloop
  endfacet
  facet normal 0.132784 -0.495591 -0.858346
    outer loop
      vertex 0 4.24264 14.2426
      vertex 0 2.93085 15
      vertex -0.37868 2.82939 15
    endloop
  endfacet
  facet normal 0.132796 -0.49559 -0.858345
    outer loop
      vertex -2.12132 3.67423 14.2426
      vertex -0.37868 2.82939 15
      vertex -1.46543 2.53819 15
    endloop
  endfacet
  facet normal 0.132795 -0.495592 -0.858344
    outer loop
      vertex -0.37868 2.82939 15
      vertex -2.12132 3.67423 14.2426
      vertex 0 4.24264 14.2426
    endloop
  endfacet
  facet normal 0.132791 0.495571 0.858356
    outer loop
      vertex -2.12132 -3.67423 5.75736
      vertex -0.37868 -2.82939 5
      vertex -1.46543 -2.53819 5
    endloop
  endfacet
  facet normal 0.132789 0.495573 0.858356
    outer loop
      vertex -0.37868 -2.82939 5
      vertex -2.12132 -3.67423 5.75736
      vertex 0 -4.24264 5.75736
    endloop
  endfacet
  facet normal 0.362784 0.362784 0.858356
    outer loop
      vertex -2.53819 -1.46543 5
      vertex -2.12132 -3.67423 5.75736
      vertex -1.46543 -2.53819 5
    endloop
  endfacet
  facet normal 0.362784 0.362784 0.858356
    outer loop
      vertex -2.12132 -3.67423 5.75736
      vertex -2.53819 -1.46543 5
      vertex -3.67423 -2.12132 5.75736
    endloop
  endfacet
  facet normal 0.132789 -0.495573 0.858356
    outer loop
      vertex -2.12132 3.67423 5.75736
      vertex -0.37868 2.82939 5
      vertex 0 4.24264 5.75736
    endloop
  endfacet
  facet normal 0.132791 -0.495571 0.858356
    outer loop
      vertex -0.37868 2.82939 5
      vertex -2.12132 3.67423 5.75736
      vertex -1.46543 2.53819 5
    endloop
  endfacet
  facet normal -0.495572 0.132779 0.858358
    outer loop
      vertex 4.24264 0 5.75736
      vertex 2.93085 0 5
      vertex 2.82939 -0.37868 5
    endloop
  endfacet
  facet normal -0.495573 0.132789 0.858356
    outer loop
      vertex 2.82939 -0.37868 5
      vertex 3.67423 -2.12132 5.75736
      vertex 4.24264 0 5.75736
    endloop
  endfacet
  facet normal -0.495571 0.132791 0.858356
    outer loop
      vertex 3.67423 -2.12132 5.75736
      vertex 2.82939 -0.37868 5
      vertex 2.53819 -1.46543 5
    endloop
  endfacet
  facet normal -0.132784 -0.495591 -0.858346
    outer loop
      vertex 0 4.24264 14.2426
      vertex 0.37868 2.82939 15
      vertex 0 2.93085 15
    endloop
  endfacet
  facet normal 0.495572 0.132779 0.858358
    outer loop
      vertex -2.82939 -0.37868 5
      vertex -2.93085 0 5
      vertex -4.24264 0 5.75736
    endloop
  endfacet
  facet normal 0.132779 0.495572 0.858358
    outer loop
      vertex 0 -4.24264 5.75736
      vertex 0 -2.93085 5
      vertex -0.37868 -2.82939 5
    endloop
  endfacet
  facet normal 0 1 0
    outer loop
      vertex 2.88675 15 1.59111
      vertex 2.88675 15 8.40889
      vertex 7.11325 15 1.59111
    endloop
  endfacet
  facet normal 0 1 0
    outer loop
      vertex 2.8265 15 8.38093
      vertex 2.8265 15 1.61907
      vertex 0 15 2.93085
    endloop
  endfacet
  facet normal 0 1 0
    outer loop
      vertex 2.88675 15 8.40889
      vertex 2.88675 15 1.59111
      vertex 2.8265 15 8.38093
    endloop
  endfacet
  facet normal 0 1 0
    outer loop
      vertex 2.8265 15 8.38093
      vertex 2.88675 15 1.59111
      vertex 2.8265 15 1.61907
    endloop
  endfacet
  facet normal 0 1 -0
    outer loop
      vertex 7.08313 15 1.55291
      vertex 2.88675 15 1.59111
      vertex 7.11325 15 1.59111
    endloop
  endfacet
  facet normal 0 1 0
    outer loop
      vertex 7.08313 15 1.55291
      vertex 2.91687 15 1.55291
      vertex 2.88675 15 1.59111
    endloop
  endfacet
  facet normal 0 1 -0
    outer loop
      vertex 7.08313 15 -1.55291
      vertex 2.91687 15 1.55291
      vertex 7.08313 15 1.55291
    endloop
  endfacet
  facet normal 0 1 0
    outer loop
      vertex 7.08313 15 -1.55291
      vertex 2.91687 15 -1.55291
      vertex 2.91687 15 1.55291
    endloop
  endfacet
  facet normal 0 1 0
    outer loop
      vertex 7.11325 15 -1.59111
      vertex 2.91687 15 -1.55291
      vertex 7.08313 15 -1.55291
    endloop
  endfacet
  facet normal 0 1 0
    outer loop
      vertex 7.11325 15 -1.59111
      vertex 2.88675 15 -1.59111
      vertex 2.91687 15 -1.55291
    endloop
  endfacet
  facet normal 0 1 0
    outer loop
      vertex 7.1735 15 -1.61907
      vertex 2.88675 15 -1.59111
      vertex 7.11325 15 -1.59111
    endloop
  endfacet
  facet normal 0 1 0
    outer loop
      vertex 7.1735 15 -1.61907
      vertex 2.8265 15 -1.61907
      vertex 2.88675 15 -1.59111
    endloop
  endfacet
  facet normal 0 1 0
    outer loop
      vertex 10 15 -2.93085
      vertex 2.8265 15 -1.61907
      vertex 7.1735 15 -1.61907
    endloop
  endfacet
  facet normal 0 1 0
    outer loop
      vertex 2.8265 15 -1.61907
      vertex 10 15 -2.93085
      vertex 0 15 -2.93085
    endloop
  endfacet
  facet normal 0 1 -0
    outer loop
      vertex 7.1735 15 11.6191
      vertex 0 15 12.9309
      vertex 10 15 12.9309
    endloop
  endfacet
  facet normal 0 1 0
    outer loop
      vertex 7.1735 15 11.6191
      vertex 2.8265 15 11.6191
      vertex 0 15 12.9309
    endloop
  endfacet
  facet normal 0 1 -0
    outer loop
      vertex 7.11325 15 11.5911
      vertex 2.8265 15 11.6191
      vertex 7.1735 15 11.6191
    endloop
  endfacet
  facet normal 0 1 0
    outer loop
      vertex 7.11325 15 11.5911
      vertex 2.88675 15 11.5911
      vertex 2.8265 15 11.6191
    endloop
  endfacet
  facet normal 0 1 -0
    outer loop
      vertex 7.08313 15 11.5529
      vertex 2.88675 15 11.5911
      vertex 7.11325 15 11.5911
    endloop
  endfacet
  facet normal 0 1 0
    outer loop
      vertex 7.08313 15 11.5529
      vertex 2.91687 15 11.5529
      vertex 2.88675 15 11.5911
    endloop
  endfacet
  facet normal 0 1 -0
    outer loop
      vertex 7.08313 15 8.44709
      vertex 2.91687 15 11.5529
      vertex 7.08313 15 11.5529
    endloop
  endfacet
  facet normal 0 1 0
    outer loop
      vertex 7.08313 15 8.44709
      vertex 2.91687 15 8.44709
      vertex 2.91687 15 11.5529
    endloop
  endfacet
  facet normal 0 1 0
    outer loop
      vertex 7.11325 15 8.40889
      vertex 2.91687 15 8.44709
      vertex 7.08313 15 8.44709
    endloop
  endfacet
  facet normal 0 1 0
    outer loop
      vertex 7.11325 15 8.40889
      vertex 2.88675 15 8.40889
      vertex 2.91687 15 8.44709
    endloop
  endfacet
  facet normal 0 1 -0
    outer loop
      vertex 7.1735 15 1.61907
      vertex 7.11325 15 8.40889
      vertex 7.1735 15 8.38093
    endloop
  endfacet
  facet normal 0 1 0
    outer loop
      vertex 7.11325 15 1.59111
      vertex 7.11325 15 8.40889
      vertex 7.1735 15 1.61907
    endloop
  endfacet
  facet normal 0 1 -0
    outer loop
      vertex 10 15 2.93085
      vertex 7.1735 15 8.38093
      vertex 10 15 7.06915
    endloop
  endfacet
  facet normal 0 1 0
    outer loop
      vertex 7.1735 15 1.61907
      vertex 7.1735 15 8.38093
      vertex 10 15 2.93085
    endloop
  endfacet
  facet normal 0 1 0
    outer loop
      vertex 15 15 15
      vertex 10 15 12.9309
      vertex -5 15 15
    endloop
  endfacet
  facet normal 0 1 0
    outer loop
      vertex 15 15 15
      vertex 12.8265 15 11.6191
      vertex 10 15 12.9309
    endloop
  endfacet
  facet normal 0 1 0
    outer loop
      vertex 15 15 15
      vertex 12.8868 15 11.5911
      vertex 12.8265 15 11.6191
    endloop
  endfacet
  facet normal 0 1 0
    outer loop
      vertex 15 15 15
      vertex 12.9169 15 11.5529
      vertex 12.8868 15 11.5911
    endloop
  endfacet
  facet normal 0 1 0
    outer loop
      vertex 15 15 15
      vertex 12.9169 15 8.44709
      vertex 12.9169 15 11.5529
    endloop
  endfacet
  facet normal 0 1 0
    outer loop
      vertex 7.11325 15 8.40889
      vertex 7.11325 15 1.59111
      vertex 2.88675 15 8.40889
    endloop
  endfacet
  facet normal 0 1 0
    outer loop
      vertex 12.8265 15 8.38093
      vertex 10 15 2.93085
      vertex 10 15 7.06915
    endloop
  endfacet
  facet normal 0 1 0
    outer loop
      vertex 12.8265 15 1.61907
      vertex 12.8265 15 8.38093
      vertex 12.8868 15 8.40889
    endloop
  endfacet
  facet normal 0 1 0
    outer loop
      vertex 12.8868 15 1.59111
      vertex 12.8868 15 8.40889
      vertex 12.9169 15 8.44709
    endloop
  endfacet
  facet normal 0 1 0
    outer loop
      vertex 12.8265 15 8.38093
      vertex 12.8265 15 1.61907
      vertex 10 15 2.93085
    endloop
  endfacet
  facet normal 0 1 0
    outer loop
      vertex 12.9169 15 1.55291
      vertex 12.9169 15 8.44709
      vertex 15 15 15
    endloop
  endfacet
  facet normal 0 1 0
    outer loop
      vertex 12.8868 15 8.40889
      vertex 12.8868 15 1.59111
      vertex 12.8265 15 1.61907
    endloop
  endfacet
  facet normal 0 1 0
    outer loop
      vertex 12.9169 15 8.44709
      vertex 12.9169 15 1.55291
      vertex 12.8868 15 1.59111
    endloop
  endfacet
  facet normal 0 1 -0
    outer loop
      vertex 15 15 -5
      vertex 12.9169 15 1.55291
      vertex 15 15 15
    endloop
  endfacet
  facet normal 0 1 0
    outer loop
      vertex 15 15 -5
      vertex 12.8265 15 -1.61907
      vertex 12.8868 15 -1.59111
    endloop
  endfacet
  facet normal 0 1 0
    outer loop
      vertex 10 15 -2.93085
      vertex 15 15 -5
      vertex 0 15 -2.93085
    endloop
  endfacet
  facet normal 0 1 0
    outer loop
      vertex 12.8265 15 -1.61907
      vertex 15 15 -5
      vertex 10 15 -2.93085
    endloop
  endfacet
  facet normal 0 1 0
    outer loop
      vertex 12.9169 15 -1.55291
      vertex 15 15 -5
      vertex 12.8868 15 -1.59111
    endloop
  endfacet
  facet normal 0 1 0
    outer loop
      vertex 12.9169 15 1.55291
      vertex 15 15 -5
      vertex 12.9169 15 -1.55291
    endloop
  endfacet
  facet normal 0 1 -0
    outer loop
      vertex 0 15 12.9309
      vertex -5 15 15
      vertex 10 15 12.9309
    endloop
  endfacet
  facet normal 0 1 -0
    outer loop
      vertex -2.8265 15 11.6191
      vertex -5 15 15
      vertex 0 15 12.9309
    endloop
  endfacet
  facet normal 0 1 -0
    outer loop
      vertex -2.88675 15 11.5911
      vertex -5 15 15
      vertex -2.8265 15 11.6191
    endloop
  endfacet
  facet normal 0 1 -0
    outer loop
      vertex -2.91687 15 11.5529
      vertex -5 15 15
      vertex -2.88675 15 11.5911
    endloop
  endfacet
  facet normal 0 1 -0
    outer loop
      vertex -2.91687 15 8.44709
      vertex -5 15 15
      vertex -2.91687 15 11.5529
    endloop
  endfacet
  facet normal 0 1 0
    outer loop
      vertex 2.8265 15 8.38093
      vertex 0 15 2.93085
      vertex 0 15 7.06915
    endloop
  endfacet
  facet normal 0 1 -0
    outer loop
      vertex 0 15 2.93085
      vertex -2.8265 15 8.38093
      vertex 0 15 7.06915
    endloop
  endfacet
  facet normal 0 1 0
    outer loop
      vertex -2.8265 15 1.61907
      vertex -2.8265 15 8.38093
      vertex 0 15 2.93085
    endloop
  endfacet
  facet normal 0 1 0
    outer loop
      vertex -2.8265 15 8.38093
      vertex -2.8265 15 1.61907
      vertex -2.88675 15 8.40889
    endloop
  endfacet
  facet normal 0 1 0
    outer loop
      vertex -2.88675 15 1.59111
      vertex -2.88675 15 8.40889
      vertex -2.8265 15 1.61907
    endloop
  endfacet
  facet normal 0 1 0
    outer loop
      vertex -2.88675 15 8.40889
      vertex -2.88675 15 1.59111
      vertex -2.91687 15 8.44709
    endloop
  endfacet
  facet normal 0 1 0
    outer loop
      vertex -2.91687 15 1.55291
      vertex -2.91687 15 8.44709
      vertex -2.88675 15 1.59111
    endloop
  endfacet
  facet normal 0 1 0
    outer loop
      vertex -2.91687 15 8.44709
      vertex -2.91687 15 1.55291
      vertex -5 15 15
    endloop
  endfacet
  facet normal 0 1 0
    outer loop
      vertex -5 15 -5
      vertex -2.91687 15 1.55291
      vertex -2.91687 15 -1.55291
    endloop
  endfacet
  facet normal 0 1 0
    outer loop
      vertex -2.91687 15 1.55291
      vertex -5 15 -5
      vertex -5 15 15
    endloop
  endfacet
  facet normal 0 1 0
    outer loop
      vertex -2.88675 15 -1.59111
      vertex -5 15 -5
      vertex -2.91687 15 -1.55291
    endloop
  endfacet
  facet normal 0 1 0
    outer loop
      vertex -2.8265 15 -1.61907
      vertex -5 15 -5
      vertex -2.88675 15 -1.59111
    endloop
  endfacet
  facet normal 0 1 0
    outer loop
      vertex 0 15 -2.93085
      vertex -5 15 -5
      vertex -2.8265 15 -1.61907
    endloop
  endfacet
  facet normal 0 1 0
    outer loop
      vertex -5 15 -5
      vertex 0 15 -2.93085
      vertex 15 15 -5
    endloop
  endfacet
  facet normal -0.362782 -0.362784 -0.858357
    outer loop
      vertex 2.53819 11.4654 5
      vertex 2.12132 13.6742 4.24264
      vertex 3.67423 12.1213 4.24264
    endloop
  endfacet
  facet normal -0.362799 -0.362785 -0.85835
    outer loop
      vertex 2.12132 13.6742 4.24264
      vertex 2.53819 11.4654 5
      vertex 1.46543 12.5382 5
    endloop
  endfacet
  facet normal 0.843679 -0.225831 -0.487039
    outer loop
      vertex -3.67423 12.1213 4.24264
      vertex -5 12.8265 1.61907
      vertex -5 12.8868 1.59111
    endloop
  endfacet
  facet normal 0.843608 -0.226048 -0.487061
    outer loop
      vertex -5 12.8265 1.61907
      vertex -3.67423 12.1213 4.24264
      vertex -4.24264 10 4.24264
    endloop
  endfacet
  facet normal -0.843611 0.226044 -0.487057
    outer loop
      vertex 5 10 2.93085
      vertex 5 7.1735 1.61907
      vertex 4.24264 10 4.24264
    endloop
  endfacet
  facet normal 0.226041 -0.843606 -0.487066
    outer loop
      vertex -2.12132 13.6742 4.24264
      vertex -2.8265 15 1.61907
      vertex 0 14.2426 4.24264
    endloop
  endfacet
  facet normal 0.226031 -0.84361 -0.487065
    outer loop
      vertex -2.8265 15 1.61907
      vertex -2.12132 13.6742 4.24264
      vertex -2.88675 15 1.59111
    endloop
  endfacet
  facet normal -0.495575 -0.132791 -0.858354
    outer loop
      vertex 2.82939 10.3787 5
      vertex 3.67423 12.1213 4.24264
      vertex 4.24264 10 4.24264
    endloop
  endfacet
  facet normal -0.495568 -0.132796 -0.858358
    outer loop
      vertex 3.67423 12.1213 4.24264
      vertex 2.82939 10.3787 5
      vertex 2.53819 11.4654 5
    endloop
  endfacet
  facet normal -0.362784 0.362784 -0.858356
    outer loop
      vertex 2.12132 6.32577 4.24264
      vertex 2.53819 8.53457 5
      vertex 3.67423 7.87868 4.24264
    endloop
  endfacet
  facet normal -0.362784 0.362784 -0.858356
    outer loop
      vertex 2.53819 8.53457 5
      vertex 2.12132 6.32577 4.24264
      vertex 1.46543 7.46181 5
    endloop
  endfacet
  facet normal 0.617693 -0.617702 0.486723
    outer loop
      vertex -5 12.8868 -1.59111
      vertex -2.91687 15 -1.55291
      vertex -5 12.9169 -1.55291
    endloop
  endfacet
  facet normal 0.617596 -0.61761 0.486963
    outer loop
      vertex -5 12.8868 -1.59111
      vertex -2.88675 15 -1.59111
      vertex -2.91687 15 -1.55291
    endloop
  endfacet
  facet normal 0.617553 -0.617568 0.48707
    outer loop
      vertex -3.67423 12.1213 -4.24264
      vertex -2.88675 15 -1.59111
      vertex -5 12.8868 -1.59111
    endloop
  endfacet
  facet normal 0.617561 -0.617565 0.487065
    outer loop
      vertex -2.88675 15 -1.59111
      vertex -3.67423 12.1213 -4.24264
      vertex -2.12132 13.6742 -4.24264
    endloop
  endfacet
  facet normal -0.495572 -0.132772 -0.858359
    outer loop
      vertex 4.24264 10 4.24264
      vertex 2.93085 10 5
      vertex 2.82939 10.3787 5
    endloop
  endfacet
  facet normal -0.495575 -0.132791 0.858354
    outer loop
      vertex 3.67423 12.1213 -4.24264
      vertex 2.82939 10.3787 -5
      vertex 4.24264 10 -4.24264
    endloop
  endfacet
  facet normal -0.495568 -0.132796 0.858358
    outer loop
      vertex 2.82939 10.3787 -5
      vertex 3.67423 12.1213 -4.24264
      vertex 2.53819 11.4654 -5
    endloop
  endfacet
  facet normal -0.495573 0.132789 -0.858356
    outer loop
      vertex 3.67423 7.87868 4.24264
      vertex 2.82939 9.62132 5
      vertex 4.24264 10 4.24264
    endloop
  endfacet
  facet normal -0.495571 0.132791 -0.858356
    outer loop
      vertex 2.82939 9.62132 5
      vertex 3.67423 7.87868 4.24264
      vertex 2.53819 8.53457 5
    endloop
  endfacet
  facet normal -0.843611 -0.226044 -0.487057
    outer loop
      vertex 5 12.8265 1.61907
      vertex 5 10 2.93085
      vertex 4.24264 10 4.24264
    endloop
  endfacet
  facet normal 0.226044 0.843611 -0.487057
    outer loop
      vertex 0 5.75736 4.24264
      vertex 0 5 2.93085
      vertex -2.8265 5 1.61907
    endloop
  endfacet
  facet normal 0.495572 -0.132772 0.858359
    outer loop
      vertex -2.93085 10 -5
      vertex -2.82939 10.3787 -5
      vertex -4.24264 10 -4.24264
    endloop
  endfacet
  facet normal 0.707107 0.707107 0
    outer loop
      vertex -2.91687 5 1.55291
      vertex -5 7.08313 -1.55291
      vertex -5 7.08313 1.55291
    endloop
  endfacet
  facet normal 0.707107 0.707107 0
    outer loop
      vertex -5 7.08313 -1.55291
      vertex -2.91687 5 1.55291
      vertex -2.91687 5 -1.55291
    endloop
  endfacet
  facet normal -0.226044 0.843611 0.487057
    outer loop
      vertex 2.8265 5 -1.61907
      vertex 0 5.75736 -4.24264
      vertex 0 5 -2.93085
    endloop
  endfacet
  facet normal 0.843609 0.226046 -0.48706
    outer loop
      vertex -3.67423 7.87868 4.24264
      vertex -5 7.1735 1.61907
      vertex -4.24264 10 4.24264
    endloop
  endfacet
  facet normal 0.843615 0.226027 -0.487058
    outer loop
      vertex -5 7.1735 1.61907
      vertex -3.67423 7.87868 4.24264
      vertex -5 7.11325 1.59111
    endloop
  endfacet
  facet normal 0.495571 0.132791 -0.858356
    outer loop
      vertex -3.67423 7.87868 4.24264
      vertex -2.82939 9.62132 5
      vertex -2.53819 8.53457 5
    endloop
  endfacet
  facet normal 0.495573 0.132789 -0.858356
    outer loop
      vertex -2.82939 9.62132 5
      vertex -3.67423 7.87868 4.24264
      vertex -4.24264 10 4.24264
    endloop
  endfacet
  facet normal -0.843611 -0.226044 0.487057
    outer loop
      vertex 5 10 -2.93085
      vertex 5 12.8265 -1.61907
      vertex 4.24264 10 -4.24264
    endloop
  endfacet
  facet normal -0.226041 -0.843606 -0.487066
    outer loop
      vertex 2.8265 15 1.61907
      vertex 2.12132 13.6742 4.24264
      vertex 0 14.2426 4.24264
    endloop
  endfacet
  facet normal -0.226031 -0.84361 -0.487065
    outer loop
      vertex 2.12132 13.6742 4.24264
      vertex 2.8265 15 1.61907
      vertex 2.88675 15 1.59111
    endloop
  endfacet
  facet normal 0.495572 0.132779 -0.858358
    outer loop
      vertex -2.93085 10 5
      vertex -2.82939 9.62132 5
      vertex -4.24264 10 4.24264
    endloop
  endfacet
  facet normal -0.226052 -0.843598 0.487076
    outer loop
      vertex 2.8265 15 -1.61907
      vertex 0 15 -2.93085
      vertex 0 14.2426 -4.24264
    endloop
  endfacet
  facet normal -0.617598 -0.617607 -0.486965
    outer loop
      vertex 5 12.9169 1.55291
      vertex 2.88675 15 1.59111
      vertex 2.91687 15 1.55291
    endloop
  endfacet
  facet normal -0.61769 -0.617704 -0.486725
    outer loop
      vertex 2.88675 15 1.59111
      vertex 5 12.9169 1.55291
      vertex 5 12.8868 1.59111
    endloop
  endfacet
  facet normal -0.617555 -0.61757 -0.487066
    outer loop
      vertex 2.88675 15 1.59111
      vertex 5 12.8868 1.59111
      vertex 2.12132 13.6742 4.24264
    endloop
  endfacet
  facet normal -0.617558 -0.617562 -0.487071
    outer loop
      vertex 2.12132 13.6742 4.24264
      vertex 5 12.8868 1.59111
      vertex 3.67423 12.1213 4.24264
    endloop
  endfacet
  facet normal 0.362784 0.362784 -0.858356
    outer loop
      vertex -2.12132 6.32577 4.24264
      vertex -2.53819 8.53457 5
      vertex -1.46543 7.46181 5
    endloop
  endfacet
  facet normal 0.362784 0.362784 -0.858356
    outer loop
      vertex -2.53819 8.53457 5
      vertex -2.12132 6.32577 4.24264
      vertex -3.67423 7.87868 4.24264
    endloop
  endfacet
  facet normal -0.226046 0.843609 -0.48706
    outer loop
      vertex 2.12132 6.32577 4.24264
      vertex 2.8265 5 1.61907
      vertex 0 5.75736 4.24264
    endloop
  endfacet
  facet normal -0.226027 0.843615 -0.487058
    outer loop
      vertex 2.8265 5 1.61907
      vertex 2.12132 6.32577 4.24264
      vertex 2.88675 5 1.59111
    endloop
  endfacet
  facet normal 0.226044 0.843611 0.487057
    outer loop
      vertex 0 5 -2.93085
      vertex 0 5.75736 -4.24264
      vertex -2.8265 5 -1.61907
    endloop
  endfacet
  facet normal 0.617601 0.617601 0.486967
    outer loop
      vertex -2.88675 5 -1.59111
      vertex -5 7.11325 -1.59111
      vertex -5 7.08313 -1.55291
    endloop
  endfacet
  facet normal 0.617565 0.617565 0.487059
    outer loop
      vertex -5 7.11325 -1.59111
      vertex -2.12132 6.32577 -4.24264
      vertex -3.67423 7.87868 -4.24264
    endloop
  endfacet
  facet normal 0.617601 0.617601 0.486967
    outer loop
      vertex -2.88675 5 -1.59111
      vertex -5 7.08313 -1.55291
      vertex -2.91687 5 -1.55291
    endloop
  endfacet
  facet normal 0.617565 0.617565 0.487059
    outer loop
      vertex -5 7.11325 -1.59111
      vertex -2.88675 5 -1.59111
      vertex -2.12132 6.32577 -4.24264
    endloop
  endfacet
  facet normal -0.843609 0.226046 0.48706
    outer loop
      vertex 3.67423 7.87868 -4.24264
      vertex 5 7.1735 -1.61907
      vertex 4.24264 10 -4.24264
    endloop
  endfacet
  facet normal -0.843615 0.226027 0.487058
    outer loop
      vertex 5 7.1735 -1.61907
      vertex 3.67423 7.87868 -4.24264
      vertex 5 7.11325 -1.59111
    endloop
  endfacet
  facet normal 0.843611 -0.226044 0.487057
    outer loop
      vertex -4.24264 10 -4.24264
      vertex -5 12.8265 -1.61907
      vertex -5 10 -2.93085
    endloop
  endfacet
  facet normal 0.843611 0.226044 0.487057
    outer loop
      vertex -4.24264 10 -4.24264
      vertex -5 10 -2.93085
      vertex -5 7.1735 -1.61907
    endloop
  endfacet
  facet normal 0.617553 -0.617568 -0.48707
    outer loop
      vertex -2.88675 15 1.59111
      vertex -3.67423 12.1213 4.24264
      vertex -5 12.8868 1.59111
    endloop
  endfacet
  facet normal 0.617561 -0.617565 -0.487065
    outer loop
      vertex -3.67423 12.1213 4.24264
      vertex -2.88675 15 1.59111
      vertex -2.12132 13.6742 4.24264
    endloop
  endfacet
  facet normal 0.617693 -0.617702 -0.486723
    outer loop
      vertex -2.91687 15 1.55291
      vertex -5 12.8868 1.59111
      vertex -5 12.9169 1.55291
    endloop
  endfacet
  facet normal 0.617596 -0.61761 -0.486963
    outer loop
      vertex -5 12.8868 1.59111
      vertex -2.91687 15 1.55291
      vertex -2.88675 15 1.59111
    endloop
  endfacet
  facet normal 0.843679 -0.225831 0.487039
    outer loop
      vertex -5 12.8265 -1.61907
      vertex -3.67423 12.1213 -4.24264
      vertex -5 12.8868 -1.59111
    endloop
  endfacet
  facet normal 0.843608 -0.226048 0.487061
    outer loop
      vertex -3.67423 12.1213 -4.24264
      vertex -5 12.8265 -1.61907
      vertex -4.24264 10 -4.24264
    endloop
  endfacet
  facet normal -0.132794 -0.495582 0.85835
    outer loop
      vertex 2.12132 13.6742 -4.24264
      vertex 0.37868 12.8294 -5
      vertex 1.46543 12.5382 -5
    endloop
  endfacet
  facet normal -0.132791 -0.495587 0.858347
    outer loop
      vertex 0.37868 12.8294 -5
      vertex 2.12132 13.6742 -4.24264
      vertex 0 14.2426 -4.24264
    endloop
  endfacet
  facet normal -0.362782 -0.362784 0.858357
    outer loop
      vertex 2.12132 13.6742 -4.24264
      vertex 2.53819 11.4654 -5
      vertex 3.67423 12.1213 -4.24264
    endloop
  endfacet
  facet normal -0.362799 -0.362785 0.85835
    outer loop
      vertex 2.53819 11.4654 -5
      vertex 2.12132 13.6742 -4.24264
      vertex 1.46543 12.5382 -5
    endloop
  endfacet
  facet normal -0.226052 -0.843598 -0.487076
    outer loop
      vertex 0 15 2.93085
      vertex 2.8265 15 1.61907
      vertex 0 14.2426 4.24264
    endloop
  endfacet
  facet normal -0.843679 -0.225831 -0.487039
    outer loop
      vertex 5 12.8265 1.61907
      vertex 3.67423 12.1213 4.24264
      vertex 5 12.8868 1.59111
    endloop
  endfacet
  facet normal -0.843608 -0.226048 -0.487061
    outer loop
      vertex 3.67423 12.1213 4.24264
      vertex 5 12.8265 1.61907
      vertex 4.24264 10 4.24264
    endloop
  endfacet
  facet normal -0.617596 -0.61761 0.486963
    outer loop
      vertex 5 12.8868 -1.59111
      vertex 2.91687 15 -1.55291
      vertex 2.88675 15 -1.59111
    endloop
  endfacet
  facet normal -0.617693 -0.617702 0.486723
    outer loop
      vertex 2.91687 15 -1.55291
      vertex 5 12.8868 -1.59111
      vertex 5 12.9169 -1.55291
    endloop
  endfacet
  facet normal -0.617561 -0.617565 0.487065
    outer loop
      vertex 3.67423 12.1213 -4.24264
      vertex 2.88675 15 -1.59111
      vertex 2.12132 13.6742 -4.24264
    endloop
  endfacet
  facet normal -0.617553 -0.617568 0.48707
    outer loop
      vertex 2.88675 15 -1.59111
      vertex 3.67423 12.1213 -4.24264
      vertex 5 12.8868 -1.59111
    endloop
  endfacet
  facet normal -0.226041 -0.843606 0.487066
    outer loop
      vertex 2.12132 13.6742 -4.24264
      vertex 2.8265 15 -1.61907
      vertex 0 14.2426 -4.24264
    endloop
  endfacet
  facet normal -0.226031 -0.84361 0.487065
    outer loop
      vertex 2.8265 15 -1.61907
      vertex 2.12132 13.6742 -4.24264
      vertex 2.88675 15 -1.59111
    endloop
  endfacet
  facet normal 0.617565 0.617565 -0.487059
    outer loop
      vertex -2.88675 5 1.59111
      vertex -3.67423 7.87868 4.24264
      vertex -2.12132 6.32577 4.24264
    endloop
  endfacet
  facet normal 0.617565 0.617565 -0.487059
    outer loop
      vertex -2.88675 5 1.59111
      vertex -5 7.11325 1.59111
      vertex -3.67423 7.87868 4.24264
    endloop
  endfacet
  facet normal 0.617601 0.617601 -0.486967
    outer loop
      vertex -2.91687 5 1.55291
      vertex -5 7.11325 1.59111
      vertex -2.88675 5 1.59111
    endloop
  endfacet
  facet normal 0.617601 0.617601 -0.486967
    outer loop
      vertex -5 7.11325 1.59111
      vertex -2.91687 5 1.55291
      vertex -5 7.08313 1.55291
    endloop
  endfacet
  facet normal -0.707107 0.707107 0
    outer loop
      vertex 2.91687 5 -1.55291
      vertex 5 7.08313 1.55291
      vertex 5 7.08313 -1.55291
    endloop
  endfacet
  facet normal -0.707107 0.707107 0
    outer loop
      vertex 5 7.08313 1.55291
      vertex 2.91687 5 -1.55291
      vertex 2.91687 5 1.55291
    endloop
  endfacet
  facet normal -0.132779 0.495572 -0.858358
    outer loop
      vertex 0 7.06915 5
      vertex 0.37868 7.17061 5
      vertex 0 5.75736 4.24264
    endloop
  endfacet
  facet normal 0.226046 0.843609 -0.48706
    outer loop
      vertex -2.8265 5 1.61907
      vertex -2.12132 6.32577 4.24264
      vertex 0 5.75736 4.24264
    endloop
  endfacet
  facet normal 0.226027 0.843615 -0.487058
    outer loop
      vertex -2.12132 6.32577 4.24264
      vertex -2.8265 5 1.61907
      vertex -2.88675 5 1.59111
    endloop
  endfacet
  facet normal 0.495568 -0.132796 0.858358
    outer loop
      vertex -3.67423 12.1213 -4.24264
      vertex -2.82939 10.3787 -5
      vertex -2.53819 11.4654 -5
    endloop
  endfacet
  facet normal 0.495575 -0.132791 0.858354
    outer loop
      vertex -2.82939 10.3787 -5
      vertex -3.67423 12.1213 -4.24264
      vertex -4.24264 10 -4.24264
    endloop
  endfacet
  facet normal -0.617565 0.617565 0.487059
    outer loop
      vertex 2.12132 6.32577 -4.24264
      vertex 5 7.11325 -1.59111
      vertex 3.67423 7.87868 -4.24264
    endloop
  endfacet
  facet normal -0.617565 0.617565 0.487059
    outer loop
      vertex 2.88675 5 -1.59111
      vertex 5 7.11325 -1.59111
      vertex 2.12132 6.32577 -4.24264
    endloop
  endfacet
  facet normal -0.617601 0.617601 0.486967
    outer loop
      vertex 5 7.11325 -1.59111
      vertex 2.88675 5 -1.59111
      vertex 5 7.08313 -1.55291
    endloop
  endfacet
  facet normal -0.617601 0.617601 0.486967
    outer loop
      vertex 5 7.08313 -1.55291
      vertex 2.88675 5 -1.59111
      vertex 2.91687 5 -1.55291
    endloop
  endfacet
  facet normal -0.843679 -0.225831 0.487039
    outer loop
      vertex 3.67423 12.1213 -4.24264
      vertex 5 12.8265 -1.61907
      vertex 5 12.8868 -1.59111
    endloop
  endfacet
  facet normal -0.843608 -0.226048 0.487061
    outer loop
      vertex 5 12.8265 -1.61907
      vertex 3.67423 12.1213 -4.24264
      vertex 4.24264 10 -4.24264
    endloop
  endfacet
  facet normal -0.843611 0.226044 0.487057
    outer loop
      vertex 5 7.1735 -1.61907
      vertex 5 10 -2.93085
      vertex 4.24264 10 -4.24264
    endloop
  endfacet
  facet normal 0.226052 -0.843598 0.487076
    outer loop
      vertex 0 14.2426 -4.24264
      vertex 0 15 -2.93085
      vertex -2.8265 15 -1.61907
    endloop
  endfacet
  facet normal 0.226031 -0.84361 0.487065
    outer loop
      vertex -2.12132 13.6742 -4.24264
      vertex -2.8265 15 -1.61907
      vertex -2.88675 15 -1.59111
    endloop
  endfacet
  facet normal 0.226041 -0.843606 0.487066
    outer loop
      vertex -2.8265 15 -1.61907
      vertex -2.12132 13.6742 -4.24264
      vertex 0 14.2426 -4.24264
    endloop
  endfacet
  facet normal -0.495572 -0.132772 0.858359
    outer loop
      vertex 2.93085 10 -5
      vertex 4.24264 10 -4.24264
      vertex 2.82939 10.3787 -5
    endloop
  endfacet
  facet normal -0.132794 -0.495582 -0.85835
    outer loop
      vertex 0.37868 12.8294 5
      vertex 2.12132 13.6742 4.24264
      vertex 1.46543 12.5382 5
    endloop
  endfacet
  facet normal -0.132791 -0.495587 -0.858347
    outer loop
      vertex 2.12132 13.6742 4.24264
      vertex 0.37868 12.8294 5
      vertex 0 14.2426 4.24264
    endloop
  endfacet
  facet normal 0.707102 -0.707112 0
    outer loop
      vertex -5 12.9169 1.55291
      vertex -2.91687 15 -1.55291
      vertex -2.91687 15 1.55291
    endloop
  endfacet
  facet normal 0.707102 -0.707112 0
    outer loop
      vertex -2.91687 15 -1.55291
      vertex -5 12.9169 1.55291
      vertex -5 12.9169 -1.55291
    endloop
  endfacet
  facet normal -0.707102 -0.707112 0
    outer loop
      vertex 5 12.9169 -1.55291
      vertex 2.91687 15 1.55291
      vertex 2.91687 15 -1.55291
    endloop
  endfacet
  facet normal -0.707102 -0.707112 0
    outer loop
      vertex 2.91687 15 1.55291
      vertex 5 12.9169 -1.55291
      vertex 5 12.9169 1.55291
    endloop
  endfacet
  facet normal -0.132791 0.495571 -0.858356
    outer loop
      vertex 2.12132 6.32577 4.24264
      vertex 0.37868 7.17061 5
      vertex 1.46543 7.46181 5
    endloop
  endfacet
  facet normal -0.132789 0.495573 -0.858356
    outer loop
      vertex 0.37868 7.17061 5
      vertex 2.12132 6.32577 4.24264
      vertex 0 5.75736 4.24264
    endloop
  endfacet
  facet normal -0.226044 0.843611 -0.487057
    outer loop
      vertex 0 5.75736 4.24264
      vertex 2.8265 5 1.61907
      vertex 0 5 2.93085
    endloop
  endfacet
  facet normal -0.226027 0.843615 0.487058
    outer loop
      vertex 2.12132 6.32577 -4.24264
      vertex 2.8265 5 -1.61907
      vertex 2.88675 5 -1.59111
    endloop
  endfacet
  facet normal -0.226046 0.843609 0.48706
    outer loop
      vertex 2.8265 5 -1.61907
      vertex 2.12132 6.32577 -4.24264
      vertex 0 5.75736 -4.24264
    endloop
  endfacet
  facet normal -0.495572 0.132779 -0.858358
    outer loop
      vertex 2.93085 10 5
      vertex 4.24264 10 4.24264
      vertex 2.82939 9.62132 5
    endloop
  endfacet
  facet normal 0.132789 0.495573 -0.858356
    outer loop
      vertex -2.12132 6.32577 4.24264
      vertex -0.37868 7.17061 5
      vertex 0 5.75736 4.24264
    endloop
  endfacet
  facet normal 0.132791 0.495571 -0.858356
    outer loop
      vertex -0.37868 7.17061 5
      vertex -2.12132 6.32577 4.24264
      vertex -1.46543 7.46181 5
    endloop
  endfacet
  facet normal 0.495571 0.132791 0.858356
    outer loop
      vertex -2.82939 9.62132 -5
      vertex -3.67423 7.87868 -4.24264
      vertex -2.53819 8.53457 -5
    endloop
  endfacet
  facet normal 0.495573 0.132789 0.858356
    outer loop
      vertex -3.67423 7.87868 -4.24264
      vertex -2.82939 9.62132 -5
      vertex -4.24264 10 -4.24264
    endloop
  endfacet
  facet normal 0.843609 0.226046 0.48706
    outer loop
      vertex -5 7.1735 -1.61907
      vertex -3.67423 7.87868 -4.24264
      vertex -4.24264 10 -4.24264
    endloop
  endfacet
  facet normal 0.843615 0.226027 0.487058
    outer loop
      vertex -3.67423 7.87868 -4.24264
      vertex -5 7.1735 -1.61907
      vertex -5 7.11325 -1.59111
    endloop
  endfacet
  facet normal 0.843611 0.226044 -0.487057
    outer loop
      vertex -5 10 2.93085
      vertex -4.24264 10 4.24264
      vertex -5 7.1735 1.61907
    endloop
  endfacet
  facet normal 0.843611 -0.226044 -0.487057
    outer loop
      vertex -5 12.8265 1.61907
      vertex -4.24264 10 4.24264
      vertex -5 10 2.93085
    endloop
  endfacet
  facet normal -0.132779 0.495572 0.858358
    outer loop
      vertex 0.37868 7.17061 -5
      vertex 0 7.06915 -5
      vertex 0 5.75736 -4.24264
    endloop
  endfacet
  facet normal -0.132837 -0.495593 0.858337
    outer loop
      vertex 0.37868 12.8294 -5
      vertex 0 14.2426 -4.24264
      vertex 0 12.9309 -5
    endloop
  endfacet
  facet normal 0.362799 -0.362785 -0.85835
    outer loop
      vertex -2.53819 11.4654 5
      vertex -2.12132 13.6742 4.24264
      vertex -1.46543 12.5382 5
    endloop
  endfacet
  facet normal 0.362782 -0.362784 -0.858357
    outer loop
      vertex -2.12132 13.6742 4.24264
      vertex -2.53819 11.4654 5
      vertex -3.67423 12.1213 4.24264
    endloop
  endfacet
  facet normal 0.495568 -0.132796 -0.858358
    outer loop
      vertex -2.82939 10.3787 5
      vertex -3.67423 12.1213 4.24264
      vertex -2.53819 11.4654 5
    endloop
  endfacet
  facet normal 0.495575 -0.132791 -0.858354
    outer loop
      vertex -3.67423 12.1213 4.24264
      vertex -2.82939 10.3787 5
      vertex -4.24264 10 4.24264
    endloop
  endfacet
  facet normal 0.226052 -0.843598 -0.487076
    outer loop
      vertex 0 15 2.93085
      vertex 0 14.2426 4.24264
      vertex -2.8265 15 1.61907
    endloop
  endfacet
  facet normal -0.617601 0.617601 -0.486967
    outer loop
      vertex 2.88675 5 1.59111
      vertex 5 7.11325 1.59111
      vertex 5 7.08313 1.55291
    endloop
  endfacet
  facet normal -0.617565 0.617565 -0.487059
    outer loop
      vertex 5 7.11325 1.59111
      vertex 2.12132 6.32577 4.24264
      vertex 3.67423 7.87868 4.24264
    endloop
  endfacet
  facet normal -0.617601 0.617601 -0.486967
    outer loop
      vertex 2.88675 5 1.59111
      vertex 5 7.08313 1.55291
      vertex 2.91687 5 1.55291
    endloop
  endfacet
  facet normal -0.617565 0.617565 -0.487059
    outer loop
      vertex 5 7.11325 1.59111
      vertex 2.88675 5 1.59111
      vertex 2.12132 6.32577 4.24264
    endloop
  endfacet
  facet normal -0.843609 0.226046 -0.48706
    outer loop
      vertex 5 7.1735 1.61907
      vertex 3.67423 7.87868 4.24264
      vertex 4.24264 10 4.24264
    endloop
  endfacet
  facet normal -0.843615 0.226027 -0.487058
    outer loop
      vertex 3.67423 7.87868 4.24264
      vertex 5 7.1735 1.61907
      vertex 5 7.11325 1.59111
    endloop
  endfacet
  facet normal 0.132779 0.495572 -0.858358
    outer loop
      vertex 0 7.06915 5
      vertex 0 5.75736 4.24264
      vertex -0.37868 7.17061 5
    endloop
  endfacet
  facet normal 0.362799 -0.362785 0.85835
    outer loop
      vertex -2.12132 13.6742 -4.24264
      vertex -2.53819 11.4654 -5
      vertex -1.46543 12.5382 -5
    endloop
  endfacet
  facet normal 0.362782 -0.362784 0.858357
    outer loop
      vertex -2.53819 11.4654 -5
      vertex -2.12132 13.6742 -4.24264
      vertex -3.67423 12.1213 -4.24264
    endloop
  endfacet
  facet normal 0.132837 -0.495593 0.858337
    outer loop
      vertex 0 12.9309 -5
      vertex 0 14.2426 -4.24264
      vertex -0.37868 12.8294 -5
    endloop
  endfacet
  facet normal 0.226046 0.843609 0.48706
    outer loop
      vertex -2.12132 6.32577 -4.24264
      vertex -2.8265 5 -1.61907
      vertex 0 5.75736 -4.24264
    endloop
  endfacet
  facet normal 0.226027 0.843615 0.487058
    outer loop
      vertex -2.8265 5 -1.61907
      vertex -2.12132 6.32577 -4.24264
      vertex -2.88675 5 -1.59111
    endloop
  endfacet
  facet normal -0.362784 0.362784 0.858356
    outer loop
      vertex 2.53819 8.53457 -5
      vertex 2.12132 6.32577 -4.24264
      vertex 3.67423 7.87868 -4.24264
    endloop
  endfacet
  facet normal -0.362784 0.362784 0.858356
    outer loop
      vertex 2.12132 6.32577 -4.24264
      vertex 2.53819 8.53457 -5
      vertex 1.46543 7.46181 -5
    endloop
  endfacet
  facet normal -0.132791 0.495571 0.858356
    outer loop
      vertex 0.37868 7.17061 -5
      vertex 2.12132 6.32577 -4.24264
      vertex 1.46543 7.46181 -5
    endloop
  endfacet
  facet normal -0.132789 0.495573 0.858356
    outer loop
      vertex 2.12132 6.32577 -4.24264
      vertex 0.37868 7.17061 -5
      vertex 0 5.75736 -4.24264
    endloop
  endfacet
  facet normal 0.495572 -0.132772 -0.858359
    outer loop
      vertex -2.82939 10.3787 5
      vertex -2.93085 10 5
      vertex -4.24264 10 4.24264
    endloop
  endfacet
  facet normal 0.132837 -0.495593 -0.858337
    outer loop
      vertex 0 14.2426 4.24264
      vertex 0 12.9309 5
      vertex -0.37868 12.8294 5
    endloop
  endfacet
  facet normal 0.132794 -0.495582 -0.85835
    outer loop
      vertex -2.12132 13.6742 4.24264
      vertex -0.37868 12.8294 5
      vertex -1.46543 12.5382 5
    endloop
  endfacet
  facet normal 0.132791 -0.495587 -0.858347
    outer loop
      vertex -0.37868 12.8294 5
      vertex -2.12132 13.6742 4.24264
      vertex 0 14.2426 4.24264
    endloop
  endfacet
  facet normal 0.132791 0.495571 0.858356
    outer loop
      vertex -2.12132 6.32577 -4.24264
      vertex -0.37868 7.17061 -5
      vertex -1.46543 7.46181 -5
    endloop
  endfacet
  facet normal 0.132789 0.495573 0.858356
    outer loop
      vertex -0.37868 7.17061 -5
      vertex -2.12132 6.32577 -4.24264
      vertex 0 5.75736 -4.24264
    endloop
  endfacet
  facet normal 0.362784 0.362784 0.858356
    outer loop
      vertex -2.53819 8.53457 -5
      vertex -2.12132 6.32577 -4.24264
      vertex -1.46543 7.46181 -5
    endloop
  endfacet
  facet normal 0.362784 0.362784 0.858356
    outer loop
      vertex -2.12132 6.32577 -4.24264
      vertex -2.53819 8.53457 -5
      vertex -3.67423 7.87868 -4.24264
    endloop
  endfacet
  facet normal 0.132791 -0.495587 0.858347
    outer loop
      vertex -2.12132 13.6742 -4.24264
      vertex -0.37868 12.8294 -5
      vertex 0 14.2426 -4.24264
    endloop
  endfacet
  facet normal 0.132794 -0.495582 0.85835
    outer loop
      vertex -0.37868 12.8294 -5
      vertex -2.12132 13.6742 -4.24264
      vertex -1.46543 12.5382 -5
    endloop
  endfacet
  facet normal -0.495572 0.132779 0.858358
    outer loop
      vertex 4.24264 10 -4.24264
      vertex 2.93085 10 -5
      vertex 2.82939 9.62132 -5
    endloop
  endfacet
  facet normal -0.495573 0.132789 0.858356
    outer loop
      vertex 2.82939 9.62132 -5
      vertex 3.67423 7.87868 -4.24264
      vertex 4.24264 10 -4.24264
    endloop
  endfacet
  facet normal -0.495571 0.132791 0.858356
    outer loop
      vertex 3.67423 7.87868 -4.24264
      vertex 2.82939 9.62132 -5
      vertex 2.53819 8.53457 -5
    endloop
  endfacet
  facet normal -0.132837 -0.495593 -0.858337
    outer loop
      vertex 0 14.2426 4.24264
      vertex 0.37868 12.8294 5
      vertex 0 12.9309 5
    endloop
  endfacet
  facet normal 0.495572 0.132779 0.858358
    outer loop
      vertex -2.82939 9.62132 -5
      vertex -2.93085 10 -5
      vertex -4.24264 10 -4.24264
    endloop
  endfacet
  facet normal 0.132779 0.495572 0.858358
    outer loop
      vertex 0 5.75736 -4.24264
      vertex 0 7.06915 -5
      vertex -0.37868 7.17061 -5
    endloop
  endfacet
  facet normal -0.362796 -0.362799 -0.858345
    outer loop
      vertex 2.53819 11.4654 15
      vertex 2.12132 13.6742 14.2426
      vertex 3.67423 12.1213 14.2426
    endloop
  endfacet
  facet normal -0.362813 -0.362799 -0.858338
    outer loop
      vertex 2.12132 13.6742 14.2426
      vertex 2.53819 11.4654 15
      vertex 1.46543 12.5382 15
    endloop
  endfacet
  facet normal 0.84356 -0.226175 -0.487084
    outer loop
      vertex -3.67423 12.1213 14.2426
      vertex -5 12.8265 11.6191
      vertex -5 12.8868 11.5911
    endloop
  endfacet
  facet normal 0.843602 -0.226046 -0.487071
    outer loop
      vertex -5 12.8265 11.6191
      vertex -3.67423 12.1213 14.2426
      vertex -4.24264 10 14.2426
    endloop
  endfacet
  facet normal -0.843594 0.226058 -0.487081
    outer loop
      vertex 5 10 12.9309
      vertex 5 7.1735 11.6191
      vertex 4.24264 10 14.2426
    endloop
  endfacet
  facet normal 0.22604 -0.843601 -0.487076
    outer loop
      vertex -2.12132 13.6742 14.2426
      vertex -2.8265 15 11.6191
      vertex 0 14.2426 14.2426
    endloop
  endfacet
  facet normal 0.226375 -0.843491 -0.487111
    outer loop
      vertex -2.8265 15 11.6191
      vertex -2.12132 13.6742 14.2426
      vertex -2.88675 15 11.5911
    endloop
  endfacet
  facet normal -0.495594 -0.132796 -0.858342
    outer loop
      vertex 2.82939 10.3787 15
      vertex 3.67423 12.1213 14.2426
      vertex 4.24264 10 14.2426
    endloop
  endfacet
  facet normal -0.495587 -0.132801 -0.858346
    outer loop
      vertex 3.67423 12.1213 14.2426
      vertex 2.82939 10.3787 15
      vertex 2.53819 11.4654 15
    endloop
  endfacet
  facet normal -0.362799 0.362799 -0.858344
    outer loop
      vertex 2.12132 6.32577 14.2426
      vertex 2.53819 8.53457 15
      vertex 3.67423 7.87868 14.2426
    endloop
  endfacet
  facet normal -0.362799 0.362799 -0.858344
    outer loop
      vertex 2.53819 8.53457 15
      vertex 2.12132 6.32577 14.2426
      vertex 1.46543 7.46181 15
    endloop
  endfacet
  facet normal 0.617693 -0.617702 0.486723
    outer loop
      vertex -5 12.8868 8.40889
      vertex -2.91687 15 8.44709
      vertex -5 12.9169 8.44709
    endloop
  endfacet
  facet normal 0.617596 -0.61761 0.486963
    outer loop
      vertex -5 12.8868 8.40889
      vertex -2.88675 15 8.40889
      vertex -2.91687 15 8.44709
    endloop
  endfacet
  facet normal 0.617553 -0.617568 0.48707
    outer loop
      vertex -3.67423 12.1213 5.75736
      vertex -2.88675 15 8.40889
      vertex -5 12.8868 8.40889
    endloop
  endfacet
  facet normal 0.617561 -0.617565 0.487065
    outer loop
      vertex -2.88675 15 8.40889
      vertex -3.67423 12.1213 5.75736
      vertex -2.12132 13.6742 5.75736
    endloop
  endfacet
  facet normal -0.495591 -0.132777 -0.858347
    outer loop
      vertex 4.24264 10 14.2426
      vertex 2.93085 10 15
      vertex 2.82939 10.3787 15
    endloop
  endfacet
  facet normal -0.495575 -0.132791 0.858354
    outer loop
      vertex 3.67423 12.1213 5.75736
      vertex 2.82939 10.3787 5
      vertex 4.24264 10 5.75736
    endloop
  endfacet
  facet normal -0.495568 -0.132796 0.858358
    outer loop
      vertex 2.82939 10.3787 5
      vertex 3.67423 12.1213 5.75736
      vertex 2.53819 11.4654 5
    endloop
  endfacet
  facet normal -0.495592 0.132795 -0.858344
    outer loop
      vertex 3.67423 7.87868 14.2426
      vertex 2.82939 9.62132 15
      vertex 4.24264 10 14.2426
    endloop
  endfacet
  facet normal -0.49559 0.132796 -0.858345
    outer loop
      vertex 2.82939 9.62132 15
      vertex 3.67423 7.87868 14.2426
      vertex 2.53819 8.53457 15
    endloop
  endfacet
  facet normal -0.843594 -0.226058 -0.487081
    outer loop
      vertex 5 12.8265 11.6191
      vertex 5 10 12.9309
      vertex 4.24264 10 14.2426
    endloop
  endfacet
  facet normal 0.226058 0.843594 -0.487081
    outer loop
      vertex 0 5.75736 14.2426
      vertex 0 5 12.9309
      vertex -2.8265 5 11.6191
    endloop
  endfacet
  facet normal 0.495572 -0.132772 0.858359
    outer loop
      vertex -2.93085 10 5
      vertex -2.82939 10.3787 5
      vertex -4.24264 10 5.75736
    endloop
  endfacet
  facet normal 0.707107 0.707107 0
    outer loop
      vertex -2.91687 5 11.5529
      vertex -5 7.08313 8.44709
      vertex -5 7.08313 11.5529
    endloop
  endfacet
  facet normal 0.707107 0.707107 0
    outer loop
      vertex -5 7.08313 8.44709
      vertex -2.91687 5 11.5529
      vertex -2.91687 5 8.44709
    endloop
  endfacet
  facet normal -0.226044 0.843611 0.487057
    outer loop
      vertex 2.8265 5 8.38093
      vertex 0 5.75736 5.75736
      vertex 0 5 7.06915
    endloop
  endfacet
  facet normal 0.843604 0.226045 -0.487069
    outer loop
      vertex -3.67423 7.87868 14.2426
      vertex -5 7.1735 11.6191
      vertex -4.24264 10 14.2426
    endloop
  endfacet
  facet normal 0.843497 0.226372 -0.487103
    outer loop
      vertex -5 7.1735 11.6191
      vertex -3.67423 7.87868 14.2426
      vertex -5 7.11325 11.5911
    endloop
  endfacet
  facet normal 0.49559 0.132796 -0.858345
    outer loop
      vertex -3.67423 7.87868 14.2426
      vertex -2.82939 9.62132 15
      vertex -2.53819 8.53457 15
    endloop
  endfacet
  facet normal 0.495592 0.132795 -0.858344
    outer loop
      vertex -2.82939 9.62132 15
      vertex -3.67423 7.87868 14.2426
      vertex -4.24264 10 14.2426
    endloop
  endfacet
  facet normal -0.843611 -0.226044 0.487057
    outer loop
      vertex 5 10 7.06915
      vertex 5 12.8265 8.38093
      vertex 4.24264 10 5.75736
    endloop
  endfacet
  facet normal -0.22604 -0.843601 -0.487076
    outer loop
      vertex 2.8265 15 11.6191
      vertex 2.12132 13.6742 14.2426
      vertex 0 14.2426 14.2426
    endloop
  endfacet
  facet normal -0.226375 -0.843491 -0.487111
    outer loop
      vertex 2.12132 13.6742 14.2426
      vertex 2.8265 15 11.6191
      vertex 2.88675 15 11.5911
    endloop
  endfacet
  facet normal 0.495591 0.132784 -0.858346
    outer loop
      vertex -2.93085 10 15
      vertex -2.82939 9.62132 15
      vertex -4.24264 10 14.2426
    endloop
  endfacet
  facet normal -0.226052 -0.843598 0.487076
    outer loop
      vertex 2.8265 15 8.38093
      vertex 0 15 7.06915
      vertex 0 14.2426 5.75736
    endloop
  endfacet
  facet normal -0.617598 -0.617607 -0.486965
    outer loop
      vertex 5 12.9169 11.5529
      vertex 2.88675 15 11.5911
      vertex 2.91687 15 11.5529
    endloop
  endfacet
  facet normal -0.61769 -0.617704 -0.486725
    outer loop
      vertex 2.88675 15 11.5911
      vertex 5 12.9169 11.5529
      vertex 5 12.8868 11.5911
    endloop
  endfacet
  facet normal -0.617554 -0.617568 -0.48707
    outer loop
      vertex 2.88675 15 11.5911
      vertex 5 12.8868 11.5911
      vertex 2.12132 13.6742 14.2426
    endloop
  endfacet
  facet normal -0.617557 -0.617561 -0.487076
    outer loop
      vertex 2.12132 13.6742 14.2426
      vertex 5 12.8868 11.5911
      vertex 3.67423 12.1213 14.2426
    endloop
  endfacet
  facet normal 0.362799 0.362799 -0.858344
    outer loop
      vertex -2.12132 6.32577 14.2426
      vertex -2.53819 8.53457 15
      vertex -1.46543 7.46181 15
    endloop
  endfacet
  facet normal 0.362799 0.362799 -0.858344
    outer loop
      vertex -2.53819 8.53457 15
      vertex -2.12132 6.32577 14.2426
      vertex -3.67423 7.87868 14.2426
    endloop
  endfacet
  facet normal -0.226045 0.843604 -0.487069
    outer loop
      vertex 2.12132 6.32577 14.2426
      vertex 2.8265 5 11.6191
      vertex 0 5.75736 14.2426
    endloop
  endfacet
  facet normal -0.226372 0.843497 -0.487103
    outer loop
      vertex 2.8265 5 11.6191
      vertex 2.12132 6.32577 14.2426
      vertex 2.88675 5 11.5911
    endloop
  endfacet
  facet normal 0.226044 0.843611 0.487057
    outer loop
      vertex 0 5 7.06915
      vertex 0 5.75736 5.75736
      vertex -2.8265 5 8.38093
    endloop
  endfacet
  facet normal 0.617601 0.617601 0.486967
    outer loop
      vertex -2.88675 5 8.40889
      vertex -5 7.11325 8.40889
      vertex -5 7.08313 8.44709
    endloop
  endfacet
  facet normal 0.617565 0.617565 0.487059
    outer loop
      vertex -5 7.11325 8.40889
      vertex -2.12132 6.32577 5.75736
      vertex -3.67423 7.87868 5.75736
    endloop
  endfacet
  facet normal 0.617601 0.617601 0.486967
    outer loop
      vertex -2.88675 5 8.40889
      vertex -5 7.08313 8.44709
      vertex -2.91687 5 8.44709
    endloop
  endfacet
  facet normal 0.617565 0.617565 0.487059
    outer loop
      vertex -5 7.11325 8.40889
      vertex -2.88675 5 8.40889
      vertex -2.12132 6.32577 5.75736
    endloop
  endfacet
  facet normal -0.843609 0.226046 0.48706
    outer loop
      vertex 3.67423 7.87868 5.75736
      vertex 5 7.1735 8.38093
      vertex 4.24264 10 5.75736
    endloop
  endfacet
  facet normal -0.843615 0.226027 0.487058
    outer loop
      vertex 5 7.1735 8.38093
      vertex 3.67423 7.87868 5.75736
      vertex 5 7.11325 8.40889
    endloop
  endfacet
  facet normal 0.843611 -0.226044 0.487057
    outer loop
      vertex -4.24264 10 5.75736
      vertex -5 12.8265 8.38093
      vertex -5 10 7.06915
    endloop
  endfacet
  facet normal 0.843611 0.226044 0.487057
    outer loop
      vertex -4.24264 10 5.75736
      vertex -5 10 7.06915
      vertex -5 7.1735 8.38093
    endloop
  endfacet
  facet normal 0.617552 -0.617566 -0.487075
    outer loop
      vertex -2.88675 15 11.5911
      vertex -3.67423 12.1213 14.2426
      vertex -5 12.8868 11.5911
    endloop
  endfacet
  facet normal 0.617559 -0.617563 -0.487069
    outer loop
      vertex -3.67423 12.1213 14.2426
      vertex -2.88675 15 11.5911
      vertex -2.12132 13.6742 14.2426
    endloop
  endfacet
  facet normal 0.617693 -0.617702 -0.486723
    outer loop
      vertex -2.91687 15 11.5529
      vertex -5 12.8868 11.5911
      vertex -5 12.9169 11.5529
    endloop
  endfacet
  facet normal 0.617596 -0.61761 -0.486963
    outer loop
      vertex -5 12.8868 11.5911
      vertex -2.91687 15 11.5529
      vertex -2.88675 15 11.5911
    endloop
  endfacet
  facet normal 0.843679 -0.225831 0.487039
    outer loop
      vertex -5 12.8265 8.38093
      vertex -3.67423 12.1213 5.75736
      vertex -5 12.8868 8.40889
    endloop
  endfacet
  facet normal 0.843608 -0.226048 0.487061
    outer loop
      vertex -3.67423 12.1213 5.75736
      vertex -5 12.8265 8.38093
      vertex -4.24264 10 5.75736
    endloop
  endfacet
  facet normal -0.132794 -0.495582 0.85835
    outer loop
      vertex 2.12132 13.6742 5.75736
      vertex 0.37868 12.8294 5
      vertex 1.46543 12.5382 5
    endloop
  endfacet
  facet normal -0.132791 -0.495587 0.858347
    outer loop
      vertex 0.37868 12.8294 5
      vertex 2.12132 13.6742 5.75736
      vertex 0 14.2426 5.75736
    endloop
  endfacet
  facet normal -0.362782 -0.362784 0.858357
    outer loop
      vertex 2.12132 13.6742 5.75736
      vertex 2.53819 11.4654 5
      vertex 3.67423 12.1213 5.75736
    endloop
  endfacet
  facet normal -0.362799 -0.362785 0.85835
    outer loop
      vertex 2.53819 11.4654 5
      vertex 2.12132 13.6742 5.75736
      vertex 1.46543 12.5382 5
    endloop
  endfacet
  facet normal -0.226066 -0.843581 -0.487099
    outer loop
      vertex 0 15 12.9309
      vertex 2.8265 15 11.6191
      vertex 0 14.2426 14.2426
    endloop
  endfacet
  facet normal -0.84356 -0.226175 -0.487084
    outer loop
      vertex 5 12.8265 11.6191
      vertex 3.67423 12.1213 14.2426
      vertex 5 12.8868 11.5911
    endloop
  endfacet
  facet normal -0.843602 -0.226046 -0.487071
    outer loop
      vertex 3.67423 12.1213 14.2426
      vertex 5 12.8265 11.6191
      vertex 4.24264 10 14.2426
    endloop
  endfacet
  facet normal -0.617596 -0.61761 0.486963
    outer loop
      vertex 5 12.8868 8.40889
      vertex 2.91687 15 8.44709
      vertex 2.88675 15 8.40889
    endloop
  endfacet
  facet normal -0.617693 -0.617702 0.486723
    outer loop
      vertex 2.91687 15 8.44709
      vertex 5 12.8868 8.40889
      vertex 5 12.9169 8.44709
    endloop
  endfacet
  facet normal -0.617561 -0.617565 0.487065
    outer loop
      vertex 3.67423 12.1213 5.75736
      vertex 2.88675 15 8.40889
      vertex 2.12132 13.6742 5.75736
    endloop
  endfacet
  facet normal -0.617553 -0.617568 0.48707
    outer loop
      vertex 2.88675 15 8.40889
      vertex 3.67423 12.1213 5.75736
      vertex 5 12.8868 8.40889
    endloop
  endfacet
  facet normal -0.226041 -0.843606 0.487066
    outer loop
      vertex 2.12132 13.6742 5.75736
      vertex 2.8265 15 8.38093
      vertex 0 14.2426 5.75736
    endloop
  endfacet
  facet normal -0.226031 -0.84361 0.487065
    outer loop
      vertex 2.8265 15 8.38093
      vertex 2.12132 13.6742 5.75736
      vertex 2.88675 15 8.40889
    endloop
  endfacet
  facet normal 0.617563 0.617563 -0.487063
    outer loop
      vertex -2.88675 5 11.5911
      vertex -3.67423 7.87868 14.2426
      vertex -2.12132 6.32577 14.2426
    endloop
  endfacet
  facet normal 0.617563 0.617563 -0.487063
    outer loop
      vertex -2.88675 5 11.5911
      vertex -5 7.11325 11.5911
      vertex -3.67423 7.87868 14.2426
    endloop
  endfacet
  facet normal 0.617601 0.617601 -0.486967
    outer loop
      vertex -2.91687 5 11.5529
      vertex -5 7.11325 11.5911
      vertex -2.88675 5 11.5911
    endloop
  endfacet
  facet normal 0.617601 0.617601 -0.486967
    outer loop
      vertex -5 7.11325 11.5911
      vertex -2.91687 5 11.5529
      vertex -5 7.08313 11.5529
    endloop
  endfacet
  facet normal -0.707107 0.707107 0
    outer loop
      vertex 2.91687 5 8.44709
      vertex 5 7.08313 11.5529
      vertex 5 7.08313 8.44709
    endloop
  endfacet
  facet normal -0.707107 0.707107 0
    outer loop
      vertex 5 7.08313 11.5529
      vertex 2.91687 5 8.44709
      vertex 2.91687 5 11.5529
    endloop
  endfacet
  facet normal -0.132784 0.495591 -0.858346
    outer loop
      vertex 0 7.06915 15
      vertex 0.37868 7.17061 15
      vertex 0 5.75736 14.2426
    endloop
  endfacet
  facet normal 0.226045 0.843604 -0.487069
    outer loop
      vertex -2.8265 5 11.6191
      vertex -2.12132 6.32577 14.2426
      vertex 0 5.75736 14.2426
    endloop
  endfacet
  facet normal 0.226372 0.843497 -0.487103
    outer loop
      vertex -2.12132 6.32577 14.2426
      vertex -2.8265 5 11.6191
      vertex -2.88675 5 11.5911
    endloop
  endfacet
  facet normal 0.495568 -0.132796 0.858358
    outer loop
      vertex -3.67423 12.1213 5.75736
      vertex -2.82939 10.3787 5
      vertex -2.53819 11.4654 5
    endloop
  endfacet
  facet normal 0.495575 -0.132791 0.858354
    outer loop
      vertex -2.82939 10.3787 5
      vertex -3.67423 12.1213 5.75736
      vertex -4.24264 10 5.75736
    endloop
  endfacet
  facet normal -0.617565 0.617565 0.487059
    outer loop
      vertex 2.12132 6.32577 5.75736
      vertex 5 7.11325 8.40889
      vertex 3.67423 7.87868 5.75736
    endloop
  endfacet
  facet normal -0.617565 0.617565 0.487059
    outer loop
      vertex 2.88675 5 8.40889
      vertex 5 7.11325 8.40889
      vertex 2.12132 6.32577 5.75736
    endloop
  endfacet
  facet normal -0.617601 0.617601 0.486967
    outer loop
      vertex 5 7.11325 8.40889
      vertex 2.88675 5 8.40889
      vertex 5 7.08313 8.44709
    endloop
  endfacet
  facet normal -0.617601 0.617601 0.486967
    outer loop
      vertex 5 7.08313 8.44709
      vertex 2.88675 5 8.40889
      vertex 2.91687 5 8.44709
    endloop
  endfacet
  facet normal -0.843679 -0.225831 0.487039
    outer loop
      vertex 3.67423 12.1213 5.75736
      vertex 5 12.8265 8.38093
      vertex 5 12.8868 8.40889
    endloop
  endfacet
  facet normal -0.843608 -0.226048 0.487061
    outer loop
      vertex 5 12.8265 8.38093
      vertex 3.67423 12.1213 5.75736
      vertex 4.24264 10 5.75736
    endloop
  endfacet
  facet normal -0.843611 0.226044 0.487057
    outer loop
      vertex 5 7.1735 8.38093
      vertex 5 10 7.06915
      vertex 4.24264 10 5.75736
    endloop
  endfacet
  facet normal 0.226052 -0.843598 0.487076
    outer loop
      vertex 0 14.2426 5.75736
      vertex 0 15 7.06915
      vertex -2.8265 15 8.38093
    endloop
  endfacet
  facet normal 0.226031 -0.84361 0.487065
    outer loop
      vertex -2.12132 13.6742 5.75736
      vertex -2.8265 15 8.38093
      vertex -2.88675 15 8.40889
    endloop
  endfacet
  facet normal 0.226041 -0.843606 0.487066
    outer loop
      vertex -2.8265 15 8.38093
      vertex -2.12132 13.6742 5.75736
      vertex 0 14.2426 5.75736
    endloop
  endfacet
  facet normal -0.495572 -0.132772 0.858359
    outer loop
      vertex 2.93085 10 5
      vertex 4.24264 10 5.75736
      vertex 2.82939 10.3787 5
    endloop
  endfacet
  facet normal -0.132799 -0.495602 -0.858338
    outer loop
      vertex 0.37868 12.8294 15
      vertex 2.12132 13.6742 14.2426
      vertex 1.46543 12.5382 15
    endloop
  endfacet
  facet normal -0.132796 -0.495606 -0.858336
    outer loop
      vertex 2.12132 13.6742 14.2426
      vertex 0.37868 12.8294 15
      vertex 0 14.2426 14.2426
    endloop
  endfacet
  facet normal 0.707102 -0.707112 0
    outer loop
      vertex -5 12.9169 11.5529
      vertex -2.91687 15 8.44709
      vertex -2.91687 15 11.5529
    endloop
  endfacet
  facet normal 0.707102 -0.707112 0
    outer loop
      vertex -2.91687 15 8.44709
      vertex -5 12.9169 11.5529
      vertex -5 12.9169 8.44709
    endloop
  endfacet
  facet normal -0.707102 -0.707112 0
    outer loop
      vertex 5 12.9169 8.44709
      vertex 2.91687 15 11.5529
      vertex 2.91687 15 8.44709
    endloop
  endfacet
  facet normal -0.707102 -0.707112 0
    outer loop
      vertex 2.91687 15 11.5529
      vertex 5 12.9169 8.44709
      vertex 5 12.9169 11.5529
    endloop
  endfacet
  facet normal -0.132796 0.49559 -0.858345
    outer loop
      vertex 2.12132 6.32577 14.2426
      vertex 0.37868 7.17061 15
      vertex 1.46543 7.46181 15
    endloop
  endfacet
  facet normal -0.132795 0.495592 -0.858344
    outer loop
      vertex 0.37868 7.17061 15
      vertex 2.12132 6.32577 14.2426
      vertex 0 5.75736 14.2426
    endloop
  endfacet
  facet normal -0.226058 0.843594 -0.487081
    outer loop
      vertex 0 5.75736 14.2426
      vertex 2.8265 5 11.6191
      vertex 0 5 12.9309
    endloop
  endfacet
  facet normal -0.226027 0.843615 0.487058
    outer loop
      vertex 2.12132 6.32577 5.75736
      vertex 2.8265 5 8.38093
      vertex 2.88675 5 8.40889
    endloop
  endfacet
  facet normal -0.226046 0.843609 0.48706
    outer loop
      vertex 2.8265 5 8.38093
      vertex 2.12132 6.32577 5.75736
      vertex 0 5.75736 5.75736
    endloop
  endfacet
  facet normal -0.495591 0.132784 -0.858346
    outer loop
      vertex 2.93085 10 15
      vertex 4.24264 10 14.2426
      vertex 2.82939 9.62132 15
    endloop
  endfacet
  facet normal 0.132795 0.495592 -0.858344
    outer loop
      vertex -2.12132 6.32577 14.2426
      vertex -0.37868 7.17061 15
      vertex 0 5.75736 14.2426
    endloop
  endfacet
  facet normal 0.132796 0.49559 -0.858345
    outer loop
      vertex -0.37868 7.17061 15
      vertex -2.12132 6.32577 14.2426
      vertex -1.46543 7.46181 15
    endloop
  endfacet
  facet normal 0.495571 0.132791 0.858356
    outer loop
      vertex -2.82939 9.62132 5
      vertex -3.67423 7.87868 5.75736
      vertex -2.53819 8.53457 5
    endloop
  endfacet
  facet normal 0.495573 0.132789 0.858356
    outer loop
      vertex -3.67423 7.87868 5.75736
      vertex -2.82939 9.62132 5
      vertex -4.24264 10 5.75736
    endloop
  endfacet
  facet normal 0.843609 0.226046 0.48706
    outer loop
      vertex -5 7.1735 8.38093
      vertex -3.67423 7.87868 5.75736
      vertex -4.24264 10 5.75736
    endloop
  endfacet
  facet normal 0.843615 0.226027 0.487058
    outer loop
      vertex -3.67423 7.87868 5.75736
      vertex -5 7.1735 8.38093
      vertex -5 7.11325 8.40889
    endloop
  endfacet
  facet normal 0.843594 0.226058 -0.487081
    outer loop
      vertex -5 10 12.9309
      vertex -4.24264 10 14.2426
      vertex -5 7.1735 11.6191
    endloop
  endfacet
  facet normal 0.843594 -0.226058 -0.487081
    outer loop
      vertex -5 12.8265 11.6191
      vertex -4.24264 10 14.2426
      vertex -5 10 12.9309
    endloop
  endfacet
  facet normal -0.132779 0.495572 0.858358
    outer loop
      vertex 0.37868 7.17061 5
      vertex 0 7.06915 5
      vertex 0 5.75736 5.75736
    endloop
  endfacet
  facet normal -0.132837 -0.495593 0.858337
    outer loop
      vertex 0.37868 12.8294 5
      vertex 0 14.2426 5.75736
      vertex 0 12.9309 5
    endloop
  endfacet
  facet normal 0.362813 -0.362799 -0.858338
    outer loop
      vertex -2.53819 11.4654 15
      vertex -2.12132 13.6742 14.2426
      vertex -1.46543 12.5382 15
    endloop
  endfacet
  facet normal 0.362796 -0.362799 -0.858345
    outer loop
      vertex -2.12132 13.6742 14.2426
      vertex -2.53819 11.4654 15
      vertex -3.67423 12.1213 14.2426
    endloop
  endfacet
  facet normal 0.495587 -0.132801 -0.858346
    outer loop
      vertex -2.82939 10.3787 15
      vertex -3.67423 12.1213 14.2426
      vertex -2.53819 11.4654 15
    endloop
  endfacet
  facet normal 0.495594 -0.132796 -0.858342
    outer loop
      vertex -3.67423 12.1213 14.2426
      vertex -2.82939 10.3787 15
      vertex -4.24264 10 14.2426
    endloop
  endfacet
  facet normal 0.226066 -0.843581 -0.487099
    outer loop
      vertex 0 15 12.9309
      vertex 0 14.2426 14.2426
      vertex -2.8265 15 11.6191
    endloop
  endfacet
  facet normal -0.617601 0.617601 -0.486967
    outer loop
      vertex 2.88675 5 11.5911
      vertex 5 7.11325 11.5911
      vertex 5 7.08313 11.5529
    endloop
  endfacet
  facet normal -0.617563 0.617563 -0.487063
    outer loop
      vertex 5 7.11325 11.5911
      vertex 2.12132 6.32577 14.2426
      vertex 3.67423 7.87868 14.2426
    endloop
  endfacet
  facet normal -0.617601 0.617601 -0.486967
    outer loop
      vertex 2.88675 5 11.5911
      vertex 5 7.08313 11.5529
      vertex 2.91687 5 11.5529
    endloop
  endfacet
  facet normal -0.617563 0.617563 -0.487063
    outer loop
      vertex 5 7.11325 11.5911
      vertex 2.88675 5 11.5911
      vertex 2.12132 6.32577 14.2426
    endloop
  endfacet
  facet normal -0.843604 0.226045 -0.487069
    outer loop
      vertex 5 7.1735 11.6191
      vertex 3.67423 7.87868 14.2426
      vertex 4.24264 10 14.2426
    endloop
  endfacet
  facet normal -0.843497 0.226372 -0.487103
    outer loop
      vertex 3.67423 7.87868 14.2426
      vertex 5 7.1735 11.6191
      vertex 5 7.11325 11.5911
    endloop
  endfacet
  facet normal 0.132784 0.495591 -0.858346
    outer loop
      vertex 0 7.06915 15
      vertex 0 5.75736 14.2426
      vertex -0.37868 7.17061 15
    endloop
  endfacet
  facet normal 0.362799 -0.362785 0.85835
    outer loop
      vertex -2.12132 13.6742 5.75736
      vertex -2.53819 11.4654 5
      vertex -1.46543 12.5382 5
    endloop
  endfacet
  facet normal 0.362782 -0.362784 0.858357
    outer loop
      vertex -2.53819 11.4654 5
      vertex -2.12132 13.6742 5.75736
      vertex -3.67423 12.1213 5.75736
    endloop
  endfacet
  facet normal 0.132837 -0.495593 0.858337
    outer loop
      vertex 0 12.9309 5
      vertex 0 14.2426 5.75736
      vertex -0.37868 12.8294 5
    endloop
  endfacet
  facet normal 0.226046 0.843609 0.48706
    outer loop
      vertex -2.12132 6.32577 5.75736
      vertex -2.8265 5 8.38093
      vertex 0 5.75736 5.75736
    endloop
  endfacet
  facet normal 0.226027 0.843615 0.487058
    outer loop
      vertex -2.8265 5 8.38093
      vertex -2.12132 6.32577 5.75736
      vertex -2.88675 5 8.40889
    endloop
  endfacet
  facet normal -0.362784 0.362784 0.858356
    outer loop
      vertex 2.53819 8.53457 5
      vertex 2.12132 6.32577 5.75736
      vertex 3.67423 7.87868 5.75736
    endloop
  endfacet
  facet normal -0.362784 0.362784 0.858356
    outer loop
      vertex 2.12132 6.32577 5.75736
      vertex 2.53819 8.53457 5
      vertex 1.46543 7.46181 5
    endloop
  endfacet
  facet normal -0.132791 0.495571 0.858356
    outer loop
      vertex 0.37868 7.17061 5
      vertex 2.12132 6.32577 5.75736
      vertex 1.46543 7.46181 5
    endloop
  endfacet
  facet normal -0.132789 0.495573 0.858356
    outer loop
      vertex 2.12132 6.32577 5.75736
      vertex 0.37868 7.17061 5
      vertex 0 5.75736 5.75736
    endloop
  endfacet
  facet normal 0.495591 -0.132777 -0.858347
    outer loop
      vertex -2.82939 10.3787 15
      vertex -2.93085 10 15
      vertex -4.24264 10 14.2426
    endloop
  endfacet
  facet normal 0.132842 -0.495613 -0.858325
    outer loop
      vertex 0 14.2426 14.2426
      vertex 0 12.9309 15
      vertex -0.37868 12.8294 15
    endloop
  endfacet
  facet normal 0.132799 -0.495602 -0.858338
    outer loop
      vertex -2.12132 13.6742 14.2426
      vertex -0.37868 12.8294 15
      vertex -1.46543 12.5382 15
    endloop
  endfacet
  facet normal 0.132796 -0.495606 -0.858336
    outer loop
      vertex -0.37868 12.8294 15
      vertex -2.12132 13.6742 14.2426
      vertex 0 14.2426 14.2426
    endloop
  endfacet
  facet normal 0.132791 0.495571 0.858356
    outer loop
      vertex -2.12132 6.32577 5.75736
      vertex -0.37868 7.17061 5
      vertex -1.46543 7.46181 5
    endloop
  endfacet
  facet normal 0.132789 0.495573 0.858356
    outer loop
      vertex -0.37868 7.17061 5
      vertex -2.12132 6.32577 5.75736
      vertex 0 5.75736 5.75736
    endloop
  endfacet
  facet normal 0.362784 0.362784 0.858356
    outer loop
      vertex -2.53819 8.53457 5
      vertex -2.12132 6.32577 5.75736
      vertex -1.46543 7.46181 5
    endloop
  endfacet
  facet normal 0.362784 0.362784 0.858356
    outer loop
      vertex -2.12132 6.32577 5.75736
      vertex -2.53819 8.53457 5
      vertex -3.67423 7.87868 5.75736
    endloop
  endfacet
  facet normal 0.132791 -0.495587 0.858347
    outer loop
      vertex -2.12132 13.6742 5.75736
      vertex -0.37868 12.8294 5
      vertex 0 14.2426 5.75736
    endloop
  endfacet
  facet normal 0.132794 -0.495582 0.85835
    outer loop
      vertex -0.37868 12.8294 5
      vertex -2.12132 13.6742 5.75736
      vertex -1.46543 12.5382 5
    endloop
  endfacet
  facet normal -0.495572 0.132779 0.858358
    outer loop
      vertex 4.24264 10 5.75736
      vertex 2.93085 10 5
      vertex 2.82939 9.62132 5
    endloop
  endfacet
  facet normal -0.495573 0.132789 0.858356
    outer loop
      vertex 2.82939 9.62132 5
      vertex 3.67423 7.87868 5.75736
      vertex 4.24264 10 5.75736
    endloop
  endfacet
  facet normal -0.495571 0.132791 0.858356
    outer loop
      vertex 3.67423 7.87868 5.75736
      vertex 2.82939 9.62132 5
      vertex 2.53819 8.53457 5
    endloop
  endfacet
  facet normal -0.132842 -0.495613 -0.858325
    outer loop
      vertex 0 14.2426 14.2426
      vertex 0.37868 12.8294 15
      vertex 0 12.9309 15
    endloop
  endfacet
  facet normal 0.495572 0.132779 0.858358
    outer loop
      vertex -2.82939 9.62132 5
      vertex -2.93085 10 5
      vertex -4.24264 10 5.75736
    endloop
  endfacet
  facet normal 0.132779 0.495572 0.858358
    outer loop
      vertex 0 5.75736 5.75736
      vertex 0 7.06915 5
      vertex -0.37868 7.17061 5
    endloop
  endfacet
  facet normal 1 0 0
    outer loop
      vertex 15 2.88675 1.59111
      vertex 15 7.11325 1.59111
      vertex 15 2.88675 8.40889
    endloop
  endfacet
  facet normal 1 0 0
    outer loop
      vertex 15 7.11325 1.59111
      vertex 15 2.88675 1.59111
      vertex 15 2.91687 1.55291
    endloop
  endfacet
  facet normal 1 -0 0
    outer loop
      vertex 15 2.8265 8.38093
      vertex 15 2.88675 1.59111
      vertex 15 2.88675 8.40889
    endloop
  endfacet
  facet normal 1 0 0
    outer loop
      vertex 15 2.8265 8.38093
      vertex 15 2.8265 1.61907
      vertex 15 2.88675 1.59111
    endloop
  endfacet
  facet normal 1 -0 0
    outer loop
      vertex 15 0 7.06915
      vertex 15 2.8265 1.61907
      vertex 15 2.8265 8.38093
    endloop
  endfacet
  facet normal 1 0 0
    outer loop
      vertex 15 0 7.06915
      vertex 15 0 2.93085
      vertex 15 2.8265 1.61907
    endloop
  endfacet
  facet normal 1 0 0
    outer loop
      vertex 15 -2.8265 8.38093
      vertex 15 0 2.93085
      vertex 15 0 7.06915
    endloop
  endfacet
  facet normal 1 0 0
    outer loop
      vertex 15 -2.8265 8.38093
      vertex 15 -2.8265 1.61907
      vertex 15 0 2.93085
    endloop
  endfacet
  facet normal 1 0 0
    outer loop
      vertex 15 -2.88675 8.40889
      vertex 15 -2.8265 1.61907
      vertex 15 -2.8265 8.38093
    endloop
  endfacet
  facet normal 1 0 0
    outer loop
      vertex 15 -2.88675 8.40889
      vertex 15 -2.88675 1.59111
      vertex 15 -2.8265 1.61907
    endloop
  endfacet
  facet normal 1 0 0
    outer loop
      vertex 15 -2.91687 8.44709
      vertex 15 -2.88675 1.59111
      vertex 15 -2.88675 8.40889
    endloop
  endfacet
  facet normal 1 0 0
    outer loop
      vertex 15 -2.88675 1.59111
      vertex 15 -2.91687 8.44709
      vertex 15 -2.91687 1.55291
    endloop
  endfacet
  facet normal 1 -0 0
    outer loop
      vertex 15 12.8868 8.40889
      vertex 15 12.9169 1.55291
      vertex 15 12.9169 8.44709
    endloop
  endfacet
  facet normal 1 0 0
    outer loop
      vertex 15 12.8868 8.40889
      vertex 15 12.8868 1.59111
      vertex 15 12.9169 1.55291
    endloop
  endfacet
  facet normal 1 -0 0
    outer loop
      vertex 15 12.8265 8.38093
      vertex 15 12.8868 1.59111
      vertex 15 12.8868 8.40889
    endloop
  endfacet
  facet normal 1 0 0
    outer loop
      vertex 15 12.8265 8.38093
      vertex 15 12.8265 1.61907
      vertex 15 12.8868 1.59111
    endloop
  endfacet
  facet normal 1 -0 0
    outer loop
      vertex 15 10 7.06915
      vertex 15 12.8265 1.61907
      vertex 15 12.8265 8.38093
    endloop
  endfacet
  facet normal 1 0 0
    outer loop
      vertex 15 10 7.06915
      vertex 15 10 2.93085
      vertex 15 12.8265 1.61907
    endloop
  endfacet
  facet normal 1 0 0
    outer loop
      vertex 15 7.1735 8.38093
      vertex 15 10 2.93085
      vertex 15 10 7.06915
    endloop
  endfacet
  facet normal 1 0 0
    outer loop
      vertex 15 7.1735 8.38093
      vertex 15 7.1735 1.61907
      vertex 15 10 2.93085
    endloop
  endfacet
  facet normal 1 0 0
    outer loop
      vertex 15 7.11325 8.40889
      vertex 15 7.1735 1.61907
      vertex 15 7.1735 8.38093
    endloop
  endfacet
  facet normal 1 0 0
    outer loop
      vertex 15 7.11325 8.40889
      vertex 15 7.11325 1.59111
      vertex 15 7.1735 1.61907
    endloop
  endfacet
  facet normal 1 -0 0
    outer loop
      vertex 15 2.91687 8.44709
      vertex 15 7.11325 8.40889
      vertex 15 7.08313 8.44709
    endloop
  endfacet
  facet normal 1 0 0
    outer loop
      vertex 15 2.88675 8.40889
      vertex 15 7.11325 8.40889
      vertex 15 2.91687 8.44709
    endloop
  endfacet
  facet normal 1 0 0
    outer loop
      vertex 15 12.9169 8.44709
      vertex 15 15 15
      vertex 15 12.9169 11.5529
    endloop
  endfacet
  facet normal 1 0 0
    outer loop
      vertex 15 15 15
      vertex 15 12.8868 11.5911
      vertex 15 12.9169 11.5529
    endloop
  endfacet
  facet normal 1 0 0
    outer loop
      vertex 15 15 15
      vertex 15 12.8265 11.6191
      vertex 15 12.8868 11.5911
    endloop
  endfacet
  facet normal 1 0 0
    outer loop
      vertex 15 15 15
      vertex 15 10 12.9309
      vertex 15 12.8265 11.6191
    endloop
  endfacet
  facet normal 1 0 0
    outer loop
      vertex 15 2.91687 8.44709
      vertex 15 7.08313 8.44709
      vertex 15 7.08313 11.5529
    endloop
  endfacet
  facet normal 1 0 0
    outer loop
      vertex 15 7.11325 8.40889
      vertex 15 2.88675 8.40889
      vertex 15 7.11325 1.59111
    endloop
  endfacet
  facet normal 1 0 0
    outer loop
      vertex 15 2.91687 8.44709
      vertex 15 7.08313 11.5529
      vertex 15 2.91687 11.5529
    endloop
  endfacet
  facet normal 1 0 0
    outer loop
      vertex 15 7.11325 11.5911
      vertex 15 2.91687 11.5529
      vertex 15 7.08313 11.5529
    endloop
  endfacet
  facet normal 1 0 0
    outer loop
      vertex 15 2.88675 11.5911
      vertex 15 7.11325 11.5911
      vertex 15 7.1735 11.6191
    endloop
  endfacet
  facet normal 1 0 0
    outer loop
      vertex 15 2.8265 11.6191
      vertex 15 7.1735 11.6191
      vertex 15 10 12.9309
    endloop
  endfacet
  facet normal 1 0 0
    outer loop
      vertex 15 0 12.9309
      vertex 15 10 12.9309
      vertex 15 15 15
    endloop
  endfacet
  facet normal 1 0 0
    outer loop
      vertex 15 7.11325 11.5911
      vertex 15 2.88675 11.5911
      vertex 15 2.91687 11.5529
    endloop
  endfacet
  facet normal 1 0 0
    outer loop
      vertex 15 7.1735 11.6191
      vertex 15 2.8265 11.6191
      vertex 15 2.88675 11.5911
    endloop
  endfacet
  facet normal 1 0 0
    outer loop
      vertex 15 10 12.9309
      vertex 15 0 12.9309
      vertex 15 2.8265 11.6191
    endloop
  endfacet
  facet normal 1 0 0
    outer loop
      vertex 15 -5 15
      vertex 15 -2.91687 8.44709
      vertex 15 -2.91687 11.5529
    endloop
  endfacet
  facet normal 1 0 0
    outer loop
      vertex 15 -2.91687 8.44709
      vertex 15 -5 15
      vertex 15 -2.91687 1.55291
    endloop
  endfacet
  facet normal 1 0 0
    outer loop
      vertex 15 -5 -5
      vertex 15 -2.91687 1.55291
      vertex 15 -5 15
    endloop
  endfacet
  facet normal 1 0 0
    outer loop
      vertex 15 -2.88675 11.5911
      vertex 15 -5 15
      vertex 15 -2.91687 11.5529
    endloop
  endfacet
  facet normal 1 0 0
    outer loop
      vertex 15 -2.8265 11.6191
      vertex 15 -5 15
      vertex 15 -2.88675 11.5911
    endloop
  endfacet
  facet normal 1 0 0
    outer loop
      vertex 15 0 12.9309
      vertex 15 -5 15
      vertex 15 -2.8265 11.6191
    endloop
  endfacet
  facet normal 1 -0 0
    outer loop
      vertex 15 -5 15
      vertex 15 0 12.9309
      vertex 15 15 15
    endloop
  endfacet
  facet normal 1 0 0
    outer loop
      vertex 15 15 15
      vertex 15 12.9169 8.44709
      vertex 15 15 -5
    endloop
  endfacet
  facet normal 1 -0 0
    outer loop
      vertex 15 12.9169 1.55291
      vertex 15 15 -5
      vertex 15 12.9169 8.44709
    endloop
  endfacet
  facet normal 1 -0 0
    outer loop
      vertex 15 12.9169 -1.55291
      vertex 15 15 -5
      vertex 15 12.9169 1.55291
    endloop
  endfacet
  facet normal 1 -0 0
    outer loop
      vertex 15 12.8868 -1.59111
      vertex 15 15 -5
      vertex 15 12.9169 -1.55291
    endloop
  endfacet
  facet normal 1 -0 0
    outer loop
      vertex 15 12.8265 -1.61907
      vertex 15 15 -5
      vertex 15 12.8868 -1.59111
    endloop
  endfacet
  facet normal 1 -0 0
    outer loop
      vertex 15 10 -2.93085
      vertex 15 15 -5
      vertex 15 12.8265 -1.61907
    endloop
  endfacet
  facet normal 1 0 0
    outer loop
      vertex 15 2.8265 -1.61907
      vertex 15 7.1735 -1.61907
      vertex 15 7.11325 -1.59111
    endloop
  endfacet
  facet normal 1 0 0
    outer loop
      vertex 15 7.11325 1.59111
      vertex 15 2.91687 1.55291
      vertex 15 7.08313 1.55291
    endloop
  endfacet
  facet normal 1 0 0
    outer loop
      vertex 15 7.08313 1.55291
      vertex 15 2.91687 1.55291
      vertex 15 7.08313 -1.55291
    endloop
  endfacet
  facet normal 1 0 0
    outer loop
      vertex 15 2.91687 -1.55291
      vertex 15 7.08313 -1.55291
      vertex 15 2.91687 1.55291
    endloop
  endfacet
  facet normal 1 0 0
    outer loop
      vertex 15 7.08313 -1.55291
      vertex 15 2.91687 -1.55291
      vertex 15 7.11325 -1.59111
    endloop
  endfacet
  facet normal 1 0 0
    outer loop
      vertex 15 2.88675 -1.59111
      vertex 15 7.11325 -1.59111
      vertex 15 2.91687 -1.55291
    endloop
  endfacet
  facet normal 1 0 0
    outer loop
      vertex 15 2.8265 -1.61907
      vertex 15 7.11325 -1.59111
      vertex 15 2.88675 -1.59111
    endloop
  endfacet
  facet normal 1 0 0
    outer loop
      vertex 15 7.1735 -1.61907
      vertex 15 2.8265 -1.61907
      vertex 15 10 -2.93085
    endloop
  endfacet
  facet normal 1 0 0
    outer loop
      vertex 15 0 -2.93085
      vertex 15 10 -2.93085
      vertex 15 2.8265 -1.61907
    endloop
  endfacet
  facet normal 1 0 0
    outer loop
      vertex 15 10 -2.93085
      vertex 15 0 -2.93085
      vertex 15 15 -5
    endloop
  endfacet
  facet normal 1 0 0
    outer loop
      vertex 15 0 -2.93085
      vertex 15 -5 -5
      vertex 15 15 -5
    endloop
  endfacet
  facet normal 1 0 0
    outer loop
      vertex 15 -2.8265 -1.61907
      vertex 15 -5 -5
      vertex 15 0 -2.93085
    endloop
  endfacet
  facet normal 1 0 0
    outer loop
      vertex 15 -2.88675 -1.59111
      vertex 15 -5 -5
      vertex 15 -2.8265 -1.61907
    endloop
  endfacet
  facet normal 1 0 0
    outer loop
      vertex 15 -2.91687 -1.55291
      vertex 15 -5 -5
      vertex 15 -2.88675 -1.59111
    endloop
  endfacet
  facet normal 1 0 0
    outer loop
      vertex 15 -2.91687 1.55291
      vertex 15 -5 -5
      vertex 15 -2.91687 -1.55291
    endloop
  endfacet
  facet normal -0.362791 -0.362789 -0.858351
    outer loop
      vertex 12.5382 1.46543 5
      vertex 12.1213 3.67423 4.24264
      vertex 13.6742 2.12132 4.24264
    endloop
  endfacet
  facet normal -0.362775 -0.362788 -0.858358
    outer loop
      vertex 12.1213 3.67423 4.24264
      vertex 12.5382 1.46543 5
      vertex 11.4654 2.53819 5
    endloop
  endfacet
  facet normal 0.843615 -0.226027 -0.487058
    outer loop
      vertex 6.32577 2.12132 4.24264
      vertex 5 2.8265 1.61907
      vertex 5 2.88675 1.59111
    endloop
  endfacet
  facet normal 0.843609 -0.226046 -0.48706
    outer loop
      vertex 5 2.8265 1.61907
      vertex 6.32577 2.12132 4.24264
      vertex 5.75736 0 4.24264
    endloop
  endfacet
  facet normal -0.843598 0.226052 -0.487076
    outer loop
      vertex 15 0 2.93085
      vertex 15 -2.8265 1.61907
      vertex 14.2426 0 4.24264
    endloop
  endfacet
  facet normal 0.226046 -0.843609 -0.48706
    outer loop
      vertex 7.87868 3.67423 4.24264
      vertex 7.1735 5 1.61907
      vertex 10 4.24264 4.24264
    endloop
  endfacet
  facet normal 0.226027 -0.843615 -0.487058
    outer loop
      vertex 7.1735 5 1.61907
      vertex 7.87868 3.67423 4.24264
      vertex 7.11325 5 1.59111
    endloop
  endfacet
  facet normal -0.495587 -0.132791 -0.858347
    outer loop
      vertex 12.8294 0.37868 5
      vertex 13.6742 2.12132 4.24264
      vertex 14.2426 0 4.24264
    endloop
  endfacet
  facet normal -0.495582 -0.132794 -0.85835
    outer loop
      vertex 13.6742 2.12132 4.24264
      vertex 12.8294 0.37868 5
      vertex 12.5382 1.46543 5
    endloop
  endfacet
  facet normal -0.362791 0.362789 -0.858351
    outer loop
      vertex 12.1213 -3.67423 4.24264
      vertex 12.5382 -1.46543 5
      vertex 13.6742 -2.12132 4.24264
    endloop
  endfacet
  facet normal -0.362775 0.362788 -0.858358
    outer loop
      vertex 12.5382 -1.46543 5
      vertex 12.1213 -3.67423 4.24264
      vertex 11.4654 -2.53819 5
    endloop
  endfacet
  facet normal 0.617601 -0.617601 0.486967
    outer loop
      vertex 5 2.88675 -1.59111
      vertex 7.08313 5 -1.55291
      vertex 5 2.91687 -1.55291
    endloop
  endfacet
  facet normal 0.617601 -0.617601 0.486967
    outer loop
      vertex 5 2.88675 -1.59111
      vertex 7.11325 5 -1.59111
      vertex 7.08313 5 -1.55291
    endloop
  endfacet
  facet normal 0.617565 -0.617565 0.487059
    outer loop
      vertex 6.32577 2.12132 -4.24264
      vertex 7.11325 5 -1.59111
      vertex 5 2.88675 -1.59111
    endloop
  endfacet
  facet normal 0.617565 -0.617565 0.487059
    outer loop
      vertex 7.11325 5 -1.59111
      vertex 6.32577 2.12132 -4.24264
      vertex 7.87868 3.67423 -4.24264
    endloop
  endfacet
  facet normal -0.495593 -0.132837 -0.858337
    outer loop
      vertex 14.2426 0 4.24264
      vertex 12.9309 0 5
      vertex 12.8294 0.37868 5
    endloop
  endfacet
  facet normal -0.495587 -0.132791 0.858347
    outer loop
      vertex 13.6742 2.12132 -4.24264
      vertex 12.8294 0.37868 -5
      vertex 14.2426 0 -4.24264
    endloop
  endfacet
  facet normal -0.495582 -0.132794 0.85835
    outer loop
      vertex 12.8294 0.37868 -5
      vertex 13.6742 2.12132 -4.24264
      vertex 12.5382 1.46543 -5
    endloop
  endfacet
  facet normal -0.495587 0.132791 -0.858347
    outer loop
      vertex 13.6742 -2.12132 4.24264
      vertex 12.8294 -0.37868 5
      vertex 14.2426 0 4.24264
    endloop
  endfacet
  facet normal -0.495582 0.132794 -0.85835
    outer loop
      vertex 12.8294 -0.37868 5
      vertex 13.6742 -2.12132 4.24264
      vertex 12.5382 -1.46543 5
    endloop
  endfacet
  facet normal -0.843598 -0.226052 -0.487076
    outer loop
      vertex 15 2.8265 1.61907
      vertex 15 0 2.93085
      vertex 14.2426 0 4.24264
    endloop
  endfacet
  facet normal 0.226044 0.843611 -0.487057
    outer loop
      vertex 10 -4.24264 4.24264
      vertex 10 -5 2.93085
      vertex 7.1735 -5 1.61907
    endloop
  endfacet
  facet normal 0.495572 -0.132779 0.858358
    outer loop
      vertex 7.06915 0 -5
      vertex 7.17061 0.37868 -5
      vertex 5.75736 0 -4.24264
    endloop
  endfacet
  facet normal 0.707107 0.707107 0
    outer loop
      vertex 7.08313 -5 1.55291
      vertex 5 -2.91687 -1.55291
      vertex 5 -2.91687 1.55291
    endloop
  endfacet
  facet normal 0.707107 0.707107 0
    outer loop
      vertex 5 -2.91687 -1.55291
      vertex 7.08313 -5 1.55291
      vertex 7.08313 -5 -1.55291
    endloop
  endfacet
  facet normal -0.226044 0.843611 0.487057
    outer loop
      vertex 12.8265 -5 -1.61907
      vertex 10 -4.24264 -4.24264
      vertex 10 -5 -2.93085
    endloop
  endfacet
  facet normal 0.843609 0.226046 -0.48706
    outer loop
      vertex 6.32577 -2.12132 4.24264
      vertex 5 -2.8265 1.61907
      vertex 5.75736 0 4.24264
    endloop
  endfacet
  facet normal 0.843615 0.226027 -0.487058
    outer loop
      vertex 5 -2.8265 1.61907
      vertex 6.32577 -2.12132 4.24264
      vertex 5 -2.88675 1.59111
    endloop
  endfacet
  facet normal 0.495571 0.132791 -0.858356
    outer loop
      vertex 6.32577 -2.12132 4.24264
      vertex 7.17061 -0.37868 5
      vertex 7.46181 -1.46543 5
    endloop
  endfacet
  facet normal 0.495573 0.132789 -0.858356
    outer loop
      vertex 7.17061 -0.37868 5
      vertex 6.32577 -2.12132 4.24264
      vertex 5.75736 0 4.24264
    endloop
  endfacet
  facet normal -0.843598 -0.226052 0.487076
    outer loop
      vertex 15 0 -2.93085
      vertex 15 2.8265 -1.61907
      vertex 14.2426 0 -4.24264
    endloop
  endfacet
  facet normal -0.226048 -0.843608 -0.487061
    outer loop
      vertex 12.8265 5 1.61907
      vertex 12.1213 3.67423 4.24264
      vertex 10 4.24264 4.24264
    endloop
  endfacet
  facet normal -0.225831 -0.843679 -0.487039
    outer loop
      vertex 12.1213 3.67423 4.24264
      vertex 12.8265 5 1.61907
      vertex 12.8868 5 1.59111
    endloop
  endfacet
  facet normal 0.495572 0.132779 -0.858358
    outer loop
      vertex 7.06915 0 5
      vertex 7.17061 -0.37868 5
      vertex 5.75736 0 4.24264
    endloop
  endfacet
  facet normal -0.226044 -0.843611 0.487057
    outer loop
      vertex 12.8265 5 -1.61907
      vertex 10 5 -2.93085
      vertex 10 4.24264 -4.24264
    endloop
  endfacet
  facet normal -0.617702 -0.617693 -0.486723
    outer loop
      vertex 15 2.91687 1.55291
      vertex 12.8868 5 1.59111
      vertex 12.9169 5 1.55291
    endloop
  endfacet
  facet normal -0.61761 -0.617596 -0.486963
    outer loop
      vertex 12.8868 5 1.59111
      vertex 15 2.91687 1.55291
      vertex 15 2.88675 1.59111
    endloop
  endfacet
  facet normal -0.617568 -0.617553 -0.48707
    outer loop
      vertex 12.8868 5 1.59111
      vertex 15 2.88675 1.59111
      vertex 12.1213 3.67423 4.24264
    endloop
  endfacet
  facet normal -0.617565 -0.617561 -0.487065
    outer loop
      vertex 12.1213 3.67423 4.24264
      vertex 15 2.88675 1.59111
      vertex 13.6742 2.12132 4.24264
    endloop
  endfacet
  facet normal 0.362784 0.362784 -0.858356
    outer loop
      vertex 7.87868 -3.67423 4.24264
      vertex 7.46181 -1.46543 5
      vertex 8.53457 -2.53819 5
    endloop
  endfacet
  facet normal 0.362784 0.362784 -0.858356
    outer loop
      vertex 7.46181 -1.46543 5
      vertex 7.87868 -3.67423 4.24264
      vertex 6.32577 -2.12132 4.24264
    endloop
  endfacet
  facet normal -0.226048 0.843608 -0.487061
    outer loop
      vertex 12.1213 -3.67423 4.24264
      vertex 12.8265 -5 1.61907
      vertex 10 -4.24264 4.24264
    endloop
  endfacet
  facet normal -0.225831 0.843679 -0.487039
    outer loop
      vertex 12.8265 -5 1.61907
      vertex 12.1213 -3.67423 4.24264
      vertex 12.8868 -5 1.59111
    endloop
  endfacet
  facet normal 0.226044 0.843611 0.487057
    outer loop
      vertex 10 -5 -2.93085
      vertex 10 -4.24264 -4.24264
      vertex 7.1735 -5 -1.61907
    endloop
  endfacet
  facet normal 0.617601 0.617601 0.486967
    outer loop
      vertex 7.11325 -5 -1.59111
      vertex 5 -2.88675 -1.59111
      vertex 5 -2.91687 -1.55291
    endloop
  endfacet
  facet normal 0.617565 0.617565 0.487059
    outer loop
      vertex 5 -2.88675 -1.59111
      vertex 7.87868 -3.67423 -4.24264
      vertex 6.32577 -2.12132 -4.24264
    endloop
  endfacet
  facet normal 0.617601 0.617601 0.486967
    outer loop
      vertex 7.11325 -5 -1.59111
      vertex 5 -2.91687 -1.55291
      vertex 7.08313 -5 -1.55291
    endloop
  endfacet
  facet normal 0.617565 0.617565 0.487059
    outer loop
      vertex 5 -2.88675 -1.59111
      vertex 7.11325 -5 -1.59111
      vertex 7.87868 -3.67423 -4.24264
    endloop
  endfacet
  facet normal -0.843606 0.226041 0.487066
    outer loop
      vertex 13.6742 -2.12132 -4.24264
      vertex 15 -2.8265 -1.61907
      vertex 14.2426 0 -4.24264
    endloop
  endfacet
  facet normal -0.84361 0.226031 0.487065
    outer loop
      vertex 15 -2.8265 -1.61907
      vertex 13.6742 -2.12132 -4.24264
      vertex 15 -2.88675 -1.59111
    endloop
  endfacet
  facet normal 0.843611 -0.226044 0.487057
    outer loop
      vertex 5.75736 0 -4.24264
      vertex 5 2.8265 -1.61907
      vertex 5 0 -2.93085
    endloop
  endfacet
  facet normal 0.843611 0.226044 0.487057
    outer loop
      vertex 5.75736 0 -4.24264
      vertex 5 0 -2.93085
      vertex 5 -2.8265 -1.61907
    endloop
  endfacet
  facet normal 0.617565 -0.617565 -0.487059
    outer loop
      vertex 5 2.88675 1.59111
      vertex 7.11325 5 1.59111
      vertex 7.87868 3.67423 4.24264
    endloop
  endfacet
  facet normal 0.617601 -0.617601 -0.486967
    outer loop
      vertex 5 2.91687 1.55291
      vertex 7.11325 5 1.59111
      vertex 5 2.88675 1.59111
    endloop
  endfacet
  facet normal 0.617601 -0.617601 -0.486967
    outer loop
      vertex 7.11325 5 1.59111
      vertex 5 2.91687 1.55291
      vertex 7.08313 5 1.55291
    endloop
  endfacet
  facet normal 0.617565 -0.617565 -0.487059
    outer loop
      vertex 5 2.88675 1.59111
      vertex 7.87868 3.67423 4.24264
      vertex 6.32577 2.12132 4.24264
    endloop
  endfacet
  facet normal 0.843615 -0.226027 0.487058
    outer loop
      vertex 5 2.8265 -1.61907
      vertex 6.32577 2.12132 -4.24264
      vertex 5 2.88675 -1.59111
    endloop
  endfacet
  facet normal 0.843609 -0.226046 0.48706
    outer loop
      vertex 6.32577 2.12132 -4.24264
      vertex 5 2.8265 -1.61907
      vertex 5.75736 0 -4.24264
    endloop
  endfacet
  facet normal -0.132796 -0.495568 0.858358
    outer loop
      vertex 12.1213 3.67423 -4.24264
      vertex 10.3787 2.82939 -5
      vertex 11.4654 2.53819 -5
    endloop
  endfacet
  facet normal -0.132791 -0.495575 0.858354
    outer loop
      vertex 10.3787 2.82939 -5
      vertex 12.1213 3.67423 -4.24264
      vertex 10 4.24264 -4.24264
    endloop
  endfacet
  facet normal -0.362791 -0.362789 0.858351
    outer loop
      vertex 12.1213 3.67423 -4.24264
      vertex 12.5382 1.46543 -5
      vertex 13.6742 2.12132 -4.24264
    endloop
  endfacet
  facet normal -0.362775 -0.362788 0.858358
    outer loop
      vertex 12.5382 1.46543 -5
      vertex 12.1213 3.67423 -4.24264
      vertex 11.4654 2.53819 -5
    endloop
  endfacet
  facet normal -0.226044 -0.843611 -0.487057
    outer loop
      vertex 10 5 2.93085
      vertex 12.8265 5 1.61907
      vertex 10 4.24264 4.24264
    endloop
  endfacet
  facet normal -0.84361 -0.226031 -0.487065
    outer loop
      vertex 15 2.8265 1.61907
      vertex 13.6742 2.12132 4.24264
      vertex 15 2.88675 1.59111
    endloop
  endfacet
  facet normal -0.843606 -0.226041 -0.487066
    outer loop
      vertex 13.6742 2.12132 4.24264
      vertex 15 2.8265 1.61907
      vertex 14.2426 0 4.24264
    endloop
  endfacet
  facet normal -0.617568 -0.617553 0.48707
    outer loop
      vertex 15 2.88675 -1.59111
      vertex 12.8868 5 -1.59111
      vertex 12.1213 3.67423 -4.24264
    endloop
  endfacet
  facet normal -0.61761 -0.617596 0.486963
    outer loop
      vertex 15 2.91687 -1.55291
      vertex 12.8868 5 -1.59111
      vertex 15 2.88675 -1.59111
    endloop
  endfacet
  facet normal -0.617702 -0.617693 0.486723
    outer loop
      vertex 12.8868 5 -1.59111
      vertex 15 2.91687 -1.55291
      vertex 12.9169 5 -1.55291
    endloop
  endfacet
  facet normal -0.617565 -0.617561 0.487065
    outer loop
      vertex 15 2.88675 -1.59111
      vertex 12.1213 3.67423 -4.24264
      vertex 13.6742 2.12132 -4.24264
    endloop
  endfacet
  facet normal -0.226048 -0.843608 0.487061
    outer loop
      vertex 12.1213 3.67423 -4.24264
      vertex 12.8265 5 -1.61907
      vertex 10 4.24264 -4.24264
    endloop
  endfacet
  facet normal -0.225831 -0.843679 0.487039
    outer loop
      vertex 12.8265 5 -1.61907
      vertex 12.1213 3.67423 -4.24264
      vertex 12.8868 5 -1.59111
    endloop
  endfacet
  facet normal 0.617565 0.617565 -0.487059
    outer loop
      vertex 7.11325 -5 1.59111
      vertex 6.32577 -2.12132 4.24264
      vertex 7.87868 -3.67423 4.24264
    endloop
  endfacet
  facet normal 0.617565 0.617565 -0.487059
    outer loop
      vertex 7.11325 -5 1.59111
      vertex 5 -2.88675 1.59111
      vertex 6.32577 -2.12132 4.24264
    endloop
  endfacet
  facet normal 0.617601 0.617601 -0.486967
    outer loop
      vertex 7.08313 -5 1.55291
      vertex 5 -2.88675 1.59111
      vertex 7.11325 -5 1.59111
    endloop
  endfacet
  facet normal 0.617601 0.617601 -0.486967
    outer loop
      vertex 5 -2.88675 1.59111
      vertex 7.08313 -5 1.55291
      vertex 5 -2.91687 1.55291
    endloop
  endfacet
  facet normal -0.707112 0.707102 0
    outer loop
      vertex 12.9169 -5 -1.55291
      vertex 15 -2.91687 1.55291
      vertex 15 -2.91687 -1.55291
    endloop
  endfacet
  facet normal -0.707112 0.707102 0
    outer loop
      vertex 15 -2.91687 1.55291
      vertex 12.9169 -5 -1.55291
      vertex 12.9169 -5 1.55291
    endloop
  endfacet
  facet normal -0.132772 0.495572 -0.858359
    outer loop
      vertex 10 -2.93085 5
      vertex 10.3787 -2.82939 5
      vertex 10 -4.24264 4.24264
    endloop
  endfacet
  facet normal 0.226046 0.843609 -0.48706
    outer loop
      vertex 7.1735 -5 1.61907
      vertex 7.87868 -3.67423 4.24264
      vertex 10 -4.24264 4.24264
    endloop
  endfacet
  facet normal 0.226027 0.843615 -0.487058
    outer loop
      vertex 7.87868 -3.67423 4.24264
      vertex 7.1735 -5 1.61907
      vertex 7.11325 -5 1.59111
    endloop
  endfacet
  facet normal 0.495571 -0.132791 0.858356
    outer loop
      vertex 6.32577 2.12132 -4.24264
      vertex 7.17061 0.37868 -5
      vertex 7.46181 1.46543 -5
    endloop
  endfacet
  facet normal 0.495573 -0.132789 0.858356
    outer loop
      vertex 7.17061 0.37868 -5
      vertex 6.32577 2.12132 -4.24264
      vertex 5.75736 0 -4.24264
    endloop
  endfacet
  facet normal -0.617565 0.617561 0.487065
    outer loop
      vertex 12.1213 -3.67423 -4.24264
      vertex 15 -2.88675 -1.59111
      vertex 13.6742 -2.12132 -4.24264
    endloop
  endfacet
  facet normal -0.617568 0.617553 0.48707
    outer loop
      vertex 12.8868 -5 -1.59111
      vertex 15 -2.88675 -1.59111
      vertex 12.1213 -3.67423 -4.24264
    endloop
  endfacet
  facet normal -0.61761 0.617596 0.486963
    outer loop
      vertex 15 -2.88675 -1.59111
      vertex 12.8868 -5 -1.59111
      vertex 15 -2.91687 -1.55291
    endloop
  endfacet
  facet normal -0.617702 0.617693 0.486723
    outer loop
      vertex 15 -2.91687 -1.55291
      vertex 12.8868 -5 -1.59111
      vertex 12.9169 -5 -1.55291
    endloop
  endfacet
  facet normal -0.84361 -0.226031 0.487065
    outer loop
      vertex 13.6742 2.12132 -4.24264
      vertex 15 2.8265 -1.61907
      vertex 15 2.88675 -1.59111
    endloop
  endfacet
  facet normal -0.843606 -0.226041 0.487066
    outer loop
      vertex 15 2.8265 -1.61907
      vertex 13.6742 2.12132 -4.24264
      vertex 14.2426 0 -4.24264
    endloop
  endfacet
  facet normal -0.843598 0.226052 0.487076
    outer loop
      vertex 15 -2.8265 -1.61907
      vertex 15 0 -2.93085
      vertex 14.2426 0 -4.24264
    endloop
  endfacet
  facet normal 0.226044 -0.843611 0.487057
    outer loop
      vertex 10 4.24264 -4.24264
      vertex 10 5 -2.93085
      vertex 7.1735 5 -1.61907
    endloop
  endfacet
  facet normal 0.226027 -0.843615 0.487058
    outer loop
      vertex 7.87868 3.67423 -4.24264
      vertex 7.1735 5 -1.61907
      vertex 7.11325 5 -1.59111
    endloop
  endfacet
  facet normal 0.226046 -0.843609 0.48706
    outer loop
      vertex 7.1735 5 -1.61907
      vertex 7.87868 3.67423 -4.24264
      vertex 10 4.24264 -4.24264
    endloop
  endfacet
  facet normal -0.495593 -0.132837 0.858337
    outer loop
      vertex 12.9309 0 -5
      vertex 14.2426 0 -4.24264
      vertex 12.8294 0.37868 -5
    endloop
  endfacet
  facet normal -0.132796 -0.495568 -0.858358
    outer loop
      vertex 10.3787 2.82939 5
      vertex 12.1213 3.67423 4.24264
      vertex 11.4654 2.53819 5
    endloop
  endfacet
  facet normal -0.132791 -0.495575 -0.858354
    outer loop
      vertex 12.1213 3.67423 4.24264
      vertex 10.3787 2.82939 5
      vertex 10 4.24264 4.24264
    endloop
  endfacet
  facet normal 0.707107 -0.707107 0
    outer loop
      vertex 5 2.91687 1.55291
      vertex 7.08313 5 -1.55291
      vertex 7.08313 5 1.55291
    endloop
  endfacet
  facet normal 0.707107 -0.707107 0
    outer loop
      vertex 7.08313 5 -1.55291
      vertex 5 2.91687 1.55291
      vertex 5 2.91687 -1.55291
    endloop
  endfacet
  facet normal -0.707112 -0.707102 0
    outer loop
      vertex 15 2.91687 -1.55291
      vertex 12.9169 5 1.55291
      vertex 12.9169 5 -1.55291
    endloop
  endfacet
  facet normal -0.707112 -0.707102 0
    outer loop
      vertex 12.9169 5 1.55291
      vertex 15 2.91687 -1.55291
      vertex 15 2.91687 1.55291
    endloop
  endfacet
  facet normal -0.132796 0.495568 -0.858358
    outer loop
      vertex 12.1213 -3.67423 4.24264
      vertex 10.3787 -2.82939 5
      vertex 11.4654 -2.53819 5
    endloop
  endfacet
  facet normal -0.132791 0.495575 -0.858354
    outer loop
      vertex 10.3787 -2.82939 5
      vertex 12.1213 -3.67423 4.24264
      vertex 10 -4.24264 4.24264
    endloop
  endfacet
  facet normal -0.226044 0.843611 -0.487057
    outer loop
      vertex 10 -4.24264 4.24264
      vertex 12.8265 -5 1.61907
      vertex 10 -5 2.93085
    endloop
  endfacet
  facet normal -0.225831 0.843679 0.487039
    outer loop
      vertex 12.1213 -3.67423 -4.24264
      vertex 12.8265 -5 -1.61907
      vertex 12.8868 -5 -1.59111
    endloop
  endfacet
  facet normal -0.226048 0.843608 0.487061
    outer loop
      vertex 12.8265 -5 -1.61907
      vertex 12.1213 -3.67423 -4.24264
      vertex 10 -4.24264 -4.24264
    endloop
  endfacet
  facet normal -0.495593 0.132837 -0.858337
    outer loop
      vertex 12.9309 0 5
      vertex 14.2426 0 4.24264
      vertex 12.8294 -0.37868 5
    endloop
  endfacet
  facet normal 0.132789 0.495573 -0.858356
    outer loop
      vertex 7.87868 -3.67423 4.24264
      vertex 9.62132 -2.82939 5
      vertex 10 -4.24264 4.24264
    endloop
  endfacet
  facet normal 0.132791 0.495571 -0.858356
    outer loop
      vertex 9.62132 -2.82939 5
      vertex 7.87868 -3.67423 4.24264
      vertex 8.53457 -2.53819 5
    endloop
  endfacet
  facet normal 0.495571 0.132791 0.858356
    outer loop
      vertex 7.17061 -0.37868 -5
      vertex 6.32577 -2.12132 -4.24264
      vertex 7.46181 -1.46543 -5
    endloop
  endfacet
  facet normal 0.495573 0.132789 0.858356
    outer loop
      vertex 6.32577 -2.12132 -4.24264
      vertex 7.17061 -0.37868 -5
      vertex 5.75736 0 -4.24264
    endloop
  endfacet
  facet normal 0.843609 0.226046 0.48706
    outer loop
      vertex 5 -2.8265 -1.61907
      vertex 6.32577 -2.12132 -4.24264
      vertex 5.75736 0 -4.24264
    endloop
  endfacet
  facet normal 0.843615 0.226027 0.487058
    outer loop
      vertex 6.32577 -2.12132 -4.24264
      vertex 5 -2.8265 -1.61907
      vertex 5 -2.88675 -1.59111
    endloop
  endfacet
  facet normal 0.843611 0.226044 -0.487057
    outer loop
      vertex 5 0 2.93085
      vertex 5.75736 0 4.24264
      vertex 5 -2.8265 1.61907
    endloop
  endfacet
  facet normal 0.843611 -0.226044 -0.487057
    outer loop
      vertex 5 2.8265 1.61907
      vertex 5.75736 0 4.24264
      vertex 5 0 2.93085
    endloop
  endfacet
  facet normal -0.132772 0.495572 0.858359
    outer loop
      vertex 10.3787 -2.82939 -5
      vertex 10 -2.93085 -5
      vertex 10 -4.24264 -4.24264
    endloop
  endfacet
  facet normal -0.132772 -0.495572 0.858359
    outer loop
      vertex 10.3787 2.82939 -5
      vertex 10 4.24264 -4.24264
      vertex 10 2.93085 -5
    endloop
  endfacet
  facet normal 0.362784 -0.362784 -0.858356
    outer loop
      vertex 7.46181 1.46543 5
      vertex 7.87868 3.67423 4.24264
      vertex 8.53457 2.53819 5
    endloop
  endfacet
  facet normal 0.362784 -0.362784 -0.858356
    outer loop
      vertex 7.87868 3.67423 4.24264
      vertex 7.46181 1.46543 5
      vertex 6.32577 2.12132 4.24264
    endloop
  endfacet
  facet normal 0.495571 -0.132791 -0.858356
    outer loop
      vertex 7.17061 0.37868 5
      vertex 6.32577 2.12132 4.24264
      vertex 7.46181 1.46543 5
    endloop
  endfacet
  facet normal 0.495573 -0.132789 -0.858356
    outer loop
      vertex 6.32577 2.12132 4.24264
      vertex 7.17061 0.37868 5
      vertex 5.75736 0 4.24264
    endloop
  endfacet
  facet normal 0.226044 -0.843611 -0.487057
    outer loop
      vertex 10 5 2.93085
      vertex 10 4.24264 4.24264
      vertex 7.1735 5 1.61907
    endloop
  endfacet
  facet normal -0.61761 0.617596 -0.486963
    outer loop
      vertex 12.8868 -5 1.59111
      vertex 15 -2.88675 1.59111
      vertex 15 -2.91687 1.55291
    endloop
  endfacet
  facet normal -0.617565 0.617561 -0.487065
    outer loop
      vertex 15 -2.88675 1.59111
      vertex 12.1213 -3.67423 4.24264
      vertex 13.6742 -2.12132 4.24264
    endloop
  endfacet
  facet normal -0.617702 0.617693 -0.486723
    outer loop
      vertex 12.8868 -5 1.59111
      vertex 15 -2.91687 1.55291
      vertex 12.9169 -5 1.55291
    endloop
  endfacet
  facet normal -0.617568 0.617553 -0.48707
    outer loop
      vertex 15 -2.88675 1.59111
      vertex 12.8868 -5 1.59111
      vertex 12.1213 -3.67423 4.24264
    endloop
  endfacet
  facet normal -0.843606 0.226041 -0.487066
    outer loop
      vertex 15 -2.8265 1.61907
      vertex 13.6742 -2.12132 4.24264
      vertex 14.2426 0 4.24264
    endloop
  endfacet
  facet normal -0.84361 0.226031 -0.487065
    outer loop
      vertex 13.6742 -2.12132 4.24264
      vertex 15 -2.8265 1.61907
      vertex 15 -2.88675 1.59111
    endloop
  endfacet
  facet normal 0.132779 0.495572 -0.858358
    outer loop
      vertex 10 -2.93085 5
      vertex 10 -4.24264 4.24264
      vertex 9.62132 -2.82939 5
    endloop
  endfacet
  facet normal 0.362784 -0.362784 0.858356
    outer loop
      vertex 7.87868 3.67423 -4.24264
      vertex 7.46181 1.46543 -5
      vertex 8.53457 2.53819 -5
    endloop
  endfacet
  facet normal 0.362784 -0.362784 0.858356
    outer loop
      vertex 7.46181 1.46543 -5
      vertex 7.87868 3.67423 -4.24264
      vertex 6.32577 2.12132 -4.24264
    endloop
  endfacet
  facet normal 0.132779 -0.495572 0.858358
    outer loop
      vertex 10 2.93085 -5
      vertex 10 4.24264 -4.24264
      vertex 9.62132 2.82939 -5
    endloop
  endfacet
  facet normal 0.226046 0.843609 0.48706
    outer loop
      vertex 7.87868 -3.67423 -4.24264
      vertex 7.1735 -5 -1.61907
      vertex 10 -4.24264 -4.24264
    endloop
  endfacet
  facet normal 0.226027 0.843615 0.487058
    outer loop
      vertex 7.1735 -5 -1.61907
      vertex 7.87868 -3.67423 -4.24264
      vertex 7.11325 -5 -1.59111
    endloop
  endfacet
  facet normal -0.362791 0.362789 0.858351
    outer loop
      vertex 12.5382 -1.46543 -5
      vertex 12.1213 -3.67423 -4.24264
      vertex 13.6742 -2.12132 -4.24264
    endloop
  endfacet
  facet normal -0.362775 0.362788 0.858358
    outer loop
      vertex 12.1213 -3.67423 -4.24264
      vertex 12.5382 -1.46543 -5
      vertex 11.4654 -2.53819 -5
    endloop
  endfacet
  facet normal -0.132796 0.495568 0.858358
    outer loop
      vertex 10.3787 -2.82939 -5
      vertex 12.1213 -3.67423 -4.24264
      vertex 11.4654 -2.53819 -5
    endloop
  endfacet
  facet normal -0.132791 0.495575 0.858354
    outer loop
      vertex 12.1213 -3.67423 -4.24264
      vertex 10.3787 -2.82939 -5
      vertex 10 -4.24264 -4.24264
    endloop
  endfacet
  facet normal 0.495572 -0.132779 -0.858358
    outer loop
      vertex 7.17061 0.37868 5
      vertex 7.06915 0 5
      vertex 5.75736 0 4.24264
    endloop
  endfacet
  facet normal 0.132779 -0.495572 -0.858358
    outer loop
      vertex 10 4.24264 4.24264
      vertex 10 2.93085 5
      vertex 9.62132 2.82939 5
    endloop
  endfacet
  facet normal 0.132791 -0.495571 -0.858356
    outer loop
      vertex 7.87868 3.67423 4.24264
      vertex 9.62132 2.82939 5
      vertex 8.53457 2.53819 5
    endloop
  endfacet
  facet normal 0.132789 -0.495573 -0.858356
    outer loop
      vertex 9.62132 2.82939 5
      vertex 7.87868 3.67423 4.24264
      vertex 10 4.24264 4.24264
    endloop
  endfacet
  facet normal 0.132791 0.495571 0.858356
    outer loop
      vertex 7.87868 -3.67423 -4.24264
      vertex 9.62132 -2.82939 -5
      vertex 8.53457 -2.53819 -5
    endloop
  endfacet
  facet normal 0.132789 0.495573 0.858356
    outer loop
      vertex 9.62132 -2.82939 -5
      vertex 7.87868 -3.67423 -4.24264
      vertex 10 -4.24264 -4.24264
    endloop
  endfacet
  facet normal 0.362784 0.362784 0.858356
    outer loop
      vertex 7.46181 -1.46543 -5
      vertex 7.87868 -3.67423 -4.24264
      vertex 8.53457 -2.53819 -5
    endloop
  endfacet
  facet normal 0.362784 0.362784 0.858356
    outer loop
      vertex 7.87868 -3.67423 -4.24264
      vertex 7.46181 -1.46543 -5
      vertex 6.32577 -2.12132 -4.24264
    endloop
  endfacet
  facet normal 0.132789 -0.495573 0.858356
    outer loop
      vertex 7.87868 3.67423 -4.24264
      vertex 9.62132 2.82939 -5
      vertex 10 4.24264 -4.24264
    endloop
  endfacet
  facet normal 0.132791 -0.495571 0.858356
    outer loop
      vertex 9.62132 2.82939 -5
      vertex 7.87868 3.67423 -4.24264
      vertex 8.53457 2.53819 -5
    endloop
  endfacet
  facet normal -0.495593 0.132837 0.858337
    outer loop
      vertex 14.2426 0 -4.24264
      vertex 12.9309 0 -5
      vertex 12.8294 -0.37868 -5
    endloop
  endfacet
  facet normal -0.495587 0.132791 0.858347
    outer loop
      vertex 12.8294 -0.37868 -5
      vertex 13.6742 -2.12132 -4.24264
      vertex 14.2426 0 -4.24264
    endloop
  endfacet
  facet normal -0.495582 0.132794 0.85835
    outer loop
      vertex 13.6742 -2.12132 -4.24264
      vertex 12.8294 -0.37868 -5
      vertex 12.5382 -1.46543 -5
    endloop
  endfacet
  facet normal -0.132772 -0.495572 -0.858359
    outer loop
      vertex 10 4.24264 4.24264
      vertex 10.3787 2.82939 5
      vertex 10 2.93085 5
    endloop
  endfacet
  facet normal 0.495572 0.132779 0.858358
    outer loop
      vertex 7.17061 -0.37868 -5
      vertex 7.06915 0 -5
      vertex 5.75736 0 -4.24264
    endloop
  endfacet
  facet normal 0.132779 0.495572 0.858358
    outer loop
      vertex 10 -4.24264 -4.24264
      vertex 10 -2.93085 -5
      vertex 9.62132 -2.82939 -5
    endloop
  endfacet
  facet normal -0.362806 -0.362803 -0.858339
    outer loop
      vertex 12.5382 1.46543 15
      vertex 12.1213 3.67423 14.2426
      vertex 13.6742 2.12132 14.2426
    endloop
  endfacet
  facet normal -0.362789 -0.362803 -0.858346
    outer loop
      vertex 12.1213 3.67423 14.2426
      vertex 12.5382 1.46543 15
      vertex 11.4654 2.53819 15
    endloop
  endfacet
  facet normal 0.843497 -0.226372 -0.487103
    outer loop
      vertex 6.32577 2.12132 14.2426
      vertex 5 2.8265 11.6191
      vertex 5 2.88675 11.5911
    endloop
  endfacet
  facet normal 0.843604 -0.226045 -0.487069
    outer loop
      vertex 5 2.8265 11.6191
      vertex 6.32577 2.12132 14.2426
      vertex 5.75736 0 14.2426
    endloop
  endfacet
  facet normal -0.843581 0.226066 -0.487099
    outer loop
      vertex 15 0 12.9309
      vertex 15 -2.8265 11.6191
      vertex 14.2426 0 14.2426
    endloop
  endfacet
  facet normal 0.226045 -0.843604 -0.487069
    outer loop
      vertex 7.87868 3.67423 14.2426
      vertex 7.1735 5 11.6191
      vertex 10 4.24264 14.2426
    endloop
  endfacet
  facet normal 0.226372 -0.843497 -0.487103
    outer loop
      vertex 7.1735 5 11.6191
      vertex 7.87868 3.67423 14.2426
      vertex 7.11325 5 11.5911
    endloop
  endfacet
  facet normal -0.495606 -0.132796 -0.858336
    outer loop
      vertex 12.8294 0.37868 15
      vertex 13.6742 2.12132 14.2426
      vertex 14.2426 0 14.2426
    endloop
  endfacet
  facet normal -0.495602 -0.132799 -0.858338
    outer loop
      vertex 13.6742 2.12132 14.2426
      vertex 12.8294 0.37868 15
      vertex 12.5382 1.46543 15
    endloop
  endfacet
  facet normal -0.362806 0.362803 -0.858339
    outer loop
      vertex 12.1213 -3.67423 14.2426
      vertex 12.5382 -1.46543 15
      vertex 13.6742 -2.12132 14.2426
    endloop
  endfacet
  facet normal -0.362789 0.362803 -0.858346
    outer loop
      vertex 12.5382 -1.46543 15
      vertex 12.1213 -3.67423 14.2426
      vertex 11.4654 -2.53819 15
    endloop
  endfacet
  facet normal 0.617601 -0.617601 0.486967
    outer loop
      vertex 5 2.88675 8.40889
      vertex 7.08313 5 8.44709
      vertex 5 2.91687 8.44709
    endloop
  endfacet
  facet normal 0.617601 -0.617601 0.486967
    outer loop
      vertex 5 2.88675 8.40889
      vertex 7.11325 5 8.40889
      vertex 7.08313 5 8.44709
    endloop
  endfacet
  facet normal 0.617565 -0.617565 0.487059
    outer loop
      vertex 6.32577 2.12132 5.75736
      vertex 7.11325 5 8.40889
      vertex 5 2.88675 8.40889
    endloop
  endfacet
  facet normal 0.617565 -0.617565 0.487059
    outer loop
      vertex 7.11325 5 8.40889
      vertex 6.32577 2.12132 5.75736
      vertex 7.87868 3.67423 5.75736
    endloop
  endfacet
  facet normal -0.495613 -0.132842 -0.858325
    outer loop
      vertex 14.2426 0 14.2426
      vertex 12.9309 0 15
      vertex 12.8294 0.37868 15
    endloop
  endfacet
  facet normal -0.495587 -0.132791 0.858347
    outer loop
      vertex 13.6742 2.12132 5.75736
      vertex 12.8294 0.37868 5
      vertex 14.2426 0 5.75736
    endloop
  endfacet
  facet normal -0.495582 -0.132794 0.85835
    outer loop
      vertex 12.8294 0.37868 5
      vertex 13.6742 2.12132 5.75736
      vertex 12.5382 1.46543 5
    endloop
  endfacet
  facet normal -0.495606 0.132796 -0.858336
    outer loop
      vertex 13.6742 -2.12132 14.2426
      vertex 12.8294 -0.37868 15
      vertex 14.2426 0 14.2426
    endloop
  endfacet
  facet normal -0.495602 0.132799 -0.858338
    outer loop
      vertex 12.8294 -0.37868 15
      vertex 13.6742 -2.12132 14.2426
      vertex 12.5382 -1.46543 15
    endloop
  endfacet
  facet normal -0.843581 -0.226066 -0.487099
    outer loop
      vertex 15 2.8265 11.6191
      vertex 15 0 12.9309
      vertex 14.2426 0 14.2426
    endloop
  endfacet
  facet normal 0.226058 0.843594 -0.487081
    outer loop
      vertex 10 -4.24264 14.2426
      vertex 10 -5 12.9309
      vertex 7.1735 -5 11.6191
    endloop
  endfacet
  facet normal 0.495572 -0.132779 0.858358
    outer loop
      vertex 7.06915 0 5
      vertex 7.17061 0.37868 5
      vertex 5.75736 0 5.75736
    endloop
  endfacet
  facet normal 0.707107 0.707107 0
    outer loop
      vertex 7.08313 -5 11.5529
      vertex 5 -2.91687 8.44709
      vertex 5 -2.91687 11.5529
    endloop
  endfacet
  facet normal 0.707107 0.707107 0
    outer loop
      vertex 5 -2.91687 8.44709
      vertex 7.08313 -5 11.5529
      vertex 7.08313 -5 8.44709
    endloop
  endfacet
  facet normal -0.226044 0.843611 0.487057
    outer loop
      vertex 12.8265 -5 8.38093
      vertex 10 -4.24264 5.75736
      vertex 10 -5 7.06915
    endloop
  endfacet
  facet normal 0.843604 0.226045 -0.487069
    outer loop
      vertex 6.32577 -2.12132 14.2426
      vertex 5 -2.8265 11.6191
      vertex 5.75736 0 14.2426
    endloop
  endfacet
  facet normal 0.843497 0.226372 -0.487103
    outer loop
      vertex 5 -2.8265 11.6191
      vertex 6.32577 -2.12132 14.2426
      vertex 5 -2.88675 11.5911
    endloop
  endfacet
  facet normal 0.49559 0.132796 -0.858345
    outer loop
      vertex 6.32577 -2.12132 14.2426
      vertex 7.17061 -0.37868 15
      vertex 7.46181 -1.46543 15
    endloop
  endfacet
  facet normal 0.495592 0.132795 -0.858344
    outer loop
      vertex 7.17061 -0.37868 15
      vertex 6.32577 -2.12132 14.2426
      vertex 5.75736 0 14.2426
    endloop
  endfacet
  facet normal -0.843598 -0.226052 0.487076
    outer loop
      vertex 15 0 7.06915
      vertex 15 2.8265 8.38093
      vertex 14.2426 0 5.75736
    endloop
  endfacet
  facet normal -0.226046 -0.843602 -0.487071
    outer loop
      vertex 12.8265 5 11.6191
      vertex 12.1213 3.67423 14.2426
      vertex 10 4.24264 14.2426
    endloop
  endfacet
  facet normal -0.226175 -0.84356 -0.487084
    outer loop
      vertex 12.1213 3.67423 14.2426
      vertex 12.8265 5 11.6191
      vertex 12.8868 5 11.5911
    endloop
  endfacet
  facet normal 0.495591 0.132784 -0.858346
    outer loop
      vertex 7.06915 0 15
      vertex 7.17061 -0.37868 15
      vertex 5.75736 0 14.2426
    endloop
  endfacet
  facet normal -0.226044 -0.843611 0.487057
    outer loop
      vertex 12.8265 5 8.38093
      vertex 10 5 7.06915
      vertex 10 4.24264 5.75736
    endloop
  endfacet
  facet normal -0.617702 -0.617693 -0.486723
    outer loop
      vertex 15 2.91687 11.5529
      vertex 12.8868 5 11.5911
      vertex 12.9169 5 11.5529
    endloop
  endfacet
  facet normal -0.61761 -0.617596 -0.486963
    outer loop
      vertex 12.8868 5 11.5911
      vertex 15 2.91687 11.5529
      vertex 15 2.88675 11.5911
    endloop
  endfacet
  facet normal -0.617566 -0.617552 -0.487075
    outer loop
      vertex 12.8868 5 11.5911
      vertex 15 2.88675 11.5911
      vertex 12.1213 3.67423 14.2426
    endloop
  endfacet
  facet normal -0.617563 -0.617559 -0.487069
    outer loop
      vertex 12.1213 3.67423 14.2426
      vertex 15 2.88675 11.5911
      vertex 13.6742 2.12132 14.2426
    endloop
  endfacet
  facet normal 0.362799 0.362799 -0.858344
    outer loop
      vertex 7.87868 -3.67423 14.2426
      vertex 7.46181 -1.46543 15
      vertex 8.53457 -2.53819 15
    endloop
  endfacet
  facet normal 0.362799 0.362799 -0.858344
    outer loop
      vertex 7.46181 -1.46543 15
      vertex 7.87868 -3.67423 14.2426
      vertex 6.32577 -2.12132 14.2426
    endloop
  endfacet
  facet normal -0.226046 0.843602 -0.487071
    outer loop
      vertex 12.1213 -3.67423 14.2426
      vertex 12.8265 -5 11.6191
      vertex 10 -4.24264 14.2426
    endloop
  endfacet
  facet normal -0.226175 0.84356 -0.487084
    outer loop
      vertex 12.8265 -5 11.6191
      vertex 12.1213 -3.67423 14.2426
      vertex 12.8868 -5 11.5911
    endloop
  endfacet
  facet normal 0.226044 0.843611 0.487057
    outer loop
      vertex 10 -5 7.06915
      vertex 10 -4.24264 5.75736
      vertex 7.1735 -5 8.38093
    endloop
  endfacet
  facet normal 0.617601 0.617601 0.486967
    outer loop
      vertex 7.11325 -5 8.40889
      vertex 5 -2.88675 8.40889
      vertex 5 -2.91687 8.44709
    endloop
  endfacet
  facet normal 0.617565 0.617565 0.487059
    outer loop
      vertex 5 -2.88675 8.40889
      vertex 7.87868 -3.67423 5.75736
      vertex 6.32577 -2.12132 5.75736
    endloop
  endfacet
  facet normal 0.617601 0.617601 0.486967
    outer loop
      vertex 7.11325 -5 8.40889
      vertex 5 -2.91687 8.44709
      vertex 7.08313 -5 8.44709
    endloop
  endfacet
  facet normal 0.617565 0.617565 0.487059
    outer loop
      vertex 5 -2.88675 8.40889
      vertex 7.11325 -5 8.40889
      vertex 7.87868 -3.67423 5.75736
    endloop
  endfacet
  facet normal -0.843606 0.226041 0.487066
    outer loop
      vertex 13.6742 -2.12132 5.75736
      vertex 15 -2.8265 8.38093
      vertex 14.2426 0 5.75736
    endloop
  endfacet
  facet normal -0.84361 0.226031 0.487065
    outer loop
      vertex 15 -2.8265 8.38093
      vertex 13.6742 -2.12132 5.75736
      vertex 15 -2.88675 8.40889
    endloop
  endfacet
  facet normal 0.843611 -0.226044 0.487057
    outer loop
      vertex 5.75736 0 5.75736
      vertex 5 2.8265 8.38093
      vertex 5 0 7.06915
    endloop
  endfacet
  facet normal 0.843611 0.226044 0.487057
    outer loop
      vertex 5.75736 0 5.75736
      vertex 5 0 7.06915
      vertex 5 -2.8265 8.38093
    endloop
  endfacet
  facet normal 0.617563 -0.617563 -0.487063
    outer loop
      vertex 5 2.88675 11.5911
      vertex 7.11325 5 11.5911
      vertex 7.87868 3.67423 14.2426
    endloop
  endfacet
  facet normal 0.617601 -0.617601 -0.486967
    outer loop
      vertex 5 2.91687 11.5529
      vertex 7.11325 5 11.5911
      vertex 5 2.88675 11.5911
    endloop
  endfacet
  facet normal 0.617601 -0.617601 -0.486967
    outer loop
      vertex 7.11325 5 11.5911
      vertex 5 2.91687 11.5529
      vertex 7.08313 5 11.5529
    endloop
  endfacet
  facet normal 0.617563 -0.617563 -0.487063
    outer loop
      vertex 5 2.88675 11.5911
      vertex 7.87868 3.67423 14.2426
      vertex 6.32577 2.12132 14.2426
    endloop
  endfacet
  facet normal 0.843615 -0.226027 0.487058
    outer loop
      vertex 5 2.8265 8.38093
      vertex 6.32577 2.12132 5.75736
      vertex 5 2.88675 8.40889
    endloop
  endfacet
  facet normal 0.843609 -0.226046 0.48706
    outer loop
      vertex 6.32577 2.12132 5.75736
      vertex 5 2.8265 8.38093
      vertex 5.75736 0 5.75736
    endloop
  endfacet
  facet normal -0.132796 -0.495568 0.858358
    outer loop
      vertex 12.1213 3.67423 5.75736
      vertex 10.3787 2.82939 5
      vertex 11.4654 2.53819 5
    endloop
  endfacet
  facet normal -0.132791 -0.495575 0.858354
    outer loop
      vertex 10.3787 2.82939 5
      vertex 12.1213 3.67423 5.75736
      vertex 10 4.24264 5.75736
    endloop
  endfacet
  facet normal -0.362791 -0.362789 0.858351
    outer loop
      vertex 12.1213 3.67423 5.75736
      vertex 12.5382 1.46543 5
      vertex 13.6742 2.12132 5.75736
    endloop
  endfacet
  facet normal -0.362775 -0.362788 0.858358
    outer loop
      vertex 12.5382 1.46543 5
      vertex 12.1213 3.67423 5.75736
      vertex 11.4654 2.53819 5
    endloop
  endfacet
  facet normal -0.226058 -0.843594 -0.487081
    outer loop
      vertex 10 5 12.9309
      vertex 12.8265 5 11.6191
      vertex 10 4.24264 14.2426
    endloop
  endfacet
  facet normal -0.843491 -0.226375 -0.487111
    outer loop
      vertex 15 2.8265 11.6191
      vertex 13.6742 2.12132 14.2426
      vertex 15 2.88675 11.5911
    endloop
  endfacet
  facet normal -0.843601 -0.22604 -0.487076
    outer loop
      vertex 13.6742 2.12132 14.2426
      vertex 15 2.8265 11.6191
      vertex 14.2426 0 14.2426
    endloop
  endfacet
  facet normal -0.617568 -0.617553 0.48707
    outer loop
      vertex 15 2.88675 8.40889
      vertex 12.8868 5 8.40889
      vertex 12.1213 3.67423 5.75736
    endloop
  endfacet
  facet normal -0.61761 -0.617596 0.486963
    outer loop
      vertex 15 2.91687 8.44709
      vertex 12.8868 5 8.40889
      vertex 15 2.88675 8.40889
    endloop
  endfacet
  facet normal -0.617702 -0.617693 0.486723
    outer loop
      vertex 12.8868 5 8.40889
      vertex 15 2.91687 8.44709
      vertex 12.9169 5 8.44709
    endloop
  endfacet
  facet normal -0.617565 -0.617561 0.487065
    outer loop
      vertex 15 2.88675 8.40889
      vertex 12.1213 3.67423 5.75736
      vertex 13.6742 2.12132 5.75736
    endloop
  endfacet
  facet normal -0.226048 -0.843608 0.487061
    outer loop
      vertex 12.1213 3.67423 5.75736
      vertex 12.8265 5 8.38093
      vertex 10 4.24264 5.75736
    endloop
  endfacet
  facet normal -0.225831 -0.843679 0.487039
    outer loop
      vertex 12.8265 5 8.38093
      vertex 12.1213 3.67423 5.75736
      vertex 12.8868 5 8.40889
    endloop
  endfacet
  facet normal 0.617563 0.617563 -0.487063
    outer loop
      vertex 7.11325 -5 11.5911
      vertex 6.32577 -2.12132 14.2426
      vertex 7.87868 -3.67423 14.2426
    endloop
  endfacet
  facet normal 0.617563 0.617563 -0.487063
    outer loop
      vertex 7.11325 -5 11.5911
      vertex 5 -2.88675 11.5911
      vertex 6.32577 -2.12132 14.2426
    endloop
  endfacet
  facet normal 0.617601 0.617601 -0.486967
    outer loop
      vertex 7.08313 -5 11.5529
      vertex 5 -2.88675 11.5911
      vertex 7.11325 -5 11.5911
    endloop
  endfacet
  facet normal 0.617601 0.617601 -0.486967
    outer loop
      vertex 5 -2.88675 11.5911
      vertex 7.08313 -5 11.5529
      vertex 5 -2.91687 11.5529
    endloop
  endfacet
  facet normal -0.707112 0.707102 0
    outer loop
      vertex 12.9169 -5 8.44709
      vertex 15 -2.91687 11.5529
      vertex 15 -2.91687 8.44709
    endloop
  endfacet
  facet normal -0.707112 0.707102 0
    outer loop
      vertex 15 -2.91687 11.5529
      vertex 12.9169 -5 8.44709
      vertex 12.9169 -5 11.5529
    endloop
  endfacet
  facet normal -0.132777 0.495591 -0.858347
    outer loop
      vertex 10 -2.93085 15
      vertex 10.3787 -2.82939 15
      vertex 10 -4.24264 14.2426
    endloop
  endfacet
  facet normal 0.226045 0.843604 -0.487069
    outer loop
      vertex 7.1735 -5 11.6191
      vertex 7.87868 -3.67423 14.2426
      vertex 10 -4.24264 14.2426
    endloop
  endfacet
  facet normal 0.226372 0.843497 -0.487103
    outer loop
      vertex 7.87868 -3.67423 14.2426
      vertex 7.1735 -5 11.6191
      vertex 7.11325 -5 11.5911
    endloop
  endfacet
  facet normal 0.495571 -0.132791 0.858356
    outer loop
      vertex 6.32577 2.12132 5.75736
      vertex 7.17061 0.37868 5
      vertex 7.46181 1.46543 5
    endloop
  endfacet
  facet normal 0.495573 -0.132789 0.858356
    outer loop
      vertex 7.17061 0.37868 5
      vertex 6.32577 2.12132 5.75736
      vertex 5.75736 0 5.75736
    endloop
  endfacet
  facet normal -0.617565 0.617561 0.487065
    outer loop
      vertex 12.1213 -3.67423 5.75736
      vertex 15 -2.88675 8.40889
      vertex 13.6742 -2.12132 5.75736
    endloop
  endfacet
  facet normal -0.617568 0.617553 0.48707
    outer loop
      vertex 12.8868 -5 8.40889
      vertex 15 -2.88675 8.40889
      vertex 12.1213 -3.67423 5.75736
    endloop
  endfacet
  facet normal -0.61761 0.617596 0.486963
    outer loop
      vertex 15 -2.88675 8.40889
      vertex 12.8868 -5 8.40889
      vertex 15 -2.91687 8.44709
    endloop
  endfacet
  facet normal -0.617702 0.617693 0.486723
    outer loop
      vertex 15 -2.91687 8.44709
      vertex 12.8868 -5 8.40889
      vertex 12.9169 -5 8.44709
    endloop
  endfacet
  facet normal -0.84361 -0.226031 0.487065
    outer loop
      vertex 13.6742 2.12132 5.75736
      vertex 15 2.8265 8.38093
      vertex 15 2.88675 8.40889
    endloop
  endfacet
  facet normal -0.843606 -0.226041 0.487066
    outer loop
      vertex 15 2.8265 8.38093
      vertex 13.6742 2.12132 5.75736
      vertex 14.2426 0 5.75736
    endloop
  endfacet
  facet normal -0.843598 0.226052 0.487076
    outer loop
      vertex 15 -2.8265 8.38093
      vertex 15 0 7.06915
      vertex 14.2426 0 5.75736
    endloop
  endfacet
  facet normal 0.226044 -0.843611 0.487057
    outer loop
      vertex 10 4.24264 5.75736
      vertex 10 5 7.06915
      vertex 7.1735 5 8.38093
    endloop
  endfacet
  facet normal 0.226027 -0.843615 0.487058
    outer loop
      vertex 7.87868 3.67423 5.75736
      vertex 7.1735 5 8.38093
      vertex 7.11325 5 8.40889
    endloop
  endfacet
  facet normal 0.226046 -0.843609 0.48706
    outer loop
      vertex 7.1735 5 8.38093
      vertex 7.87868 3.67423 5.75736
      vertex 10 4.24264 5.75736
    endloop
  endfacet
  facet normal -0.495593 -0.132837 0.858337
    outer loop
      vertex 12.9309 0 5
      vertex 14.2426 0 5.75736
      vertex 12.8294 0.37868 5
    endloop
  endfacet
  facet normal -0.132801 -0.495587 -0.858346
    outer loop
      vertex 10.3787 2.82939 15
      vertex 12.1213 3.67423 14.2426
      vertex 11.4654 2.53819 15
    endloop
  endfacet
  facet normal -0.132796 -0.495594 -0.858342
    outer loop
      vertex 12.1213 3.67423 14.2426
      vertex 10.3787 2.82939 15
      vertex 10 4.24264 14.2426
    endloop
  endfacet
  facet normal 0.707107 -0.707107 0
    outer loop
      vertex 5 2.91687 11.5529
      vertex 7.08313 5 8.44709
      vertex 7.08313 5 11.5529
    endloop
  endfacet
  facet normal 0.707107 -0.707107 0
    outer loop
      vertex 7.08313 5 8.44709
      vertex 5 2.91687 11.5529
      vertex 5 2.91687 8.44709
    endloop
  endfacet
  facet normal -0.707112 -0.707102 0
    outer loop
      vertex 15 2.91687 8.44709
      vertex 12.9169 5 11.5529
      vertex 12.9169 5 8.44709
    endloop
  endfacet
  facet normal -0.707112 -0.707102 0
    outer loop
      vertex 12.9169 5 11.5529
      vertex 15 2.91687 8.44709
      vertex 15 2.91687 11.5529
    endloop
  endfacet
  facet normal -0.132801 0.495587 -0.858346
    outer loop
      vertex 12.1213 -3.67423 14.2426
      vertex 10.3787 -2.82939 15
      vertex 11.4654 -2.53819 15
    endloop
  endfacet
  facet normal -0.132796 0.495594 -0.858342
    outer loop
      vertex 10.3787 -2.82939 15
      vertex 12.1213 -3.67423 14.2426
      vertex 10 -4.24264 14.2426
    endloop
  endfacet
  facet normal -0.226058 0.843594 -0.487081
    outer loop
      vertex 10 -4.24264 14.2426
      vertex 12.8265 -5 11.6191
      vertex 10 -5 12.9309
    endloop
  endfacet
  facet normal -0.225831 0.843679 0.487039
    outer loop
      vertex 12.1213 -3.67423 5.75736
      vertex 12.8265 -5 8.38093
      vertex 12.8868 -5 8.40889
    endloop
  endfacet
  facet normal -0.226048 0.843608 0.487061
    outer loop
      vertex 12.8265 -5 8.38093
      vertex 12.1213 -3.67423 5.75736
      vertex 10 -4.24264 5.75736
    endloop
  endfacet
  facet normal -0.495613 0.132842 -0.858325
    outer loop
      vertex 12.9309 0 15
      vertex 14.2426 0 14.2426
      vertex 12.8294 -0.37868 15
    endloop
  endfacet
  facet normal 0.132795 0.495592 -0.858344
    outer loop
      vertex 7.87868 -3.67423 14.2426
      vertex 9.62132 -2.82939 15
      vertex 10 -4.24264 14.2426
    endloop
  endfacet
  facet normal 0.132796 0.49559 -0.858345
    outer loop
      vertex 9.62132 -2.82939 15
      vertex 7.87868 -3.67423 14.2426
      vertex 8.53457 -2.53819 15
    endloop
  endfacet
  facet normal 0.495571 0.132791 0.858356
    outer loop
      vertex 7.17061 -0.37868 5
      vertex 6.32577 -2.12132 5.75736
      vertex 7.46181 -1.46543 5
    endloop
  endfacet
  facet normal 0.495573 0.132789 0.858356
    outer loop
      vertex 6.32577 -2.12132 5.75736
      vertex 7.17061 -0.37868 5
      vertex 5.75736 0 5.75736
    endloop
  endfacet
  facet normal 0.843609 0.226046 0.48706
    outer loop
      vertex 5 -2.8265 8.38093
      vertex 6.32577 -2.12132 5.75736
      vertex 5.75736 0 5.75736
    endloop
  endfacet
  facet normal 0.843615 0.226027 0.487058
    outer loop
      vertex 6.32577 -2.12132 5.75736
      vertex 5 -2.8265 8.38093
      vertex 5 -2.88675 8.40889
    endloop
  endfacet
  facet normal 0.843594 0.226058 -0.487081
    outer loop
      vertex 5 0 12.9309
      vertex 5.75736 0 14.2426
      vertex 5 -2.8265 11.6191
    endloop
  endfacet
  facet normal 0.843594 -0.226058 -0.487081
    outer loop
      vertex 5 2.8265 11.6191
      vertex 5.75736 0 14.2426
      vertex 5 0 12.9309
    endloop
  endfacet
  facet normal -0.132772 0.495572 0.858359
    outer loop
      vertex 10.3787 -2.82939 5
      vertex 10 -2.93085 5
      vertex 10 -4.24264 5.75736
    endloop
  endfacet
  facet normal -0.132772 -0.495572 0.858359
    outer loop
      vertex 10.3787 2.82939 5
      vertex 10 4.24264 5.75736
      vertex 10 2.93085 5
    endloop
  endfacet
  facet normal 0.362799 -0.362799 -0.858344
    outer loop
      vertex 7.46181 1.46543 15
      vertex 7.87868 3.67423 14.2426
      vertex 8.53457 2.53819 15
    endloop
  endfacet
  facet normal 0.362799 -0.362799 -0.858344
    outer loop
      vertex 7.87868 3.67423 14.2426
      vertex 7.46181 1.46543 15
      vertex 6.32577 2.12132 14.2426
    endloop
  endfacet
  facet normal 0.49559 -0.132796 -0.858345
    outer loop
      vertex 7.17061 0.37868 15
      vertex 6.32577 2.12132 14.2426
      vertex 7.46181 1.46543 15
    endloop
  endfacet
  facet normal 0.495592 -0.132795 -0.858344
    outer loop
      vertex 6.32577 2.12132 14.2426
      vertex 7.17061 0.37868 15
      vertex 5.75736 0 14.2426
    endloop
  endfacet
  facet normal 0.226058 -0.843594 -0.487081
    outer loop
      vertex 10 5 12.9309
      vertex 10 4.24264 14.2426
      vertex 7.1735 5 11.6191
    endloop
  endfacet
  facet normal -0.61761 0.617596 -0.486963
    outer loop
      vertex 12.8868 -5 11.5911
      vertex 15 -2.88675 11.5911
      vertex 15 -2.91687 11.5529
    endloop
  endfacet
  facet normal -0.617563 0.617559 -0.487069
    outer loop
      vertex 15 -2.88675 11.5911
      vertex 12.1213 -3.67423 14.2426
      vertex 13.6742 -2.12132 14.2426
    endloop
  endfacet
  facet normal -0.617702 0.617693 -0.486723
    outer loop
      vertex 12.8868 -5 11.5911
      vertex 15 -2.91687 11.5529
      vertex 12.9169 -5 11.5529
    endloop
  endfacet
  facet normal -0.617566 0.617552 -0.487075
    outer loop
      vertex 15 -2.88675 11.5911
      vertex 12.8868 -5 11.5911
      vertex 12.1213 -3.67423 14.2426
    endloop
  endfacet
  facet normal -0.843601 0.22604 -0.487076
    outer loop
      vertex 15 -2.8265 11.6191
      vertex 13.6742 -2.12132 14.2426
      vertex 14.2426 0 14.2426
    endloop
  endfacet
  facet normal -0.843491 0.226375 -0.487111
    outer loop
      vertex 13.6742 -2.12132 14.2426
      vertex 15 -2.8265 11.6191
      vertex 15 -2.88675 11.5911
    endloop
  endfacet
  facet normal 0.132784 0.495591 -0.858346
    outer loop
      vertex 10 -2.93085 15
      vertex 10 -4.24264 14.2426
      vertex 9.62132 -2.82939 15
    endloop
  endfacet
  facet normal 0.362784 -0.362784 0.858356
    outer loop
      vertex 7.87868 3.67423 5.75736
      vertex 7.46181 1.46543 5
      vertex 8.53457 2.53819 5
    endloop
  endfacet
  facet normal 0.362784 -0.362784 0.858356
    outer loop
      vertex 7.46181 1.46543 5
      vertex 7.87868 3.67423 5.75736
      vertex 6.32577 2.12132 5.75736
    endloop
  endfacet
  facet normal 0.132779 -0.495572 0.858358
    outer loop
      vertex 10 2.93085 5
      vertex 10 4.24264 5.75736
      vertex 9.62132 2.82939 5
    endloop
  endfacet
  facet normal 0.226046 0.843609 0.48706
    outer loop
      vertex 7.87868 -3.67423 5.75736
      vertex 7.1735 -5 8.38093
      vertex 10 -4.24264 5.75736
    endloop
  endfacet
  facet normal 0.226027 0.843615 0.487058
    outer loop
      vertex 7.1735 -5 8.38093
      vertex 7.87868 -3.67423 5.75736
      vertex 7.11325 -5 8.40889
    endloop
  endfacet
  facet normal -0.362791 0.362789 0.858351
    outer loop
      vertex 12.5382 -1.46543 5
      vertex 12.1213 -3.67423 5.75736
      vertex 13.6742 -2.12132 5.75736
    endloop
  endfacet
  facet normal -0.362775 0.362788 0.858358
    outer loop
      vertex 12.1213 -3.67423 5.75736
      vertex 12.5382 -1.46543 5
      vertex 11.4654 -2.53819 5
    endloop
  endfacet
  facet normal -0.132796 0.495568 0.858358
    outer loop
      vertex 10.3787 -2.82939 5
      vertex 12.1213 -3.67423 5.75736
      vertex 11.4654 -2.53819 5
    endloop
  endfacet
  facet normal -0.132791 0.495575 0.858354
    outer loop
      vertex 12.1213 -3.67423 5.75736
      vertex 10.3787 -2.82939 5
      vertex 10 -4.24264 5.75736
    endloop
  endfacet
  facet normal 0.495591 -0.132784 -0.858346
    outer loop
      vertex 7.17061 0.37868 15
      vertex 7.06915 0 15
      vertex 5.75736 0 14.2426
    endloop
  endfacet
  facet normal 0.132784 -0.495591 -0.858346
    outer loop
      vertex 10 4.24264 14.2426
      vertex 10 2.93085 15
      vertex 9.62132 2.82939 15
    endloop
  endfacet
  facet normal 0.132796 -0.49559 -0.858345
    outer loop
      vertex 7.87868 3.67423 14.2426
      vertex 9.62132 2.82939 15
      vertex 8.53457 2.53819 15
    endloop
  endfacet
  facet normal 0.132795 -0.495592 -0.858344
    outer loop
      vertex 9.62132 2.82939 15
      vertex 7.87868 3.67423 14.2426
      vertex 10 4.24264 14.2426
    endloop
  endfacet
  facet normal 0.132791 0.495571 0.858356
    outer loop
      vertex 7.87868 -3.67423 5.75736
      vertex 9.62132 -2.82939 5
      vertex 8.53457 -2.53819 5
    endloop
  endfacet
  facet normal 0.132789 0.495573 0.858356
    outer loop
      vertex 9.62132 -2.82939 5
      vertex 7.87868 -3.67423 5.75736
      vertex 10 -4.24264 5.75736
    endloop
  endfacet
  facet normal 0.362784 0.362784 0.858356
    outer loop
      vertex 7.46181 -1.46543 5
      vertex 7.87868 -3.67423 5.75736
      vertex 8.53457 -2.53819 5
    endloop
  endfacet
  facet normal 0.362784 0.362784 0.858356
    outer loop
      vertex 7.87868 -3.67423 5.75736
      vertex 7.46181 -1.46543 5
      vertex 6.32577 -2.12132 5.75736
    endloop
  endfacet
  facet normal 0.132789 -0.495573 0.858356
    outer loop
      vertex 7.87868 3.67423 5.75736
      vertex 9.62132 2.82939 5
      vertex 10 4.24264 5.75736
    endloop
  endfacet
  facet normal 0.132791 -0.495571 0.858356
    outer loop
      vertex 9.62132 2.82939 5
      vertex 7.87868 3.67423 5.75736
      vertex 8.53457 2.53819 5
    endloop
  endfacet
  facet normal -0.495593 0.132837 0.858337
    outer loop
      vertex 14.2426 0 5.75736
      vertex 12.9309 0 5
      vertex 12.8294 -0.37868 5
    endloop
  endfacet
  facet normal -0.495587 0.132791 0.858347
    outer loop
      vertex 12.8294 -0.37868 5
      vertex 13.6742 -2.12132 5.75736
      vertex 14.2426 0 5.75736
    endloop
  endfacet
  facet normal -0.495582 0.132794 0.85835
    outer loop
      vertex 13.6742 -2.12132 5.75736
      vertex 12.8294 -0.37868 5
      vertex 12.5382 -1.46543 5
    endloop
  endfacet
  facet normal -0.132777 -0.495591 -0.858347
    outer loop
      vertex 10 4.24264 14.2426
      vertex 10.3787 2.82939 15
      vertex 10 2.93085 15
    endloop
  endfacet
  facet normal 0.495572 0.132779 0.858358
    outer loop
      vertex 7.17061 -0.37868 5
      vertex 7.06915 0 5
      vertex 5.75736 0 5.75736
    endloop
  endfacet
  facet normal 0.132779 0.495572 0.858358
    outer loop
      vertex 10 -4.24264 5.75736
      vertex 10 -2.93085 5
      vertex 9.62132 -2.82939 5
    endloop
  endfacet
  facet normal -0.362789 -0.362789 -0.858352
    outer loop
      vertex 12.5382 11.4654 5
      vertex 12.1213 13.6742 4.24264
      vertex 13.6742 12.1213 4.24264
    endloop
  endfacet
  facet normal -0.362789 -0.362789 -0.858352
    outer loop
      vertex 12.1213 13.6742 4.24264
      vertex 12.5382 11.4654 5
      vertex 11.4654 12.5382 5
    endloop
  endfacet
  facet normal 0.843679 -0.225831 -0.487039
    outer loop
      vertex 6.32577 12.1213 4.24264
      vertex 5 12.8265 1.61907
      vertex 5 12.8868 1.59111
    endloop
  endfacet
  facet normal 0.843608 -0.226048 -0.487061
    outer loop
      vertex 5 12.8265 1.61907
      vertex 6.32577 12.1213 4.24264
      vertex 5.75736 10 4.24264
    endloop
  endfacet
  facet normal -0.843598 0.226052 -0.487076
    outer loop
      vertex 15 10 2.93085
      vertex 15 7.1735 1.61907
      vertex 14.2426 10 4.24264
    endloop
  endfacet
  facet normal 0.226041 -0.843606 -0.487066
    outer loop
      vertex 7.87868 13.6742 4.24264
      vertex 7.1735 15 1.61907
      vertex 10 14.2426 4.24264
    endloop
  endfacet
  facet normal 0.226031 -0.84361 -0.487065
    outer loop
      vertex 7.1735 15 1.61907
      vertex 7.87868 13.6742 4.24264
      vertex 7.11325 15 1.59111
    endloop
  endfacet
  facet normal -0.495588 -0.132792 -0.858346
    outer loop
      vertex 12.8294 10.3787 5
      vertex 13.6742 12.1213 4.24264
      vertex 14.2426 10 4.24264
    endloop
  endfacet
  facet normal -0.495579 -0.132799 -0.858351
    outer loop
      vertex 13.6742 12.1213 4.24264
      vertex 12.8294 10.3787 5
      vertex 12.5382 11.4654 5
    endloop
  endfacet
  facet normal -0.362791 0.362789 -0.858351
    outer loop
      vertex 12.1213 6.32577 4.24264
      vertex 12.5382 8.53457 5
      vertex 13.6742 7.87868 4.24264
    endloop
  endfacet
  facet normal -0.362775 0.362788 -0.858358
    outer loop
      vertex 12.5382 8.53457 5
      vertex 12.1213 6.32577 4.24264
      vertex 11.4654 7.46181 5
    endloop
  endfacet
  facet normal 0.617693 -0.617702 0.486723
    outer loop
      vertex 5 12.8868 -1.59111
      vertex 7.08313 15 -1.55291
      vertex 5 12.9169 -1.55291
    endloop
  endfacet
  facet normal 0.617596 -0.61761 0.486963
    outer loop
      vertex 5 12.8868 -1.59111
      vertex 7.11325 15 -1.59111
      vertex 7.08313 15 -1.55291
    endloop
  endfacet
  facet normal 0.617553 -0.617568 0.48707
    outer loop
      vertex 6.32577 12.1213 -4.24264
      vertex 7.11325 15 -1.59111
      vertex 5 12.8868 -1.59111
    endloop
  endfacet
  facet normal 0.617561 -0.617565 0.487065
    outer loop
      vertex 7.11325 15 -1.59111
      vertex 6.32577 12.1213 -4.24264
      vertex 7.87868 13.6742 -4.24264
    endloop
  endfacet
  facet normal -0.495594 -0.13283 -0.858337
    outer loop
      vertex 14.2426 10 4.24264
      vertex 12.9309 10 5
      vertex 12.8294 10.3787 5
    endloop
  endfacet
  facet normal -0.495588 -0.132792 0.858346
    outer loop
      vertex 13.6742 12.1213 -4.24264
      vertex 12.8294 10.3787 -5
      vertex 14.2426 10 -4.24264
    endloop
  endfacet
  facet normal -0.495579 -0.132799 0.858351
    outer loop
      vertex 12.8294 10.3787 -5
      vertex 13.6742 12.1213 -4.24264
      vertex 12.5382 11.4654 -5
    endloop
  endfacet
  facet normal -0.495587 0.132791 -0.858347
    outer loop
      vertex 13.6742 7.87868 4.24264
      vertex 12.8294 9.62132 5
      vertex 14.2426 10 4.24264
    endloop
  endfacet
  facet normal -0.495582 0.132794 -0.85835
    outer loop
      vertex 12.8294 9.62132 5
      vertex 13.6742 7.87868 4.24264
      vertex 12.5382 8.53457 5
    endloop
  endfacet
  facet normal -0.843598 -0.226052 -0.487076
    outer loop
      vertex 15 12.8265 1.61907
      vertex 15 10 2.93085
      vertex 14.2426 10 4.24264
    endloop
  endfacet
  facet normal 0.226044 0.843611 -0.487057
    outer loop
      vertex 10 5.75736 4.24264
      vertex 10 5 2.93085
      vertex 7.1735 5 1.61907
    endloop
  endfacet
  facet normal 0.495572 -0.132772 0.858359
    outer loop
      vertex 7.06915 10 -5
      vertex 7.17061 10.3787 -5
      vertex 5.75736 10 -4.24264
    endloop
  endfacet
  facet normal 0.707107 0.707107 0
    outer loop
      vertex 7.08313 5 1.55291
      vertex 5 7.08313 -1.55291
      vertex 5 7.08313 1.55291
    endloop
  endfacet
  facet normal 0.707107 0.707107 0
    outer loop
      vertex 5 7.08313 -1.55291
      vertex 7.08313 5 1.55291
      vertex 7.08313 5 -1.55291
    endloop
  endfacet
  facet normal -0.226044 0.843611 0.487057
    outer loop
      vertex 12.8265 5 -1.61907
      vertex 10 5.75736 -4.24264
      vertex 10 5 -2.93085
    endloop
  endfacet
  facet normal 0.843609 0.226046 -0.48706
    outer loop
      vertex 6.32577 7.87868 4.24264
      vertex 5 7.1735 1.61907
      vertex 5.75736 10 4.24264
    endloop
  endfacet
  facet normal 0.843615 0.226027 -0.487058
    outer loop
      vertex 5 7.1735 1.61907
      vertex 6.32577 7.87868 4.24264
      vertex 5 7.11325 1.59111
    endloop
  endfacet
  facet normal 0.495571 0.132791 -0.858356
    outer loop
      vertex 6.32577 7.87868 4.24264
      vertex 7.17061 9.62132 5
      vertex 7.46181 8.53457 5
    endloop
  endfacet
  facet normal 0.495573 0.132789 -0.858356
    outer loop
      vertex 7.17061 9.62132 5
      vertex 6.32577 7.87868 4.24264
      vertex 5.75736 10 4.24264
    endloop
  endfacet
  facet normal -0.843598 -0.226052 0.487076
    outer loop
      vertex 15 10 -2.93085
      vertex 15 12.8265 -1.61907
      vertex 14.2426 10 -4.24264
    endloop
  endfacet
  facet normal -0.226043 -0.843605 -0.487068
    outer loop
      vertex 12.8265 15 1.61907
      vertex 12.1213 13.6742 4.24264
      vertex 10 14.2426 4.24264
    endloop
  endfacet
  facet normal -0.225834 -0.843673 -0.487046
    outer loop
      vertex 12.1213 13.6742 4.24264
      vertex 12.8265 15 1.61907
      vertex 12.8868 15 1.59111
    endloop
  endfacet
  facet normal 0.495572 0.132779 -0.858358
    outer loop
      vertex 7.06915 10 5
      vertex 7.17061 9.62132 5
      vertex 5.75736 10 4.24264
    endloop
  endfacet
  facet normal -0.226052 -0.843598 0.487076
    outer loop
      vertex 12.8265 15 -1.61907
      vertex 10 15 -2.93085
      vertex 10 14.2426 -4.24264
    endloop
  endfacet
  facet normal -0.617699 -0.617699 -0.486721
    outer loop
      vertex 15 12.9169 1.55291
      vertex 12.8868 15 1.59111
      vertex 12.9169 15 1.55291
    endloop
  endfacet
  facet normal -0.617699 -0.617699 -0.486721
    outer loop
      vertex 12.8868 15 1.59111
      vertex 15 12.9169 1.55291
      vertex 15 12.8868 1.59111
    endloop
  endfacet
  facet normal -0.617558 -0.617558 -0.487077
    outer loop
      vertex 12.8868 15 1.59111
      vertex 15 12.8868 1.59111
      vertex 12.1213 13.6742 4.24264
    endloop
  endfacet
  facet normal -0.617558 -0.617558 -0.487077
    outer loop
      vertex 12.1213 13.6742 4.24264
      vertex 15 12.8868 1.59111
      vertex 13.6742 12.1213 4.24264
    endloop
  endfacet
  facet normal 0.362784 0.362784 -0.858356
    outer loop
      vertex 7.87868 6.32577 4.24264
      vertex 7.46181 8.53457 5
      vertex 8.53457 7.46181 5
    endloop
  endfacet
  facet normal 0.362784 0.362784 -0.858356
    outer loop
      vertex 7.46181 8.53457 5
      vertex 7.87868 6.32577 4.24264
      vertex 6.32577 7.87868 4.24264
    endloop
  endfacet
  facet normal -0.226048 0.843608 -0.487061
    outer loop
      vertex 12.1213 6.32577 4.24264
      vertex 12.8265 5 1.61907
      vertex 10 5.75736 4.24264
    endloop
  endfacet
  facet normal -0.225831 0.843679 -0.487039
    outer loop
      vertex 12.8265 5 1.61907
      vertex 12.1213 6.32577 4.24264
      vertex 12.8868 5 1.59111
    endloop
  endfacet
  facet normal 0.226044 0.843611 0.487057
    outer loop
      vertex 10 5 -2.93085
      vertex 10 5.75736 -4.24264
      vertex 7.1735 5 -1.61907
    endloop
  endfacet
  facet normal 0.617601 0.617601 0.486967
    outer loop
      vertex 7.11325 5 -1.59111
      vertex 5 7.11325 -1.59111
      vertex 5 7.08313 -1.55291
    endloop
  endfacet
  facet normal 0.617565 0.617565 0.487059
    outer loop
      vertex 5 7.11325 -1.59111
      vertex 7.87868 6.32577 -4.24264
      vertex 6.32577 7.87868 -4.24264
    endloop
  endfacet
  facet normal 0.617601 0.617601 0.486967
    outer loop
      vertex 7.11325 5 -1.59111
      vertex 5 7.08313 -1.55291
      vertex 7.08313 5 -1.55291
    endloop
  endfacet
  facet normal 0.617565 0.617565 0.487059
    outer loop
      vertex 5 7.11325 -1.59111
      vertex 7.11325 5 -1.59111
      vertex 7.87868 6.32577 -4.24264
    endloop
  endfacet
  facet normal -0.843606 0.226041 0.487066
    outer loop
      vertex 13.6742 7.87868 -4.24264
      vertex 15 7.1735 -1.61907
      vertex 14.2426 10 -4.24264
    endloop
  endfacet
  facet normal -0.84361 0.226031 0.487065
    outer loop
      vertex 15 7.1735 -1.61907
      vertex 13.6742 7.87868 -4.24264
      vertex 15 7.11325 -1.59111
    endloop
  endfacet
  facet normal 0.843611 -0.226044 0.487057
    outer loop
      vertex 5.75736 10 -4.24264
      vertex 5 12.8265 -1.61907
      vertex 5 10 -2.93085
    endloop
  endfacet
  facet normal 0.843611 0.226044 0.487057
    outer loop
      vertex 5.75736 10 -4.24264
      vertex 5 10 -2.93085
      vertex 5 7.1735 -1.61907
    endloop
  endfacet
  facet normal 0.617553 -0.617568 -0.48707
    outer loop
      vertex 7.11325 15 1.59111
      vertex 6.32577 12.1213 4.24264
      vertex 5 12.8868 1.59111
    endloop
  endfacet
  facet normal 0.617561 -0.617565 -0.487065
    outer loop
      vertex 6.32577 12.1213 4.24264
      vertex 7.11325 15 1.59111
      vertex 7.87868 13.6742 4.24264
    endloop
  endfacet
  facet normal 0.617693 -0.617702 -0.486723
    outer loop
      vertex 7.08313 15 1.55291
      vertex 5 12.8868 1.59111
      vertex 5 12.9169 1.55291
    endloop
  endfacet
  facet normal 0.617596 -0.61761 -0.486963
    outer loop
      vertex 5 12.8868 1.59111
      vertex 7.08313 15 1.55291
      vertex 7.11325 15 1.59111
    endloop
  endfacet
  facet normal 0.843679 -0.225831 0.487039
    outer loop
      vertex 5 12.8265 -1.61907
      vertex 6.32577 12.1213 -4.24264
      vertex 5 12.8868 -1.59111
    endloop
  endfacet
  facet normal 0.843608 -0.226048 0.487061
    outer loop
      vertex 6.32577 12.1213 -4.24264
      vertex 5 12.8265 -1.61907
      vertex 5.75736 10 -4.24264
    endloop
  endfacet
  facet normal -0.132799 -0.495579 0.858351
    outer loop
      vertex 12.1213 13.6742 -4.24264
      vertex 10.3787 12.8294 -5
      vertex 11.4654 12.5382 -5
    endloop
  endfacet
  facet normal -0.132792 -0.495588 0.858346
    outer loop
      vertex 10.3787 12.8294 -5
      vertex 12.1213 13.6742 -4.24264
      vertex 10 14.2426 -4.24264
    endloop
  endfacet
  facet normal -0.362789 -0.362789 0.858352
    outer loop
      vertex 12.1213 13.6742 -4.24264
      vertex 12.5382 11.4654 -5
      vertex 13.6742 12.1213 -4.24264
    endloop
  endfacet
  facet normal -0.362789 -0.362789 0.858352
    outer loop
      vertex 12.5382 11.4654 -5
      vertex 12.1213 13.6742 -4.24264
      vertex 11.4654 12.5382 -5
    endloop
  endfacet
  facet normal -0.226052 -0.843598 -0.487076
    outer loop
      vertex 10 15 2.93085
      vertex 12.8265 15 1.61907
      vertex 10 14.2426 4.24264
    endloop
  endfacet
  facet normal -0.843673 -0.225834 -0.487046
    outer loop
      vertex 15 12.8265 1.61907
      vertex 13.6742 12.1213 4.24264
      vertex 15 12.8868 1.59111
    endloop
  endfacet
  facet normal -0.843605 -0.226043 -0.487068
    outer loop
      vertex 13.6742 12.1213 4.24264
      vertex 15 12.8265 1.61907
      vertex 14.2426 10 4.24264
    endloop
  endfacet
  facet normal -0.617699 -0.617699 0.486721
    outer loop
      vertex 15 12.8868 -1.59111
      vertex 12.9169 15 -1.55291
      vertex 12.8868 15 -1.59111
    endloop
  endfacet
  facet normal -0.617699 -0.617699 0.486721
    outer loop
      vertex 12.9169 15 -1.55291
      vertex 15 12.8868 -1.59111
      vertex 15 12.9169 -1.55291
    endloop
  endfacet
  facet normal -0.617558 -0.617558 0.487077
    outer loop
      vertex 13.6742 12.1213 -4.24264
      vertex 12.8868 15 -1.59111
      vertex 12.1213 13.6742 -4.24264
    endloop
  endfacet
  facet normal -0.617558 -0.617558 0.487077
    outer loop
      vertex 12.8868 15 -1.59111
      vertex 13.6742 12.1213 -4.24264
      vertex 15 12.8868 -1.59111
    endloop
  endfacet
  facet normal -0.226043 -0.843605 0.487068
    outer loop
      vertex 12.1213 13.6742 -4.24264
      vertex 12.8265 15 -1.61907
      vertex 10 14.2426 -4.24264
    endloop
  endfacet
  facet normal -0.225834 -0.843673 0.487046
    outer loop
      vertex 12.8265 15 -1.61907
      vertex 12.1213 13.6742 -4.24264
      vertex 12.8868 15 -1.59111
    endloop
  endfacet
  facet normal 0.617565 0.617565 -0.487059
    outer loop
      vertex 7.11325 5 1.59111
      vertex 6.32577 7.87868 4.24264
      vertex 7.87868 6.32577 4.24264
    endloop
  endfacet
  facet normal 0.617565 0.617565 -0.487059
    outer loop
      vertex 7.11325 5 1.59111
      vertex 5 7.11325 1.59111
      vertex 6.32577 7.87868 4.24264
    endloop
  endfacet
  facet normal 0.617601 0.617601 -0.486967
    outer loop
      vertex 7.08313 5 1.55291
      vertex 5 7.11325 1.59111
      vertex 7.11325 5 1.59111
    endloop
  endfacet
  facet normal 0.617601 0.617601 -0.486967
    outer loop
      vertex 5 7.11325 1.59111
      vertex 7.08313 5 1.55291
      vertex 5 7.08313 1.55291
    endloop
  endfacet
  facet normal -0.707112 0.707102 0
    outer loop
      vertex 12.9169 5 -1.55291
      vertex 15 7.08313 1.55291
      vertex 15 7.08313 -1.55291
    endloop
  endfacet
  facet normal -0.707112 0.707102 0
    outer loop
      vertex 15 7.08313 1.55291
      vertex 12.9169 5 -1.55291
      vertex 12.9169 5 1.55291
    endloop
  endfacet
  facet normal -0.132772 0.495572 -0.858359
    outer loop
      vertex 10 7.06915 5
      vertex 10.3787 7.17061 5
      vertex 10 5.75736 4.24264
    endloop
  endfacet
  facet normal 0.226046 0.843609 -0.48706
    outer loop
      vertex 7.1735 5 1.61907
      vertex 7.87868 6.32577 4.24264
      vertex 10 5.75736 4.24264
    endloop
  endfacet
  facet normal 0.226027 0.843615 -0.487058
    outer loop
      vertex 7.87868 6.32577 4.24264
      vertex 7.1735 5 1.61907
      vertex 7.11325 5 1.59111
    endloop
  endfacet
  facet normal 0.495568 -0.132796 0.858358
    outer loop
      vertex 6.32577 12.1213 -4.24264
      vertex 7.17061 10.3787 -5
      vertex 7.46181 11.4654 -5
    endloop
  endfacet
  facet normal 0.495575 -0.132791 0.858354
    outer loop
      vertex 7.17061 10.3787 -5
      vertex 6.32577 12.1213 -4.24264
      vertex 5.75736 10 -4.24264
    endloop
  endfacet
  facet normal -0.617565 0.617561 0.487065
    outer loop
      vertex 12.1213 6.32577 -4.24264
      vertex 15 7.11325 -1.59111
      vertex 13.6742 7.87868 -4.24264
    endloop
  endfacet
  facet normal -0.617568 0.617553 0.48707
    outer loop
      vertex 12.8868 5 -1.59111
      vertex 15 7.11325 -1.59111
      vertex 12.1213 6.32577 -4.24264
    endloop
  endfacet
  facet normal -0.61761 0.617596 0.486963
    outer loop
      vertex 15 7.11325 -1.59111
      vertex 12.8868 5 -1.59111
      vertex 15 7.08313 -1.55291
    endloop
  endfacet
  facet normal -0.617702 0.617693 0.486723
    outer loop
      vertex 15 7.08313 -1.55291
      vertex 12.8868 5 -1.59111
      vertex 12.9169 5 -1.55291
    endloop
  endfacet
  facet normal -0.843673 -0.225834 0.487046
    outer loop
      vertex 13.6742 12.1213 -4.24264
      vertex 15 12.8265 -1.61907
      vertex 15 12.8868 -1.59111
    endloop
  endfacet
  facet normal -0.843605 -0.226043 0.487068
    outer loop
      vertex 15 12.8265 -1.61907
      vertex 13.6742 12.1213 -4.24264
      vertex 14.2426 10 -4.24264
    endloop
  endfacet
  facet normal -0.843598 0.226052 0.487076
    outer loop
      vertex 15 7.1735 -1.61907
      vertex 15 10 -2.93085
      vertex 14.2426 10 -4.24264
    endloop
  endfacet
  facet normal 0.226052 -0.843598 0.487076
    outer loop
      vertex 10 14.2426 -4.24264
      vertex 10 15 -2.93085
      vertex 7.1735 15 -1.61907
    endloop
  endfacet
  facet normal 0.226031 -0.84361 0.487065
    outer loop
      vertex 7.87868 13.6742 -4.24264
      vertex 7.1735 15 -1.61907
      vertex 7.11325 15 -1.59111
    endloop
  endfacet
  facet normal 0.226041 -0.843606 0.487066
    outer loop
      vertex 7.1735 15 -1.61907
      vertex 7.87868 13.6742 -4.24264
      vertex 10 14.2426 -4.24264
    endloop
  endfacet
  facet normal -0.495594 -0.13283 0.858337
    outer loop
      vertex 12.9309 10 -5
      vertex 14.2426 10 -4.24264
      vertex 12.8294 10.3787 -5
    endloop
  endfacet
  facet normal -0.132799 -0.495579 -0.858351
    outer loop
      vertex 10.3787 12.8294 5
      vertex 12.1213 13.6742 4.24264
      vertex 11.4654 12.5382 5
    endloop
  endfacet
  facet normal -0.132792 -0.495588 -0.858346
    outer loop
      vertex 12.1213 13.6742 4.24264
      vertex 10.3787 12.8294 5
      vertex 10 14.2426 4.24264
    endloop
  endfacet
  facet normal 0.707102 -0.707112 0
    outer loop
      vertex 5 12.9169 1.55291
      vertex 7.08313 15 -1.55291
      vertex 7.08313 15 1.55291
    endloop
  endfacet
  facet normal 0.707102 -0.707112 0
    outer loop
      vertex 7.08313 15 -1.55291
      vertex 5 12.9169 1.55291
      vertex 5 12.9169 -1.55291
    endloop
  endfacet
  facet normal -0.707107 -0.707107 0
    outer loop
      vertex 15 12.9169 -1.55291
      vertex 12.9169 15 1.55291
      vertex 12.9169 15 -1.55291
    endloop
  endfacet
  facet normal -0.707107 -0.707107 0
    outer loop
      vertex 12.9169 15 1.55291
      vertex 15 12.9169 -1.55291
      vertex 15 12.9169 1.55291
    endloop
  endfacet
  facet normal -0.132796 0.495568 -0.858358
    outer loop
      vertex 12.1213 6.32577 4.24264
      vertex 10.3787 7.17061 5
      vertex 11.4654 7.46181 5
    endloop
  endfacet
  facet normal -0.132791 0.495575 -0.858354
    outer loop
      vertex 10.3787 7.17061 5
      vertex 12.1213 6.32577 4.24264
      vertex 10 5.75736 4.24264
    endloop
  endfacet
  facet normal -0.226044 0.843611 -0.487057
    outer loop
      vertex 10 5.75736 4.24264
      vertex 12.8265 5 1.61907
      vertex 10 5 2.93085
    endloop
  endfacet
  facet normal -0.225831 0.843679 0.487039
    outer loop
      vertex 12.1213 6.32577 -4.24264
      vertex 12.8265 5 -1.61907
      vertex 12.8868 5 -1.59111
    endloop
  endfacet
  facet normal -0.226048 0.843608 0.487061
    outer loop
      vertex 12.8265 5 -1.61907
      vertex 12.1213 6.32577 -4.24264
      vertex 10 5.75736 -4.24264
    endloop
  endfacet
  facet normal -0.495593 0.132837 -0.858337
    outer loop
      vertex 12.9309 10 5
      vertex 14.2426 10 4.24264
      vertex 12.8294 9.62132 5
    endloop
  endfacet
  facet normal 0.132789 0.495573 -0.858356
    outer loop
      vertex 7.87868 6.32577 4.24264
      vertex 9.62132 7.17061 5
      vertex 10 5.75736 4.24264
    endloop
  endfacet
  facet normal 0.132791 0.495571 -0.858356
    outer loop
      vertex 9.62132 7.17061 5
      vertex 7.87868 6.32577 4.24264
      vertex 8.53457 7.46181 5
    endloop
  endfacet
  facet normal 0.495571 0.132791 0.858356
    outer loop
      vertex 7.17061 9.62132 -5
      vertex 6.32577 7.87868 -4.24264
      vertex 7.46181 8.53457 -5
    endloop
  endfacet
  facet normal 0.495573 0.132789 0.858356
    outer loop
      vertex 6.32577 7.87868 -4.24264
      vertex 7.17061 9.62132 -5
      vertex 5.75736 10 -4.24264
    endloop
  endfacet
  facet normal 0.843609 0.226046 0.48706
    outer loop
      vertex 5 7.1735 -1.61907
      vertex 6.32577 7.87868 -4.24264
      vertex 5.75736 10 -4.24264
    endloop
  endfacet
  facet normal 0.843615 0.226027 0.487058
    outer loop
      vertex 6.32577 7.87868 -4.24264
      vertex 5 7.1735 -1.61907
      vertex 5 7.11325 -1.59111
    endloop
  endfacet
  facet normal 0.843611 0.226044 -0.487057
    outer loop
      vertex 5 10 2.93085
      vertex 5.75736 10 4.24264
      vertex 5 7.1735 1.61907
    endloop
  endfacet
  facet normal 0.843611 -0.226044 -0.487057
    outer loop
      vertex 5 12.8265 1.61907
      vertex 5.75736 10 4.24264
      vertex 5 10 2.93085
    endloop
  endfacet
  facet normal -0.132772 0.495572 0.858359
    outer loop
      vertex 10.3787 7.17061 -5
      vertex 10 7.06915 -5
      vertex 10 5.75736 -4.24264
    endloop
  endfacet
  facet normal -0.13283 -0.495594 0.858337
    outer loop
      vertex 10.3787 12.8294 -5
      vertex 10 14.2426 -4.24264
      vertex 10 12.9309 -5
    endloop
  endfacet
  facet normal 0.362799 -0.362785 -0.85835
    outer loop
      vertex 7.46181 11.4654 5
      vertex 7.87868 13.6742 4.24264
      vertex 8.53457 12.5382 5
    endloop
  endfacet
  facet normal 0.362782 -0.362784 -0.858357
    outer loop
      vertex 7.87868 13.6742 4.24264
      vertex 7.46181 11.4654 5
      vertex 6.32577 12.1213 4.24264
    endloop
  endfacet
  facet normal 0.495568 -0.132796 -0.858358
    outer loop
      vertex 7.17061 10.3787 5
      vertex 6.32577 12.1213 4.24264
      vertex 7.46181 11.4654 5
    endloop
  endfacet
  facet normal 0.495575 -0.132791 -0.858354
    outer loop
      vertex 6.32577 12.1213 4.24264
      vertex 7.17061 10.3787 5
      vertex 5.75736 10 4.24264
    endloop
  endfacet
  facet normal 0.226052 -0.843598 -0.487076
    outer loop
      vertex 10 15 2.93085
      vertex 10 14.2426 4.24264
      vertex 7.1735 15 1.61907
    endloop
  endfacet
  facet normal -0.61761 0.617596 -0.486963
    outer loop
      vertex 12.8868 5 1.59111
      vertex 15 7.11325 1.59111
      vertex 15 7.08313 1.55291
    endloop
  endfacet
  facet normal -0.617565 0.617561 -0.487065
    outer loop
      vertex 15 7.11325 1.59111
      vertex 12.1213 6.32577 4.24264
      vertex 13.6742 7.87868 4.24264
    endloop
  endfacet
  facet normal -0.617702 0.617693 -0.486723
    outer loop
      vertex 12.8868 5 1.59111
      vertex 15 7.08313 1.55291
      vertex 12.9169 5 1.55291
    endloop
  endfacet
  facet normal -0.617568 0.617553 -0.48707
    outer loop
      vertex 15 7.11325 1.59111
      vertex 12.8868 5 1.59111
      vertex 12.1213 6.32577 4.24264
    endloop
  endfacet
  facet normal -0.843606 0.226041 -0.487066
    outer loop
      vertex 15 7.1735 1.61907
      vertex 13.6742 7.87868 4.24264
      vertex 14.2426 10 4.24264
    endloop
  endfacet
  facet normal -0.84361 0.226031 -0.487065
    outer loop
      vertex 13.6742 7.87868 4.24264
      vertex 15 7.1735 1.61907
      vertex 15 7.11325 1.59111
    endloop
  endfacet
  facet normal 0.132779 0.495572 -0.858358
    outer loop
      vertex 10 7.06915 5
      vertex 10 5.75736 4.24264
      vertex 9.62132 7.17061 5
    endloop
  endfacet
  facet normal 0.362799 -0.362785 0.85835
    outer loop
      vertex 7.87868 13.6742 -4.24264
      vertex 7.46181 11.4654 -5
      vertex 8.53457 12.5382 -5
    endloop
  endfacet
  facet normal 0.362782 -0.362784 0.858357
    outer loop
      vertex 7.46181 11.4654 -5
      vertex 7.87868 13.6742 -4.24264
      vertex 6.32577 12.1213 -4.24264
    endloop
  endfacet
  facet normal 0.132837 -0.495593 0.858337
    outer loop
      vertex 10 12.9309 -5
      vertex 10 14.2426 -4.24264
      vertex 9.62132 12.8294 -5
    endloop
  endfacet
  facet normal 0.226046 0.843609 0.48706
    outer loop
      vertex 7.87868 6.32577 -4.24264
      vertex 7.1735 5 -1.61907
      vertex 10 5.75736 -4.24264
    endloop
  endfacet
  facet normal 0.226027 0.843615 0.487058
    outer loop
      vertex 7.1735 5 -1.61907
      vertex 7.87868 6.32577 -4.24264
      vertex 7.11325 5 -1.59111
    endloop
  endfacet
  facet normal -0.362791 0.362789 0.858351
    outer loop
      vertex 12.5382 8.53457 -5
      vertex 12.1213 6.32577 -4.24264
      vertex 13.6742 7.87868 -4.24264
    endloop
  endfacet
  facet normal -0.362775 0.362788 0.858358
    outer loop
      vertex 12.1213 6.32577 -4.24264
      vertex 12.5382 8.53457 -5
      vertex 11.4654 7.46181 -5
    endloop
  endfacet
  facet normal -0.132796 0.495568 0.858358
    outer loop
      vertex 10.3787 7.17061 -5
      vertex 12.1213 6.32577 -4.24264
      vertex 11.4654 7.46181 -5
    endloop
  endfacet
  facet normal -0.132791 0.495575 0.858354
    outer loop
      vertex 12.1213 6.32577 -4.24264
      vertex 10.3787 7.17061 -5
      vertex 10 5.75736 -4.24264
    endloop
  endfacet
  facet normal 0.495572 -0.132772 -0.858359
    outer loop
      vertex 7.17061 10.3787 5
      vertex 7.06915 10 5
      vertex 5.75736 10 4.24264
    endloop
  endfacet
  facet normal 0.132837 -0.495593 -0.858337
    outer loop
      vertex 10 14.2426 4.24264
      vertex 10 12.9309 5
      vertex 9.62132 12.8294 5
    endloop
  endfacet
  facet normal 0.132794 -0.495582 -0.85835
    outer loop
      vertex 7.87868 13.6742 4.24264
      vertex 9.62132 12.8294 5
      vertex 8.53457 12.5382 5
    endloop
  endfacet
  facet normal 0.132791 -0.495587 -0.858347
    outer loop
      vertex 9.62132 12.8294 5
      vertex 7.87868 13.6742 4.24264
      vertex 10 14.2426 4.24264
    endloop
  endfacet
  facet normal 0.132791 0.495571 0.858356
    outer loop
      vertex 7.87868 6.32577 -4.24264
      vertex 9.62132 7.17061 -5
      vertex 8.53457 7.46181 -5
    endloop
  endfacet
  facet normal 0.132789 0.495573 0.858356
    outer loop
      vertex 9.62132 7.17061 -5
      vertex 7.87868 6.32577 -4.24264
      vertex 10 5.75736 -4.24264
    endloop
  endfacet
  facet normal 0.362784 0.362784 0.858356
    outer loop
      vertex 7.46181 8.53457 -5
      vertex 7.87868 6.32577 -4.24264
      vertex 8.53457 7.46181 -5
    endloop
  endfacet
  facet normal 0.362784 0.362784 0.858356
    outer loop
      vertex 7.87868 6.32577 -4.24264
      vertex 7.46181 8.53457 -5
      vertex 6.32577 7.87868 -4.24264
    endloop
  endfacet
  facet normal 0.132791 -0.495587 0.858347
    outer loop
      vertex 7.87868 13.6742 -4.24264
      vertex 9.62132 12.8294 -5
      vertex 10 14.2426 -4.24264
    endloop
  endfacet
  facet normal 0.132794 -0.495582 0.85835
    outer loop
      vertex 9.62132 12.8294 -5
      vertex 7.87868 13.6742 -4.24264
      vertex 8.53457 12.5382 -5
    endloop
  endfacet
  facet normal -0.495593 0.132837 0.858337
    outer loop
      vertex 14.2426 10 -4.24264
      vertex 12.9309 10 -5
      vertex 12.8294 9.62132 -5
    endloop
  endfacet
  facet normal -0.495587 0.132791 0.858347
    outer loop
      vertex 12.8294 9.62132 -5
      vertex 13.6742 7.87868 -4.24264
      vertex 14.2426 10 -4.24264
    endloop
  endfacet
  facet normal -0.495582 0.132794 0.85835
    outer loop
      vertex 13.6742 7.87868 -4.24264
      vertex 12.8294 9.62132 -5
      vertex 12.5382 8.53457 -5
    endloop
  endfacet
  facet normal -0.13283 -0.495594 -0.858337
    outer loop
      vertex 10 14.2426 4.24264
      vertex 10.3787 12.8294 5
      vertex 10 12.9309 5
    endloop
  endfacet
  facet normal 0.495572 0.132779 0.858358
    outer loop
      vertex 7.17061 9.62132 -5
      vertex 7.06915 10 -5
      vertex 5.75736 10 -4.24264
    endloop
  endfacet
  facet normal 0.132779 0.495572 0.858358
    outer loop
      vertex 10 5.75736 -4.24264
      vertex 10 7.06915 -5
      vertex 9.62132 7.17061 -5
    endloop
  endfacet
  facet normal -0.362803 -0.362803 -0.85834
    outer loop
      vertex 12.5382 11.4654 15
      vertex 12.1213 13.6742 14.2426
      vertex 13.6742 12.1213 14.2426
    endloop
  endfacet
  facet normal -0.362803 -0.362803 -0.85834
    outer loop
      vertex 12.1213 13.6742 14.2426
      vertex 12.5382 11.4654 15
      vertex 11.4654 12.5382 15
    endloop
  endfacet
  facet normal 0.84356 -0.226175 -0.487084
    outer loop
      vertex 6.32577 12.1213 14.2426
      vertex 5 12.8265 11.6191
      vertex 5 12.8868 11.5911
    endloop
  endfacet
  facet normal 0.843602 -0.226046 -0.487071
    outer loop
      vertex 5 12.8265 11.6191
      vertex 6.32577 12.1213 14.2426
      vertex 5.75736 10 14.2426
    endloop
  endfacet
  facet normal -0.843581 0.226066 -0.487099
    outer loop
      vertex 15 10 12.9309
      vertex 15 7.1735 11.6191
      vertex 14.2426 10 14.2426
    endloop
  endfacet
  facet normal 0.22604 -0.843601 -0.487076
    outer loop
      vertex 7.87868 13.6742 14.2426
      vertex 7.1735 15 11.6191
      vertex 10 14.2426 14.2426
    endloop
  endfacet
  facet normal 0.226375 -0.843491 -0.487111
    outer loop
      vertex 7.1735 15 11.6191
      vertex 7.87868 13.6742 14.2426
      vertex 7.11325 15 11.5911
    endloop
  endfacet
  facet normal -0.495608 -0.132798 -0.858334
    outer loop
      vertex 12.8294 10.3787 15
      vertex 13.6742 12.1213 14.2426
      vertex 14.2426 10 14.2426
    endloop
  endfacet
  facet normal -0.495598 -0.132804 -0.858339
    outer loop
      vertex 13.6742 12.1213 14.2426
      vertex 12.8294 10.3787 15
      vertex 12.5382 11.4654 15
    endloop
  endfacet
  facet normal -0.362806 0.362803 -0.858339
    outer loop
      vertex 12.1213 6.32577 14.2426
      vertex 12.5382 8.53457 15
      vertex 13.6742 7.87868 14.2426
    endloop
  endfacet
  facet normal -0.362789 0.362803 -0.858346
    outer loop
      vertex 12.5382 8.53457 15
      vertex 12.1213 6.32577 14.2426
      vertex 11.4654 7.46181 15
    endloop
  endfacet
  facet normal 0.617693 -0.617702 0.486723
    outer loop
      vertex 5 12.8868 8.40889
      vertex 7.08313 15 8.44709
      vertex 5 12.9169 8.44709
    endloop
  endfacet
  facet normal 0.617596 -0.61761 0.486963
    outer loop
      vertex 5 12.8868 8.40889
      vertex 7.11325 15 8.40889
      vertex 7.08313 15 8.44709
    endloop
  endfacet
  facet normal 0.617553 -0.617568 0.48707
    outer loop
      vertex 6.32577 12.1213 5.75736
      vertex 7.11325 15 8.40889
      vertex 5 12.8868 8.40889
    endloop
  endfacet
  facet normal 0.617561 -0.617565 0.487065
    outer loop
      vertex 7.11325 15 8.40889
      vertex 6.32577 12.1213 5.75736
      vertex 7.87868 13.6742 5.75736
    endloop
  endfacet
  facet normal -0.495613 -0.132835 -0.858325
    outer loop
      vertex 14.2426 10 14.2426
      vertex 12.9309 10 15
      vertex 12.8294 10.3787 15
    endloop
  endfacet
  facet normal -0.495588 -0.132792 0.858346
    outer loop
      vertex 13.6742 12.1213 5.75736
      vertex 12.8294 10.3787 5
      vertex 14.2426 10 5.75736
    endloop
  endfacet
  facet normal -0.495579 -0.132799 0.858351
    outer loop
      vertex 12.8294 10.3787 5
      vertex 13.6742 12.1213 5.75736
      vertex 12.5382 11.4654 5
    endloop
  endfacet
  facet normal -0.495606 0.132796 -0.858336
    outer loop
      vertex 13.6742 7.87868 14.2426
      vertex 12.8294 9.62132 15
      vertex 14.2426 10 14.2426
    endloop
  endfacet
  facet normal -0.495602 0.132799 -0.858338
    outer loop
      vertex 12.8294 9.62132 15
      vertex 13.6742 7.87868 14.2426
      vertex 12.5382 8.53457 15
    endloop
  endfacet
  facet normal -0.843581 -0.226066 -0.487099
    outer loop
      vertex 15 12.8265 11.6191
      vertex 15 10 12.9309
      vertex 14.2426 10 14.2426
    endloop
  endfacet
  facet normal 0.226058 0.843594 -0.487081
    outer loop
      vertex 10 5.75736 14.2426
      vertex 10 5 12.9309
      vertex 7.1735 5 11.6191
    endloop
  endfacet
  facet normal 0.495572 -0.132772 0.858359
    outer loop
      vertex 7.06915 10 5
      vertex 7.17061 10.3787 5
      vertex 5.75736 10 5.75736
    endloop
  endfacet
  facet normal 0.707107 0.707107 0
    outer loop
      vertex 7.08313 5 11.5529
      vertex 5 7.08313 8.44709
      vertex 5 7.08313 11.5529
    endloop
  endfacet
  facet normal 0.707107 0.707107 0
    outer loop
      vertex 5 7.08313 8.44709
      vertex 7.08313 5 11.5529
      vertex 7.08313 5 8.44709
    endloop
  endfacet
  facet normal -0.226044 0.843611 0.487057
    outer loop
      vertex 12.8265 5 8.38093
      vertex 10 5.75736 5.75736
      vertex 10 5 7.06915
    endloop
  endfacet
  facet normal 0.843604 0.226045 -0.487069
    outer loop
      vertex 6.32577 7.87868 14.2426
      vertex 5 7.1735 11.6191
      vertex 5.75736 10 14.2426
    endloop
  endfacet
  facet normal 0.843497 0.226372 -0.487103
    outer loop
      vertex 5 7.1735 11.6191
      vertex 6.32577 7.87868 14.2426
      vertex 5 7.11325 11.5911
    endloop
  endfacet
  facet normal 0.49559 0.132796 -0.858345
    outer loop
      vertex 6.32577 7.87868 14.2426
      vertex 7.17061 9.62132 15
      vertex 7.46181 8.53457 15
    endloop
  endfacet
  facet normal 0.495592 0.132795 -0.858344
    outer loop
      vertex 7.17061 9.62132 15
      vertex 6.32577 7.87868 14.2426
      vertex 5.75736 10 14.2426
    endloop
  endfacet
  facet normal -0.843598 -0.226052 0.487076
    outer loop
      vertex 15 10 7.06915
      vertex 15 12.8265 8.38093
      vertex 14.2426 10 5.75736
    endloop
  endfacet
  facet normal -0.226042 -0.8436 -0.487078
    outer loop
      vertex 12.8265 15 11.6191
      vertex 12.1213 13.6742 14.2426
      vertex 10 14.2426 14.2426
    endloop
  endfacet
  facet normal -0.226179 -0.843555 -0.487092
    outer loop
      vertex 12.1213 13.6742 14.2426
      vertex 12.8265 15 11.6191
      vertex 12.8868 15 11.5911
    endloop
  endfacet
  facet normal 0.495591 0.132784 -0.858346
    outer loop
      vertex 7.06915 10 15
      vertex 7.17061 9.62132 15
      vertex 5.75736 10 14.2426
    endloop
  endfacet
  facet normal -0.226052 -0.843598 0.487076
    outer loop
      vertex 12.8265 15 8.38093
      vertex 10 15 7.06915
      vertex 10 14.2426 5.75736
    endloop
  endfacet
  facet normal -0.617699 -0.617699 -0.486721
    outer loop
      vertex 15 12.9169 11.5529
      vertex 12.8868 15 11.5911
      vertex 12.9169 15 11.5529
    endloop
  endfacet
  facet normal -0.617699 -0.617699 -0.486721
    outer loop
      vertex 12.8868 15 11.5911
      vertex 15 12.9169 11.5529
      vertex 15 12.8868 11.5911
    endloop
  endfacet
  facet normal -0.617556 -0.617556 -0.487081
    outer loop
      vertex 12.8868 15 11.5911
      vertex 15 12.8868 11.5911
      vertex 12.1213 13.6742 14.2426
    endloop
  endfacet
  facet normal -0.617556 -0.617556 -0.487081
    outer loop
      vertex 12.1213 13.6742 14.2426
      vertex 15 12.8868 11.5911
      vertex 13.6742 12.1213 14.2426
    endloop
  endfacet
  facet normal 0.362799 0.362799 -0.858344
    outer loop
      vertex 7.87868 6.32577 14.2426
      vertex 7.46181 8.53457 15
      vertex 8.53457 7.46181 15
    endloop
  endfacet
  facet normal 0.362799 0.362799 -0.858344
    outer loop
      vertex 7.46181 8.53457 15
      vertex 7.87868 6.32577 14.2426
      vertex 6.32577 7.87868 14.2426
    endloop
  endfacet
  facet normal -0.226046 0.843602 -0.487071
    outer loop
      vertex 12.1213 6.32577 14.2426
      vertex 12.8265 5 11.6191
      vertex 10 5.75736 14.2426
    endloop
  endfacet
  facet normal -0.226175 0.84356 -0.487084
    outer loop
      vertex 12.8265 5 11.6191
      vertex 12.1213 6.32577 14.2426
      vertex 12.8868 5 11.5911
    endloop
  endfacet
  facet normal 0.226044 0.843611 0.487057
    outer loop
      vertex 10 5 7.06915
      vertex 10 5.75736 5.75736
      vertex 7.1735 5 8.38093
    endloop
  endfacet
  facet normal 0.617601 0.617601 0.486967
    outer loop
      vertex 7.11325 5 8.40889
      vertex 5 7.11325 8.40889
      vertex 5 7.08313 8.44709
    endloop
  endfacet
  facet normal 0.617565 0.617565 0.487059
    outer loop
      vertex 5 7.11325 8.40889
      vertex 7.87868 6.32577 5.75736
      vertex 6.32577 7.87868 5.75736
    endloop
  endfacet
  facet normal 0.617601 0.617601 0.486967
    outer loop
      vertex 7.11325 5 8.40889
      vertex 5 7.08313 8.44709
      vertex 7.08313 5 8.44709
    endloop
  endfacet
  facet normal 0.617565 0.617565 0.487059
    outer loop
      vertex 5 7.11325 8.40889
      vertex 7.11325 5 8.40889
      vertex 7.87868 6.32577 5.75736
    endloop
  endfacet
  facet normal -0.843606 0.226041 0.487066
    outer loop
      vertex 13.6742 7.87868 5.75736
      vertex 15 7.1735 8.38093
      vertex 14.2426 10 5.75736
    endloop
  endfacet
  facet normal -0.84361 0.226031 0.487065
    outer loop
      vertex 15 7.1735 8.38093
      vertex 13.6742 7.87868 5.75736
      vertex 15 7.11325 8.40889
    endloop
  endfacet
  facet normal 0.843611 -0.226044 0.487057
    outer loop
      vertex 5.75736 10 5.75736
      vertex 5 12.8265 8.38093
      vertex 5 10 7.06915
    endloop
  endfacet
  facet normal 0.843611 0.226044 0.487057
    outer loop
      vertex 5.75736 10 5.75736
      vertex 5 10 7.06915
      vertex 5 7.1735 8.38093
    endloop
  endfacet
  facet normal 0.617552 -0.617566 -0.487075
    outer loop
      vertex 7.11325 15 11.5911
      vertex 6.32577 12.1213 14.2426
      vertex 5 12.8868 11.5911
    endloop
  endfacet
  facet normal 0.617559 -0.617563 -0.487069
    outer loop
      vertex 6.32577 12.1213 14.2426
      vertex 7.11325 15 11.5911
      vertex 7.87868 13.6742 14.2426
    endloop
  endfacet
  facet normal 0.617693 -0.617702 -0.486723
    outer loop
      vertex 7.08313 15 11.5529
      vertex 5 12.8868 11.5911
      vertex 5 12.9169 11.5529
    endloop
  endfacet
  facet normal 0.617596 -0.61761 -0.486963
    outer loop
      vertex 5 12.8868 11.5911
      vertex 7.08313 15 11.5529
      vertex 7.11325 15 11.5911
    endloop
  endfacet
  facet normal 0.843679 -0.225831 0.487039
    outer loop
      vertex 5 12.8265 8.38093
      vertex 6.32577 12.1213 5.75736
      vertex 5 12.8868 8.40889
    endloop
  endfacet
  facet normal 0.843608 -0.226048 0.487061
    outer loop
      vertex 6.32577 12.1213 5.75736
      vertex 5 12.8265 8.38093
      vertex 5.75736 10 5.75736
    endloop
  endfacet
  facet normal -0.132799 -0.495579 0.858351
    outer loop
      vertex 12.1213 13.6742 5.75736
      vertex 10.3787 12.8294 5
      vertex 11.4654 12.5382 5
    endloop
  endfacet
  facet normal -0.132792 -0.495588 0.858346
    outer loop
      vertex 10.3787 12.8294 5
      vertex 12.1213 13.6742 5.75736
      vertex 10 14.2426 5.75736
    endloop
  endfacet
  facet normal -0.362789 -0.362789 0.858352
    outer loop
      vertex 12.1213 13.6742 5.75736
      vertex 12.5382 11.4654 5
      vertex 13.6742 12.1213 5.75736
    endloop
  endfacet
  facet normal -0.362789 -0.362789 0.858352
    outer loop
      vertex 12.5382 11.4654 5
      vertex 12.1213 13.6742 5.75736
      vertex 11.4654 12.5382 5
    endloop
  endfacet
  facet normal -0.226066 -0.843581 -0.487099
    outer loop
      vertex 10 15 12.9309
      vertex 12.8265 15 11.6191
      vertex 10 14.2426 14.2426
    endloop
  endfacet
  facet normal -0.843555 -0.226179 -0.487092
    outer loop
      vertex 15 12.8265 11.6191
      vertex 13.6742 12.1213 14.2426
      vertex 15 12.8868 11.5911
    endloop
  endfacet
  facet normal -0.8436 -0.226042 -0.487078
    outer loop
      vertex 13.6742 12.1213 14.2426
      vertex 15 12.8265 11.6191
      vertex 14.2426 10 14.2426
    endloop
  endfacet
  facet normal -0.617699 -0.617699 0.486721
    outer loop
      vertex 15 12.8868 8.40889
      vertex 12.9169 15 8.44709
      vertex 12.8868 15 8.40889
    endloop
  endfacet
  facet normal -0.617699 -0.617699 0.486721
    outer loop
      vertex 12.9169 15 8.44709
      vertex 15 12.8868 8.40889
      vertex 15 12.9169 8.44709
    endloop
  endfacet
  facet normal -0.617558 -0.617558 0.487077
    outer loop
      vertex 13.6742 12.1213 5.75736
      vertex 12.8868 15 8.40889
      vertex 12.1213 13.6742 5.75736
    endloop
  endfacet
  facet normal -0.617558 -0.617558 0.487077
    outer loop
      vertex 12.8868 15 8.40889
      vertex 13.6742 12.1213 5.75736
      vertex 15 12.8868 8.40889
    endloop
  endfacet
  facet normal -0.226043 -0.843605 0.487068
    outer loop
      vertex 12.1213 13.6742 5.75736
      vertex 12.8265 15 8.38093
      vertex 10 14.2426 5.75736
    endloop
  endfacet
  facet normal -0.225834 -0.843673 0.487046
    outer loop
      vertex 12.8265 15 8.38093
      vertex 12.1213 13.6742 5.75736
      vertex 12.8868 15 8.40889
    endloop
  endfacet
  facet normal 0.617563 0.617563 -0.487063
    outer loop
      vertex 7.11325 5 11.5911
      vertex 6.32577 7.87868 14.2426
      vertex 7.87868 6.32577 14.2426
    endloop
  endfacet
  facet normal 0.617563 0.617563 -0.487063
    outer loop
      vertex 7.11325 5 11.5911
      vertex 5 7.11325 11.5911
      vertex 6.32577 7.87868 14.2426
    endloop
  endfacet
  facet normal 0.617601 0.617601 -0.486967
    outer loop
      vertex 7.08313 5 11.5529
      vertex 5 7.11325 11.5911
      vertex 7.11325 5 11.5911
    endloop
  endfacet
  facet normal 0.617601 0.617601 -0.486967
    outer loop
      vertex 5 7.11325 11.5911
      vertex 7.08313 5 11.5529
      vertex 5 7.08313 11.5529
    endloop
  endfacet
  facet normal -0.707112 0.707102 0
    outer loop
      vertex 12.9169 5 8.44709
      vertex 15 7.08313 11.5529
      vertex 15 7.08313 8.44709
    endloop
  endfacet
  facet normal -0.707112 0.707102 0
    outer loop
      vertex 15 7.08313 11.5529
      vertex 12.9169 5 8.44709
      vertex 12.9169 5 11.5529
    endloop
  endfacet
  facet normal -0.132777 0.495591 -0.858347
    outer loop
      vertex 10 7.06915 15
      vertex 10.3787 7.17061 15
      vertex 10 5.75736 14.2426
    endloop
  endfacet
  facet normal 0.226045 0.843604 -0.487069
    outer loop
      vertex 7.1735 5 11.6191
      vertex 7.87868 6.32577 14.2426
      vertex 10 5.75736 14.2426
    endloop
  endfacet
  facet normal 0.226372 0.843497 -0.487103
    outer loop
      vertex 7.87868 6.32577 14.2426
      vertex 7.1735 5 11.6191
      vertex 7.11325 5 11.5911
    endloop
  endfacet
  facet normal 0.495568 -0.132796 0.858358
    outer loop
      vertex 6.32577 12.1213 5.75736
      vertex 7.17061 10.3787 5
      vertex 7.46181 11.4654 5
    endloop
  endfacet
  facet normal 0.495575 -0.132791 0.858354
    outer loop
      vertex 7.17061 10.3787 5
      vertex 6.32577 12.1213 5.75736
      vertex 5.75736 10 5.75736
    endloop
  endfacet
  facet normal -0.617565 0.617561 0.487065
    outer loop
      vertex 12.1213 6.32577 5.75736
      vertex 15 7.11325 8.40889
      vertex 13.6742 7.87868 5.75736
    endloop
  endfacet
  facet normal -0.617568 0.617553 0.48707
    outer loop
      vertex 12.8868 5 8.40889
      vertex 15 7.11325 8.40889
      vertex 12.1213 6.32577 5.75736
    endloop
  endfacet
  facet normal -0.61761 0.617596 0.486963
    outer loop
      vertex 15 7.11325 8.40889
      vertex 12.8868 5 8.40889
      vertex 15 7.08313 8.44709
    endloop
  endfacet
  facet normal -0.617702 0.617693 0.486723
    outer loop
      vertex 15 7.08313 8.44709
      vertex 12.8868 5 8.40889
      vertex 12.9169 5 8.44709
    endloop
  endfacet
  facet normal -0.843673 -0.225834 0.487046
    outer loop
      vertex 13.6742 12.1213 5.75736
      vertex 15 12.8265 8.38093
      vertex 15 12.8868 8.40889
    endloop
  endfacet
  facet normal -0.843605 -0.226043 0.487068
    outer loop
      vertex 15 12.8265 8.38093
      vertex 13.6742 12.1213 5.75736
      vertex 14.2426 10 5.75736
    endloop
  endfacet
  facet normal -0.843598 0.226052 0.487076
    outer loop
      vertex 15 7.1735 8.38093
      vertex 15 10 7.06915
      vertex 14.2426 10 5.75736
    endloop
  endfacet
  facet normal 0.226052 -0.843598 0.487076
    outer loop
      vertex 10 14.2426 5.75736
      vertex 10 15 7.06915
      vertex 7.1735 15 8.38093
    endloop
  endfacet
  facet normal 0.226031 -0.84361 0.487065
    outer loop
      vertex 7.87868 13.6742 5.75736
      vertex 7.1735 15 8.38093
      vertex 7.11325 15 8.40889
    endloop
  endfacet
  facet normal 0.226041 -0.843606 0.487066
    outer loop
      vertex 7.1735 15 8.38093
      vertex 7.87868 13.6742 5.75736
      vertex 10 14.2426 5.75736
    endloop
  endfacet
  facet normal -0.495594 -0.13283 0.858337
    outer loop
      vertex 12.9309 10 5
      vertex 14.2426 10 5.75736
      vertex 12.8294 10.3787 5
    endloop
  endfacet
  facet normal -0.132804 -0.495598 -0.858339
    outer loop
      vertex 10.3787 12.8294 15
      vertex 12.1213 13.6742 14.2426
      vertex 11.4654 12.5382 15
    endloop
  endfacet
  facet normal -0.132798 -0.495608 -0.858334
    outer loop
      vertex 12.1213 13.6742 14.2426
      vertex 10.3787 12.8294 15
      vertex 10 14.2426 14.2426
    endloop
  endfacet
  facet normal 0.707102 -0.707112 0
    outer loop
      vertex 5 12.9169 11.5529
      vertex 7.08313 15 8.44709
      vertex 7.08313 15 11.5529
    endloop
  endfacet
  facet normal 0.707102 -0.707112 0
    outer loop
      vertex 7.08313 15 8.44709
      vertex 5 12.9169 11.5529
      vertex 5 12.9169 8.44709
    endloop
  endfacet
  facet normal -0.707107 -0.707107 0
    outer loop
      vertex 15 12.9169 8.44709
      vertex 12.9169 15 11.5529
      vertex 12.9169 15 8.44709
    endloop
  endfacet
  facet normal -0.707107 -0.707107 0
    outer loop
      vertex 12.9169 15 11.5529
      vertex 15 12.9169 8.44709
      vertex 15 12.9169 11.5529
    endloop
  endfacet
  facet normal -0.132801 0.495587 -0.858346
    outer loop
      vertex 12.1213 6.32577 14.2426
      vertex 10.3787 7.17061 15
      vertex 11.4654 7.46181 15
    endloop
  endfacet
  facet normal -0.132796 0.495594 -0.858342
    outer loop
      vertex 10.3787 7.17061 15
      vertex 12.1213 6.32577 14.2426
      vertex 10 5.75736 14.2426
    endloop
  endfacet
  facet normal -0.226058 0.843594 -0.487081
    outer loop
      vertex 10 5.75736 14.2426
      vertex 12.8265 5 11.6191
      vertex 10 5 12.9309
    endloop
  endfacet
  facet normal -0.225831 0.843679 0.487039
    outer loop
      vertex 12.1213 6.32577 5.75736
      vertex 12.8265 5 8.38093
      vertex 12.8868 5 8.40889
    endloop
  endfacet
  facet normal -0.226048 0.843608 0.487061
    outer loop
      vertex 12.8265 5 8.38093
      vertex 12.1213 6.32577 5.75736
      vertex 10 5.75736 5.75736
    endloop
  endfacet
  facet normal -0.495613 0.132842 -0.858325
    outer loop
      vertex 12.9309 10 15
      vertex 14.2426 10 14.2426
      vertex 12.8294 9.62132 15
    endloop
  endfacet
  facet normal 0.132795 0.495592 -0.858344
    outer loop
      vertex 7.87868 6.32577 14.2426
      vertex 9.62132 7.17061 15
      vertex 10 5.75736 14.2426
    endloop
  endfacet
  facet normal 0.132796 0.49559 -0.858345
    outer loop
      vertex 9.62132 7.17061 15
      vertex 7.87868 6.32577 14.2426
      vertex 8.53457 7.46181 15
    endloop
  endfacet
  facet normal 0.495571 0.132791 0.858356
    outer loop
      vertex 7.17061 9.62132 5
      vertex 6.32577 7.87868 5.75736
      vertex 7.46181 8.53457 5
    endloop
  endfacet
  facet normal 0.495573 0.132789 0.858356
    outer loop
      vertex 6.32577 7.87868 5.75736
      vertex 7.17061 9.62132 5
      vertex 5.75736 10 5.75736
    endloop
  endfacet
  facet normal 0.843609 0.226046 0.48706
    outer loop
      vertex 5 7.1735 8.38093
      vertex 6.32577 7.87868 5.75736
      vertex 5.75736 10 5.75736
    endloop
  endfacet
  facet normal 0.843615 0.226027 0.487058
    outer loop
      vertex 6.32577 7.87868 5.75736
      vertex 5 7.1735 8.38093
      vertex 5 7.11325 8.40889
    endloop
  endfacet
  facet normal 0.843594 0.226058 -0.487081
    outer loop
      vertex 5 10 12.9309
      vertex 5.75736 10 14.2426
      vertex 5 7.1735 11.6191
    endloop
  endfacet
  facet normal 0.843594 -0.226058 -0.487081
    outer loop
      vertex 5 12.8265 11.6191
      vertex 5.75736 10 14.2426
      vertex 5 10 12.9309
    endloop
  endfacet
  facet normal -0.132772 0.495572 0.858359
    outer loop
      vertex 10.3787 7.17061 5
      vertex 10 7.06915 5
      vertex 10 5.75736 5.75736
    endloop
  endfacet
  facet normal -0.13283 -0.495594 0.858337
    outer loop
      vertex 10.3787 12.8294 5
      vertex 10 14.2426 5.75736
      vertex 10 12.9309 5
    endloop
  endfacet
  facet normal 0.362813 -0.362799 -0.858338
    outer loop
      vertex 7.46181 11.4654 15
      vertex 7.87868 13.6742 14.2426
      vertex 8.53457 12.5382 15
    endloop
  endfacet
  facet normal 0.362796 -0.362799 -0.858345
    outer loop
      vertex 7.87868 13.6742 14.2426
      vertex 7.46181 11.4654 15
      vertex 6.32577 12.1213 14.2426
    endloop
  endfacet
  facet normal 0.495587 -0.132801 -0.858346
    outer loop
      vertex 7.17061 10.3787 15
      vertex 6.32577 12.1213 14.2426
      vertex 7.46181 11.4654 15
    endloop
  endfacet
  facet normal 0.495594 -0.132796 -0.858342
    outer loop
      vertex 6.32577 12.1213 14.2426
      vertex 7.17061 10.3787 15
      vertex 5.75736 10 14.2426
    endloop
  endfacet
  facet normal 0.226066 -0.843581 -0.487099
    outer loop
      vertex 10 15 12.9309
      vertex 10 14.2426 14.2426
      vertex 7.1735 15 11.6191
    endloop
  endfacet
  facet normal -0.61761 0.617596 -0.486963
    outer loop
      vertex 12.8868 5 11.5911
      vertex 15 7.11325 11.5911
      vertex 15 7.08313 11.5529
    endloop
  endfacet
  facet normal -0.617563 0.617559 -0.487069
    outer loop
      vertex 15 7.11325 11.5911
      vertex 12.1213 6.32577 14.2426
      vertex 13.6742 7.87868 14.2426
    endloop
  endfacet
  facet normal -0.617702 0.617693 -0.486723
    outer loop
      vertex 12.8868 5 11.5911
      vertex 15 7.08313 11.5529
      vertex 12.9169 5 11.5529
    endloop
  endfacet
  facet normal -0.617566 0.617552 -0.487075
    outer loop
      vertex 15 7.11325 11.5911
      vertex 12.8868 5 11.5911
      vertex 12.1213 6.32577 14.2426
    endloop
  endfacet
  facet normal -0.843601 0.22604 -0.487076
    outer loop
      vertex 15 7.1735 11.6191
      vertex 13.6742 7.87868 14.2426
      vertex 14.2426 10 14.2426
    endloop
  endfacet
  facet normal -0.843491 0.226375 -0.487111
    outer loop
      vertex 13.6742 7.87868 14.2426
      vertex 15 7.1735 11.6191
      vertex 15 7.11325 11.5911
    endloop
  endfacet
  facet normal 0.132784 0.495591 -0.858346
    outer loop
      vertex 10 7.06915 15
      vertex 10 5.75736 14.2426
      vertex 9.62132 7.17061 15
    endloop
  endfacet
  facet normal 0.362799 -0.362785 0.85835
    outer loop
      vertex 7.87868 13.6742 5.75736
      vertex 7.46181 11.4654 5
      vertex 8.53457 12.5382 5
    endloop
  endfacet
  facet normal 0.362782 -0.362784 0.858357
    outer loop
      vertex 7.46181 11.4654 5
      vertex 7.87868 13.6742 5.75736
      vertex 6.32577 12.1213 5.75736
    endloop
  endfacet
  facet normal 0.132837 -0.495593 0.858337
    outer loop
      vertex 10 12.9309 5
      vertex 10 14.2426 5.75736
      vertex 9.62132 12.8294 5
    endloop
  endfacet
  facet normal 0.226046 0.843609 0.48706
    outer loop
      vertex 7.87868 6.32577 5.75736
      vertex 7.1735 5 8.38093
      vertex 10 5.75736 5.75736
    endloop
  endfacet
  facet normal 0.226027 0.843615 0.487058
    outer loop
      vertex 7.1735 5 8.38093
      vertex 7.87868 6.32577 5.75736
      vertex 7.11325 5 8.40889
    endloop
  endfacet
  facet normal -0.362791 0.362789 0.858351
    outer loop
      vertex 12.5382 8.53457 5
      vertex 12.1213 6.32577 5.75736
      vertex 13.6742 7.87868 5.75736
    endloop
  endfacet
  facet normal -0.362775 0.362788 0.858358
    outer loop
      vertex 12.1213 6.32577 5.75736
      vertex 12.5382 8.53457 5
      vertex 11.4654 7.46181 5
    endloop
  endfacet
  facet normal -0.132796 0.495568 0.858358
    outer loop
      vertex 10.3787 7.17061 5
      vertex 12.1213 6.32577 5.75736
      vertex 11.4654 7.46181 5
    endloop
  endfacet
  facet normal -0.132791 0.495575 0.858354
    outer loop
      vertex 12.1213 6.32577 5.75736
      vertex 10.3787 7.17061 5
      vertex 10 5.75736 5.75736
    endloop
  endfacet
  facet normal 0.495591 -0.132777 -0.858347
    outer loop
      vertex 7.17061 10.3787 15
      vertex 7.06915 10 15
      vertex 5.75736 10 14.2426
    endloop
  endfacet
  facet normal 0.132842 -0.495613 -0.858325
    outer loop
      vertex 10 14.2426 14.2426
      vertex 10 12.9309 15
      vertex 9.62132 12.8294 15
    endloop
  endfacet
  facet normal 0.132799 -0.495602 -0.858338
    outer loop
      vertex 7.87868 13.6742 14.2426
      vertex 9.62132 12.8294 15
      vertex 8.53457 12.5382 15
    endloop
  endfacet
  facet normal 0.132796 -0.495606 -0.858336
    outer loop
      vertex 9.62132 12.8294 15
      vertex 7.87868 13.6742 14.2426
      vertex 10 14.2426 14.2426
    endloop
  endfacet
  facet normal 0.132791 0.495571 0.858356
    outer loop
      vertex 7.87868 6.32577 5.75736
      vertex 9.62132 7.17061 5
      vertex 8.53457 7.46181 5
    endloop
  endfacet
  facet normal 0.132789 0.495573 0.858356
    outer loop
      vertex 9.62132 7.17061 5
      vertex 7.87868 6.32577 5.75736
      vertex 10 5.75736 5.75736
    endloop
  endfacet
  facet normal 0.362784 0.362784 0.858356
    outer loop
      vertex 7.46181 8.53457 5
      vertex 7.87868 6.32577 5.75736
      vertex 8.53457 7.46181 5
    endloop
  endfacet
  facet normal 0.362784 0.362784 0.858356
    outer loop
      vertex 7.87868 6.32577 5.75736
      vertex 7.46181 8.53457 5
      vertex 6.32577 7.87868 5.75736
    endloop
  endfacet
  facet normal 0.132791 -0.495587 0.858347
    outer loop
      vertex 7.87868 13.6742 5.75736
      vertex 9.62132 12.8294 5
      vertex 10 14.2426 5.75736
    endloop
  endfacet
  facet normal 0.132794 -0.495582 0.85835
    outer loop
      vertex 9.62132 12.8294 5
      vertex 7.87868 13.6742 5.75736
      vertex 8.53457 12.5382 5
    endloop
  endfacet
  facet normal -0.495593 0.132837 0.858337
    outer loop
      vertex 14.2426 10 5.75736
      vertex 12.9309 10 5
      vertex 12.8294 9.62132 5
    endloop
  endfacet
  facet normal -0.495587 0.132791 0.858347
    outer loop
      vertex 12.8294 9.62132 5
      vertex 13.6742 7.87868 5.75736
      vertex 14.2426 10 5.75736
    endloop
  endfacet
  facet normal -0.495582 0.132794 0.85835
    outer loop
      vertex 13.6742 7.87868 5.75736
      vertex 12.8294 9.62132 5
      vertex 12.5382 8.53457 5
    endloop
  endfacet
  facet normal -0.132835 -0.495613 -0.858325
    outer loop
      vertex 10 14.2426 14.2426
      vertex 10.3787 12.8294 15
      vertex 10 12.9309 15
    endloop
  endfacet
  facet normal 0.495572 0.132779 0.858358
    outer loop
      vertex 7.17061 9.62132 5
      vertex 7.06915 10 5
      vertex 5.75736 10 5.75736
    endloop
  endfacet
  facet normal 0.132779 0.495572 0.858358
    outer loop
      vertex 10 5.75736 5.75736
      vertex 10 7.06915 5
      vertex 9.62132 7.17061 5
    endloop
  endfacet
endsolid OpenSCAD_Model
