solid OpenSCAD_Model
  facet normal -0 0 -1
    outer loop
      vertex 10.9282 -2.9282 0
      vertex 8 -4.6188 0
      vertex 9.2376 0 0
    endloop
  endfacet
  facet normal 0 0 -1
    outer loop
      vertex 9.2376 0 0
      vertex 8 4.6188 0
      vertex 10.9282 2.9282 0
    endloop
  endfacet
  facet normal 0 0 -1
    outer loop
      vertex 8 4.6188 0
      vertex 9.2376 0 0
      vertex 8 -4.6188 0
    endloop
  endfacet
  facet normal 0 0 -1
    outer loop
      vertex -8 -4.6188 0
      vertex -9.2376 0 0
      vertex -8 4.6188 0
    endloop
  endfacet
  facet normal 0 -0 -1
    outer loop
      vertex -9.2376 0 0
      vertex -8 -4.6188 0
      vertex -10.9282 -2.9282 0
    endloop
  endfacet
  facet normal 0 0 -1
    outer loop
      vertex 4.6188 -8 0
      vertex 8 -4.6188 0
      vertex 8 -8 0
    endloop
  endfacet
  facet normal -0 0 -1
    outer loop
      vertex 8 -4.6188 0
      vertex 4.6188 -8 0
      vertex 8 4.6188 0
    endloop
  endfacet
  facet normal 0 0 -1
    outer loop
      vertex 4.6188 8 0
      vertex 8 4.6188 0
      vertex 4.6188 -8 0
    endloop
  endfacet
  facet normal 0 0 -1
    outer loop
      vertex 8 4.6188 0
      vertex 4.6188 8 0
      vertex 8 8 0
    endloop
  endfacet
  facet normal 0 0 -1
    outer loop
      vertex 0 -9.2376 0
      vertex 4.6188 -8 0
      vertex 2.9282 -10.9282 0
    endloop
  endfacet
  facet normal -0 0 -1
    outer loop
      vertex 4.6188 -8 0
      vertex 0 -9.2376 0
      vertex 4.6188 8 0
    endloop
  endfacet
  facet normal 0 0 -1
    outer loop
      vertex 0 9.2376 0
      vertex 4.6188 8 0
      vertex 0 -9.2376 0
    endloop
  endfacet
  facet normal 0 0 -1
    outer loop
      vertex 4.6188 8 0
      vertex 0 9.2376 0
      vertex 2.9282 10.9282 0
    endloop
  endfacet
  facet normal 0 0 -1
    outer loop
      vertex -4.6188 -8 0
      vertex 0 -9.2376 0
      vertex -2.9282 -10.9282 0
    endloop
  endfacet
  facet normal 0 0 -1
    outer loop
      vertex 0 -9.2376 0
      vertex -4.6188 -8 0
      vertex 0 9.2376 0
    endloop
  endfacet
  facet normal 0 0 -1
    outer loop
      vertex -4.6188 8 0
      vertex 0 9.2376 0
      vertex -4.6188 -8 0
    endloop
  endfacet
  facet normal -0 0 -1
    outer loop
      vertex 0 9.2376 0
      vertex -4.6188 8 0
      vertex -2.9282 10.9282 0
    endloop
  endfacet
  facet normal 0 0 -1
    outer loop
      vertex -8 -4.6188 0
      vertex -4.6188 -8 0
      vertex -8 -8 0
    endloop
  endfacet
  facet normal 0 0 -1
    outer loop
      vertex -4.6188 -8 0
      vertex -8 -4.6188 0
      vertex -4.6188 8 0
    endloop
  endfacet
  facet normal 0 0 -1
    outer loop
      vertex -8 4.6188 0
      vertex -4.6188 8 0
      vertex -8 -4.6188 0
    endloop
  endfacet
  facet normal -0 0 -1
    outer loop
      vertex -4.6188 8 0
      vertex -8 4.6188 0
      vertex -8 8 0
    endloop
  endfacet
  facet normal 0 0 -1
    outer loop
      vertex -8 4.6188 0
      vertex -9.2376 0 0
      vertex -10.9282 2.9282 0
    endloop
  endfacet
  facet normal 0 0 1
    outer loop
      vertex 10.9282 2.9282 20
      vertex 8 4.6188 20
      vertex 9.2376 0 20
    endloop
  endfacet
  facet normal 0 0 1
    outer loop
      vertex 9.2376 0 20
      vertex 8 -4.6188 20
      vertex 10.9282 -2.9282 20
    endloop
  endfacet
  facet normal 0 0 1
    outer loop
      vertex 8 -4.6188 20
      vertex 9.2376 0 20
      vertex 8 4.6188 20
    endloop
  endfacet
  facet normal 0 0 1
    outer loop
      vertex -8 4.6188 20
      vertex -9.2376 0 20
      vertex -8 -4.6188 20
    endloop
  endfacet
  facet normal 0 -0 1
    outer loop
      vertex -9.2376 0 20
      vertex -8 4.6188 20
      vertex -10.9282 2.9282 20
    endloop
  endfacet
  facet normal -0 0 1
    outer loop
      vertex 4.6188 8 20
      vertex 8 4.6188 20
      vertex 8 8 20
    endloop
  endfacet
  facet normal 0 0 1
    outer loop
      vertex 8 4.6188 20
      vertex 4.6188 8 20
      vertex 8 -4.6188 20
    endloop
  endfacet
  facet normal 0 0 1
    outer loop
      vertex 4.6188 -8 20
      vertex 8 -4.6188 20
      vertex 4.6188 8 20
    endloop
  endfacet
  facet normal 0 0 1
    outer loop
      vertex 8 -4.6188 20
      vertex 4.6188 -8 20
      vertex 8 -8 20
    endloop
  endfacet
  facet normal -0 0 1
    outer loop
      vertex 0 9.2376 20
      vertex 4.6188 8 20
      vertex 2.9282 10.9282 20
    endloop
  endfacet
  facet normal 0 0 1
    outer loop
      vertex 4.6188 8 20
      vertex 0 9.2376 20
      vertex 4.6188 -8 20
    endloop
  endfacet
  facet normal 0 0 1
    outer loop
      vertex 0 -9.2376 20
      vertex 4.6188 -8 20
      vertex 0 9.2376 20
    endloop
  endfacet
  facet normal 0 0 1
    outer loop
      vertex 4.6188 -8 20
      vertex 0 -9.2376 20
      vertex 2.9282 -10.9282 20
    endloop
  endfacet
  facet normal 0 0 1
    outer loop
      vertex -4.6188 8 20
      vertex 0 9.2376 20
      vertex -2.9282 10.9282 20
    endloop
  endfacet
  facet normal 0 0 1
    outer loop
      vertex 0 9.2376 20
      vertex -4.6188 8 20
      vertex 0 -9.2376 20
    endloop
  endfacet
  facet normal -0 0 1
    outer loop
      vertex -4.6188 -8 20
      vertex 0 -9.2376 20
      vertex -4.6188 8 20
    endloop
  endfacet
  facet normal 0 0 1
    outer loop
      vertex 0 -9.2376 20
      vertex -4.6188 -8 20
      vertex -2.9282 -10.9282 20
    endloop
  endfacet
  facet normal 0 0 1
    outer loop
      vertex -8 4.6188 20
      vertex -4.6188 8 20
      vertex -8 8 20
    endloop
  endfacet
  facet normal 0 0 1
    outer loop
      vertex -4.6188 8 20
      vertex -8 4.6188 20
      vertex -4.6188 -8 20
    endloop
  endfacet
  facet normal -0 0 1
    outer loop
      vertex -8 -4.6188 20
      vertex -4.6188 -8 20
      vertex -8 4.6188 20
    endloop
  endfacet
  facet normal 0 0 1
    outer loop
      vertex -4.6188 -8 20
      vertex -8 -4.6188 20
      vertex -8 -8 20
    endloop
  endfacet
  facet normal 0 0 1
    outer loop
      vertex -8 -4.6188 20
      vertex -9.2376 0 20
      vertex -10.9282 -2.9282 20
    endloop
  endfacet
  facet normal 0.979304 0 -0.202393
    outer loop
      vertex 8.20667 7.78784 1
      vertex 8 4.6188 0
      vertex 8 8 0
    endloop
  endfacet
  facet normal 0.979303 2.6098e-06 -0.202401
    outer loop
      vertex 8 4.6188 0
      vertex 8.20667 7.78784 1
      vertex 8.09065 4.53856 0.438603
    endloop
  endfacet
  facet normal 0.998146 -0.0261431 -0.0549678
    outer loop
      vertex 8.20667 7.78784 1
      vertex 8.09711 4.52702 0.561397
      vertex 8.09065 4.53856 0.438603
    endloop
  endfacet
  facet normal 0.998144 -0.0261375 -0.0550088
    outer loop
      vertex 8.09711 4.52702 0.561397
      vertex 8.20667 7.78784 1
      vertex 8.11816 4.4078 1
    endloop
  endfacet
  facet normal -7.32269e-06 0.998488 0.054969
    outer loop
      vertex 8 8 0
      vertex 4.73742 7.97583 0.438603
      vertex 4.7488 7.96907 0.561397
    endloop
  endfacet
  facet normal 0 0.998485 0.0550233
    outer loop
      vertex 4.73742 7.97583 0.438603
      vertex 8 8 0
      vertex 4.6188 8 0
    endloop
  endfacet
  facet normal 0.0256353 0.978967 0.2024
    outer loop
      vertex 8 8 0
      vertex 4.82663 7.87635 1
      vertex 8.20667 7.78784 1
    endloop
  endfacet
  facet normal 0.0256364 0.978967 0.202403
    outer loop
      vertex 4.82663 7.87635 1
      vertex 8 8 0
      vertex 4.7488 7.96907 0.561397
    endloop
  endfacet
  facet normal 0.978968 -0.0256353 -0.202397
    outer loop
      vertex 8.40772 7.57035 2
      vertex 8.11816 4.4078 1
      vertex 8.20667 7.78784 1
    endloop
  endfacet
  facet normal 0.978966 -0.0256326 -0.202405
    outer loop
      vertex 8.11816 4.4078 1
      vertex 8.40772 7.57035 2
      vertex 8.20668 4.32522 1.4386
    endloop
  endfacet
  facet normal 0.997118 -0.0522576 -0.0550015
    outer loop
      vertex 8.40772 7.57035 2
      vertex 8.21284 4.31351 1.5614
      vertex 8.20668 4.32522 1.4386
    endloop
  endfacet
  facet normal 0.997117 -0.0522541 -0.0550267
    outer loop
      vertex 8.21284 4.31351 1.5614
      vertex 8.40772 7.57035 2
      vertex 8.23077 4.19378 2
    endloop
  endfacet
  facet normal 0.0261369 0.998144 0.0550035
    outer loop
      vertex 8.20667 7.78784 1
      vertex 4.94458 7.84909 1.4386
      vertex 4.95577 7.84203 1.5614
    endloop
  endfacet
  facet normal 0.0261375 0.998144 0.0550079
    outer loop
      vertex 4.94458 7.84909 1.4386
      vertex 8.20667 7.78784 1
      vertex 4.82663 7.87635 1
    endloop
  endfacet
  facet normal 0.0512534 0.977962 0.202393
    outer loop
      vertex 8.20667 7.78784 1
      vertex 5.03116 7.74731 2
      vertex 8.40772 7.57035 2
    endloop
  endfacet
  facet normal 0.0512529 0.977963 0.202391
    outer loop
      vertex 5.03116 7.74731 2
      vertex 8.20667 7.78784 1
      vertex 4.95577 7.84203 1.5614
    endloop
  endfacet
  facet normal 0.977961 -0.0512503 -0.202398
    outer loop
      vertex 8.60301 7.34767 3
      vertex 8.23077 4.19378 2
      vertex 8.40772 7.57035 2
    endloop
  endfacet
  facet normal 0.977963 -0.0512536 -0.202389
    outer loop
      vertex 8.23077 4.19378 2
      vertex 8.60301 7.34767 3
      vertex 8.31709 4.10891 2.4386
    endloop
  endfacet
  facet normal 0.995409 -0.0783431 -0.0549924
    outer loop
      vertex 8.60301 7.34767 3
      vertex 8.32294 4.09704 2.5614
      vertex 8.31709 4.10891 2.4386
    endloop
  endfacet
  facet normal 0.995407 -0.0783384 -0.0550261
    outer loop
      vertex 8.32294 4.09704 2.5614
      vertex 8.60301 7.34767 3
      vertex 8.33773 3.97689 3
    endloop
  endfacet
  facet normal 0.0522558 0.997118 0.055
    outer loop
      vertex 8.40772 7.57035 2
      vertex 5.14836 7.71697 2.4386
      vertex 5.15936 7.70962 2.5614
    endloop
  endfacet
  facet normal 0.0522573 0.997117 0.0550114
    outer loop
      vertex 5.14836 7.71697 2.4386
      vertex 8.40772 7.57035 2
      vertex 5.03116 7.74731 2
    endloop
  endfacet
  facet normal 0.0768338 0.976285 0.202394
    outer loop
      vertex 8.40772 7.57035 2
      vertex 5.23224 7.61295 3
      vertex 8.60301 7.34767 3
    endloop
  endfacet
  facet normal 0.0768387 0.976282 0.20241
    outer loop
      vertex 5.23224 7.61295 3
      vertex 8.40772 7.57035 2
      vertex 5.15936 7.70962 2.5614
    endloop
  endfacet
  facet normal 0.976285 -0.0768335 -0.202395
    outer loop
      vertex 8.7924 7.11995 4
      vertex 8.33773 3.97689 3
      vertex 8.60301 7.34767 3
    endloop
  endfacet
  facet normal 0.976286 -0.076835 -0.202391
    outer loop
      vertex 8.33773 3.97689 3
      vertex 8.7924 7.11995 4
      vertex 8.4218 3.88979 3.4386
    endloop
  endfacet
  facet normal 0.993016 -0.104368 -0.0550148
    outer loop
      vertex 8.7924 7.11995 4
      vertex 8.42734 3.87777 3.5614
      vertex 8.4218 3.88979 3.4386
    endloop
  endfacet
  facet normal 0.993016 -0.10437 -0.0550053
    outer loop
      vertex 8.42734 3.87777 3.5614
      vertex 8.7924 7.11995 4
      vertex 8.43897 3.75727 4
    endloop
  endfacet
  facet normal 0.078331 0.995411 0.0549594
    outer loop
      vertex 8.60301 7.34767 3
      vertex 5.3486 7.57955 3.4386
      vertex 5.3594 7.57192 3.5614
    endloop
  endfacet
  facet normal 0.0783387 0.995407 0.0550185
    outer loop
      vertex 5.3486 7.57955 3.4386
      vertex 8.60301 7.34767 3
      vertex 5.23224 7.61295 3
    endloop
  endfacet
  facet normal 0.102365 0.973939 0.202398
    outer loop
      vertex 8.60301 7.34767 3
      vertex 5.42973 7.47338 4
      vertex 8.7924 7.11995 4
    endloop
  endfacet
  facet normal 0.102365 0.973938 0.2024
    outer loop
      vertex 5.42973 7.47338 4
      vertex 8.60301 7.34767 3
      vertex 5.3594 7.57192 3.5614
    endloop
  endfacet
  facet normal 0.973938 -0.102364 -0.202401
    outer loop
      vertex 8.97577 6.88735 5
      vertex 8.43897 3.75727 4
      vertex 8.7924 7.11995 4
    endloop
  endfacet
  facet normal 0.97394 -0.102369 -0.202389
    outer loop
      vertex 8.43897 3.75727 4
      vertex 8.97577 6.88735 5
      vertex 8.52073 3.668 4.4386
    endloop
  endfacet
  facet normal 0.989942 -0.130321 -0.0550659
    outer loop
      vertex 8.97577 6.88735 5
      vertex 8.52596 3.65584 4.5614
      vertex 8.52073 3.668 4.4386
    endloop
  endfacet
  facet normal 0.989944 -0.13033 -0.0550011
    outer loop
      vertex 8.52596 3.65584 4.5614
      vertex 8.97577 6.88735 5
      vertex 8.53443 3.53508 5
    endloop
  endfacet
  facet normal 0.104372 0.993015 0.0550268
    outer loop
      vertex 8.7924 7.11995 4
      vertex 5.54517 7.43695 4.4386
      vertex 5.55578 7.42903 4.5614
    endloop
  endfacet
  facet normal 0.10437 0.993016 0.0550094
    outer loop
      vertex 5.54517 7.43695 4.4386
      vertex 8.7924 7.11995 4
      vertex 5.42973 7.47338 4
    endloop
  endfacet
  facet normal 0.127823 0.970925 0.202398
    outer loop
      vertex 8.7924 7.11995 4
      vertex 5.6235 7.32868 5
      vertex 8.97577 6.88735 5
    endloop
  endfacet
  facet normal 0.127826 0.970923 0.202407
    outer loop
      vertex 5.6235 7.32868 5
      vertex 8.7924 7.11995 4
      vertex 5.55578 7.42903 4.5614
    endloop
  endfacet
  facet normal 0.970926 -0.127826 -0.202394
    outer loop
      vertex 9.15298 6.65003 6
      vertex 8.53443 3.53508 5
      vertex 8.97577 6.88735 5
    endloop
  endfacet
  facet normal 0.970925 -0.127824 -0.202401
    outer loop
      vertex 8.53443 3.53508 5
      vertex 9.15298 6.65003 6
      vertex 8.61383 3.44369 5.4386
    endloop
  endfacet
  facet normal 0.986191 -0.156188 -0.0550631
    outer loop
      vertex 9.15298 6.65003 6
      vertex 8.61874 3.4314 5.5614
      vertex 8.61383 3.44369 5.4386
    endloop
  endfacet
  facet normal 0.986193 -0.156196 -0.0550092
    outer loop
      vertex 8.61874 3.4314 5.5614
      vertex 9.15298 6.65003 6
      vertex 8.62405 3.31046 6
    endloop
  endfacet
  facet normal 0.130325 0.989945 0.0549965
    outer loop
      vertex 8.97577 6.88735 5
      vertex 5.73795 7.28924 5.4386
      vertex 5.74834 7.28105 5.5614
    endloop
  endfacet
  facet normal 0.130327 0.989944 0.0550101
    outer loop
      vertex 5.73795 7.28924 5.4386
      vertex 8.97577 6.88735 5
      vertex 5.6235 7.32868 5
    endloop
  endfacet
  facet normal 0.153198 0.967246 0.202399
    outer loop
      vertex 8.97577 6.88735 5
      vertex 5.81341 7.17897 6
      vertex 9.15298 6.65003 6
    endloop
  endfacet
  facet normal 0.153195 0.967248 0.20239
    outer loop
      vertex 5.81341 7.17897 6
      vertex 8.97577 6.88735 5
      vertex 5.74834 7.28105 5.5614
    endloop
  endfacet
  facet normal 0.967247 -0.153195 -0.202396
    outer loop
      vertex 9.32392 6.40815 7
      vertex 8.62405 3.31046 6
      vertex 9.15298 6.65003 6
    endloop
  endfacet
  facet normal 0.967247 -0.153195 -0.202398
    outer loop
      vertex 8.62405 3.31046 6
      vertex 9.32392 6.40815 7
      vertex 8.70103 3.21703 6.4386
    endloop
  endfacet
  facet normal 0.981766 -0.181956 -0.0550194
    outer loop
      vertex 9.32392 6.40815 7
      vertex 8.70561 3.20461 6.5614
      vertex 8.70103 3.21703 6.4386
    endloop
  endfacet
  facet normal 0.981767 -0.181959 -0.0550011
    outer loop
      vertex 8.70561 3.20461 6.5614
      vertex 9.32392 6.40815 7
      vertex 8.70775 3.08358 7
    endloop
  endfacet
  facet normal 0.156197 0.986193 0.0550055
    outer loop
      vertex 9.15298 6.65003 6
      vertex 5.9268 7.13654 6.4386
      vertex 5.93697 7.12808 6.5614
    endloop
  endfacet
  facet normal 0.156199 0.986192 0.0550222
    outer loop
      vertex 5.9268 7.13654 6.4386
      vertex 9.15298 6.65003 6
      vertex 5.81341 7.17897 6
    endloop
  endfacet
  facet normal 0.178465 0.962904 0.2024
    outer loop
      vertex 9.15298 6.65003 6
      vertex 5.99934 7.02433 7
      vertex 9.32392 6.40815 7
    endloop
  endfacet
  facet normal 0.178464 0.962905 0.202395
    outer loop
      vertex 5.99934 7.02433 7
      vertex 9.15298 6.65003 6
      vertex 5.93697 7.12808 6.5614
    endloop
  endfacet
  facet normal 0.962906 -0.178463 -0.202394
    outer loop
      vertex 9.48847 6.16189 8
      vertex 8.70775 3.08358 7
      vertex 9.32392 6.40815 7
    endloop
  endfacet
  facet normal 0.962904 -0.17846 -0.202405
    outer loop
      vertex 8.70775 3.08358 7
      vertex 9.48847 6.16189 8
      vertex 8.78226 2.98816 7.4386
    endloop
  endfacet
  facet normal 0.976667 -0.207599 -0.0549842
    outer loop
      vertex 9.48847 6.16189 8
      vertex 8.78651 2.97563 7.5614
      vertex 8.78226 2.98816 7.4386
    endloop
  endfacet
  facet normal 0.976667 -0.207597 -0.0550014
    outer loop
      vertex 8.78651 2.97563 7.5614
      vertex 9.48847 6.16189 8
      vertex 8.78548 2.85458 8
    endloop
  endfacet
  facet normal 0.181958 0.981768 0.0549866
    outer loop
      vertex 9.32392 6.40815 7
      vertex 6.11158 6.97895 7.4386
      vertex 6.12152 6.97023 7.5614
    endloop
  endfacet
  facet normal 0.181961 0.981766 0.0550141
    outer loop
      vertex 6.11158 6.97895 7.4386
      vertex 9.32392 6.40815 7
      vertex 5.99934 7.02433 7
    endloop
  endfacet
  facet normal 0.203609 0.957905 0.20239
    outer loop
      vertex 9.32392 6.40815 7
      vertex 6.18116 6.86488 8
      vertex 9.48847 6.16189 8
    endloop
  endfacet
  facet normal 0.203611 0.957903 0.202398
    outer loop
      vertex 6.18116 6.86488 8
      vertex 9.32392 6.40815 7
      vertex 6.12152 6.97023 7.5614
    endloop
  endfacet
  facet normal 0.957903 -0.203608 -0.202398
    outer loop
      vertex 9.64652 5.9114 9
      vertex 8.78548 2.85458 8
      vertex 9.48847 6.16189 8
    endloop
  endfacet
  facet normal 0.957901 -0.203603 -0.202412
    outer loop
      vertex 8.78548 2.85458 8
      vertex 9.64652 5.9114 9
      vertex 8.85747 2.75724 8.4386
    endloop
  endfacet
  facet normal 0.970898 -0.233098 -0.054967
    outer loop
      vertex 9.64652 5.9114 9
      vertex 8.86139 2.74461 8.5614
      vertex 8.85747 2.75724 8.4386
    endloop
  endfacet
  facet normal 0.970897 -0.23309 -0.0550239
    outer loop
      vertex 8.86139 2.74461 8.5614
      vertex 9.64652 5.9114 9
      vertex 8.8572 2.62362 9
    endloop
  endfacet
  facet normal 0.207594 0.976668 0.0549891
    outer loop
      vertex 9.48847 6.16189 8
      vertex 6.29217 6.81658 8.4386
      vertex 6.30189 6.8076 8.5614
    endloop
  endfacet
  facet normal 0.207597 0.976666 0.0550107
    outer loop
      vertex 6.29217 6.81658 8.4386
      vertex 9.48847 6.16189 8
      vertex 6.18116 6.86488 8
    endloop
  endfacet
  facet normal 0.228613 0.952246 0.202396
    outer loop
      vertex 9.48847 6.16189 8
      vertex 6.35875 6.70072 9
      vertex 9.64652 5.9114 9
    endloop
  endfacet
  facet normal 0.228616 0.952242 0.202409
    outer loop
      vertex 6.35875 6.70072 9
      vertex 9.48847 6.16189 8
      vertex 6.30189 6.8076 8.5614
    endloop
  endfacet
  facet normal 0.952245 -0.228612 -0.202401
    outer loop
      vertex 9.79796 5.65685 10
      vertex 8.8572 2.62362 9
      vertex 9.64652 5.9114 9
    endloop
  endfacet
  facet normal 0.952246 -0.228615 -0.202393
    outer loop
      vertex 8.8572 2.62362 9
      vertex 9.79796 5.65685 10
      vertex 8.92661 2.52444 9.4386
    endloop
  endfacet
  facet normal 0.964463 -0.258429 -0.0550065
    outer loop
      vertex 9.79796 5.65685 10
      vertex 8.9302 2.5117 9.5614
      vertex 8.92661 2.52444 9.4386
    endloop
  endfacet
  facet normal 0.964463 -0.258428 -0.0550101
    outer loop
      vertex 8.9302 2.5117 9.5614
      vertex 9.79796 5.65685 10
      vertex 8.92284 2.39087 10
    endloop
  endfacet
  facet normal 0.233087 0.9709 0.0549817
    outer loop
      vertex 9.64652 5.9114 9
      vertex 6.46845 6.64953 9.4386
      vertex 6.47793 6.6403 9.5614
    endloop
  endfacet
  facet normal 0.233091 0.970897 0.0550164
    outer loop
      vertex 6.46845 6.64953 9.4386
      vertex 9.64652 5.9114 9
      vertex 6.35875 6.70072 9
    endloop
  endfacet
  facet normal 0.253462 0.945933 0.202403
    outer loop
      vertex 9.64652 5.9114 9
      vertex 6.53197 6.53197 10
      vertex 9.79796 5.65685 10
    endloop
  endfacet
  facet normal 0.253463 0.945932 0.202407
    outer loop
      vertex 6.53197 6.53197 10
      vertex 9.64652 5.9114 9
      vertex 6.47793 6.6403 9.5614
    endloop
  endfacet
  facet normal 0.945935 -0.253463 -0.202396
    outer loop
      vertex 9.94268 5.39843 11
      vertex 8.92284 2.39087 10
      vertex 9.79796 5.65685 10
    endloop
  endfacet
  facet normal 0.945935 -0.253463 -0.202397
    outer loop
      vertex 8.92284 2.39087 10
      vertex 9.94268 5.39843 11
      vertex 8.98963 2.2899 10.4386
    endloop
  endfacet
  facet normal 0.957368 -0.283584 -0.0550209
    outer loop
      vertex 9.94268 5.39843 11
      vertex 8.99289 2.27708 10.5614
      vertex 8.98963 2.2899 10.4386
    endloop
  endfacet
  facet normal 0.957368 -0.283585 -0.0550134
    outer loop
      vertex 8.99289 2.27708 10.5614
      vertex 9.94268 5.39843 11
      vertex 8.98237 2.15648 11
    endloop
  endfacet
  facet normal 0.258431 0.964461 0.0550307
    outer loop
      vertex 9.79796 5.65685 10
      vertex 6.6403 6.47793 10.4386
      vertex 6.64953 6.46845 10.5614
    endloop
  endfacet
  facet normal 0.258427 0.964464 0.0550027
    outer loop
      vertex 6.6403 6.47793 10.4386
      vertex 9.79796 5.65685 10
      vertex 6.53197 6.53197 10
    endloop
  endfacet
  facet normal 0.278139 0.938975 0.202398
    outer loop
      vertex 9.79796 5.65685 10
      vertex 6.70072 6.35875 11
      vertex 9.94268 5.39843 11
    endloop
  endfacet
  facet normal 0.278137 0.938977 0.202389
    outer loop
      vertex 6.70072 6.35875 11
      vertex 9.79796 5.65685 10
      vertex 6.64953 6.46845 10.5614
    endloop
  endfacet
  facet normal 0.938974 -0.278137 -0.202406
    outer loop
      vertex 10.0806 5.13632 12
      vertex 8.98237 2.15648 11
      vertex 9.94268 5.39843 11
    endloop
  endfacet
  facet normal 0.938976 -0.278144 -0.202387
    outer loop
      vertex 8.98237 2.15648 11
      vertex 10.0806 5.13632 12
      vertex 9.04649 2.0538 11.4386
    endloop
  endfacet
  facet normal 0.949615 -0.308552 -0.0550186
    outer loop
      vertex 10.0806 5.13632 12
      vertex 9.04941 2.04089 11.5614
      vertex 9.04649 2.0538 11.4386
    endloop
  endfacet
  facet normal 0.949615 -0.308552 -0.0550192
    outer loop
      vertex 9.04941 2.04089 11.5614
      vertex 10.0806 5.13632 12
      vertex 9.03574 1.92061 12
    endloop
  endfacet
  facet normal 0.283591 0.957364 0.0550402
    outer loop
      vertex 9.94268 5.39843 11
      vertex 6.8076 6.30189 11.4386
      vertex 6.81658 6.29217 11.5614
    endloop
  endfacet
  facet normal 0.283587 0.957367 0.055007
    outer loop
      vertex 6.8076 6.30189 11.4386
      vertex 9.94268 5.39843 11
      vertex 6.70072 6.35875 11
    endloop
  endfacet
  facet normal 0.302619 0.931376 0.202386
    outer loop
      vertex 9.94268 5.39843 11
      vertex 6.86488 6.18116 12
      vertex 10.0806 5.13632 12
    endloop
  endfacet
  facet normal 0.302624 0.931371 0.202405
    outer loop
      vertex 6.86488 6.18116 12
      vertex 9.94268 5.39843 11
      vertex 6.81658 6.29217 11.5614
    endloop
  endfacet
  facet normal 0.931372 -0.302625 -0.202399
    outer loop
      vertex 10.2116 4.87068 13
      vertex 9.03574 1.92061 12
      vertex 10.0806 5.13632 12
    endloop
  endfacet
  facet normal 0.931371 -0.30262 -0.20241
    outer loop
      vertex 9.03574 1.92061 12
      vertex 10.2116 4.87068 13
      vertex 9.09716 1.81628 12.4386
    endloop
  endfacet
  facet normal 0.941213 -0.333305 -0.0550051
    outer loop
      vertex 10.2116 4.87068 13
      vertex 9.09974 1.8033 12.5614
      vertex 9.09716 1.81628 12.4386
    endloop
  endfacet
  facet normal 0.941213 -0.333305 -0.0550054
    outer loop
      vertex 9.09974 1.8033 12.5614
      vertex 10.2116 4.87068 13
      vertex 9.08292 1.68342 13
    endloop
  endfacet
  facet normal 0.30854 0.949623 0.0549575
    outer loop
      vertex 10.0806 5.13632 12
      vertex 6.97023 6.12152 12.4386
      vertex 6.97895 6.11158 12.5614
    endloop
  endfacet
  facet normal 0.308546 0.949617 0.0550156
    outer loop
      vertex 6.97023 6.12152 12.4386
      vertex 10.0806 5.13632 12
      vertex 6.86488 6.18116 12
    endloop
  endfacet
  facet normal 0.326895 0.923133 0.202398
    outer loop
      vertex 10.0806 5.13632 12
      vertex 7.02433 5.99934 13
      vertex 10.2116 4.87068 13
    endloop
  endfacet
  facet normal 0.326898 0.923129 0.202411
    outer loop
      vertex 7.02433 5.99934 13
      vertex 10.0806 5.13632 12
      vertex 6.97895 6.11158 12.5614
    endloop
  endfacet
  facet normal 0.923131 -0.326901 -0.202398
    outer loop
      vertex 10.3356 4.6017 14
      vertex 9.08292 1.68342 13
      vertex 10.2116 4.87068 13
    endloop
  endfacet
  facet normal 0.923131 -0.326903 -0.202394
    outer loop
      vertex 9.08292 1.68342 13
      vertex 10.3356 4.6017 14
      vertex 9.14158 1.57752 13.4386
    endloop
  endfacet
  facet normal 0.932165 -0.357831 -0.0550014
    outer loop
      vertex 10.3356 4.6017 14
      vertex 9.14382 1.56448 13.5614
      vertex 9.14158 1.57752 13.4386
    endloop
  endfacet
  facet normal 0.932165 -0.35783 -0.0550118
    outer loop
      vertex 9.14382 1.56448 13.5614
      vertex 10.3356 4.6017 14
      vertex 9.12387 1.44508 14
    endloop
  endfacet
  facet normal 0.333297 0.941217 0.0549877
    outer loop
      vertex 10.2116 4.87068 13
      vertex 7.12808 5.93697 13.4386
      vertex 7.13654 5.9268 13.5614
    endloop
  endfacet
  facet normal 0.333299 0.941216 0.055002
    outer loop
      vertex 7.12808 5.93697 13.4386
      vertex 10.2116 4.87068 13
      vertex 7.02433 5.99934 13
    endloop
  endfacet
  facet normal 0.350949 0.914259 0.2024
    outer loop
      vertex 10.2116 4.87068 13
      vertex 7.17897 5.81341 14
      vertex 10.3356 4.6017 14
    endloop
  endfacet
  facet normal 0.350951 0.914256 0.202409
    outer loop
      vertex 7.17897 5.81341 14
      vertex 10.2116 4.87068 13
      vertex 7.13654 5.9268 13.5614
    endloop
  endfacet
  facet normal 0.91426 -0.350956 -0.202383
    outer loop
      vertex 10.4525 4.32957 15
      vertex 9.12387 1.44508 14
      vertex 10.3356 4.6017 14
    endloop
  endfacet
  facet normal 0.914257 -0.350943 -0.202417
    outer loop
      vertex 9.12387 1.44508 14
      vertex 10.4525 4.32957 15
      vertex 9.17975 1.33768 14.4386
    endloop
  endfacet
  facet normal 0.92248 -0.382116 -0.0549299
    outer loop
      vertex 10.4525 4.32957 15
      vertex 9.18164 1.32459 14.5614
      vertex 9.17975 1.33768 14.4386
    endloop
  endfacet
  facet normal 0.92248 -0.382101 -0.0550308
    outer loop
      vertex 9.18164 1.32459 14.5614
      vertex 10.4525 4.32957 15
      vertex 9.15858 1.20575 15
    endloop
  endfacet
  facet normal 0.357822 0.932168 0.0550054
    outer loop
      vertex 10.3356 4.6017 14
      vertex 7.28105 5.74834 14.4386
      vertex 7.28924 5.73795 14.5614
    endloop
  endfacet
  facet normal 0.357823 0.932167 0.0550148
    outer loop
      vertex 7.28105 5.74834 14.4386
      vertex 10.3356 4.6017 14
      vertex 7.17897 5.81341 14
    endloop
  endfacet
  facet normal 0.374763 0.904757 0.202402
    outer loop
      vertex 10.3356 4.6017 14
      vertex 7.32868 5.6235 15
      vertex 10.4525 4.32957 15
    endloop
  endfacet
  facet normal 0.374761 0.90476 0.202392
    outer loop
      vertex 7.32868 5.6235 15
      vertex 10.3356 4.6017 14
      vertex 7.28924 5.73795 14.5614
    endloop
  endfacet
  facet normal 0.904752 -0.374758 -0.202438
    outer loop
      vertex 10.5623 4.05447 16
      vertex 9.15858 1.20575 15
      vertex 10.4525 4.32957 15
    endloop
  endfacet
  facet normal 0.904754 -0.374774 -0.202396
    outer loop
      vertex 9.15858 1.20575 15
      vertex 10.5623 4.05447 16
      vertex 9.21162 1.09693 15.4386
    endloop
  endfacet
  facet normal 0.912157 -0.406138 -0.0549715
    outer loop
      vertex 10.5623 4.05447 16
      vertex 9.21317 1.08379 15.5614
      vertex 9.21162 1.09693 15.4386
    endloop
  endfacet
  facet normal 0.912157 -0.406131 -0.0550213
    outer loop
      vertex 9.21317 1.08379 15.5614
      vertex 10.5623 4.05447 16
      vertex 9.187 0.965593 16
    endloop
  endfacet
  facet normal 0.38211 0.922475 0.0550583
    outer loop
      vertex 10.4525 4.32957 15
      vertex 7.42903 5.55578 15.4386
      vertex 7.43695 5.54517 15.5614
    endloop
  endfacet
  facet normal 0.382104 0.922481 0.0550073
    outer loop
      vertex 7.42903 5.55578 15.4386
      vertex 10.4525 4.32957 15
      vertex 7.32868 5.6235 15
    endloop
  endfacet
  facet normal 0.398316 0.894642 0.202387
    outer loop
      vertex 10.5623 4.05447 16
      vertex 7.43695 5.54517 15.5614
      vertex 7.47338 5.42973 16
    endloop
  endfacet
  facet normal 0.398317 0.894643 0.202381
    outer loop
      vertex 7.43695 5.54517 15.5614
      vertex 10.5623 4.05447 16
      vertex 10.4525 4.32957 15
    endloop
  endfacet
  facet normal 0.894635 -0.39833 -0.202388
    outer loop
      vertex 10.6648 3.77659 17
      vertex 9.187 0.965593 16
      vertex 10.5623 4.05447 16
    endloop
  endfacet
  facet normal 0.894635 -0.398329 -0.202391
    outer loop
      vertex 9.187 0.965593 16
      vertex 10.6648 3.77659 17
      vertex 9.23717 0.855421 16.4386
    endloop
  endfacet
  facet normal 0.901216 -0.429856 -0.0550755
    outer loop
      vertex 10.6648 3.77659 17
      vertex 9.23839 0.842245 16.5614
      vertex 9.23717 0.855421 16.4386
    endloop
  endfacet
  facet normal 0.901215 -0.429866 -0.0550097
    outer loop
      vertex 9.23839 0.842245 16.5614
      vertex 10.6648 3.77659 17
      vertex 9.20913 0.724774 17
    endloop
  endfacet
  facet normal 0.406113 0.912167 0.0549899
    outer loop
      vertex 10.5623 4.05447 16
      vertex 7.57192 5.3594 16.4386
      vertex 7.57955 5.3486 16.5614
    endloop
  endfacet
  facet normal 0.406117 0.912163 0.0550244
    outer loop
      vertex 7.57192 5.3594 16.4386
      vertex 10.5623 4.05447 16
      vertex 7.47338 5.42973 16
    endloop
  endfacet
  facet normal 0.421599 0.883906 0.202394
    outer loop
      vertex 10.6648 3.77659 17
      vertex 7.57955 5.3486 16.5614
      vertex 7.61295 5.23224 17
    endloop
  endfacet
  facet normal 0.421597 0.883905 0.202406
    outer loop
      vertex 7.57955 5.3486 16.5614
      vertex 10.6648 3.77659 17
      vertex 10.5623 4.05447 16
    endloop
  endfacet
  facet normal 0.883903 -0.421608 -0.202392
    outer loop
      vertex 10.76 3.49613 18
      vertex 9.20913 0.724774 17
      vertex 10.6648 3.77659 17
    endloop
  endfacet
  facet normal 0.883903 -0.421608 -0.202392
    outer loop
      vertex 9.20913 0.724774 17
      vertex 10.76 3.49613 18
      vertex 9.2564 0.613327 17.4386
    endloop
  endfacet
  facet normal 0.889655 -0.453303 -0.0550441
    outer loop
      vertex 10.76 3.49613 18
      vertex 9.25727 0.600123 17.5614
      vertex 9.2564 0.613327 17.4386
    endloop
  endfacet
  facet normal 0.889655 -0.45331 -0.0549986
    outer loop
      vertex 9.25727 0.600123 17.5614
      vertex 10.76 3.49613 18
      vertex 9.22494 0.483459 18
    endloop
  endfacet
  facet normal 0.429857 0.90122 0.0549998
    outer loop
      vertex 10.6648 3.77659 17
      vertex 7.70962 5.15936 17.4386
      vertex 7.71697 5.14836 17.5614
    endloop
  endfacet
  facet normal 0.429857 0.90122 0.0550081
    outer loop
      vertex 7.70962 5.15936 17.4386
      vertex 10.6648 3.77659 17
      vertex 7.61295 5.23224 17
    endloop
  endfacet
  facet normal 0.444591 0.872565 0.202407
    outer loop
      vertex 10.76 3.49613 18
      vertex 7.71697 5.14836 17.5614
      vertex 7.74731 5.03116 18
    endloop
  endfacet
  facet normal 0.444593 0.872567 0.202395
    outer loop
      vertex 7.71697 5.14836 17.5614
      vertex 10.76 3.49613 18
      vertex 10.6648 3.77659 17
    endloop
  endfacet
  facet normal 0.872567 -0.444603 -0.202372
    outer loop
      vertex 10.8478 3.21327 19
      vertex 9.22494 0.483459 18
      vertex 10.76 3.49613 18
    endloop
  endfacet
  facet normal 0.872566 -0.444593 -0.202398
    outer loop
      vertex 9.22494 0.483459 18
      vertex 10.8478 3.21327 19
      vertex 9.26928 0.370812 18.4386
    endloop
  endfacet
  facet normal 0.877487 -0.476435 -0.0550102
    outer loop
      vertex 10.8478 3.21327 19
      vertex 9.2698 0.357591 18.5614
      vertex 9.26928 0.370812 18.4386
    endloop
  endfacet
  facet normal 0.877487 -0.476434 -0.055023
    outer loop
      vertex 9.2698 0.357591 18.5614
      vertex 10.8478 3.21327 19
      vertex 9.23444 0.241812 19
    endloop
  endfacet
  facet normal 0.453298 0.88966 0.0550082
    outer loop
      vertex 10.76 3.49613 18
      vertex 7.84203 4.95577 18.4386
      vertex 7.84909 4.94458 18.5614
    endloop
  endfacet
  facet normal 0.4533 0.889658 0.0550268
    outer loop
      vertex 7.84203 4.95577 18.4386
      vertex 10.76 3.49613 18
      vertex 7.74731 5.03116 18
    endloop
  endfacet
  facet normal 0.467282 0.860629 0.202401
    outer loop
      vertex 10.8478 3.21327 19
      vertex 7.84909 4.94458 18.5614
      vertex 7.87635 4.82663 19
    endloop
  endfacet
  facet normal 0.46728 0.860628 0.20241
    outer loop
      vertex 7.84909 4.94458 18.5614
      vertex 10.8478 3.21327 19
      vertex 10.76 3.49613 18
    endloop
  endfacet
  facet normal 0.860629 -0.467281 -0.202402
    outer loop
      vertex 10.9282 2.9282 20
      vertex 9.23444 0.241812 19
      vertex 10.8478 3.21327 19
    endloop
  endfacet
  facet normal 0.860629 -0.467287 -0.202386
    outer loop
      vertex 9.23444 0.241812 19
      vertex 10.9282 2.9282 20
      vertex 9.27581 0.128044 19.4386
    endloop
  endfacet
  facet normal 0.864715 -0.499236 -0.0550573
    outer loop
      vertex 10.9282 2.9282 20
      vertex 9.27599 0.114813 19.5614
      vertex 9.27581 0.128044 19.4386
    endloop
  endfacet
  facet normal 0.864714 -0.499244 -0.0550007
    outer loop
      vertex 9.27599 0.114813 19.5614
      vertex 10.9282 2.9282 20
      vertex 9.2376 0 20
    endloop
  endfacet
  facet normal 0.476444 0.877477 0.055089
    outer loop
      vertex 10.8478 3.21327 19
      vertex 7.96907 4.7488 19.4386
      vertex 7.97583 4.73742 19.5614
    endloop
  endfacet
  facet normal 0.476435 0.877488 0.0549927
    outer loop
      vertex 7.96907 4.7488 19.4386
      vertex 10.8478 3.21327 19
      vertex 7.87635 4.82663 19
    endloop
  endfacet
  facet normal 0.489653 0.848103 0.202387
    outer loop
      vertex 10.9282 2.9282 20
      vertex 7.97583 4.73742 19.5614
      vertex 8 4.6188 20
    endloop
  endfacet
  facet normal 0.489651 0.848102 0.2024
    outer loop
      vertex 7.97583 4.73742 19.5614
      vertex 10.9282 2.9282 20
      vertex 10.8478 3.21327 19
    endloop
  endfacet
  facet normal 0.848102 0.48965 -0.2024
    outer loop
      vertex 4.73742 7.97583 0.438603
      vertex 2.9282 10.9282 0
      vertex 3.21327 10.8478 1
    endloop
  endfacet
  facet normal 0.848103 0.489654 -0.202386
    outer loop
      vertex 2.9282 10.9282 0
      vertex 4.73742 7.97583 0.438603
      vertex 4.6188 8 0
    endloop
  endfacet
  facet normal 0.877477 0.476445 -0.0550916
    outer loop
      vertex 3.21327 10.8478 1
      vertex 4.7488 7.96907 0.561397
      vertex 4.73742 7.97583 0.438603
    endloop
  endfacet
  facet normal 0.877488 0.476435 -0.0549923
    outer loop
      vertex 4.7488 7.96907 0.561397
      vertex 3.21327 10.8478 1
      vertex 4.82663 7.87635 1
    endloop
  endfacet
  facet normal -0.499235 0.864715 0.0550599
    outer loop
      vertex 2.9282 10.9282 0
      vertex 0.114813 9.27599 0.438603
      vertex 0.128044 9.27581 0.561397
    endloop
  endfacet
  facet normal -0.499244 0.864714 0.0550003
    outer loop
      vertex 0.114813 9.27599 0.438603
      vertex 2.9282 10.9282 0
      vertex 0 9.2376 0
    endloop
  endfacet
  facet normal -0.467281 0.860629 0.202402
    outer loop
      vertex 2.9282 10.9282 0
      vertex 0.241812 9.23444 1
      vertex 3.21327 10.8478 1
    endloop
  endfacet
  facet normal -0.467287 0.860629 0.202385
    outer loop
      vertex 0.241812 9.23444 1
      vertex 2.9282 10.9282 0
      vertex 0.128044 9.27581 0.561397
    endloop
  endfacet
  facet normal 0.860628 0.46728 -0.20241
    outer loop
      vertex 4.94458 7.84909 1.4386
      vertex 3.21327 10.8478 1
      vertex 3.49613 10.76 2
    endloop
  endfacet
  facet normal 0.860629 0.467282 -0.202401
    outer loop
      vertex 3.21327 10.8478 1
      vertex 4.94458 7.84909 1.4386
      vertex 4.82663 7.87635 1
    endloop
  endfacet
  facet normal 0.88966 0.453298 -0.0550082
    outer loop
      vertex 3.49613 10.76 2
      vertex 4.95577 7.84203 1.5614
      vertex 4.94458 7.84909 1.4386
    endloop
  endfacet
  facet normal 0.889658 0.4533 -0.0550268
    outer loop
      vertex 4.95577 7.84203 1.5614
      vertex 3.49613 10.76 2
      vertex 5.03116 7.74731 2
    endloop
  endfacet
  facet normal -0.476435 0.877487 0.0550102
    outer loop
      vertex 3.21327 10.8478 1
      vertex 0.357591 9.2698 1.4386
      vertex 0.370812 9.26928 1.5614
    endloop
  endfacet
  facet normal -0.476434 0.877487 0.055023
    outer loop
      vertex 0.357591 9.2698 1.4386
      vertex 3.21327 10.8478 1
      vertex 0.241812 9.23444 1
    endloop
  endfacet
  facet normal -0.444603 0.872567 0.202372
    outer loop
      vertex 3.21327 10.8478 1
      vertex 0.483459 9.22494 2
      vertex 3.49613 10.76 2
    endloop
  endfacet
  facet normal -0.444593 0.872566 0.202398
    outer loop
      vertex 0.483459 9.22494 2
      vertex 3.21327 10.8478 1
      vertex 0.370812 9.26928 1.5614
    endloop
  endfacet
  facet normal 0.872567 0.444593 -0.202395
    outer loop
      vertex 5.14836 7.71697 2.4386
      vertex 3.49613 10.76 2
      vertex 3.77659 10.6648 3
    endloop
  endfacet
  facet normal 0.872565 0.444591 -0.202407
    outer loop
      vertex 3.49613 10.76 2
      vertex 5.14836 7.71697 2.4386
      vertex 5.03116 7.74731 2
    endloop
  endfacet
  facet normal 0.90122 0.429857 -0.0549998
    outer loop
      vertex 3.77659 10.6648 3
      vertex 5.15936 7.70962 2.5614
      vertex 5.14836 7.71697 2.4386
    endloop
  endfacet
  facet normal 0.90122 0.429857 -0.0550081
    outer loop
      vertex 5.15936 7.70962 2.5614
      vertex 3.77659 10.6648 3
      vertex 5.23224 7.61295 3
    endloop
  endfacet
  facet normal -0.453303 0.889655 0.0550441
    outer loop
      vertex 3.49613 10.76 2
      vertex 0.600123 9.25727 2.4386
      vertex 0.613327 9.2564 2.5614
    endloop
  endfacet
  facet normal -0.45331 0.889655 0.0549986
    outer loop
      vertex 0.600123 9.25727 2.4386
      vertex 3.49613 10.76 2
      vertex 0.483459 9.22494 2
    endloop
  endfacet
  facet normal -0.421608 0.883903 0.202392
    outer loop
      vertex 3.49613 10.76 2
      vertex 0.724774 9.20913 3
      vertex 3.77659 10.6648 3
    endloop
  endfacet
  facet normal -0.421608 0.883903 0.202392
    outer loop
      vertex 0.724774 9.20913 3
      vertex 3.49613 10.76 2
      vertex 0.613327 9.2564 2.5614
    endloop
  endfacet
  facet normal 0.883904 0.421598 -0.202405
    outer loop
      vertex 4.05447 10.5623 4
      vertex 5.23224 7.61295 3
      vertex 3.77659 10.6648 3
    endloop
  endfacet
  facet normal 0.883908 0.421596 -0.202394
    outer loop
      vertex 5.23224 7.61295 3
      vertex 4.05447 10.5623 4
      vertex 5.3486 7.57955 3.4386
    endloop
  endfacet
  facet normal 0.912167 0.406113 -0.0549899
    outer loop
      vertex 4.05447 10.5623 4
      vertex 5.3594 7.57192 3.5614
      vertex 5.3486 7.57955 3.4386
    endloop
  endfacet
  facet normal 0.912163 0.406117 -0.0550244
    outer loop
      vertex 5.3594 7.57192 3.5614
      vertex 4.05447 10.5623 4
      vertex 5.42973 7.47338 4
    endloop
  endfacet
  facet normal -0.429856 0.901216 0.0550755
    outer loop
      vertex 3.77659 10.6648 3
      vertex 0.842245 9.23839 3.4386
      vertex 0.855421 9.23717 3.5614
    endloop
  endfacet
  facet normal -0.429866 0.901215 0.0550097
    outer loop
      vertex 0.842245 9.23839 3.4386
      vertex 3.77659 10.6648 3
      vertex 0.724774 9.20913 3
    endloop
  endfacet
  facet normal -0.39833 0.894635 0.202388
    outer loop
      vertex 3.77659 10.6648 3
      vertex 0.965593 9.187 4
      vertex 4.05447 10.5623 4
    endloop
  endfacet
  facet normal -0.398329 0.894635 0.202391
    outer loop
      vertex 0.965593 9.187 4
      vertex 3.77659 10.6648 3
      vertex 0.855421 9.23717 3.5614
    endloop
  endfacet
  facet normal 0.894643 0.398316 -0.202381
    outer loop
      vertex 4.32957 10.4525 5
      vertex 5.42973 7.47338 4
      vertex 4.05447 10.5623 4
    endloop
  endfacet
  facet normal 0.894641 0.398317 -0.202386
    outer loop
      vertex 5.42973 7.47338 4
      vertex 4.32957 10.4525 5
      vertex 5.54517 7.43695 4.4386
    endloop
  endfacet
  facet normal 0.922475 0.38211 -0.0550583
    outer loop
      vertex 4.32957 10.4525 5
      vertex 5.55578 7.42903 4.5614
      vertex 5.54517 7.43695 4.4386
    endloop
  endfacet
  facet normal 0.922481 0.382104 -0.0550073
    outer loop
      vertex 5.55578 7.42903 4.5614
      vertex 4.32957 10.4525 5
      vertex 5.6235 7.32868 5
    endloop
  endfacet
  facet normal -0.406138 0.912157 0.0549715
    outer loop
      vertex 4.05447 10.5623 4
      vertex 1.08379 9.21317 4.4386
      vertex 1.09693 9.21162 4.5614
    endloop
  endfacet
  facet normal -0.406131 0.912157 0.0550213
    outer loop
      vertex 1.08379 9.21317 4.4386
      vertex 4.05447 10.5623 4
      vertex 0.965593 9.187 4
    endloop
  endfacet
  facet normal -0.374758 0.904752 0.202438
    outer loop
      vertex 4.05447 10.5623 4
      vertex 1.20575 9.15858 5
      vertex 4.32957 10.4525 5
    endloop
  endfacet
  facet normal -0.374774 0.904754 0.202396
    outer loop
      vertex 1.20575 9.15858 5
      vertex 4.05447 10.5623 4
      vertex 1.09693 9.21162 4.5614
    endloop
  endfacet
  facet normal 0.904757 0.374763 -0.202402
    outer loop
      vertex 4.6017 10.3356 6
      vertex 5.6235 7.32868 5
      vertex 4.32957 10.4525 5
    endloop
  endfacet
  facet normal 0.90476 0.374761 -0.202392
    outer loop
      vertex 5.6235 7.32868 5
      vertex 4.6017 10.3356 6
      vertex 5.73795 7.28924 5.4386
    endloop
  endfacet
  facet normal 0.932168 0.357822 -0.0550054
    outer loop
      vertex 4.6017 10.3356 6
      vertex 5.74834 7.28105 5.5614
      vertex 5.73795 7.28924 5.4386
    endloop
  endfacet
  facet normal 0.932167 0.357823 -0.0550148
    outer loop
      vertex 5.74834 7.28105 5.5614
      vertex 4.6017 10.3356 6
      vertex 5.81341 7.17897 6
    endloop
  endfacet
  facet normal -0.382116 0.92248 0.0549299
    outer loop
      vertex 4.32957 10.4525 5
      vertex 1.32459 9.18164 5.4386
      vertex 1.33768 9.17975 5.5614
    endloop
  endfacet
  facet normal -0.382101 0.92248 0.0550308
    outer loop
      vertex 1.32459 9.18164 5.4386
      vertex 4.32957 10.4525 5
      vertex 1.20575 9.15858 5
    endloop
  endfacet
  facet normal -0.350956 0.91426 0.202383
    outer loop
      vertex 4.32957 10.4525 5
      vertex 1.44508 9.12387 6
      vertex 4.6017 10.3356 6
    endloop
  endfacet
  facet normal -0.350943 0.914257 0.202417
    outer loop
      vertex 1.44508 9.12387 6
      vertex 4.32957 10.4525 5
      vertex 1.33768 9.17975 5.5614
    endloop
  endfacet
  facet normal 0.914259 0.350949 -0.2024
    outer loop
      vertex 4.87068 10.2116 7
      vertex 5.81341 7.17897 6
      vertex 4.6017 10.3356 6
    endloop
  endfacet
  facet normal 0.914256 0.350951 -0.202409
    outer loop
      vertex 5.81341 7.17897 6
      vertex 4.87068 10.2116 7
      vertex 5.9268 7.13654 6.4386
    endloop
  endfacet
  facet normal 0.941217 0.333297 -0.0549877
    outer loop
      vertex 4.87068 10.2116 7
      vertex 5.93697 7.12808 6.5614
      vertex 5.9268 7.13654 6.4386
    endloop
  endfacet
  facet normal 0.941216 0.333299 -0.055002
    outer loop
      vertex 5.93697 7.12808 6.5614
      vertex 4.87068 10.2116 7
      vertex 5.99934 7.02433 7
    endloop
  endfacet
  facet normal -0.357831 0.932165 0.0550014
    outer loop
      vertex 4.6017 10.3356 6
      vertex 1.56448 9.14382 6.4386
      vertex 1.57752 9.14158 6.5614
    endloop
  endfacet
  facet normal -0.35783 0.932165 0.0550118
    outer loop
      vertex 1.56448 9.14382 6.4386
      vertex 4.6017 10.3356 6
      vertex 1.44508 9.12387 6
    endloop
  endfacet
  facet normal -0.326901 0.923131 0.202398
    outer loop
      vertex 4.6017 10.3356 6
      vertex 1.68342 9.08292 7
      vertex 4.87068 10.2116 7
    endloop
  endfacet
  facet normal -0.326903 0.923131 0.202394
    outer loop
      vertex 1.68342 9.08292 7
      vertex 4.6017 10.3356 6
      vertex 1.57752 9.14158 6.5614
    endloop
  endfacet
  facet normal 0.923133 0.326895 -0.202398
    outer loop
      vertex 5.13632 10.0806 8
      vertex 5.99934 7.02433 7
      vertex 4.87068 10.2116 7
    endloop
  endfacet
  facet normal 0.923129 0.326898 -0.202411
    outer loop
      vertex 5.99934 7.02433 7
      vertex 5.13632 10.0806 8
      vertex 6.11158 6.97895 7.4386
    endloop
  endfacet
  facet normal 0.949623 0.30854 -0.0549575
    outer loop
      vertex 5.13632 10.0806 8
      vertex 6.12152 6.97023 7.5614
      vertex 6.11158 6.97895 7.4386
    endloop
  endfacet
  facet normal 0.949617 0.308546 -0.0550156
    outer loop
      vertex 6.12152 6.97023 7.5614
      vertex 5.13632 10.0806 8
      vertex 6.18116 6.86488 8
    endloop
  endfacet
  facet normal -0.333305 0.941213 0.0550051
    outer loop
      vertex 4.87068 10.2116 7
      vertex 1.8033 9.09974 7.4386
      vertex 1.81628 9.09716 7.5614
    endloop
  endfacet
  facet normal -0.333305 0.941213 0.0550054
    outer loop
      vertex 1.8033 9.09974 7.4386
      vertex 4.87068 10.2116 7
      vertex 1.68342 9.08292 7
    endloop
  endfacet
  facet normal -0.302625 0.931372 0.202399
    outer loop
      vertex 4.87068 10.2116 7
      vertex 1.92061 9.03574 8
      vertex 5.13632 10.0806 8
    endloop
  endfacet
  facet normal -0.30262 0.931371 0.20241
    outer loop
      vertex 1.92061 9.03574 8
      vertex 4.87068 10.2116 7
      vertex 1.81628 9.09716 7.5614
    endloop
  endfacet
  facet normal 0.931376 0.302619 -0.202386
    outer loop
      vertex 5.39843 9.94268 9
      vertex 6.18116 6.86488 8
      vertex 5.13632 10.0806 8
    endloop
  endfacet
  facet normal 0.931371 0.302624 -0.202405
    outer loop
      vertex 6.18116 6.86488 8
      vertex 5.39843 9.94268 9
      vertex 6.29217 6.81658 8.4386
    endloop
  endfacet
  facet normal 0.957364 0.283591 -0.0550402
    outer loop
      vertex 5.39843 9.94268 9
      vertex 6.30189 6.8076 8.5614
      vertex 6.29217 6.81658 8.4386
    endloop
  endfacet
  facet normal 0.957367 0.283587 -0.055007
    outer loop
      vertex 6.30189 6.8076 8.5614
      vertex 5.39843 9.94268 9
      vertex 6.35875 6.70072 9
    endloop
  endfacet
  facet normal -0.308552 0.949615 0.0550186
    outer loop
      vertex 5.13632 10.0806 8
      vertex 2.04089 9.04941 8.4386
      vertex 2.0538 9.04649 8.5614
    endloop
  endfacet
  facet normal -0.308552 0.949615 0.0550192
    outer loop
      vertex 2.04089 9.04941 8.4386
      vertex 5.13632 10.0806 8
      vertex 1.92061 9.03574 8
    endloop
  endfacet
  facet normal -0.278137 0.938974 0.202406
    outer loop
      vertex 5.13632 10.0806 8
      vertex 2.15648 8.98237 9
      vertex 5.39843 9.94268 9
    endloop
  endfacet
  facet normal -0.278144 0.938976 0.202387
    outer loop
      vertex 2.15648 8.98237 9
      vertex 5.13632 10.0806 8
      vertex 2.0538 9.04649 8.5614
    endloop
  endfacet
  facet normal 0.938975 0.278139 -0.202398
    outer loop
      vertex 5.65685 9.79796 10
      vertex 6.35875 6.70072 9
      vertex 5.39843 9.94268 9
    endloop
  endfacet
  facet normal 0.938977 0.278137 -0.202389
    outer loop
      vertex 6.35875 6.70072 9
      vertex 5.65685 9.79796 10
      vertex 6.46845 6.64953 9.4386
    endloop
  endfacet
  facet normal 0.964461 0.258431 -0.0550307
    outer loop
      vertex 5.65685 9.79796 10
      vertex 6.47793 6.6403 9.5614
      vertex 6.46845 6.64953 9.4386
    endloop
  endfacet
  facet normal 0.964464 0.258427 -0.0550027
    outer loop
      vertex 6.47793 6.6403 9.5614
      vertex 5.65685 9.79796 10
      vertex 6.53197 6.53197 10
    endloop
  endfacet
  facet normal -0.283584 0.957368 0.0550209
    outer loop
      vertex 5.39843 9.94268 9
      vertex 2.27708 8.99289 9.4386
      vertex 2.2899 8.98963 9.5614
    endloop
  endfacet
  facet normal -0.283585 0.957368 0.0550134
    outer loop
      vertex 2.27708 8.99289 9.4386
      vertex 5.39843 9.94268 9
      vertex 2.15648 8.98237 9
    endloop
  endfacet
  facet normal -0.253463 0.945935 0.202396
    outer loop
      vertex 5.39843 9.94268 9
      vertex 2.39087 8.92284 10
      vertex 5.65685 9.79796 10
    endloop
  endfacet
  facet normal -0.253463 0.945935 0.202397
    outer loop
      vertex 2.39087 8.92284 10
      vertex 5.39843 9.94268 9
      vertex 2.2899 8.98963 9.5614
    endloop
  endfacet
  facet normal 0.945933 0.253462 -0.202403
    outer loop
      vertex 5.9114 9.64652 11
      vertex 6.53197 6.53197 10
      vertex 5.65685 9.79796 10
    endloop
  endfacet
  facet normal 0.945932 0.253463 -0.202407
    outer loop
      vertex 6.53197 6.53197 10
      vertex 5.9114 9.64652 11
      vertex 6.6403 6.47793 10.4386
    endloop
  endfacet
  facet normal 0.9709 0.233087 -0.0549817
    outer loop
      vertex 5.9114 9.64652 11
      vertex 6.64953 6.46845 10.5614
      vertex 6.6403 6.47793 10.4386
    endloop
  endfacet
  facet normal 0.970897 0.233091 -0.0550164
    outer loop
      vertex 6.64953 6.46845 10.5614
      vertex 5.9114 9.64652 11
      vertex 6.70072 6.35875 11
    endloop
  endfacet
  facet normal -0.258429 0.964463 0.0550065
    outer loop
      vertex 5.65685 9.79796 10
      vertex 2.5117 8.9302 10.4386
      vertex 2.52444 8.92661 10.5614
    endloop
  endfacet
  facet normal -0.258428 0.964463 0.0550101
    outer loop
      vertex 2.5117 8.9302 10.4386
      vertex 5.65685 9.79796 10
      vertex 2.39087 8.92284 10
    endloop
  endfacet
  facet normal -0.228612 0.952245 0.202401
    outer loop
      vertex 5.65685 9.79796 10
      vertex 2.62362 8.8572 11
      vertex 5.9114 9.64652 11
    endloop
  endfacet
  facet normal -0.228615 0.952246 0.202393
    outer loop
      vertex 2.62362 8.8572 11
      vertex 5.65685 9.79796 10
      vertex 2.52444 8.92661 10.5614
    endloop
  endfacet
  facet normal 0.952246 0.228613 -0.202396
    outer loop
      vertex 6.16189 9.48847 12
      vertex 6.70072 6.35875 11
      vertex 5.9114 9.64652 11
    endloop
  endfacet
  facet normal 0.952242 0.228616 -0.202409
    outer loop
      vertex 6.70072 6.35875 11
      vertex 6.16189 9.48847 12
      vertex 6.8076 6.30189 11.4386
    endloop
  endfacet
  facet normal 0.976668 0.207594 -0.0549891
    outer loop
      vertex 6.16189 9.48847 12
      vertex 6.81658 6.29217 11.5614
      vertex 6.8076 6.30189 11.4386
    endloop
  endfacet
  facet normal 0.976666 0.207597 -0.0550107
    outer loop
      vertex 6.81658 6.29217 11.5614
      vertex 6.16189 9.48847 12
      vertex 6.86488 6.18116 12
    endloop
  endfacet
  facet normal -0.233098 0.970898 0.054967
    outer loop
      vertex 5.9114 9.64652 11
      vertex 2.74461 8.86139 11.4386
      vertex 2.75724 8.85747 11.5614
    endloop
  endfacet
  facet normal -0.23309 0.970897 0.0550239
    outer loop
      vertex 2.74461 8.86139 11.4386
      vertex 5.9114 9.64652 11
      vertex 2.62362 8.8572 11
    endloop
  endfacet
  facet normal -0.203608 0.957903 0.202398
    outer loop
      vertex 5.9114 9.64652 11
      vertex 2.85458 8.78548 12
      vertex 6.16189 9.48847 12
    endloop
  endfacet
  facet normal -0.203603 0.957901 0.202412
    outer loop
      vertex 2.85458 8.78548 12
      vertex 5.9114 9.64652 11
      vertex 2.75724 8.85747 11.5614
    endloop
  endfacet
  facet normal 0.957905 0.203609 -0.20239
    outer loop
      vertex 6.40815 9.32392 13
      vertex 6.86488 6.18116 12
      vertex 6.16189 9.48847 12
    endloop
  endfacet
  facet normal 0.957903 0.203611 -0.202398
    outer loop
      vertex 6.86488 6.18116 12
      vertex 6.40815 9.32392 13
      vertex 6.97023 6.12152 12.4386
    endloop
  endfacet
  facet normal 0.981768 0.181958 -0.0549866
    outer loop
      vertex 6.40815 9.32392 13
      vertex 6.97895 6.11158 12.5614
      vertex 6.97023 6.12152 12.4386
    endloop
  endfacet
  facet normal 0.981766 0.181961 -0.0550141
    outer loop
      vertex 6.97895 6.11158 12.5614
      vertex 6.40815 9.32392 13
      vertex 7.02433 5.99934 13
    endloop
  endfacet
  facet normal -0.207599 0.976667 0.0549842
    outer loop
      vertex 6.16189 9.48847 12
      vertex 2.97563 8.78651 12.4386
      vertex 2.98816 8.78226 12.5614
    endloop
  endfacet
  facet normal -0.207597 0.976667 0.0550014
    outer loop
      vertex 2.97563 8.78651 12.4386
      vertex 6.16189 9.48847 12
      vertex 2.85458 8.78548 12
    endloop
  endfacet
  facet normal -0.178463 0.962906 0.202394
    outer loop
      vertex 6.16189 9.48847 12
      vertex 3.08358 8.70775 13
      vertex 6.40815 9.32392 13
    endloop
  endfacet
  facet normal -0.17846 0.962904 0.202405
    outer loop
      vertex 3.08358 8.70775 13
      vertex 6.16189 9.48847 12
      vertex 2.98816 8.78226 12.5614
    endloop
  endfacet
  facet normal 0.962904 0.178465 -0.2024
    outer loop
      vertex 6.65003 9.15298 14
      vertex 7.02433 5.99934 13
      vertex 6.40815 9.32392 13
    endloop
  endfacet
  facet normal 0.962905 0.178464 -0.202395
    outer loop
      vertex 7.02433 5.99934 13
      vertex 6.65003 9.15298 14
      vertex 7.12808 5.93697 13.4386
    endloop
  endfacet
  facet normal 0.986193 0.156197 -0.0550055
    outer loop
      vertex 6.65003 9.15298 14
      vertex 7.13654 5.9268 13.5614
      vertex 7.12808 5.93697 13.4386
    endloop
  endfacet
  facet normal 0.986192 0.156199 -0.0550222
    outer loop
      vertex 7.13654 5.9268 13.5614
      vertex 6.65003 9.15298 14
      vertex 7.17897 5.81341 14
    endloop
  endfacet
  facet normal -0.181956 0.981766 0.0550194
    outer loop
      vertex 6.40815 9.32392 13
      vertex 3.20461 8.70561 13.4386
      vertex 3.21703 8.70103 13.5614
    endloop
  endfacet
  facet normal -0.181959 0.981767 0.0550011
    outer loop
      vertex 3.20461 8.70561 13.4386
      vertex 6.40815 9.32392 13
      vertex 3.08358 8.70775 13
    endloop
  endfacet
  facet normal -0.153195 0.967247 0.202396
    outer loop
      vertex 6.40815 9.32392 13
      vertex 3.31046 8.62405 14
      vertex 6.65003 9.15298 14
    endloop
  endfacet
  facet normal -0.153195 0.967247 0.202398
    outer loop
      vertex 3.31046 8.62405 14
      vertex 6.40815 9.32392 13
      vertex 3.21703 8.70103 13.5614
    endloop
  endfacet
  facet normal 0.967246 0.153198 -0.202399
    outer loop
      vertex 6.88735 8.97577 15
      vertex 7.17897 5.81341 14
      vertex 6.65003 9.15298 14
    endloop
  endfacet
  facet normal 0.967248 0.153195 -0.20239
    outer loop
      vertex 7.17897 5.81341 14
      vertex 6.88735 8.97577 15
      vertex 7.28105 5.74834 14.4386
    endloop
  endfacet
  facet normal 0.989945 0.130325 -0.0549965
    outer loop
      vertex 6.88735 8.97577 15
      vertex 7.28924 5.73795 14.5614
      vertex 7.28105 5.74834 14.4386
    endloop
  endfacet
  facet normal 0.989944 0.130327 -0.0550101
    outer loop
      vertex 7.28924 5.73795 14.5614
      vertex 6.88735 8.97577 15
      vertex 7.32868 5.6235 15
    endloop
  endfacet
  facet normal -0.156188 0.986191 0.0550631
    outer loop
      vertex 6.65003 9.15298 14
      vertex 3.4314 8.61874 14.4386
      vertex 3.44369 8.61383 14.5614
    endloop
  endfacet
  facet normal -0.156196 0.986193 0.0550092
    outer loop
      vertex 3.4314 8.61874 14.4386
      vertex 6.65003 9.15298 14
      vertex 3.31046 8.62405 14
    endloop
  endfacet
  facet normal -0.127826 0.970926 0.202394
    outer loop
      vertex 6.65003 9.15298 14
      vertex 3.53508 8.53443 15
      vertex 6.88735 8.97577 15
    endloop
  endfacet
  facet normal -0.127824 0.970925 0.202401
    outer loop
      vertex 3.53508 8.53443 15
      vertex 6.65003 9.15298 14
      vertex 3.44369 8.61383 14.5614
    endloop
  endfacet
  facet normal 0.970925 0.127823 -0.202398
    outer loop
      vertex 7.11995 8.7924 16
      vertex 7.32868 5.6235 15
      vertex 6.88735 8.97577 15
    endloop
  endfacet
  facet normal 0.970923 0.127826 -0.202407
    outer loop
      vertex 7.32868 5.6235 15
      vertex 7.11995 8.7924 16
      vertex 7.42903 5.55578 15.4386
    endloop
  endfacet
  facet normal 0.993015 0.104372 -0.0550268
    outer loop
      vertex 7.11995 8.7924 16
      vertex 7.43695 5.54517 15.5614
      vertex 7.42903 5.55578 15.4386
    endloop
  endfacet
  facet normal 0.993016 0.10437 -0.0550094
    outer loop
      vertex 7.43695 5.54517 15.5614
      vertex 7.11995 8.7924 16
      vertex 7.47338 5.42973 16
    endloop
  endfacet
  facet normal -0.130321 0.989942 0.0550659
    outer loop
      vertex 6.88735 8.97577 15
      vertex 3.65584 8.52596 15.4386
      vertex 3.668 8.52073 15.5614
    endloop
  endfacet
  facet normal -0.13033 0.989944 0.0550011
    outer loop
      vertex 3.65584 8.52596 15.4386
      vertex 6.88735 8.97577 15
      vertex 3.53508 8.53443 15
    endloop
  endfacet
  facet normal -0.102364 0.973938 0.202401
    outer loop
      vertex 6.88735 8.97577 15
      vertex 3.75727 8.43897 16
      vertex 7.11995 8.7924 16
    endloop
  endfacet
  facet normal -0.102369 0.97394 0.202389
    outer loop
      vertex 3.75727 8.43897 16
      vertex 6.88735 8.97577 15
      vertex 3.668 8.52073 15.5614
    endloop
  endfacet
  facet normal 0.973939 0.102365 -0.202398
    outer loop
      vertex 7.34767 8.60301 17
      vertex 7.47338 5.42973 16
      vertex 7.11995 8.7924 16
    endloop
  endfacet
  facet normal 0.973938 0.102365 -0.2024
    outer loop
      vertex 7.47338 5.42973 16
      vertex 7.34767 8.60301 17
      vertex 7.57192 5.3594 16.4386
    endloop
  endfacet
  facet normal 0.995411 0.078331 -0.0549594
    outer loop
      vertex 7.34767 8.60301 17
      vertex 7.57955 5.3486 16.5614
      vertex 7.57192 5.3594 16.4386
    endloop
  endfacet
  facet normal 0.995407 0.0783387 -0.0550185
    outer loop
      vertex 7.57955 5.3486 16.5614
      vertex 7.34767 8.60301 17
      vertex 7.61295 5.23224 17
    endloop
  endfacet
  facet normal -0.104368 0.993016 0.0550148
    outer loop
      vertex 7.11995 8.7924 16
      vertex 3.87777 8.42734 16.4386
      vertex 3.88979 8.4218 16.5614
    endloop
  endfacet
  facet normal -0.10437 0.993016 0.0550053
    outer loop
      vertex 3.87777 8.42734 16.4386
      vertex 7.11995 8.7924 16
      vertex 3.75727 8.43897 16
    endloop
  endfacet
  facet normal -0.0768335 0.976285 0.202395
    outer loop
      vertex 7.11995 8.7924 16
      vertex 3.97689 8.33773 17
      vertex 7.34767 8.60301 17
    endloop
  endfacet
  facet normal -0.076835 0.976286 0.202391
    outer loop
      vertex 3.97689 8.33773 17
      vertex 7.11995 8.7924 16
      vertex 3.88979 8.4218 16.5614
    endloop
  endfacet
  facet normal 0.976285 0.0768338 -0.202394
    outer loop
      vertex 7.57035 8.40772 18
      vertex 7.61295 5.23224 17
      vertex 7.34767 8.60301 17
    endloop
  endfacet
  facet normal 0.976282 0.0768387 -0.20241
    outer loop
      vertex 7.61295 5.23224 17
      vertex 7.57035 8.40772 18
      vertex 7.70962 5.15936 17.4386
    endloop
  endfacet
  facet normal 0.997118 0.0522558 -0.055
    outer loop
      vertex 7.57035 8.40772 18
      vertex 7.71697 5.14836 17.5614
      vertex 7.70962 5.15936 17.4386
    endloop
  endfacet
  facet normal 0.997117 0.0522573 -0.0550114
    outer loop
      vertex 7.71697 5.14836 17.5614
      vertex 7.57035 8.40772 18
      vertex 7.74731 5.03116 18
    endloop
  endfacet
  facet normal -0.0783431 0.995409 0.0549924
    outer loop
      vertex 7.34767 8.60301 17
      vertex 4.09704 8.32294 17.4386
      vertex 4.10891 8.31709 17.5614
    endloop
  endfacet
  facet normal -0.0783384 0.995407 0.0550261
    outer loop
      vertex 4.09704 8.32294 17.4386
      vertex 7.34767 8.60301 17
      vertex 3.97689 8.33773 17
    endloop
  endfacet
  facet normal -0.0512503 0.977961 0.202398
    outer loop
      vertex 7.34767 8.60301 17
      vertex 4.19378 8.23077 18
      vertex 7.57035 8.40772 18
    endloop
  endfacet
  facet normal -0.0512536 0.977963 0.202389
    outer loop
      vertex 4.19378 8.23077 18
      vertex 7.34767 8.60301 17
      vertex 4.10891 8.31709 17.5614
    endloop
  endfacet
  facet normal 0.977962 0.0512534 -0.202393
    outer loop
      vertex 7.78784 8.20667 19
      vertex 7.74731 5.03116 18
      vertex 7.57035 8.40772 18
    endloop
  endfacet
  facet normal 0.977963 0.0512529 -0.202391
    outer loop
      vertex 7.74731 5.03116 18
      vertex 7.78784 8.20667 19
      vertex 7.84203 4.95577 18.4386
    endloop
  endfacet
  facet normal 0.998144 0.0261369 -0.0550035
    outer loop
      vertex 7.78784 8.20667 19
      vertex 7.84909 4.94458 18.5614
      vertex 7.84203 4.95577 18.4386
    endloop
  endfacet
  facet normal 0.998144 0.0261375 -0.0550079
    outer loop
      vertex 7.84909 4.94458 18.5614
      vertex 7.78784 8.20667 19
      vertex 7.87635 4.82663 19
    endloop
  endfacet
  facet normal -0.0522576 0.997118 0.0550015
    outer loop
      vertex 7.57035 8.40772 18
      vertex 4.31351 8.21284 18.4386
      vertex 4.32522 8.20668 18.5614
    endloop
  endfacet
  facet normal -0.0522541 0.997117 0.0550267
    outer loop
      vertex 4.31351 8.21284 18.4386
      vertex 7.57035 8.40772 18
      vertex 4.19378 8.23077 18
    endloop
  endfacet
  facet normal -0.0256353 0.978968 0.202397
    outer loop
      vertex 7.57035 8.40772 18
      vertex 4.4078 8.11816 19
      vertex 7.78784 8.20667 19
    endloop
  endfacet
  facet normal -0.0256326 0.978966 0.202405
    outer loop
      vertex 4.4078 8.11816 19
      vertex 7.57035 8.40772 18
      vertex 4.32522 8.20668 18.5614
    endloop
  endfacet
  facet normal 0.978967 0.0256353 -0.2024
    outer loop
      vertex 8 8 20
      vertex 7.87635 4.82663 19
      vertex 7.78784 8.20667 19
    endloop
  endfacet
  facet normal 0.978966 0.0256368 -0.202404
    outer loop
      vertex 7.87635 4.82663 19
      vertex 8 8 20
      vertex 7.96907 4.7488 19.4386
    endloop
  endfacet
  facet normal 0.998488 -7.72923e-06 -0.0549664
    outer loop
      vertex 8 8 20
      vertex 7.97583 4.73742 19.5614
      vertex 7.96907 4.7488 19.4386
    endloop
  endfacet
  facet normal 0.998485 0 -0.0550237
    outer loop
      vertex 7.97583 4.73742 19.5614
      vertex 8 8 20
      vertex 8 4.6188 20
    endloop
  endfacet
  facet normal -0.0261435 0.998146 0.0549651
    outer loop
      vertex 7.78784 8.20667 19
      vertex 4.52702 8.09711 19.4386
      vertex 4.53856 8.09065 19.5614
    endloop
  endfacet
  facet normal -0.0261375 0.998144 0.0550092
    outer loop
      vertex 4.52702 8.09711 19.4386
      vertex 7.78784 8.20667 19
      vertex 4.4078 8.11816 19
    endloop
  endfacet
  facet normal 0 0.979304 0.202393
    outer loop
      vertex 7.78784 8.20667 19
      vertex 4.6188 8 20
      vertex 8 8 20
    endloop
  endfacet
  facet normal 3.02281e-06 0.979303 0.202402
    outer loop
      vertex 4.6188 8 20
      vertex 7.78784 8.20667 19
      vertex 4.53856 8.09065 19.5614
    endloop
  endfacet
  facet normal 0.489647 0.848102 -0.202407
    outer loop
      vertex 0 9.2376 0
      vertex -2.64113 11.0011 1
      vertex 0.114813 9.27599 0.438603
    endloop
  endfacet
  facet normal 0.489653 0.848102 -0.202391
    outer loop
      vertex -2.64113 11.0011 1
      vertex 0 9.2376 0
      vertex -2.9282 10.9282 0
    endloop
  endfacet
  facet normal 0.521705 0.85135 -0.0550224
    outer loop
      vertex 0.128044 9.27581 0.561397
      vertex -2.64113 11.0011 1
      vertex 0.241812 9.23444 1
    endloop
  endfacet
  facet normal 0.521713 0.851348 -0.0549664
    outer loop
      vertex -2.64113 11.0011 1
      vertex 0.128044 9.27581 0.561397
      vertex 0.114813 9.27599 0.438603
    endloop
  endfacet
  facet normal -0.864715 0.499243 0.0550003
    outer loop
      vertex -2.9282 10.9282 0
      vertex -4.53856 8.09065 0.438603
      vertex -4.52702 8.09711 0.561397
    endloop
  endfacet
  facet normal -0.864714 0.499244 0.0550115
    outer loop
      vertex -4.53856 8.09065 0.438603
      vertex -2.9282 10.9282 0
      vertex -4.6188 8 0
    endloop
  endfacet
  facet normal -0.834992 0.511686 0.202399
    outer loop
      vertex -4.52702 8.09711 0.561397
      vertex -2.64113 11.0011 1
      vertex -2.9282 10.9282 0
    endloop
  endfacet
  facet normal -0.834991 0.511684 0.202408
    outer loop
      vertex -2.64113 11.0011 1
      vertex -4.52702 8.09711 0.561397
      vertex -4.4078 8.11816 1
    endloop
  endfacet
  facet normal 0.511692 0.83499 -0.202391
    outer loop
      vertex 0.241812 9.23444 1
      vertex -2.35225 11.0665 2
      vertex 0.357591 9.2698 1.4386
    endloop
  endfacet
  facet normal 0.51168 0.83499 -0.202422
    outer loop
      vertex -2.35225 11.0665 2
      vertex 0.241812 9.23444 1
      vertex -2.64113 11.0011 1
    endloop
  endfacet
  facet normal 0.54382 0.837397 -0.0550149
    outer loop
      vertex 0.370812 9.26928 1.5614
      vertex -2.35225 11.0665 2
      vertex 0.483459 9.22494 2
    endloop
  endfacet
  facet normal 0.543822 0.837396 -0.0550034
    outer loop
      vertex -2.35225 11.0665 2
      vertex 0.370812 9.26928 1.5614
      vertex 0.357591 9.2698 1.4386
    endloop
  endfacet
  facet normal -0.851348 0.521709 0.0550126
    outer loop
      vertex -2.64113 11.0011 1
      vertex -4.32522 8.20668 1.4386
      vertex -4.31351 8.21284 1.5614
    endloop
  endfacet
  facet normal -0.851349 0.521708 0.0549996
    outer loop
      vertex -4.32522 8.20668 1.4386
      vertex -2.64113 11.0011 1
      vertex -4.4078 8.11816 1
    endloop
  endfacet
  facet normal -0.821317 0.533368 0.20238
    outer loop
      vertex -4.31351 8.21284 1.5614
      vertex -2.35225 11.0665 2
      vertex -2.64113 11.0011 1
    endloop
  endfacet
  facet normal -0.821314 0.533364 0.2024
    outer loop
      vertex -2.35225 11.0665 2
      vertex -4.31351 8.21284 1.5614
      vertex -4.19378 8.23077 2
    endloop
  endfacet
  facet normal 0.533371 0.821307 -0.202412
    outer loop
      vertex 0.483459 9.22494 2
      vertex -2.06176 11.1243 3
      vertex 0.600123 9.25727 2.4386
    endloop
  endfacet
  facet normal 0.533371 0.821307 -0.202411
    outer loop
      vertex -2.06176 11.1243 3
      vertex 0.483459 9.22494 2
      vertex -2.35225 11.0665 2
    endloop
  endfacet
  facet normal 0.565556 0.822873 -0.0550213
    outer loop
      vertex 0.613327 9.2564 2.5614
      vertex -2.06176 11.1243 3
      vertex 0.724774 9.20913 3
    endloop
  endfacet
  facet normal 0.565562 0.822871 -0.0549819
    outer loop
      vertex -2.06176 11.1243 3
      vertex 0.613327 9.2564 2.5614
      vertex 0.600123 9.25727 2.4386
    endloop
  endfacet
  facet normal -0.8374 0.543813 0.0550377
    outer loop
      vertex -2.35225 11.0665 2
      vertex -4.10891 8.31709 2.4386
      vertex -4.09704 8.32294 2.5614
    endloop
  endfacet
  facet normal -0.837403 0.543811 0.0550127
    outer loop
      vertex -4.10891 8.31709 2.4386
      vertex -2.35225 11.0665 2
      vertex -4.19378 8.23077 2
    endloop
  endfacet
  facet normal -0.807075 0.55468 0.202387
    outer loop
      vertex -4.09704 8.32294 2.5614
      vertex -2.06176 11.1243 3
      vertex -2.35225 11.0665 2
    endloop
  endfacet
  facet normal -0.807075 0.55468 0.202386
    outer loop
      vertex -2.06176 11.1243 3
      vertex -4.09704 8.32294 2.5614
      vertex -3.97689 8.33773 3
    endloop
  endfacet
  facet normal 0.554678 0.807072 -0.202402
    outer loop
      vertex 0.724774 9.20913 3
      vertex -1.76985 11.1744 4
      vertex 0.842245 9.23839 3.4386
    endloop
  endfacet
  facet normal 0.554696 0.807072 -0.202356
    outer loop
      vertex -1.76985 11.1744 4
      vertex 0.724774 9.20913 3
      vertex -2.06176 11.1243 3
    endloop
  endfacet
  facet normal 0.586892 0.807794 -0.0550206
    outer loop
      vertex 0.855421 9.23717 3.5614
      vertex -1.76985 11.1744 4
      vertex 0.965593 9.187 4
    endloop
  endfacet
  facet normal 0.586902 0.807791 -0.0549472
    outer loop
      vertex -1.76985 11.1744 4
      vertex 0.855421 9.23717 3.5614
      vertex 0.842245 9.23839 3.4386
    endloop
  endfacet
  facet normal -0.822879 0.565545 0.0550317
    outer loop
      vertex -2.06176 11.1243 3
      vertex -3.88979 8.4218 3.4386
      vertex -3.87777 8.42734 3.5614
    endloop
  endfacet
  facet normal -0.822882 0.565543 0.0550109
    outer loop
      vertex -3.88979 8.4218 3.4386
      vertex -2.06176 11.1243 3
      vertex -3.97689 8.33773 3
    endloop
  endfacet
  facet normal -0.792268 0.575615 0.202433
    outer loop
      vertex -3.87777 8.42734 3.5614
      vertex -1.76985 11.1744 4
      vertex -2.06176 11.1243 3
    endloop
  endfacet
  facet normal -0.79227 0.575622 0.202403
    outer loop
      vertex -1.76985 11.1744 4
      vertex -3.87777 8.42734 3.5614
      vertex -3.75727 8.43897 4
    endloop
  endfacet
  facet normal 0.575617 0.792276 -0.202394
    outer loop
      vertex 0.965593 9.187 4
      vertex -1.47674 11.2169 5
      vertex 1.08379 9.21317 4.4386
    endloop
  endfacet
  facet normal 0.575618 0.792276 -0.202391
    outer loop
      vertex -1.47674 11.2169 5
      vertex 0.965593 9.187 4
      vertex -1.76985 11.1744 4
    endloop
  endfacet
  facet normal 0.607835 0.792156 -0.0550128
    outer loop
      vertex 1.09693 9.21162 4.5614
      vertex -1.47674 11.2169 5
      vertex 1.20575 9.15858 5
    endloop
  endfacet
  facet normal 0.607831 0.792157 -0.0550411
    outer loop
      vertex -1.47674 11.2169 5
      vertex 1.09693 9.21162 4.5614
      vertex 1.08379 9.21317 4.4386
    endloop
  endfacet
  facet normal -0.807792 0.586897 0.0549941
    outer loop
      vertex -1.76985 11.1744 4
      vertex -3.668 8.52073 4.4386
      vertex -3.65584 8.52596 4.5614
    endloop
  endfacet
  facet normal -0.80779 0.586898 0.0550083
    outer loop
      vertex -3.668 8.52073 4.4386
      vertex -1.76985 11.1744 4
      vertex -3.75727 8.43897 4
    endloop
  endfacet
  facet normal -0.776933 0.596166 0.20239
    outer loop
      vertex -3.65584 8.52596 4.5614
      vertex -1.47674 11.2169 5
      vertex -1.76985 11.1744 4
    endloop
  endfacet
  facet normal -0.776932 0.596163 0.2024
    outer loop
      vertex -1.47674 11.2169 5
      vertex -3.65584 8.52596 4.5614
      vertex -3.53508 8.53443 5
    endloop
  endfacet
  facet normal 0.596162 0.776938 -0.202381
    outer loop
      vertex 1.20575 9.15858 5
      vertex -1.1826 11.2517 6
      vertex 1.32459 9.18164 5.4386
    endloop
  endfacet
  facet normal 0.596158 0.776938 -0.202391
    outer loop
      vertex -1.1826 11.2517 6
      vertex 1.20575 9.15858 5
      vertex -1.47674 11.2169 5
    endloop
  endfacet
  facet normal 0.628364 0.775973 -0.0550043
    outer loop
      vertex 1.33768 9.17975 5.5614
      vertex -1.1826 11.2517 6
      vertex 1.44508 9.12387 6
    endloop
  endfacet
  facet normal 0.628359 0.775974 -0.0550377
    outer loop
      vertex -1.1826 11.2517 6
      vertex 1.33768 9.17975 5.5614
      vertex 1.32459 9.18164 5.4386
    endloop
  endfacet
  facet normal -0.792156 0.607838 0.0549765
    outer loop
      vertex -1.47674 11.2169 5
      vertex -3.44369 8.61383 5.4386
      vertex -3.4314 8.61874 5.5614
    endloop
  endfacet
  facet normal -0.79215 0.607841 0.0550207
    outer loop
      vertex -3.44369 8.61383 5.4386
      vertex -1.47674 11.2169 5
      vertex -3.53508 8.53443 5
    endloop
  endfacet
  facet normal -0.761057 0.616298 0.20241
    outer loop
      vertex -3.4314 8.61874 5.5614
      vertex -1.1826 11.2517 6
      vertex -1.47674 11.2169 5
    endloop
  endfacet
  facet normal -0.761058 0.616302 0.202394
    outer loop
      vertex -1.1826 11.2517 6
      vertex -3.4314 8.61874 5.5614
      vertex -3.31046 8.62405 6
    endloop
  endfacet
  facet normal 0.616293 0.761066 -0.202391
    outer loop
      vertex 1.44508 9.12387 6
      vertex -0.887663 11.2788 7
      vertex 1.56448 9.14382 6.4386
    endloop
  endfacet
  facet normal 0.616292 0.761066 -0.202392
    outer loop
      vertex -0.887663 11.2788 7
      vertex 1.44508 9.12387 6
      vertex -1.1826 11.2517 6
    endloop
  endfacet
  facet normal 0.648459 0.759259 -0.0550243
    outer loop
      vertex 1.57752 9.14158 6.5614
      vertex -0.887663 11.2788 7
      vertex 1.68342 9.08292 7
    endloop
  endfacet
  facet normal 0.648461 0.759258 -0.0550097
    outer loop
      vertex -0.887663 11.2788 7
      vertex 1.57752 9.14158 6.5614
      vertex 1.56448 9.14382 6.4386
    endloop
  endfacet
  facet normal -0.77596 0.628376 0.0550445
    outer loop
      vertex -1.1826 11.2517 6
      vertex -3.21703 8.70103 6.4386
      vertex -3.20461 8.70561 6.5614
    endloop
  endfacet
  facet normal -0.775965 0.628373 0.0550074
    outer loop
      vertex -3.21703 8.70103 6.4386
      vertex -1.1826 11.2517 6
      vertex -3.31046 8.62405 6
    endloop
  endfacet
  facet normal -0.744665 0.636012 0.202393
    outer loop
      vertex -3.20461 8.70561 6.5614
      vertex -0.887663 11.2788 7
      vertex -1.1826 11.2517 6
    endloop
  endfacet
  facet normal -0.744666 0.636014 0.202384
    outer loop
      vertex -0.887663 11.2788 7
      vertex -3.20461 8.70561 6.5614
      vertex -3.08358 8.70775 7
    endloop
  endfacet
  facet normal 0.636007 0.744669 -0.202394
    outer loop
      vertex 1.68342 9.08292 7
      vertex -0.592113 11.2982 8
      vertex 1.8033 9.09974 7.4386
    endloop
  endfacet
  facet normal 0.635999 0.74467 -0.202416
    outer loop
      vertex -0.592113 11.2982 8
      vertex 1.68342 9.08292 7
      vertex -0.887663 11.2788 7
    endloop
  endfacet
  facet normal 0.668116 0.74202 -0.0550152
    outer loop
      vertex 1.81628 9.09716 7.5614
      vertex -0.592113 11.2982 8
      vertex 1.92061 9.03574 8
    endloop
  endfacet
  facet normal 0.668114 0.742021 -0.0550302
    outer loop
      vertex -0.592113 11.2982 8
      vertex 1.81628 9.09716 7.5614
      vertex 1.8033 9.09974 7.4386
    endloop
  endfacet
  facet normal -0.759248 0.648471 0.0550275
    outer loop
      vertex -0.887663 11.2788 7
      vertex -2.98816 8.78226 7.4386
      vertex -2.97563 8.78651 7.5614
    endloop
  endfacet
  facet normal -0.75925 0.64847 0.0550162
    outer loop
      vertex -2.98816 8.78226 7.4386
      vertex -0.887663 11.2788 7
      vertex -3.08358 8.70775 7
    endloop
  endfacet
  facet normal -0.727765 0.655287 0.202378
    outer loop
      vertex -2.97563 8.78651 7.5614
      vertex -0.592113 11.2982 8
      vertex -0.887663 11.2788 7
    endloop
  endfacet
  facet normal -0.727764 0.655283 0.202396
    outer loop
      vertex -0.592113 11.2982 8
      vertex -2.97563 8.78651 7.5614
      vertex -2.85458 8.78548 8
    endloop
  endfacet
  facet normal 0.655281 0.727769 -0.202384
    outer loop
      vertex 1.92061 9.03574 8
      vertex -0.296158 11.3098 9
      vertex 2.04089 9.04941 8.4386
    endloop
  endfacet
  facet normal 0.655284 0.727768 -0.202377
    outer loop
      vertex -0.296158 11.3098 9
      vertex 1.92061 9.03574 8
      vertex -0.592113 11.2982 8
    endloop
  endfacet
  facet normal 0.687306 0.724281 -0.0550198
    outer loop
      vertex 2.0538 9.04649 8.5614
      vertex -0.296158 11.3098 9
      vertex 2.15648 8.98237 9
    endloop
  endfacet
  facet normal 0.687304 0.724282 -0.0550342
    outer loop
      vertex -0.296158 11.3098 9
      vertex 2.0538 9.04649 8.5614
      vertex 2.04089 9.04941 8.4386
    endloop
  endfacet
  facet normal -0.742022 0.668116 0.0549896
    outer loop
      vertex -0.592113 11.2982 8
      vertex -2.75724 8.85747 8.4386
      vertex -2.74461 8.86139 8.5614
    endloop
  endfacet
  facet normal -0.742019 0.668118 0.0550167
    outer loop
      vertex -2.75724 8.85747 8.4386
      vertex -0.592113 11.2982 8
      vertex -2.85458 8.78548 8
    endloop
  endfacet
  facet normal -0.710356 0.674109 0.202414
    outer loop
      vertex -2.74461 8.86139 8.5614
      vertex -0.296158 11.3098 9
      vertex -0.592113 11.2982 8
    endloop
  endfacet
  facet normal -0.710357 0.674113 0.202396
    outer loop
      vertex -0.296158 11.3098 9
      vertex -2.74461 8.86139 8.5614
      vertex -2.62362 8.8572 9
    endloop
  endfacet
  facet normal 0.674107 0.710364 -0.202395
    outer loop
      vertex 2.15648 8.98237 9
      vertex 0 11.3137 10
      vertex 2.27708 8.99289 9.4386
    endloop
  endfacet
  facet normal 0.674101 0.710365 -0.202411
    outer loop
      vertex 0 11.3137 10
      vertex 2.15648 8.98237 9
      vertex -0.296158 11.3098 9
    endloop
  endfacet
  facet normal 0.706034 0.706037 -0.0550206
    outer loop
      vertex 2.2899 8.98963 9.5614
      vertex 0 11.3137 10
      vertex 2.39087 8.92284 10
    endloop
  endfacet
  facet normal 0.706042 0.706034 -0.0549657
    outer loop
      vertex 0 11.3137 10
      vertex 2.2899 8.98963 9.5614
      vertex 2.27708 8.99289 9.4386
    endloop
  endfacet
  facet normal -0.724266 0.68732 0.0550462
    outer loop
      vertex -0.296158 11.3098 9
      vertex -2.52444 8.92661 9.4386
      vertex -2.5117 8.9302 9.5614
    endloop
  endfacet
  facet normal -0.724271 0.687317 0.0550081
    outer loop
      vertex -2.52444 8.92661 9.4386
      vertex -0.296158 11.3098 9
      vertex -2.62362 8.8572 9
    endloop
  endfacet
  facet normal -0.692473 0.692476 0.202381
    outer loop
      vertex -0.296158 11.3098 9
      vertex -2.39087 8.92284 10
      vertex 0 11.3137 10
    endloop
  endfacet
  facet normal -0.69247 0.692477 0.202389
    outer loop
      vertex -2.39087 8.92284 10
      vertex -0.296158 11.3098 9
      vertex -2.5117 8.9302 9.5614
    endloop
  endfacet
  facet normal 0.69247 0.692477 -0.202389
    outer loop
      vertex 2.39087 8.92284 10
      vertex 0.296158 11.3098 11
      vertex 2.5117 8.9302 10.4386
    endloop
  endfacet
  facet normal 0.692473 0.692476 -0.202381
    outer loop
      vertex 0.296158 11.3098 11
      vertex 2.39087 8.92284 10
      vertex 0 11.3137 10
    endloop
  endfacet
  facet normal 0.724266 0.68732 -0.0550462
    outer loop
      vertex 0.296158 11.3098 11
      vertex 2.52444 8.92661 10.5614
      vertex 2.5117 8.9302 10.4386
    endloop
  endfacet
  facet normal 0.724271 0.687317 -0.0550081
    outer loop
      vertex 2.52444 8.92661 10.5614
      vertex 0.296158 11.3098 11
      vertex 2.62362 8.8572 11
    endloop
  endfacet
  facet normal -0.706042 0.706034 0.0549657
    outer loop
      vertex 0 11.3137 10
      vertex -2.2899 8.98963 10.4386
      vertex -2.27708 8.99289 10.5614
    endloop
  endfacet
  facet normal -0.706034 0.706037 0.0550206
    outer loop
      vertex -2.2899 8.98963 10.4386
      vertex 0 11.3137 10
      vertex -2.39087 8.92284 10
    endloop
  endfacet
  facet normal -0.674101 0.710365 0.202411
    outer loop
      vertex 0 11.3137 10
      vertex -2.15648 8.98237 11
      vertex 0.296158 11.3098 11
    endloop
  endfacet
  facet normal -0.674107 0.710364 0.202395
    outer loop
      vertex -2.15648 8.98237 11
      vertex 0 11.3137 10
      vertex -2.27708 8.99289 10.5614
    endloop
  endfacet
  facet normal 0.710356 0.674109 -0.202414
    outer loop
      vertex 2.74461 8.86139 11.4386
      vertex 0.296158 11.3098 11
      vertex 0.592113 11.2982 12
    endloop
  endfacet
  facet normal 0.710357 0.674113 -0.202396
    outer loop
      vertex 0.296158 11.3098 11
      vertex 2.74461 8.86139 11.4386
      vertex 2.62362 8.8572 11
    endloop
  endfacet
  facet normal 0.742022 0.668116 -0.0549896
    outer loop
      vertex 0.592113 11.2982 12
      vertex 2.75724 8.85747 11.5614
      vertex 2.74461 8.86139 11.4386
    endloop
  endfacet
  facet normal 0.742019 0.668118 -0.0550167
    outer loop
      vertex 2.75724 8.85747 11.5614
      vertex 0.592113 11.2982 12
      vertex 2.85458 8.78548 12
    endloop
  endfacet
  facet normal -0.687304 0.724282 0.0550342
    outer loop
      vertex 0.296158 11.3098 11
      vertex -2.0538 9.04649 11.4386
      vertex -2.04089 9.04941 11.5614
    endloop
  endfacet
  facet normal -0.687306 0.724281 0.0550198
    outer loop
      vertex -2.0538 9.04649 11.4386
      vertex 0.296158 11.3098 11
      vertex -2.15648 8.98237 11
    endloop
  endfacet
  facet normal -0.655284 0.727768 0.202377
    outer loop
      vertex 0.296158 11.3098 11
      vertex -1.92061 9.03574 12
      vertex 0.592113 11.2982 12
    endloop
  endfacet
  facet normal -0.655281 0.727769 0.202384
    outer loop
      vertex -1.92061 9.03574 12
      vertex 0.296158 11.3098 11
      vertex -2.04089 9.04941 11.5614
    endloop
  endfacet
  facet normal 0.727765 0.655287 -0.202378
    outer loop
      vertex 2.97563 8.78651 12.4386
      vertex 0.592113 11.2982 12
      vertex 0.887663 11.2788 13
    endloop
  endfacet
  facet normal 0.727764 0.655283 -0.202396
    outer loop
      vertex 0.592113 11.2982 12
      vertex 2.97563 8.78651 12.4386
      vertex 2.85458 8.78548 12
    endloop
  endfacet
  facet normal 0.759248 0.648471 -0.0550275
    outer loop
      vertex 0.887663 11.2788 13
      vertex 2.98816 8.78226 12.5614
      vertex 2.97563 8.78651 12.4386
    endloop
  endfacet
  facet normal 0.75925 0.64847 -0.0550162
    outer loop
      vertex 2.98816 8.78226 12.5614
      vertex 0.887663 11.2788 13
      vertex 3.08358 8.70775 13
    endloop
  endfacet
  facet normal -0.668114 0.742021 0.0550302
    outer loop
      vertex 0.592113 11.2982 12
      vertex -1.81628 9.09716 12.4386
      vertex -1.8033 9.09974 12.5614
    endloop
  endfacet
  facet normal -0.668116 0.74202 0.0550152
    outer loop
      vertex -1.81628 9.09716 12.4386
      vertex 0.592113 11.2982 12
      vertex -1.92061 9.03574 12
    endloop
  endfacet
  facet normal -0.635999 0.74467 0.202416
    outer loop
      vertex 0.592113 11.2982 12
      vertex -1.68342 9.08292 13
      vertex 0.887663 11.2788 13
    endloop
  endfacet
  facet normal -0.636007 0.744669 0.202394
    outer loop
      vertex -1.68342 9.08292 13
      vertex 0.592113 11.2982 12
      vertex -1.8033 9.09974 12.5614
    endloop
  endfacet
  facet normal 0.744665 0.636012 -0.202393
    outer loop
      vertex 3.20461 8.70561 13.4386
      vertex 0.887663 11.2788 13
      vertex 1.1826 11.2517 14
    endloop
  endfacet
  facet normal 0.744666 0.636014 -0.202384
    outer loop
      vertex 0.887663 11.2788 13
      vertex 3.20461 8.70561 13.4386
      vertex 3.08358 8.70775 13
    endloop
  endfacet
  facet normal 0.77596 0.628376 -0.0550445
    outer loop
      vertex 1.1826 11.2517 14
      vertex 3.21703 8.70103 13.5614
      vertex 3.20461 8.70561 13.4386
    endloop
  endfacet
  facet normal 0.775965 0.628373 -0.0550074
    outer loop
      vertex 3.21703 8.70103 13.5614
      vertex 1.1826 11.2517 14
      vertex 3.31046 8.62405 14
    endloop
  endfacet
  facet normal -0.648461 0.759258 0.0550097
    outer loop
      vertex 0.887663 11.2788 13
      vertex -1.57752 9.14158 13.4386
      vertex -1.56448 9.14382 13.5614
    endloop
  endfacet
  facet normal -0.648459 0.759259 0.0550243
    outer loop
      vertex -1.57752 9.14158 13.4386
      vertex 0.887663 11.2788 13
      vertex -1.68342 9.08292 13
    endloop
  endfacet
  facet normal -0.616292 0.761066 0.202392
    outer loop
      vertex 0.887663 11.2788 13
      vertex -1.44508 9.12387 14
      vertex 1.1826 11.2517 14
    endloop
  endfacet
  facet normal -0.616293 0.761066 0.202391
    outer loop
      vertex -1.44508 9.12387 14
      vertex 0.887663 11.2788 13
      vertex -1.56448 9.14382 13.5614
    endloop
  endfacet
  facet normal 0.761057 0.616298 -0.20241
    outer loop
      vertex 3.4314 8.61874 14.4386
      vertex 1.1826 11.2517 14
      vertex 1.47674 11.2169 15
    endloop
  endfacet
  facet normal 0.761058 0.616302 -0.202394
    outer loop
      vertex 1.1826 11.2517 14
      vertex 3.4314 8.61874 14.4386
      vertex 3.31046 8.62405 14
    endloop
  endfacet
  facet normal 0.792156 0.607838 -0.0549765
    outer loop
      vertex 1.47674 11.2169 15
      vertex 3.44369 8.61383 14.5614
      vertex 3.4314 8.61874 14.4386
    endloop
  endfacet
  facet normal 0.79215 0.607841 -0.0550207
    outer loop
      vertex 3.44369 8.61383 14.5614
      vertex 1.47674 11.2169 15
      vertex 3.53508 8.53443 15
    endloop
  endfacet
  facet normal -0.628359 0.775974 0.0550377
    outer loop
      vertex 1.1826 11.2517 14
      vertex -1.33768 9.17975 14.4386
      vertex -1.32459 9.18164 14.5614
    endloop
  endfacet
  facet normal -0.628364 0.775973 0.0550043
    outer loop
      vertex -1.33768 9.17975 14.4386
      vertex 1.1826 11.2517 14
      vertex -1.44508 9.12387 14
    endloop
  endfacet
  facet normal -0.596158 0.776938 0.202391
    outer loop
      vertex 1.1826 11.2517 14
      vertex -1.20575 9.15858 15
      vertex 1.47674 11.2169 15
    endloop
  endfacet
  facet normal -0.596162 0.776938 0.202381
    outer loop
      vertex -1.20575 9.15858 15
      vertex 1.1826 11.2517 14
      vertex -1.32459 9.18164 14.5614
    endloop
  endfacet
  facet normal 0.776933 0.596166 -0.20239
    outer loop
      vertex 3.65584 8.52596 15.4386
      vertex 1.47674 11.2169 15
      vertex 1.76985 11.1744 16
    endloop
  endfacet
  facet normal 0.776932 0.596163 -0.2024
    outer loop
      vertex 1.47674 11.2169 15
      vertex 3.65584 8.52596 15.4386
      vertex 3.53508 8.53443 15
    endloop
  endfacet
  facet normal 0.807792 0.586897 -0.0549941
    outer loop
      vertex 1.76985 11.1744 16
      vertex 3.668 8.52073 15.5614
      vertex 3.65584 8.52596 15.4386
    endloop
  endfacet
  facet normal 0.80779 0.586898 -0.0550083
    outer loop
      vertex 3.668 8.52073 15.5614
      vertex 1.76985 11.1744 16
      vertex 3.75727 8.43897 16
    endloop
  endfacet
  facet normal -0.607831 0.792157 0.0550411
    outer loop
      vertex 1.47674 11.2169 15
      vertex -1.09693 9.21162 15.4386
      vertex -1.08379 9.21317 15.5614
    endloop
  endfacet
  facet normal -0.607835 0.792156 0.0550128
    outer loop
      vertex -1.09693 9.21162 15.4386
      vertex 1.47674 11.2169 15
      vertex -1.20575 9.15858 15
    endloop
  endfacet
  facet normal -0.575618 0.792276 0.202391
    outer loop
      vertex 1.47674 11.2169 15
      vertex -0.965593 9.187 16
      vertex 1.76985 11.1744 16
    endloop
  endfacet
  facet normal -0.575617 0.792276 0.202394
    outer loop
      vertex -0.965593 9.187 16
      vertex 1.47674 11.2169 15
      vertex -1.08379 9.21317 15.5614
    endloop
  endfacet
  facet normal 0.792268 0.575615 -0.202433
    outer loop
      vertex 3.87777 8.42734 16.4386
      vertex 1.76985 11.1744 16
      vertex 2.06176 11.1243 17
    endloop
  endfacet
  facet normal 0.79227 0.575622 -0.202403
    outer loop
      vertex 1.76985 11.1744 16
      vertex 3.87777 8.42734 16.4386
      vertex 3.75727 8.43897 16
    endloop
  endfacet
  facet normal 0.822879 0.565545 -0.0550317
    outer loop
      vertex 2.06176 11.1243 17
      vertex 3.88979 8.4218 16.5614
      vertex 3.87777 8.42734 16.4386
    endloop
  endfacet
  facet normal 0.822882 0.565543 -0.0550109
    outer loop
      vertex 3.88979 8.4218 16.5614
      vertex 2.06176 11.1243 17
      vertex 3.97689 8.33773 17
    endloop
  endfacet
  facet normal -0.586902 0.807791 0.0549472
    outer loop
      vertex 1.76985 11.1744 16
      vertex -0.855421 9.23717 16.4386
      vertex -0.842245 9.23839 16.5614
    endloop
  endfacet
  facet normal -0.586892 0.807794 0.0550206
    outer loop
      vertex -0.855421 9.23717 16.4386
      vertex 1.76985 11.1744 16
      vertex -0.965593 9.187 16
    endloop
  endfacet
  facet normal -0.554696 0.807072 0.202356
    outer loop
      vertex 1.76985 11.1744 16
      vertex -0.724774 9.20913 17
      vertex 2.06176 11.1243 17
    endloop
  endfacet
  facet normal -0.554678 0.807072 0.202402
    outer loop
      vertex -0.724774 9.20913 17
      vertex 1.76985 11.1744 16
      vertex -0.842245 9.23839 16.5614
    endloop
  endfacet
  facet normal 0.807075 0.55468 -0.202387
    outer loop
      vertex 4.09704 8.32294 17.4386
      vertex 2.06176 11.1243 17
      vertex 2.35225 11.0665 18
    endloop
  endfacet
  facet normal 0.807075 0.55468 -0.202386
    outer loop
      vertex 2.06176 11.1243 17
      vertex 4.09704 8.32294 17.4386
      vertex 3.97689 8.33773 17
    endloop
  endfacet
  facet normal 0.8374 0.543813 -0.0550377
    outer loop
      vertex 2.35225 11.0665 18
      vertex 4.10891 8.31709 17.5614
      vertex 4.09704 8.32294 17.4386
    endloop
  endfacet
  facet normal 0.837403 0.543811 -0.0550127
    outer loop
      vertex 4.10891 8.31709 17.5614
      vertex 2.35225 11.0665 18
      vertex 4.19378 8.23077 18
    endloop
  endfacet
  facet normal -0.565562 0.822871 0.0549819
    outer loop
      vertex 2.06176 11.1243 17
      vertex -0.613327 9.2564 17.4386
      vertex -0.600123 9.25727 17.5614
    endloop
  endfacet
  facet normal -0.565556 0.822873 0.0550213
    outer loop
      vertex -0.613327 9.2564 17.4386
      vertex 2.06176 11.1243 17
      vertex -0.724774 9.20913 17
    endloop
  endfacet
  facet normal -0.533371 0.821307 0.202411
    outer loop
      vertex 2.06176 11.1243 17
      vertex -0.483459 9.22494 18
      vertex 2.35225 11.0665 18
    endloop
  endfacet
  facet normal -0.533371 0.821307 0.202412
    outer loop
      vertex -0.483459 9.22494 18
      vertex 2.06176 11.1243 17
      vertex -0.600123 9.25727 17.5614
    endloop
  endfacet
  facet normal 0.821317 0.533368 -0.20238
    outer loop
      vertex 4.31351 8.21284 18.4386
      vertex 2.35225 11.0665 18
      vertex 2.64113 11.0011 19
    endloop
  endfacet
  facet normal 0.821314 0.533364 -0.2024
    outer loop
      vertex 2.35225 11.0665 18
      vertex 4.31351 8.21284 18.4386
      vertex 4.19378 8.23077 18
    endloop
  endfacet
  facet normal 0.851348 0.521709 -0.0550126
    outer loop
      vertex 2.64113 11.0011 19
      vertex 4.32522 8.20668 18.5614
      vertex 4.31351 8.21284 18.4386
    endloop
  endfacet
  facet normal 0.851349 0.521708 -0.0549996
    outer loop
      vertex 4.32522 8.20668 18.5614
      vertex 2.64113 11.0011 19
      vertex 4.4078 8.11816 19
    endloop
  endfacet
  facet normal -0.543822 0.837396 0.0550034
    outer loop
      vertex 2.35225 11.0665 18
      vertex -0.370812 9.26928 18.4386
      vertex -0.357591 9.2698 18.5614
    endloop
  endfacet
  facet normal -0.54382 0.837397 0.0550149
    outer loop
      vertex -0.370812 9.26928 18.4386
      vertex 2.35225 11.0665 18
      vertex -0.483459 9.22494 18
    endloop
  endfacet
  facet normal -0.51168 0.83499 0.202422
    outer loop
      vertex 2.35225 11.0665 18
      vertex -0.241812 9.23444 19
      vertex 2.64113 11.0011 19
    endloop
  endfacet
  facet normal -0.511692 0.83499 0.202391
    outer loop
      vertex -0.241812 9.23444 19
      vertex 2.35225 11.0665 18
      vertex -0.357591 9.2698 18.5614
    endloop
  endfacet
  facet normal 0.834992 0.511686 -0.202399
    outer loop
      vertex 4.52702 8.09711 19.4386
      vertex 2.64113 11.0011 19
      vertex 2.9282 10.9282 20
    endloop
  endfacet
  facet normal 0.834991 0.511684 -0.202409
    outer loop
      vertex 2.64113 11.0011 19
      vertex 4.52702 8.09711 19.4386
      vertex 4.4078 8.11816 19
    endloop
  endfacet
  facet normal 0.864715 0.499242 -0.0549976
    outer loop
      vertex 2.9282 10.9282 20
      vertex 4.53856 8.09065 19.5614
      vertex 4.52702 8.09711 19.4386
    endloop
  endfacet
  facet normal 0.864714 0.499244 -0.0550118
    outer loop
      vertex 4.53856 8.09065 19.5614
      vertex 2.9282 10.9282 20
      vertex 4.6188 8 20
    endloop
  endfacet
  facet normal -0.521714 0.851348 0.0549638
    outer loop
      vertex 2.64113 11.0011 19
      vertex -0.128044 9.27581 19.4386
      vertex -0.114813 9.27599 19.5614
    endloop
  endfacet
  facet normal -0.521705 0.85135 0.0550228
    outer loop
      vertex -0.128044 9.27581 19.4386
      vertex 2.64113 11.0011 19
      vertex -0.241812 9.23444 19
    endloop
  endfacet
  facet normal -0.489653 0.848102 0.202391
    outer loop
      vertex 2.64113 11.0011 19
      vertex 0 9.2376 20
      vertex 2.9282 10.9282 20
    endloop
  endfacet
  facet normal -0.489646 0.848102 0.202409
    outer loop
      vertex 0 9.2376 20
      vertex 2.64113 11.0011 19
      vertex -0.114813 9.27599 19.5614
    endloop
  endfacet
  facet normal -2.6098e-06 0.979303 -0.202401
    outer loop
      vertex -4.6188 8 0
      vertex -7.78784 8.20667 1
      vertex -4.53856 8.09065 0.438603
    endloop
  endfacet
  facet normal 0 0.979304 -0.202393
    outer loop
      vertex -7.78784 8.20667 1
      vertex -4.6188 8 0
      vertex -8 8 0
    endloop
  endfacet
  facet normal 0.0261375 0.998144 -0.0550088
    outer loop
      vertex -4.52702 8.09711 0.561397
      vertex -7.78784 8.20667 1
      vertex -4.4078 8.11816 1
    endloop
  endfacet
  facet normal 0.0261431 0.998146 -0.0549678
    outer loop
      vertex -7.78784 8.20667 1
      vertex -4.52702 8.09711 0.561397
      vertex -4.53856 8.09065 0.438603
    endloop
  endfacet
  facet normal -0.998488 -7.32269e-06 0.054969
    outer loop
      vertex -8 8 0
      vertex -7.97583 4.73742 0.438603
      vertex -7.96907 4.7488 0.561397
    endloop
  endfacet
  facet normal -0.998485 0 0.0550233
    outer loop
      vertex -7.97583 4.73742 0.438603
      vertex -8 8 0
      vertex -8 4.6188 0
    endloop
  endfacet
  facet normal -0.978967 0.0256353 0.2024
    outer loop
      vertex -8 8 0
      vertex -7.87635 4.82663 1
      vertex -7.78784 8.20667 1
    endloop
  endfacet
  facet normal -0.978967 0.0256364 0.202403
    outer loop
      vertex -7.87635 4.82663 1
      vertex -8 8 0
      vertex -7.96907 4.7488 0.561397
    endloop
  endfacet
  facet normal 0.0256326 0.978966 -0.202405
    outer loop
      vertex -4.4078 8.11816 1
      vertex -7.57035 8.40772 2
      vertex -4.32522 8.20668 1.4386
    endloop
  endfacet
  facet normal 0.0256353 0.978968 -0.202397
    outer loop
      vertex -7.57035 8.40772 2
      vertex -4.4078 8.11816 1
      vertex -7.78784 8.20667 1
    endloop
  endfacet
  facet normal 0.0522541 0.997117 -0.0550267
    outer loop
      vertex -4.31351 8.21284 1.5614
      vertex -7.57035 8.40772 2
      vertex -4.19378 8.23077 2
    endloop
  endfacet
  facet normal 0.0522576 0.997118 -0.0550015
    outer loop
      vertex -7.57035 8.40772 2
      vertex -4.31351 8.21284 1.5614
      vertex -4.32522 8.20668 1.4386
    endloop
  endfacet
  facet normal -0.998144 0.0261369 0.0550035
    outer loop
      vertex -7.78784 8.20667 1
      vertex -7.84909 4.94458 1.4386
      vertex -7.84203 4.95577 1.5614
    endloop
  endfacet
  facet normal -0.998144 0.0261375 0.0550079
    outer loop
      vertex -7.84909 4.94458 1.4386
      vertex -7.78784 8.20667 1
      vertex -7.87635 4.82663 1
    endloop
  endfacet
  facet normal -0.977962 0.0512534 0.202393
    outer loop
      vertex -7.78784 8.20667 1
      vertex -7.74731 5.03116 2
      vertex -7.57035 8.40772 2
    endloop
  endfacet
  facet normal -0.977963 0.0512529 0.202391
    outer loop
      vertex -7.74731 5.03116 2
      vertex -7.78784 8.20667 1
      vertex -7.84203 4.95577 1.5614
    endloop
  endfacet
  facet normal 0.0512536 0.977963 -0.202389
    outer loop
      vertex -4.19378 8.23077 2
      vertex -7.34767 8.60301 3
      vertex -4.10891 8.31709 2.4386
    endloop
  endfacet
  facet normal 0.0512503 0.977961 -0.202398
    outer loop
      vertex -7.34767 8.60301 3
      vertex -4.19378 8.23077 2
      vertex -7.57035 8.40772 2
    endloop
  endfacet
  facet normal 0.0783384 0.995407 -0.0550261
    outer loop
      vertex -4.09704 8.32294 2.5614
      vertex -7.34767 8.60301 3
      vertex -3.97689 8.33773 3
    endloop
  endfacet
  facet normal 0.0783431 0.995409 -0.0549924
    outer loop
      vertex -7.34767 8.60301 3
      vertex -4.09704 8.32294 2.5614
      vertex -4.10891 8.31709 2.4386
    endloop
  endfacet
  facet normal -0.997118 0.0522558 0.055
    outer loop
      vertex -7.57035 8.40772 2
      vertex -7.71697 5.14836 2.4386
      vertex -7.70962 5.15936 2.5614
    endloop
  endfacet
  facet normal -0.997117 0.0522573 0.0550114
    outer loop
      vertex -7.71697 5.14836 2.4386
      vertex -7.57035 8.40772 2
      vertex -7.74731 5.03116 2
    endloop
  endfacet
  facet normal -0.976285 0.0768338 0.202394
    outer loop
      vertex -7.57035 8.40772 2
      vertex -7.61295 5.23224 3
      vertex -7.34767 8.60301 3
    endloop
  endfacet
  facet normal -0.976282 0.0768387 0.20241
    outer loop
      vertex -7.61295 5.23224 3
      vertex -7.57035 8.40772 2
      vertex -7.70962 5.15936 2.5614
    endloop
  endfacet
  facet normal 0.076835 0.976286 -0.202391
    outer loop
      vertex -3.97689 8.33773 3
      vertex -7.11995 8.7924 4
      vertex -3.88979 8.4218 3.4386
    endloop
  endfacet
  facet normal 0.0768335 0.976285 -0.202395
    outer loop
      vertex -7.11995 8.7924 4
      vertex -3.97689 8.33773 3
      vertex -7.34767 8.60301 3
    endloop
  endfacet
  facet normal 0.10437 0.993016 -0.0550053
    outer loop
      vertex -3.87777 8.42734 3.5614
      vertex -7.11995 8.7924 4
      vertex -3.75727 8.43897 4
    endloop
  endfacet
  facet normal 0.104368 0.993016 -0.0550148
    outer loop
      vertex -7.11995 8.7924 4
      vertex -3.87777 8.42734 3.5614
      vertex -3.88979 8.4218 3.4386
    endloop
  endfacet
  facet normal -0.995411 0.078331 0.0549594
    outer loop
      vertex -7.34767 8.60301 3
      vertex -7.57955 5.3486 3.4386
      vertex -7.57192 5.3594 3.5614
    endloop
  endfacet
  facet normal -0.995407 0.0783387 0.0550185
    outer loop
      vertex -7.57955 5.3486 3.4386
      vertex -7.34767 8.60301 3
      vertex -7.61295 5.23224 3
    endloop
  endfacet
  facet normal -0.973939 0.102365 0.202398
    outer loop
      vertex -7.34767 8.60301 3
      vertex -7.47338 5.42973 4
      vertex -7.11995 8.7924 4
    endloop
  endfacet
  facet normal -0.973938 0.102365 0.2024
    outer loop
      vertex -7.47338 5.42973 4
      vertex -7.34767 8.60301 3
      vertex -7.57192 5.3594 3.5614
    endloop
  endfacet
  facet normal 0.102369 0.97394 -0.202389
    outer loop
      vertex -3.75727 8.43897 4
      vertex -6.88735 8.97577 5
      vertex -3.668 8.52073 4.4386
    endloop
  endfacet
  facet normal 0.102364 0.973938 -0.202401
    outer loop
      vertex -6.88735 8.97577 5
      vertex -3.75727 8.43897 4
      vertex -7.11995 8.7924 4
    endloop
  endfacet
  facet normal 0.13033 0.989944 -0.0550011
    outer loop
      vertex -3.65584 8.52596 4.5614
      vertex -6.88735 8.97577 5
      vertex -3.53508 8.53443 5
    endloop
  endfacet
  facet normal 0.130321 0.989942 -0.0550659
    outer loop
      vertex -6.88735 8.97577 5
      vertex -3.65584 8.52596 4.5614
      vertex -3.668 8.52073 4.4386
    endloop
  endfacet
  facet normal -0.993015 0.104372 0.0550268
    outer loop
      vertex -7.11995 8.7924 4
      vertex -7.43695 5.54517 4.4386
      vertex -7.42903 5.55578 4.5614
    endloop
  endfacet
  facet normal -0.993016 0.10437 0.0550094
    outer loop
      vertex -7.43695 5.54517 4.4386
      vertex -7.11995 8.7924 4
      vertex -7.47338 5.42973 4
    endloop
  endfacet
  facet normal -0.970925 0.127823 0.202398
    outer loop
      vertex -7.11995 8.7924 4
      vertex -7.32868 5.6235 5
      vertex -6.88735 8.97577 5
    endloop
  endfacet
  facet normal -0.970923 0.127826 0.202407
    outer loop
      vertex -7.32868 5.6235 5
      vertex -7.11995 8.7924 4
      vertex -7.42903 5.55578 4.5614
    endloop
  endfacet
  facet normal 0.127824 0.970925 -0.202401
    outer loop
      vertex -3.53508 8.53443 5
      vertex -6.65003 9.15298 6
      vertex -3.44369 8.61383 5.4386
    endloop
  endfacet
  facet normal 0.127826 0.970926 -0.202394
    outer loop
      vertex -6.65003 9.15298 6
      vertex -3.53508 8.53443 5
      vertex -6.88735 8.97577 5
    endloop
  endfacet
  facet normal 0.156196 0.986193 -0.0550092
    outer loop
      vertex -3.4314 8.61874 5.5614
      vertex -6.65003 9.15298 6
      vertex -3.31046 8.62405 6
    endloop
  endfacet
  facet normal 0.156188 0.986191 -0.0550631
    outer loop
      vertex -6.65003 9.15298 6
      vertex -3.4314 8.61874 5.5614
      vertex -3.44369 8.61383 5.4386
    endloop
  endfacet
  facet normal -0.989945 0.130325 0.0549965
    outer loop
      vertex -6.88735 8.97577 5
      vertex -7.28924 5.73795 5.4386
      vertex -7.28105 5.74834 5.5614
    endloop
  endfacet
  facet normal -0.989944 0.130327 0.0550101
    outer loop
      vertex -7.28924 5.73795 5.4386
      vertex -6.88735 8.97577 5
      vertex -7.32868 5.6235 5
    endloop
  endfacet
  facet normal -0.967246 0.153198 0.202399
    outer loop
      vertex -6.88735 8.97577 5
      vertex -7.17897 5.81341 6
      vertex -6.65003 9.15298 6
    endloop
  endfacet
  facet normal -0.967248 0.153195 0.20239
    outer loop
      vertex -7.17897 5.81341 6
      vertex -6.88735 8.97577 5
      vertex -7.28105 5.74834 5.5614
    endloop
  endfacet
  facet normal 0.153195 0.967247 -0.202398
    outer loop
      vertex -3.31046 8.62405 6
      vertex -6.40815 9.32392 7
      vertex -3.21703 8.70103 6.4386
    endloop
  endfacet
  facet normal 0.153195 0.967247 -0.202396
    outer loop
      vertex -6.40815 9.32392 7
      vertex -3.31046 8.62405 6
      vertex -6.65003 9.15298 6
    endloop
  endfacet
  facet normal 0.181959 0.981767 -0.0550011
    outer loop
      vertex -3.20461 8.70561 6.5614
      vertex -6.40815 9.32392 7
      vertex -3.08358 8.70775 7
    endloop
  endfacet
  facet normal 0.181956 0.981766 -0.0550194
    outer loop
      vertex -6.40815 9.32392 7
      vertex -3.20461 8.70561 6.5614
      vertex -3.21703 8.70103 6.4386
    endloop
  endfacet
  facet normal -0.986193 0.156197 0.0550055
    outer loop
      vertex -6.65003 9.15298 6
      vertex -7.13654 5.9268 6.4386
      vertex -7.12808 5.93697 6.5614
    endloop
  endfacet
  facet normal -0.986192 0.156199 0.0550222
    outer loop
      vertex -7.13654 5.9268 6.4386
      vertex -6.65003 9.15298 6
      vertex -7.17897 5.81341 6
    endloop
  endfacet
  facet normal -0.962904 0.178465 0.2024
    outer loop
      vertex -6.65003 9.15298 6
      vertex -7.02433 5.99934 7
      vertex -6.40815 9.32392 7
    endloop
  endfacet
  facet normal -0.962905 0.178464 0.202395
    outer loop
      vertex -7.02433 5.99934 7
      vertex -6.65003 9.15298 6
      vertex -7.12808 5.93697 6.5614
    endloop
  endfacet
  facet normal 0.17846 0.962904 -0.202405
    outer loop
      vertex -3.08358 8.70775 7
      vertex -6.16189 9.48847 8
      vertex -2.98816 8.78226 7.4386
    endloop
  endfacet
  facet normal 0.178463 0.962906 -0.202394
    outer loop
      vertex -6.16189 9.48847 8
      vertex -3.08358 8.70775 7
      vertex -6.40815 9.32392 7
    endloop
  endfacet
  facet normal 0.207597 0.976667 -0.0550014
    outer loop
      vertex -2.97563 8.78651 7.5614
      vertex -6.16189 9.48847 8
      vertex -2.85458 8.78548 8
    endloop
  endfacet
  facet normal 0.207599 0.976667 -0.0549842
    outer loop
      vertex -6.16189 9.48847 8
      vertex -2.97563 8.78651 7.5614
      vertex -2.98816 8.78226 7.4386
    endloop
  endfacet
  facet normal -0.981768 0.181958 0.0549866
    outer loop
      vertex -6.40815 9.32392 7
      vertex -6.97895 6.11158 7.4386
      vertex -6.97023 6.12152 7.5614
    endloop
  endfacet
  facet normal -0.981766 0.181961 0.0550141
    outer loop
      vertex -6.97895 6.11158 7.4386
      vertex -6.40815 9.32392 7
      vertex -7.02433 5.99934 7
    endloop
  endfacet
  facet normal -0.957905 0.203609 0.20239
    outer loop
      vertex -6.40815 9.32392 7
      vertex -6.86488 6.18116 8
      vertex -6.16189 9.48847 8
    endloop
  endfacet
  facet normal -0.957903 0.203611 0.202398
    outer loop
      vertex -6.86488 6.18116 8
      vertex -6.40815 9.32392 7
      vertex -6.97023 6.12152 7.5614
    endloop
  endfacet
  facet normal 0.203603 0.957901 -0.202412
    outer loop
      vertex -2.85458 8.78548 8
      vertex -5.9114 9.64652 9
      vertex -2.75724 8.85747 8.4386
    endloop
  endfacet
  facet normal 0.203608 0.957903 -0.202398
    outer loop
      vertex -5.9114 9.64652 9
      vertex -2.85458 8.78548 8
      vertex -6.16189 9.48847 8
    endloop
  endfacet
  facet normal 0.23309 0.970897 -0.0550239
    outer loop
      vertex -2.74461 8.86139 8.5614
      vertex -5.9114 9.64652 9
      vertex -2.62362 8.8572 9
    endloop
  endfacet
  facet normal 0.233098 0.970898 -0.054967
    outer loop
      vertex -5.9114 9.64652 9
      vertex -2.74461 8.86139 8.5614
      vertex -2.75724 8.85747 8.4386
    endloop
  endfacet
  facet normal -0.976668 0.207594 0.0549891
    outer loop
      vertex -6.16189 9.48847 8
      vertex -6.81658 6.29217 8.4386
      vertex -6.8076 6.30189 8.5614
    endloop
  endfacet
  facet normal -0.976666 0.207597 0.0550107
    outer loop
      vertex -6.81658 6.29217 8.4386
      vertex -6.16189 9.48847 8
      vertex -6.86488 6.18116 8
    endloop
  endfacet
  facet normal -0.952246 0.228613 0.202396
    outer loop
      vertex -6.16189 9.48847 8
      vertex -6.70072 6.35875 9
      vertex -5.9114 9.64652 9
    endloop
  endfacet
  facet normal -0.952242 0.228616 0.202409
    outer loop
      vertex -6.70072 6.35875 9
      vertex -6.16189 9.48847 8
      vertex -6.8076 6.30189 8.5614
    endloop
  endfacet
  facet normal 0.228615 0.952246 -0.202393
    outer loop
      vertex -2.62362 8.8572 9
      vertex -5.65685 9.79796 10
      vertex -2.52444 8.92661 9.4386
    endloop
  endfacet
  facet normal 0.228612 0.952245 -0.202401
    outer loop
      vertex -5.65685 9.79796 10
      vertex -2.62362 8.8572 9
      vertex -5.9114 9.64652 9
    endloop
  endfacet
  facet normal 0.258428 0.964463 -0.0550101
    outer loop
      vertex -2.5117 8.9302 9.5614
      vertex -5.65685 9.79796 10
      vertex -2.39087 8.92284 10
    endloop
  endfacet
  facet normal 0.258429 0.964463 -0.0550065
    outer loop
      vertex -5.65685 9.79796 10
      vertex -2.5117 8.9302 9.5614
      vertex -2.52444 8.92661 9.4386
    endloop
  endfacet
  facet normal -0.9709 0.233087 0.0549817
    outer loop
      vertex -5.9114 9.64652 9
      vertex -6.64953 6.46845 9.4386
      vertex -6.6403 6.47793 9.5614
    endloop
  endfacet
  facet normal -0.970897 0.233091 0.0550164
    outer loop
      vertex -6.64953 6.46845 9.4386
      vertex -5.9114 9.64652 9
      vertex -6.70072 6.35875 9
    endloop
  endfacet
  facet normal -0.945933 0.253462 0.202403
    outer loop
      vertex -5.9114 9.64652 9
      vertex -6.53197 6.53197 10
      vertex -5.65685 9.79796 10
    endloop
  endfacet
  facet normal -0.945932 0.253463 0.202407
    outer loop
      vertex -6.53197 6.53197 10
      vertex -5.9114 9.64652 9
      vertex -6.6403 6.47793 9.5614
    endloop
  endfacet
  facet normal 0.253463 0.945935 -0.202397
    outer loop
      vertex -2.39087 8.92284 10
      vertex -5.39843 9.94268 11
      vertex -2.2899 8.98963 10.4386
    endloop
  endfacet
  facet normal 0.253463 0.945935 -0.202396
    outer loop
      vertex -5.39843 9.94268 11
      vertex -2.39087 8.92284 10
      vertex -5.65685 9.79796 10
    endloop
  endfacet
  facet normal 0.283585 0.957368 -0.0550134
    outer loop
      vertex -2.27708 8.99289 10.5614
      vertex -5.39843 9.94268 11
      vertex -2.15648 8.98237 11
    endloop
  endfacet
  facet normal 0.283584 0.957368 -0.0550209
    outer loop
      vertex -5.39843 9.94268 11
      vertex -2.27708 8.99289 10.5614
      vertex -2.2899 8.98963 10.4386
    endloop
  endfacet
  facet normal -0.964461 0.258431 0.0550307
    outer loop
      vertex -5.65685 9.79796 10
      vertex -6.47793 6.6403 10.4386
      vertex -6.46845 6.64953 10.5614
    endloop
  endfacet
  facet normal -0.964464 0.258427 0.0550027
    outer loop
      vertex -6.47793 6.6403 10.4386
      vertex -5.65685 9.79796 10
      vertex -6.53197 6.53197 10
    endloop
  endfacet
  facet normal -0.938975 0.278139 0.202398
    outer loop
      vertex -5.65685 9.79796 10
      vertex -6.35875 6.70072 11
      vertex -5.39843 9.94268 11
    endloop
  endfacet
  facet normal -0.938977 0.278137 0.202389
    outer loop
      vertex -6.35875 6.70072 11
      vertex -5.65685 9.79796 10
      vertex -6.46845 6.64953 10.5614
    endloop
  endfacet
  facet normal 0.278144 0.938976 -0.202387
    outer loop
      vertex -2.15648 8.98237 11
      vertex -5.13632 10.0806 12
      vertex -2.0538 9.04649 11.4386
    endloop
  endfacet
  facet normal 0.278137 0.938974 -0.202406
    outer loop
      vertex -5.13632 10.0806 12
      vertex -2.15648 8.98237 11
      vertex -5.39843 9.94268 11
    endloop
  endfacet
  facet normal 0.308552 0.949615 -0.0550192
    outer loop
      vertex -2.04089 9.04941 11.5614
      vertex -5.13632 10.0806 12
      vertex -1.92061 9.03574 12
    endloop
  endfacet
  facet normal 0.308552 0.949615 -0.0550186
    outer loop
      vertex -5.13632 10.0806 12
      vertex -2.04089 9.04941 11.5614
      vertex -2.0538 9.04649 11.4386
    endloop
  endfacet
  facet normal -0.957364 0.283591 0.0550402
    outer loop
      vertex -5.39843 9.94268 11
      vertex -6.30189 6.8076 11.4386
      vertex -6.29217 6.81658 11.5614
    endloop
  endfacet
  facet normal -0.957367 0.283587 0.055007
    outer loop
      vertex -6.30189 6.8076 11.4386
      vertex -5.39843 9.94268 11
      vertex -6.35875 6.70072 11
    endloop
  endfacet
  facet normal -0.931376 0.302619 0.202386
    outer loop
      vertex -5.39843 9.94268 11
      vertex -6.18116 6.86488 12
      vertex -5.13632 10.0806 12
    endloop
  endfacet
  facet normal -0.931371 0.302624 0.202405
    outer loop
      vertex -6.18116 6.86488 12
      vertex -5.39843 9.94268 11
      vertex -6.29217 6.81658 11.5614
    endloop
  endfacet
  facet normal 0.30262 0.931371 -0.20241
    outer loop
      vertex -1.92061 9.03574 12
      vertex -4.87068 10.2116 13
      vertex -1.81628 9.09716 12.4386
    endloop
  endfacet
  facet normal 0.302625 0.931372 -0.202399
    outer loop
      vertex -4.87068 10.2116 13
      vertex -1.92061 9.03574 12
      vertex -5.13632 10.0806 12
    endloop
  endfacet
  facet normal 0.333305 0.941213 -0.0550054
    outer loop
      vertex -1.8033 9.09974 12.5614
      vertex -4.87068 10.2116 13
      vertex -1.68342 9.08292 13
    endloop
  endfacet
  facet normal 0.333305 0.941213 -0.0550051
    outer loop
      vertex -4.87068 10.2116 13
      vertex -1.8033 9.09974 12.5614
      vertex -1.81628 9.09716 12.4386
    endloop
  endfacet
  facet normal -0.949623 0.30854 0.0549575
    outer loop
      vertex -5.13632 10.0806 12
      vertex -6.12152 6.97023 12.4386
      vertex -6.11158 6.97895 12.5614
    endloop
  endfacet
  facet normal -0.949617 0.308546 0.0550156
    outer loop
      vertex -6.12152 6.97023 12.4386
      vertex -5.13632 10.0806 12
      vertex -6.18116 6.86488 12
    endloop
  endfacet
  facet normal -0.923133 0.326895 0.202398
    outer loop
      vertex -5.13632 10.0806 12
      vertex -5.99934 7.02433 13
      vertex -4.87068 10.2116 13
    endloop
  endfacet
  facet normal -0.923129 0.326898 0.202411
    outer loop
      vertex -5.99934 7.02433 13
      vertex -5.13632 10.0806 12
      vertex -6.11158 6.97895 12.5614
    endloop
  endfacet
  facet normal 0.326903 0.923131 -0.202394
    outer loop
      vertex -1.68342 9.08292 13
      vertex -4.6017 10.3356 14
      vertex -1.57752 9.14158 13.4386
    endloop
  endfacet
  facet normal 0.326901 0.923131 -0.202398
    outer loop
      vertex -4.6017 10.3356 14
      vertex -1.68342 9.08292 13
      vertex -4.87068 10.2116 13
    endloop
  endfacet
  facet normal 0.35783 0.932165 -0.0550118
    outer loop
      vertex -1.56448 9.14382 13.5614
      vertex -4.6017 10.3356 14
      vertex -1.44508 9.12387 14
    endloop
  endfacet
  facet normal 0.357831 0.932165 -0.0550014
    outer loop
      vertex -4.6017 10.3356 14
      vertex -1.56448 9.14382 13.5614
      vertex -1.57752 9.14158 13.4386
    endloop
  endfacet
  facet normal -0.941217 0.333297 0.0549877
    outer loop
      vertex -4.87068 10.2116 13
      vertex -5.93697 7.12808 13.4386
      vertex -5.9268 7.13654 13.5614
    endloop
  endfacet
  facet normal -0.941216 0.333299 0.055002
    outer loop
      vertex -5.93697 7.12808 13.4386
      vertex -4.87068 10.2116 13
      vertex -5.99934 7.02433 13
    endloop
  endfacet
  facet normal -0.914259 0.350949 0.2024
    outer loop
      vertex -4.87068 10.2116 13
      vertex -5.81341 7.17897 14
      vertex -4.6017 10.3356 14
    endloop
  endfacet
  facet normal -0.914256 0.350951 0.202409
    outer loop
      vertex -5.81341 7.17897 14
      vertex -4.87068 10.2116 13
      vertex -5.9268 7.13654 13.5614
    endloop
  endfacet
  facet normal 0.350943 0.914257 -0.202417
    outer loop
      vertex -1.44508 9.12387 14
      vertex -4.32957 10.4525 15
      vertex -1.33768 9.17975 14.4386
    endloop
  endfacet
  facet normal 0.350956 0.91426 -0.202383
    outer loop
      vertex -4.32957 10.4525 15
      vertex -1.44508 9.12387 14
      vertex -4.6017 10.3356 14
    endloop
  endfacet
  facet normal 0.382101 0.92248 -0.0550308
    outer loop
      vertex -1.32459 9.18164 14.5614
      vertex -4.32957 10.4525 15
      vertex -1.20575 9.15858 15
    endloop
  endfacet
  facet normal 0.382116 0.92248 -0.0549299
    outer loop
      vertex -4.32957 10.4525 15
      vertex -1.32459 9.18164 14.5614
      vertex -1.33768 9.17975 14.4386
    endloop
  endfacet
  facet normal -0.932168 0.357822 0.0550054
    outer loop
      vertex -4.6017 10.3356 14
      vertex -5.74834 7.28105 14.4386
      vertex -5.73795 7.28924 14.5614
    endloop
  endfacet
  facet normal -0.932167 0.357823 0.0550148
    outer loop
      vertex -5.74834 7.28105 14.4386
      vertex -4.6017 10.3356 14
      vertex -5.81341 7.17897 14
    endloop
  endfacet
  facet normal -0.904757 0.374763 0.202402
    outer loop
      vertex -4.6017 10.3356 14
      vertex -5.6235 7.32868 15
      vertex -4.32957 10.4525 15
    endloop
  endfacet
  facet normal -0.90476 0.374761 0.202392
    outer loop
      vertex -5.6235 7.32868 15
      vertex -4.6017 10.3356 14
      vertex -5.73795 7.28924 14.5614
    endloop
  endfacet
  facet normal 0.374774 0.904754 -0.202396
    outer loop
      vertex -1.20575 9.15858 15
      vertex -4.05447 10.5623 16
      vertex -1.09693 9.21162 15.4386
    endloop
  endfacet
  facet normal 0.374758 0.904752 -0.202438
    outer loop
      vertex -4.05447 10.5623 16
      vertex -1.20575 9.15858 15
      vertex -4.32957 10.4525 15
    endloop
  endfacet
  facet normal 0.406131 0.912157 -0.0550213
    outer loop
      vertex -1.08379 9.21317 15.5614
      vertex -4.05447 10.5623 16
      vertex -0.965593 9.187 16
    endloop
  endfacet
  facet normal 0.406138 0.912157 -0.0549715
    outer loop
      vertex -4.05447 10.5623 16
      vertex -1.08379 9.21317 15.5614
      vertex -1.09693 9.21162 15.4386
    endloop
  endfacet
  facet normal -0.922475 0.38211 0.0550583
    outer loop
      vertex -4.32957 10.4525 15
      vertex -5.55578 7.42903 15.4386
      vertex -5.54517 7.43695 15.5614
    endloop
  endfacet
  facet normal -0.922481 0.382104 0.0550073
    outer loop
      vertex -5.55578 7.42903 15.4386
      vertex -4.32957 10.4525 15
      vertex -5.6235 7.32868 15
    endloop
  endfacet
  facet normal -0.894643 0.398316 0.202381
    outer loop
      vertex -4.32957 10.4525 15
      vertex -5.42973 7.47338 16
      vertex -4.05447 10.5623 16
    endloop
  endfacet
  facet normal -0.894641 0.398317 0.202386
    outer loop
      vertex -5.42973 7.47338 16
      vertex -4.32957 10.4525 15
      vertex -5.54517 7.43695 15.5614
    endloop
  endfacet
  facet normal 0.398329 0.894635 -0.202391
    outer loop
      vertex -0.965593 9.187 16
      vertex -3.77659 10.6648 17
      vertex -0.855421 9.23717 16.4386
    endloop
  endfacet
  facet normal 0.39833 0.894635 -0.202388
    outer loop
      vertex -3.77659 10.6648 17
      vertex -0.965593 9.187 16
      vertex -4.05447 10.5623 16
    endloop
  endfacet
  facet normal 0.429866 0.901215 -0.0550097
    outer loop
      vertex -0.842245 9.23839 16.5614
      vertex -3.77659 10.6648 17
      vertex -0.724774 9.20913 17
    endloop
  endfacet
  facet normal 0.429856 0.901216 -0.0550755
    outer loop
      vertex -3.77659 10.6648 17
      vertex -0.842245 9.23839 16.5614
      vertex -0.855421 9.23717 16.4386
    endloop
  endfacet
  facet normal -0.912167 0.406113 0.0549899
    outer loop
      vertex -4.05447 10.5623 16
      vertex -5.3594 7.57192 16.4386
      vertex -5.3486 7.57955 16.5614
    endloop
  endfacet
  facet normal -0.912163 0.406117 0.0550244
    outer loop
      vertex -5.3594 7.57192 16.4386
      vertex -4.05447 10.5623 16
      vertex -5.42973 7.47338 16
    endloop
  endfacet
  facet normal -0.883904 0.421598 0.202405
    outer loop
      vertex -4.05447 10.5623 16
      vertex -5.23224 7.61295 17
      vertex -3.77659 10.6648 17
    endloop
  endfacet
  facet normal -0.883908 0.421596 0.202394
    outer loop
      vertex -5.23224 7.61295 17
      vertex -4.05447 10.5623 16
      vertex -5.3486 7.57955 16.5614
    endloop
  endfacet
  facet normal 0.421608 0.883903 -0.202392
    outer loop
      vertex -0.724774 9.20913 17
      vertex -3.49613 10.76 18
      vertex -0.613327 9.2564 17.4386
    endloop
  endfacet
  facet normal 0.421608 0.883903 -0.202392
    outer loop
      vertex -3.49613 10.76 18
      vertex -0.724774 9.20913 17
      vertex -3.77659 10.6648 17
    endloop
  endfacet
  facet normal 0.45331 0.889655 -0.0549986
    outer loop
      vertex -0.600123 9.25727 17.5614
      vertex -3.49613 10.76 18
      vertex -0.483459 9.22494 18
    endloop
  endfacet
  facet normal 0.453303 0.889655 -0.0550441
    outer loop
      vertex -3.49613 10.76 18
      vertex -0.600123 9.25727 17.5614
      vertex -0.613327 9.2564 17.4386
    endloop
  endfacet
  facet normal -0.90122 0.429857 0.0549998
    outer loop
      vertex -3.77659 10.6648 17
      vertex -5.15936 7.70962 17.4386
      vertex -5.14836 7.71697 17.5614
    endloop
  endfacet
  facet normal -0.90122 0.429857 0.0550081
    outer loop
      vertex -5.15936 7.70962 17.4386
      vertex -3.77659 10.6648 17
      vertex -5.23224 7.61295 17
    endloop
  endfacet
  facet normal -0.872567 0.444593 0.202395
    outer loop
      vertex -5.14836 7.71697 17.5614
      vertex -3.49613 10.76 18
      vertex -3.77659 10.6648 17
    endloop
  endfacet
  facet normal -0.872565 0.444591 0.202407
    outer loop
      vertex -3.49613 10.76 18
      vertex -5.14836 7.71697 17.5614
      vertex -5.03116 7.74731 18
    endloop
  endfacet
  facet normal 0.444593 0.872566 -0.202398
    outer loop
      vertex -0.483459 9.22494 18
      vertex -3.21327 10.8478 19
      vertex -0.370812 9.26928 18.4386
    endloop
  endfacet
  facet normal 0.444603 0.872567 -0.202372
    outer loop
      vertex -3.21327 10.8478 19
      vertex -0.483459 9.22494 18
      vertex -3.49613 10.76 18
    endloop
  endfacet
  facet normal 0.476434 0.877487 -0.055023
    outer loop
      vertex -0.357591 9.2698 18.5614
      vertex -3.21327 10.8478 19
      vertex -0.241812 9.23444 19
    endloop
  endfacet
  facet normal 0.476435 0.877487 -0.0550102
    outer loop
      vertex -3.21327 10.8478 19
      vertex -0.357591 9.2698 18.5614
      vertex -0.370812 9.26928 18.4386
    endloop
  endfacet
  facet normal -0.88966 0.453298 0.0550082
    outer loop
      vertex -3.49613 10.76 18
      vertex -4.95577 7.84203 18.4386
      vertex -4.94458 7.84909 18.5614
    endloop
  endfacet
  facet normal -0.889658 0.4533 0.0550268
    outer loop
      vertex -4.95577 7.84203 18.4386
      vertex -3.49613 10.76 18
      vertex -5.03116 7.74731 18
    endloop
  endfacet
  facet normal -0.860628 0.46728 0.20241
    outer loop
      vertex -4.94458 7.84909 18.5614
      vertex -3.21327 10.8478 19
      vertex -3.49613 10.76 18
    endloop
  endfacet
  facet normal -0.860629 0.467282 0.202401
    outer loop
      vertex -3.21327 10.8478 19
      vertex -4.94458 7.84909 18.5614
      vertex -4.82663 7.87635 19
    endloop
  endfacet
  facet normal 0.467287 0.860629 -0.202386
    outer loop
      vertex -0.241812 9.23444 19
      vertex -2.9282 10.9282 20
      vertex -0.128044 9.27581 19.4386
    endloop
  endfacet
  facet normal 0.467281 0.860629 -0.202402
    outer loop
      vertex -2.9282 10.9282 20
      vertex -0.241812 9.23444 19
      vertex -3.21327 10.8478 19
    endloop
  endfacet
  facet normal 0.499244 0.864714 -0.0550007
    outer loop
      vertex -0.114813 9.27599 19.5614
      vertex -2.9282 10.9282 20
      vertex 0 9.2376 20
    endloop
  endfacet
  facet normal 0.499236 0.864715 -0.0550573
    outer loop
      vertex -2.9282 10.9282 20
      vertex -0.114813 9.27599 19.5614
      vertex -0.128044 9.27581 19.4386
    endloop
  endfacet
  facet normal -0.877477 0.476444 0.055089
    outer loop
      vertex -3.21327 10.8478 19
      vertex -4.7488 7.96907 19.4386
      vertex -4.73742 7.97583 19.5614
    endloop
  endfacet
  facet normal -0.877488 0.476435 0.0549927
    outer loop
      vertex -4.7488 7.96907 19.4386
      vertex -3.21327 10.8478 19
      vertex -4.82663 7.87635 19
    endloop
  endfacet
  facet normal -0.848102 0.489651 0.2024
    outer loop
      vertex -4.73742 7.97583 19.5614
      vertex -2.9282 10.9282 20
      vertex -3.21327 10.8478 19
    endloop
  endfacet
  facet normal -0.848103 0.489653 0.202387
    outer loop
      vertex -2.9282 10.9282 20
      vertex -4.73742 7.97583 19.5614
      vertex -4.6188 8 20
    endloop
  endfacet
  facet normal -0.489654 0.848103 -0.202386
    outer loop
      vertex -10.9282 2.9282 0
      vertex -7.97583 4.73742 0.438603
      vertex -8 4.6188 0
    endloop
  endfacet
  facet normal -0.48965 0.848102 -0.2024
    outer loop
      vertex -7.97583 4.73742 0.438603
      vertex -10.9282 2.9282 0
      vertex -10.8478 3.21327 1
    endloop
  endfacet
  facet normal -0.476435 0.877488 -0.0549923
    outer loop
      vertex -7.96907 4.7488 0.561397
      vertex -10.8478 3.21327 1
      vertex -7.87635 4.82663 1
    endloop
  endfacet
  facet normal -0.476445 0.877477 -0.0550916
    outer loop
      vertex -10.8478 3.21327 1
      vertex -7.96907 4.7488 0.561397
      vertex -7.97583 4.73742 0.438603
    endloop
  endfacet
  facet normal -0.864715 -0.499235 0.0550599
    outer loop
      vertex -10.9282 2.9282 0
      vertex -9.27599 0.114813 0.438603
      vertex -9.27581 0.128044 0.561397
    endloop
  endfacet
  facet normal -0.864714 -0.499244 0.0550003
    outer loop
      vertex -9.27599 0.114813 0.438603
      vertex -10.9282 2.9282 0
      vertex -9.2376 0 0
    endloop
  endfacet
  facet normal -0.860629 -0.467281 0.202402
    outer loop
      vertex -10.9282 2.9282 0
      vertex -9.23444 0.241812 1
      vertex -10.8478 3.21327 1
    endloop
  endfacet
  facet normal -0.860629 -0.467287 0.202385
    outer loop
      vertex -9.23444 0.241812 1
      vertex -10.9282 2.9282 0
      vertex -9.27581 0.128044 0.561397
    endloop
  endfacet
  facet normal -0.467282 0.860629 -0.202401
    outer loop
      vertex -10.8478 3.21327 1
      vertex -7.84909 4.94458 1.4386
      vertex -7.87635 4.82663 1
    endloop
  endfacet
  facet normal -0.46728 0.860628 -0.20241
    outer loop
      vertex -7.84909 4.94458 1.4386
      vertex -10.8478 3.21327 1
      vertex -10.76 3.49613 2
    endloop
  endfacet
  facet normal -0.4533 0.889658 -0.0550268
    outer loop
      vertex -7.84203 4.95577 1.5614
      vertex -10.76 3.49613 2
      vertex -7.74731 5.03116 2
    endloop
  endfacet
  facet normal -0.453298 0.88966 -0.0550082
    outer loop
      vertex -10.76 3.49613 2
      vertex -7.84203 4.95577 1.5614
      vertex -7.84909 4.94458 1.4386
    endloop
  endfacet
  facet normal -0.877487 -0.476435 0.0550102
    outer loop
      vertex -10.8478 3.21327 1
      vertex -9.2698 0.357591 1.4386
      vertex -9.26928 0.370812 1.5614
    endloop
  endfacet
  facet normal -0.877487 -0.476434 0.055023
    outer loop
      vertex -9.2698 0.357591 1.4386
      vertex -10.8478 3.21327 1
      vertex -9.23444 0.241812 1
    endloop
  endfacet
  facet normal -0.872567 -0.444603 0.202372
    outer loop
      vertex -10.8478 3.21327 1
      vertex -9.22494 0.483459 2
      vertex -10.76 3.49613 2
    endloop
  endfacet
  facet normal -0.872566 -0.444593 0.202398
    outer loop
      vertex -9.22494 0.483459 2
      vertex -10.8478 3.21327 1
      vertex -9.26928 0.370812 1.5614
    endloop
  endfacet
  facet normal -0.444591 0.872565 -0.202407
    outer loop
      vertex -10.76 3.49613 2
      vertex -7.71697 5.14836 2.4386
      vertex -7.74731 5.03116 2
    endloop
  endfacet
  facet normal -0.444593 0.872567 -0.202395
    outer loop
      vertex -7.71697 5.14836 2.4386
      vertex -10.76 3.49613 2
      vertex -10.6648 3.77659 3
    endloop
  endfacet
  facet normal -0.429857 0.90122 -0.0550081
    outer loop
      vertex -7.70962 5.15936 2.5614
      vertex -10.6648 3.77659 3
      vertex -7.61295 5.23224 3
    endloop
  endfacet
  facet normal -0.429857 0.90122 -0.0549998
    outer loop
      vertex -10.6648 3.77659 3
      vertex -7.70962 5.15936 2.5614
      vertex -7.71697 5.14836 2.4386
    endloop
  endfacet
  facet normal -0.889655 -0.453303 0.0550441
    outer loop
      vertex -10.76 3.49613 2
      vertex -9.25727 0.600123 2.4386
      vertex -9.2564 0.613327 2.5614
    endloop
  endfacet
  facet normal -0.889655 -0.45331 0.0549986
    outer loop
      vertex -9.25727 0.600123 2.4386
      vertex -10.76 3.49613 2
      vertex -9.22494 0.483459 2
    endloop
  endfacet
  facet normal -0.883903 -0.421608 0.202392
    outer loop
      vertex -10.76 3.49613 2
      vertex -9.20913 0.724774 3
      vertex -10.6648 3.77659 3
    endloop
  endfacet
  facet normal -0.883903 -0.421608 0.202392
    outer loop
      vertex -9.20913 0.724774 3
      vertex -10.76 3.49613 2
      vertex -9.2564 0.613327 2.5614
    endloop
  endfacet
  facet normal -0.421596 0.883908 -0.202394
    outer loop
      vertex -7.61295 5.23224 3
      vertex -10.5623 4.05447 4
      vertex -7.57955 5.3486 3.4386
    endloop
  endfacet
  facet normal -0.421598 0.883904 -0.202405
    outer loop
      vertex -10.5623 4.05447 4
      vertex -7.61295 5.23224 3
      vertex -10.6648 3.77659 3
    endloop
  endfacet
  facet normal -0.406117 0.912163 -0.0550244
    outer loop
      vertex -7.57192 5.3594 3.5614
      vertex -10.5623 4.05447 4
      vertex -7.47338 5.42973 4
    endloop
  endfacet
  facet normal -0.406113 0.912167 -0.0549899
    outer loop
      vertex -10.5623 4.05447 4
      vertex -7.57192 5.3594 3.5614
      vertex -7.57955 5.3486 3.4386
    endloop
  endfacet
  facet normal -0.901216 -0.429856 0.0550755
    outer loop
      vertex -10.6648 3.77659 3
      vertex -9.23839 0.842245 3.4386
      vertex -9.23717 0.855421 3.5614
    endloop
  endfacet
  facet normal -0.901215 -0.429866 0.0550097
    outer loop
      vertex -9.23839 0.842245 3.4386
      vertex -10.6648 3.77659 3
      vertex -9.20913 0.724774 3
    endloop
  endfacet
  facet normal -0.894635 -0.39833 0.202388
    outer loop
      vertex -10.6648 3.77659 3
      vertex -9.187 0.965593 4
      vertex -10.5623 4.05447 4
    endloop
  endfacet
  facet normal -0.894635 -0.398329 0.202391
    outer loop
      vertex -9.187 0.965593 4
      vertex -10.6648 3.77659 3
      vertex -9.23717 0.855421 3.5614
    endloop
  endfacet
  facet normal -0.398317 0.894641 -0.202386
    outer loop
      vertex -7.47338 5.42973 4
      vertex -10.4525 4.32957 5
      vertex -7.43695 5.54517 4.4386
    endloop
  endfacet
  facet normal -0.398316 0.894643 -0.202381
    outer loop
      vertex -10.4525 4.32957 5
      vertex -7.47338 5.42973 4
      vertex -10.5623 4.05447 4
    endloop
  endfacet
  facet normal -0.382104 0.922481 -0.0550073
    outer loop
      vertex -7.42903 5.55578 4.5614
      vertex -10.4525 4.32957 5
      vertex -7.32868 5.6235 5
    endloop
  endfacet
  facet normal -0.38211 0.922475 -0.0550583
    outer loop
      vertex -10.4525 4.32957 5
      vertex -7.42903 5.55578 4.5614
      vertex -7.43695 5.54517 4.4386
    endloop
  endfacet
  facet normal -0.912157 -0.406138 0.0549715
    outer loop
      vertex -10.5623 4.05447 4
      vertex -9.21317 1.08379 4.4386
      vertex -9.21162 1.09693 4.5614
    endloop
  endfacet
  facet normal -0.912157 -0.406131 0.0550213
    outer loop
      vertex -9.21317 1.08379 4.4386
      vertex -10.5623 4.05447 4
      vertex -9.187 0.965593 4
    endloop
  endfacet
  facet normal -0.904752 -0.374758 0.202438
    outer loop
      vertex -10.5623 4.05447 4
      vertex -9.15858 1.20575 5
      vertex -10.4525 4.32957 5
    endloop
  endfacet
  facet normal -0.904754 -0.374774 0.202396
    outer loop
      vertex -9.15858 1.20575 5
      vertex -10.5623 4.05447 4
      vertex -9.21162 1.09693 4.5614
    endloop
  endfacet
  facet normal -0.374761 0.90476 -0.202392
    outer loop
      vertex -7.32868 5.6235 5
      vertex -10.3356 4.6017 6
      vertex -7.28924 5.73795 5.4386
    endloop
  endfacet
  facet normal -0.374763 0.904757 -0.202402
    outer loop
      vertex -10.3356 4.6017 6
      vertex -7.32868 5.6235 5
      vertex -10.4525 4.32957 5
    endloop
  endfacet
  facet normal -0.357823 0.932167 -0.0550148
    outer loop
      vertex -7.28105 5.74834 5.5614
      vertex -10.3356 4.6017 6
      vertex -7.17897 5.81341 6
    endloop
  endfacet
  facet normal -0.357822 0.932168 -0.0550054
    outer loop
      vertex -10.3356 4.6017 6
      vertex -7.28105 5.74834 5.5614
      vertex -7.28924 5.73795 5.4386
    endloop
  endfacet
  facet normal -0.92248 -0.382116 0.0549299
    outer loop
      vertex -10.4525 4.32957 5
      vertex -9.18164 1.32459 5.4386
      vertex -9.17975 1.33768 5.5614
    endloop
  endfacet
  facet normal -0.92248 -0.382101 0.0550308
    outer loop
      vertex -9.18164 1.32459 5.4386
      vertex -10.4525 4.32957 5
      vertex -9.15858 1.20575 5
    endloop
  endfacet
  facet normal -0.91426 -0.350956 0.202383
    outer loop
      vertex -10.4525 4.32957 5
      vertex -9.12387 1.44508 6
      vertex -10.3356 4.6017 6
    endloop
  endfacet
  facet normal -0.914257 -0.350943 0.202417
    outer loop
      vertex -9.12387 1.44508 6
      vertex -10.4525 4.32957 5
      vertex -9.17975 1.33768 5.5614
    endloop
  endfacet
  facet normal -0.350951 0.914256 -0.202409
    outer loop
      vertex -7.17897 5.81341 6
      vertex -10.2116 4.87068 7
      vertex -7.13654 5.9268 6.4386
    endloop
  endfacet
  facet normal -0.350949 0.914259 -0.2024
    outer loop
      vertex -10.2116 4.87068 7
      vertex -7.17897 5.81341 6
      vertex -10.3356 4.6017 6
    endloop
  endfacet
  facet normal -0.333299 0.941216 -0.055002
    outer loop
      vertex -7.12808 5.93697 6.5614
      vertex -10.2116 4.87068 7
      vertex -7.02433 5.99934 7
    endloop
  endfacet
  facet normal -0.333297 0.941217 -0.0549877
    outer loop
      vertex -10.2116 4.87068 7
      vertex -7.12808 5.93697 6.5614
      vertex -7.13654 5.9268 6.4386
    endloop
  endfacet
  facet normal -0.932165 -0.357831 0.0550014
    outer loop
      vertex -10.3356 4.6017 6
      vertex -9.14382 1.56448 6.4386
      vertex -9.14158 1.57752 6.5614
    endloop
  endfacet
  facet normal -0.932165 -0.35783 0.0550118
    outer loop
      vertex -9.14382 1.56448 6.4386
      vertex -10.3356 4.6017 6
      vertex -9.12387 1.44508 6
    endloop
  endfacet
  facet normal -0.923131 -0.326901 0.202398
    outer loop
      vertex -10.3356 4.6017 6
      vertex -9.08292 1.68342 7
      vertex -10.2116 4.87068 7
    endloop
  endfacet
  facet normal -0.923131 -0.326903 0.202394
    outer loop
      vertex -9.08292 1.68342 7
      vertex -10.3356 4.6017 6
      vertex -9.14158 1.57752 6.5614
    endloop
  endfacet
  facet normal -0.326898 0.923129 -0.202411
    outer loop
      vertex -7.02433 5.99934 7
      vertex -10.0806 5.13632 8
      vertex -6.97895 6.11158 7.4386
    endloop
  endfacet
  facet normal -0.326895 0.923133 -0.202398
    outer loop
      vertex -10.0806 5.13632 8
      vertex -7.02433 5.99934 7
      vertex -10.2116 4.87068 7
    endloop
  endfacet
  facet normal -0.308546 0.949617 -0.0550156
    outer loop
      vertex -6.97023 6.12152 7.5614
      vertex -10.0806 5.13632 8
      vertex -6.86488 6.18116 8
    endloop
  endfacet
  facet normal -0.30854 0.949623 -0.0549575
    outer loop
      vertex -10.0806 5.13632 8
      vertex -6.97023 6.12152 7.5614
      vertex -6.97895 6.11158 7.4386
    endloop
  endfacet
  facet normal -0.941213 -0.333305 0.0550051
    outer loop
      vertex -10.2116 4.87068 7
      vertex -9.09974 1.8033 7.4386
      vertex -9.09716 1.81628 7.5614
    endloop
  endfacet
  facet normal -0.941213 -0.333305 0.0550054
    outer loop
      vertex -9.09974 1.8033 7.4386
      vertex -10.2116 4.87068 7
      vertex -9.08292 1.68342 7
    endloop
  endfacet
  facet normal -0.931372 -0.302625 0.202399
    outer loop
      vertex -10.2116 4.87068 7
      vertex -9.03574 1.92061 8
      vertex -10.0806 5.13632 8
    endloop
  endfacet
  facet normal -0.931371 -0.30262 0.20241
    outer loop
      vertex -9.03574 1.92061 8
      vertex -10.2116 4.87068 7
      vertex -9.09716 1.81628 7.5614
    endloop
  endfacet
  facet normal -0.302624 0.931371 -0.202405
    outer loop
      vertex -6.86488 6.18116 8
      vertex -9.94268 5.39843 9
      vertex -6.81658 6.29217 8.4386
    endloop
  endfacet
  facet normal -0.302619 0.931376 -0.202386
    outer loop
      vertex -9.94268 5.39843 9
      vertex -6.86488 6.18116 8
      vertex -10.0806 5.13632 8
    endloop
  endfacet
  facet normal -0.283587 0.957367 -0.055007
    outer loop
      vertex -6.8076 6.30189 8.5614
      vertex -9.94268 5.39843 9
      vertex -6.70072 6.35875 9
    endloop
  endfacet
  facet normal -0.283591 0.957364 -0.0550402
    outer loop
      vertex -9.94268 5.39843 9
      vertex -6.8076 6.30189 8.5614
      vertex -6.81658 6.29217 8.4386
    endloop
  endfacet
  facet normal -0.949615 -0.308552 0.0550186
    outer loop
      vertex -10.0806 5.13632 8
      vertex -9.04941 2.04089 8.4386
      vertex -9.04649 2.0538 8.5614
    endloop
  endfacet
  facet normal -0.949615 -0.308552 0.0550192
    outer loop
      vertex -9.04941 2.04089 8.4386
      vertex -10.0806 5.13632 8
      vertex -9.03574 1.92061 8
    endloop
  endfacet
  facet normal -0.938974 -0.278137 0.202406
    outer loop
      vertex -10.0806 5.13632 8
      vertex -8.98237 2.15648 9
      vertex -9.94268 5.39843 9
    endloop
  endfacet
  facet normal -0.938976 -0.278144 0.202387
    outer loop
      vertex -8.98237 2.15648 9
      vertex -10.0806 5.13632 8
      vertex -9.04649 2.0538 8.5614
    endloop
  endfacet
  facet normal -0.278137 0.938977 -0.202389
    outer loop
      vertex -6.70072 6.35875 9
      vertex -9.79796 5.65685 10
      vertex -6.64953 6.46845 9.4386
    endloop
  endfacet
  facet normal -0.278139 0.938975 -0.202398
    outer loop
      vertex -9.79796 5.65685 10
      vertex -6.70072 6.35875 9
      vertex -9.94268 5.39843 9
    endloop
  endfacet
  facet normal -0.258427 0.964464 -0.0550027
    outer loop
      vertex -6.6403 6.47793 9.5614
      vertex -9.79796 5.65685 10
      vertex -6.53197 6.53197 10
    endloop
  endfacet
  facet normal -0.258431 0.964461 -0.0550307
    outer loop
      vertex -9.79796 5.65685 10
      vertex -6.6403 6.47793 9.5614
      vertex -6.64953 6.46845 9.4386
    endloop
  endfacet
  facet normal -0.957368 -0.283584 0.0550209
    outer loop
      vertex -9.94268 5.39843 9
      vertex -8.99289 2.27708 9.4386
      vertex -8.98963 2.2899 9.5614
    endloop
  endfacet
  facet normal -0.957368 -0.283585 0.0550134
    outer loop
      vertex -8.99289 2.27708 9.4386
      vertex -9.94268 5.39843 9
      vertex -8.98237 2.15648 9
    endloop
  endfacet
  facet normal -0.945935 -0.253463 0.202396
    outer loop
      vertex -9.94268 5.39843 9
      vertex -8.92284 2.39087 10
      vertex -9.79796 5.65685 10
    endloop
  endfacet
  facet normal -0.945935 -0.253463 0.202397
    outer loop
      vertex -8.92284 2.39087 10
      vertex -9.94268 5.39843 9
      vertex -8.98963 2.2899 9.5614
    endloop
  endfacet
  facet normal -0.253463 0.945932 -0.202407
    outer loop
      vertex -6.53197 6.53197 10
      vertex -9.64652 5.9114 11
      vertex -6.47793 6.6403 10.4386
    endloop
  endfacet
  facet normal -0.253462 0.945933 -0.202403
    outer loop
      vertex -9.64652 5.9114 11
      vertex -6.53197 6.53197 10
      vertex -9.79796 5.65685 10
    endloop
  endfacet
  facet normal -0.233091 0.970897 -0.0550164
    outer loop
      vertex -6.46845 6.64953 10.5614
      vertex -9.64652 5.9114 11
      vertex -6.35875 6.70072 11
    endloop
  endfacet
  facet normal -0.233087 0.9709 -0.0549817
    outer loop
      vertex -9.64652 5.9114 11
      vertex -6.46845 6.64953 10.5614
      vertex -6.47793 6.6403 10.4386
    endloop
  endfacet
  facet normal -0.964463 -0.258429 0.0550065
    outer loop
      vertex -9.79796 5.65685 10
      vertex -8.9302 2.5117 10.4386
      vertex -8.92661 2.52444 10.5614
    endloop
  endfacet
  facet normal -0.964463 -0.258428 0.0550101
    outer loop
      vertex -8.9302 2.5117 10.4386
      vertex -9.79796 5.65685 10
      vertex -8.92284 2.39087 10
    endloop
  endfacet
  facet normal -0.952245 -0.228612 0.202401
    outer loop
      vertex -9.79796 5.65685 10
      vertex -8.8572 2.62362 11
      vertex -9.64652 5.9114 11
    endloop
  endfacet
  facet normal -0.952246 -0.228615 0.202393
    outer loop
      vertex -8.8572 2.62362 11
      vertex -9.79796 5.65685 10
      vertex -8.92661 2.52444 10.5614
    endloop
  endfacet
  facet normal -0.228616 0.952242 -0.202409
    outer loop
      vertex -6.35875 6.70072 11
      vertex -9.48847 6.16189 12
      vertex -6.30189 6.8076 11.4386
    endloop
  endfacet
  facet normal -0.228613 0.952246 -0.202396
    outer loop
      vertex -9.48847 6.16189 12
      vertex -6.35875 6.70072 11
      vertex -9.64652 5.9114 11
    endloop
  endfacet
  facet normal -0.207597 0.976666 -0.0550107
    outer loop
      vertex -6.29217 6.81658 11.5614
      vertex -9.48847 6.16189 12
      vertex -6.18116 6.86488 12
    endloop
  endfacet
  facet normal -0.207594 0.976668 -0.0549891
    outer loop
      vertex -9.48847 6.16189 12
      vertex -6.29217 6.81658 11.5614
      vertex -6.30189 6.8076 11.4386
    endloop
  endfacet
  facet normal -0.970898 -0.233098 0.054967
    outer loop
      vertex -9.64652 5.9114 11
      vertex -8.86139 2.74461 11.4386
      vertex -8.85747 2.75724 11.5614
    endloop
  endfacet
  facet normal -0.970897 -0.23309 0.0550239
    outer loop
      vertex -8.86139 2.74461 11.4386
      vertex -9.64652 5.9114 11
      vertex -8.8572 2.62362 11
    endloop
  endfacet
  facet normal -0.957903 -0.203608 0.202398
    outer loop
      vertex -9.64652 5.9114 11
      vertex -8.78548 2.85458 12
      vertex -9.48847 6.16189 12
    endloop
  endfacet
  facet normal -0.957901 -0.203603 0.202412
    outer loop
      vertex -8.78548 2.85458 12
      vertex -9.64652 5.9114 11
      vertex -8.85747 2.75724 11.5614
    endloop
  endfacet
  facet normal -0.203611 0.957903 -0.202398
    outer loop
      vertex -6.18116 6.86488 12
      vertex -9.32392 6.40815 13
      vertex -6.12152 6.97023 12.4386
    endloop
  endfacet
  facet normal -0.203609 0.957905 -0.20239
    outer loop
      vertex -9.32392 6.40815 13
      vertex -6.18116 6.86488 12
      vertex -9.48847 6.16189 12
    endloop
  endfacet
  facet normal -0.181961 0.981766 -0.0550141
    outer loop
      vertex -6.11158 6.97895 12.5614
      vertex -9.32392 6.40815 13
      vertex -5.99934 7.02433 13
    endloop
  endfacet
  facet normal -0.181958 0.981768 -0.0549866
    outer loop
      vertex -9.32392 6.40815 13
      vertex -6.11158 6.97895 12.5614
      vertex -6.12152 6.97023 12.4386
    endloop
  endfacet
  facet normal -0.976667 -0.207599 0.0549842
    outer loop
      vertex -9.48847 6.16189 12
      vertex -8.78651 2.97563 12.4386
      vertex -8.78226 2.98816 12.5614
    endloop
  endfacet
  facet normal -0.976667 -0.207597 0.0550014
    outer loop
      vertex -8.78651 2.97563 12.4386
      vertex -9.48847 6.16189 12
      vertex -8.78548 2.85458 12
    endloop
  endfacet
  facet normal -0.962906 -0.178463 0.202394
    outer loop
      vertex -9.48847 6.16189 12
      vertex -8.70775 3.08358 13
      vertex -9.32392 6.40815 13
    endloop
  endfacet
  facet normal -0.962904 -0.17846 0.202405
    outer loop
      vertex -8.70775 3.08358 13
      vertex -9.48847 6.16189 12
      vertex -8.78226 2.98816 12.5614
    endloop
  endfacet
  facet normal -0.178464 0.962905 -0.202395
    outer loop
      vertex -5.99934 7.02433 13
      vertex -9.15298 6.65003 14
      vertex -5.93697 7.12808 13.4386
    endloop
  endfacet
  facet normal -0.178465 0.962904 -0.2024
    outer loop
      vertex -9.15298 6.65003 14
      vertex -5.99934 7.02433 13
      vertex -9.32392 6.40815 13
    endloop
  endfacet
  facet normal -0.156199 0.986192 -0.0550222
    outer loop
      vertex -5.9268 7.13654 13.5614
      vertex -9.15298 6.65003 14
      vertex -5.81341 7.17897 14
    endloop
  endfacet
  facet normal -0.156197 0.986193 -0.0550055
    outer loop
      vertex -9.15298 6.65003 14
      vertex -5.9268 7.13654 13.5614
      vertex -5.93697 7.12808 13.4386
    endloop
  endfacet
  facet normal -0.981766 -0.181956 0.0550194
    outer loop
      vertex -9.32392 6.40815 13
      vertex -8.70561 3.20461 13.4386
      vertex -8.70103 3.21703 13.5614
    endloop
  endfacet
  facet normal -0.981767 -0.181959 0.0550011
    outer loop
      vertex -8.70561 3.20461 13.4386
      vertex -9.32392 6.40815 13
      vertex -8.70775 3.08358 13
    endloop
  endfacet
  facet normal -0.967247 -0.153195 0.202396
    outer loop
      vertex -9.32392 6.40815 13
      vertex -8.62405 3.31046 14
      vertex -9.15298 6.65003 14
    endloop
  endfacet
  facet normal -0.967247 -0.153195 0.202398
    outer loop
      vertex -8.62405 3.31046 14
      vertex -9.32392 6.40815 13
      vertex -8.70103 3.21703 13.5614
    endloop
  endfacet
  facet normal -0.153195 0.967248 -0.20239
    outer loop
      vertex -5.81341 7.17897 14
      vertex -8.97577 6.88735 15
      vertex -5.74834 7.28105 14.4386
    endloop
  endfacet
  facet normal -0.153198 0.967246 -0.202399
    outer loop
      vertex -8.97577 6.88735 15
      vertex -5.81341 7.17897 14
      vertex -9.15298 6.65003 14
    endloop
  endfacet
  facet normal -0.130327 0.989944 -0.0550101
    outer loop
      vertex -5.73795 7.28924 14.5614
      vertex -8.97577 6.88735 15
      vertex -5.6235 7.32868 15
    endloop
  endfacet
  facet normal -0.130325 0.989945 -0.0549965
    outer loop
      vertex -8.97577 6.88735 15
      vertex -5.73795 7.28924 14.5614
      vertex -5.74834 7.28105 14.4386
    endloop
  endfacet
  facet normal -0.986191 -0.156188 0.0550631
    outer loop
      vertex -9.15298 6.65003 14
      vertex -8.61874 3.4314 14.4386
      vertex -8.61383 3.44369 14.5614
    endloop
  endfacet
  facet normal -0.986193 -0.156196 0.0550092
    outer loop
      vertex -8.61874 3.4314 14.4386
      vertex -9.15298 6.65003 14
      vertex -8.62405 3.31046 14
    endloop
  endfacet
  facet normal -0.970926 -0.127826 0.202394
    outer loop
      vertex -9.15298 6.65003 14
      vertex -8.53443 3.53508 15
      vertex -8.97577 6.88735 15
    endloop
  endfacet
  facet normal -0.970925 -0.127824 0.202401
    outer loop
      vertex -8.53443 3.53508 15
      vertex -9.15298 6.65003 14
      vertex -8.61383 3.44369 14.5614
    endloop
  endfacet
  facet normal -0.127826 0.970923 -0.202407
    outer loop
      vertex -5.6235 7.32868 15
      vertex -8.7924 7.11995 16
      vertex -5.55578 7.42903 15.4386
    endloop
  endfacet
  facet normal -0.127823 0.970925 -0.202398
    outer loop
      vertex -8.7924 7.11995 16
      vertex -5.6235 7.32868 15
      vertex -8.97577 6.88735 15
    endloop
  endfacet
  facet normal -0.10437 0.993016 -0.0550094
    outer loop
      vertex -5.54517 7.43695 15.5614
      vertex -8.7924 7.11995 16
      vertex -5.42973 7.47338 16
    endloop
  endfacet
  facet normal -0.104372 0.993015 -0.0550268
    outer loop
      vertex -8.7924 7.11995 16
      vertex -5.54517 7.43695 15.5614
      vertex -5.55578 7.42903 15.4386
    endloop
  endfacet
  facet normal -0.989942 -0.130321 0.0550659
    outer loop
      vertex -8.97577 6.88735 15
      vertex -8.52596 3.65584 15.4386
      vertex -8.52073 3.668 15.5614
    endloop
  endfacet
  facet normal -0.989944 -0.13033 0.0550011
    outer loop
      vertex -8.52596 3.65584 15.4386
      vertex -8.97577 6.88735 15
      vertex -8.53443 3.53508 15
    endloop
  endfacet
  facet normal -0.973938 -0.102364 0.202401
    outer loop
      vertex -8.97577 6.88735 15
      vertex -8.43897 3.75727 16
      vertex -8.7924 7.11995 16
    endloop
  endfacet
  facet normal -0.97394 -0.102369 0.202389
    outer loop
      vertex -8.43897 3.75727 16
      vertex -8.97577 6.88735 15
      vertex -8.52073 3.668 15.5614
    endloop
  endfacet
  facet normal -0.102365 0.973938 -0.2024
    outer loop
      vertex -5.42973 7.47338 16
      vertex -8.60301 7.34767 17
      vertex -5.3594 7.57192 16.4386
    endloop
  endfacet
  facet normal -0.102365 0.973939 -0.202398
    outer loop
      vertex -8.60301 7.34767 17
      vertex -5.42973 7.47338 16
      vertex -8.7924 7.11995 16
    endloop
  endfacet
  facet normal -0.0783387 0.995407 -0.0550185
    outer loop
      vertex -5.3486 7.57955 16.5614
      vertex -8.60301 7.34767 17
      vertex -5.23224 7.61295 17
    endloop
  endfacet
  facet normal -0.078331 0.995411 -0.0549594
    outer loop
      vertex -8.60301 7.34767 17
      vertex -5.3486 7.57955 16.5614
      vertex -5.3594 7.57192 16.4386
    endloop
  endfacet
  facet normal -0.993016 -0.104368 0.0550148
    outer loop
      vertex -8.7924 7.11995 16
      vertex -8.42734 3.87777 16.4386
      vertex -8.4218 3.88979 16.5614
    endloop
  endfacet
  facet normal -0.993016 -0.10437 0.0550053
    outer loop
      vertex -8.42734 3.87777 16.4386
      vertex -8.7924 7.11995 16
      vertex -8.43897 3.75727 16
    endloop
  endfacet
  facet normal -0.976285 -0.0768335 0.202395
    outer loop
      vertex -8.7924 7.11995 16
      vertex -8.33773 3.97689 17
      vertex -8.60301 7.34767 17
    endloop
  endfacet
  facet normal -0.976286 -0.076835 0.202391
    outer loop
      vertex -8.33773 3.97689 17
      vertex -8.7924 7.11995 16
      vertex -8.4218 3.88979 16.5614
    endloop
  endfacet
  facet normal -0.0768387 0.976282 -0.20241
    outer loop
      vertex -5.23224 7.61295 17
      vertex -8.40772 7.57035 18
      vertex -5.15936 7.70962 17.4386
    endloop
  endfacet
  facet normal -0.0768338 0.976285 -0.202394
    outer loop
      vertex -8.40772 7.57035 18
      vertex -5.23224 7.61295 17
      vertex -8.60301 7.34767 17
    endloop
  endfacet
  facet normal -0.0522573 0.997117 -0.0550114
    outer loop
      vertex -5.14836 7.71697 17.5614
      vertex -8.40772 7.57035 18
      vertex -5.03116 7.74731 18
    endloop
  endfacet
  facet normal -0.0522558 0.997118 -0.055
    outer loop
      vertex -8.40772 7.57035 18
      vertex -5.14836 7.71697 17.5614
      vertex -5.15936 7.70962 17.4386
    endloop
  endfacet
  facet normal -0.995409 -0.0783431 0.0549924
    outer loop
      vertex -8.60301 7.34767 17
      vertex -8.32294 4.09704 17.4386
      vertex -8.31709 4.10891 17.5614
    endloop
  endfacet
  facet normal -0.995407 -0.0783384 0.0550261
    outer loop
      vertex -8.32294 4.09704 17.4386
      vertex -8.60301 7.34767 17
      vertex -8.33773 3.97689 17
    endloop
  endfacet
  facet normal -0.977961 -0.0512503 0.202398
    outer loop
      vertex -8.60301 7.34767 17
      vertex -8.23077 4.19378 18
      vertex -8.40772 7.57035 18
    endloop
  endfacet
  facet normal -0.977963 -0.0512536 0.202389
    outer loop
      vertex -8.23077 4.19378 18
      vertex -8.60301 7.34767 17
      vertex -8.31709 4.10891 17.5614
    endloop
  endfacet
  facet normal -0.0512529 0.977963 -0.202391
    outer loop
      vertex -5.03116 7.74731 18
      vertex -8.20667 7.78784 19
      vertex -4.95577 7.84203 18.4386
    endloop
  endfacet
  facet normal -0.0512534 0.977962 -0.202393
    outer loop
      vertex -8.20667 7.78784 19
      vertex -5.03116 7.74731 18
      vertex -8.40772 7.57035 18
    endloop
  endfacet
  facet normal -0.0261375 0.998144 -0.0550079
    outer loop
      vertex -4.94458 7.84909 18.5614
      vertex -8.20667 7.78784 19
      vertex -4.82663 7.87635 19
    endloop
  endfacet
  facet normal -0.0261369 0.998144 -0.0550035
    outer loop
      vertex -8.20667 7.78784 19
      vertex -4.94458 7.84909 18.5614
      vertex -4.95577 7.84203 18.4386
    endloop
  endfacet
  facet normal -0.997118 -0.0522576 0.0550015
    outer loop
      vertex -8.40772 7.57035 18
      vertex -8.21284 4.31351 18.4386
      vertex -8.20668 4.32522 18.5614
    endloop
  endfacet
  facet normal -0.997117 -0.0522541 0.0550267
    outer loop
      vertex -8.21284 4.31351 18.4386
      vertex -8.40772 7.57035 18
      vertex -8.23077 4.19378 18
    endloop
  endfacet
  facet normal -0.978968 -0.0256353 0.202397
    outer loop
      vertex -8.40772 7.57035 18
      vertex -8.11816 4.4078 19
      vertex -8.20667 7.78784 19
    endloop
  endfacet
  facet normal -0.978966 -0.0256326 0.202405
    outer loop
      vertex -8.11816 4.4078 19
      vertex -8.40772 7.57035 18
      vertex -8.20668 4.32522 18.5614
    endloop
  endfacet
  facet normal -0.0256368 0.978966 -0.202404
    outer loop
      vertex -4.82663 7.87635 19
      vertex -8 8 20
      vertex -4.7488 7.96907 19.4386
    endloop
  endfacet
  facet normal -0.0256353 0.978967 -0.2024
    outer loop
      vertex -8 8 20
      vertex -4.82663 7.87635 19
      vertex -8.20667 7.78784 19
    endloop
  endfacet
  facet normal 0 0.998485 -0.0550237
    outer loop
      vertex -4.73742 7.97583 19.5614
      vertex -8 8 20
      vertex -4.6188 8 20
    endloop
  endfacet
  facet normal 7.72923e-06 0.998488 -0.0549664
    outer loop
      vertex -8 8 20
      vertex -4.73742 7.97583 19.5614
      vertex -4.7488 7.96907 19.4386
    endloop
  endfacet
  facet normal -0.998146 -0.0261435 0.0549651
    outer loop
      vertex -8.20667 7.78784 19
      vertex -8.09711 4.52702 19.4386
      vertex -8.09065 4.53856 19.5614
    endloop
  endfacet
  facet normal -0.998144 -0.0261375 0.0550092
    outer loop
      vertex -8.09711 4.52702 19.4386
      vertex -8.20667 7.78784 19
      vertex -8.11816 4.4078 19
    endloop
  endfacet
  facet normal -0.979304 0 0.202393
    outer loop
      vertex -8.20667 7.78784 19
      vertex -8 4.6188 20
      vertex -8 8 20
    endloop
  endfacet
  facet normal -0.979303 3.02281e-06 0.202402
    outer loop
      vertex -8 4.6188 20
      vertex -8.20667 7.78784 19
      vertex -8.09065 4.53856 19.5614
    endloop
  endfacet
  facet normal -0.848102 0.489647 -0.202407
    outer loop
      vertex -9.2376 0 0
      vertex -11.0011 -2.64113 1
      vertex -9.27599 0.114813 0.438603
    endloop
  endfacet
  facet normal -0.848102 0.489653 -0.202391
    outer loop
      vertex -11.0011 -2.64113 1
      vertex -9.2376 0 0
      vertex -10.9282 -2.9282 0
    endloop
  endfacet
  facet normal -0.85135 0.521705 -0.0550224
    outer loop
      vertex -9.27581 0.128044 0.561397
      vertex -11.0011 -2.64113 1
      vertex -9.23444 0.241812 1
    endloop
  endfacet
  facet normal -0.851348 0.521713 -0.0549664
    outer loop
      vertex -11.0011 -2.64113 1
      vertex -9.27581 0.128044 0.561397
      vertex -9.27599 0.114813 0.438603
    endloop
  endfacet
  facet normal -0.499243 -0.864715 0.0550003
    outer loop
      vertex -10.9282 -2.9282 0
      vertex -8.09065 -4.53856 0.438603
      vertex -8.09711 -4.52702 0.561397
    endloop
  endfacet
  facet normal -0.499244 -0.864714 0.0550115
    outer loop
      vertex -8.09065 -4.53856 0.438603
      vertex -10.9282 -2.9282 0
      vertex -8 -4.6188 0
    endloop
  endfacet
  facet normal -0.511684 -0.834991 0.202408
    outer loop
      vertex -11.0011 -2.64113 1
      vertex -8.09711 -4.52702 0.561397
      vertex -8.11816 -4.4078 1
    endloop
  endfacet
  facet normal -0.511686 -0.834992 0.202399
    outer loop
      vertex -8.09711 -4.52702 0.561397
      vertex -11.0011 -2.64113 1
      vertex -10.9282 -2.9282 0
    endloop
  endfacet
  facet normal -0.83499 0.511692 -0.202391
    outer loop
      vertex -9.23444 0.241812 1
      vertex -11.0665 -2.35225 2
      vertex -9.2698 0.357591 1.4386
    endloop
  endfacet
  facet normal -0.83499 0.51168 -0.202422
    outer loop
      vertex -11.0665 -2.35225 2
      vertex -9.23444 0.241812 1
      vertex -11.0011 -2.64113 1
    endloop
  endfacet
  facet normal -0.837397 0.54382 -0.0550149
    outer loop
      vertex -9.26928 0.370812 1.5614
      vertex -11.0665 -2.35225 2
      vertex -9.22494 0.483459 2
    endloop
  endfacet
  facet normal -0.837396 0.543822 -0.0550034
    outer loop
      vertex -11.0665 -2.35225 2
      vertex -9.26928 0.370812 1.5614
      vertex -9.2698 0.357591 1.4386
    endloop
  endfacet
  facet normal -0.521709 -0.851348 0.0550126
    outer loop
      vertex -11.0011 -2.64113 1
      vertex -8.20668 -4.32522 1.4386
      vertex -8.21284 -4.31351 1.5614
    endloop
  endfacet
  facet normal -0.521708 -0.851349 0.0549996
    outer loop
      vertex -8.20668 -4.32522 1.4386
      vertex -11.0011 -2.64113 1
      vertex -8.11816 -4.4078 1
    endloop
  endfacet
  facet normal -0.533364 -0.821314 0.2024
    outer loop
      vertex -11.0665 -2.35225 2
      vertex -8.21284 -4.31351 1.5614
      vertex -8.23077 -4.19378 2
    endloop
  endfacet
  facet normal -0.533368 -0.821317 0.20238
    outer loop
      vertex -8.21284 -4.31351 1.5614
      vertex -11.0665 -2.35225 2
      vertex -11.0011 -2.64113 1
    endloop
  endfacet
  facet normal -0.821307 0.533371 -0.202412
    outer loop
      vertex -9.22494 0.483459 2
      vertex -11.1243 -2.06176 3
      vertex -9.25727 0.600123 2.4386
    endloop
  endfacet
  facet normal -0.821307 0.533371 -0.202411
    outer loop
      vertex -11.1243 -2.06176 3
      vertex -9.22494 0.483459 2
      vertex -11.0665 -2.35225 2
    endloop
  endfacet
  facet normal -0.822873 0.565556 -0.0550213
    outer loop
      vertex -9.2564 0.613327 2.5614
      vertex -11.1243 -2.06176 3
      vertex -9.20913 0.724774 3
    endloop
  endfacet
  facet normal -0.822871 0.565562 -0.0549819
    outer loop
      vertex -11.1243 -2.06176 3
      vertex -9.2564 0.613327 2.5614
      vertex -9.25727 0.600123 2.4386
    endloop
  endfacet
  facet normal -0.543813 -0.8374 0.0550377
    outer loop
      vertex -11.0665 -2.35225 2
      vertex -8.31709 -4.10891 2.4386
      vertex -8.32294 -4.09704 2.5614
    endloop
  endfacet
  facet normal -0.543811 -0.837403 0.0550127
    outer loop
      vertex -8.31709 -4.10891 2.4386
      vertex -11.0665 -2.35225 2
      vertex -8.23077 -4.19378 2
    endloop
  endfacet
  facet normal -0.55468 -0.807075 0.202386
    outer loop
      vertex -11.1243 -2.06176 3
      vertex -8.32294 -4.09704 2.5614
      vertex -8.33773 -3.97689 3
    endloop
  endfacet
  facet normal -0.55468 -0.807075 0.202387
    outer loop
      vertex -8.32294 -4.09704 2.5614
      vertex -11.1243 -2.06176 3
      vertex -11.0665 -2.35225 2
    endloop
  endfacet
  facet normal -0.807072 0.554678 -0.202402
    outer loop
      vertex -9.20913 0.724774 3
      vertex -11.1744 -1.76985 4
      vertex -9.23839 0.842245 3.4386
    endloop
  endfacet
  facet normal -0.807072 0.554696 -0.202356
    outer loop
      vertex -11.1744 -1.76985 4
      vertex -9.20913 0.724774 3
      vertex -11.1243 -2.06176 3
    endloop
  endfacet
  facet normal -0.807794 0.586892 -0.0550206
    outer loop
      vertex -9.23717 0.855421 3.5614
      vertex -11.1744 -1.76985 4
      vertex -9.187 0.965593 4
    endloop
  endfacet
  facet normal -0.807791 0.586902 -0.0549472
    outer loop
      vertex -11.1744 -1.76985 4
      vertex -9.23717 0.855421 3.5614
      vertex -9.23839 0.842245 3.4386
    endloop
  endfacet
  facet normal -0.565545 -0.822879 0.0550317
    outer loop
      vertex -11.1243 -2.06176 3
      vertex -8.4218 -3.88979 3.4386
      vertex -8.42734 -3.87777 3.5614
    endloop
  endfacet
  facet normal -0.565543 -0.822882 0.0550109
    outer loop
      vertex -8.4218 -3.88979 3.4386
      vertex -11.1243 -2.06176 3
      vertex -8.33773 -3.97689 3
    endloop
  endfacet
  facet normal -0.575622 -0.79227 0.202403
    outer loop
      vertex -11.1744 -1.76985 4
      vertex -8.42734 -3.87777 3.5614
      vertex -8.43897 -3.75727 4
    endloop
  endfacet
  facet normal -0.575615 -0.792268 0.202433
    outer loop
      vertex -8.42734 -3.87777 3.5614
      vertex -11.1744 -1.76985 4
      vertex -11.1243 -2.06176 3
    endloop
  endfacet
  facet normal -0.792276 0.575617 -0.202394
    outer loop
      vertex -9.187 0.965593 4
      vertex -11.2169 -1.47674 5
      vertex -9.21317 1.08379 4.4386
    endloop
  endfacet
  facet normal -0.792276 0.575618 -0.202391
    outer loop
      vertex -11.2169 -1.47674 5
      vertex -9.187 0.965593 4
      vertex -11.1744 -1.76985 4
    endloop
  endfacet
  facet normal -0.792156 0.607835 -0.0550128
    outer loop
      vertex -9.21162 1.09693 4.5614
      vertex -11.2169 -1.47674 5
      vertex -9.15858 1.20575 5
    endloop
  endfacet
  facet normal -0.792157 0.607831 -0.0550411
    outer loop
      vertex -11.2169 -1.47674 5
      vertex -9.21162 1.09693 4.5614
      vertex -9.21317 1.08379 4.4386
    endloop
  endfacet
  facet normal -0.586897 -0.807792 0.0549941
    outer loop
      vertex -11.1744 -1.76985 4
      vertex -8.52073 -3.668 4.4386
      vertex -8.52596 -3.65584 4.5614
    endloop
  endfacet
  facet normal -0.586898 -0.80779 0.0550083
    outer loop
      vertex -8.52073 -3.668 4.4386
      vertex -11.1744 -1.76985 4
      vertex -8.43897 -3.75727 4
    endloop
  endfacet
  facet normal -0.596163 -0.776932 0.2024
    outer loop
      vertex -11.2169 -1.47674 5
      vertex -8.52596 -3.65584 4.5614
      vertex -8.53443 -3.53508 5
    endloop
  endfacet
  facet normal -0.596166 -0.776933 0.20239
    outer loop
      vertex -8.52596 -3.65584 4.5614
      vertex -11.2169 -1.47674 5
      vertex -11.1744 -1.76985 4
    endloop
  endfacet
  facet normal -0.776938 0.596162 -0.202381
    outer loop
      vertex -9.15858 1.20575 5
      vertex -11.2517 -1.1826 6
      vertex -9.18164 1.32459 5.4386
    endloop
  endfacet
  facet normal -0.776938 0.596158 -0.202391
    outer loop
      vertex -11.2517 -1.1826 6
      vertex -9.15858 1.20575 5
      vertex -11.2169 -1.47674 5
    endloop
  endfacet
  facet normal -0.775973 0.628364 -0.0550043
    outer loop
      vertex -9.17975 1.33768 5.5614
      vertex -11.2517 -1.1826 6
      vertex -9.12387 1.44508 6
    endloop
  endfacet
  facet normal -0.775974 0.628359 -0.0550377
    outer loop
      vertex -11.2517 -1.1826 6
      vertex -9.17975 1.33768 5.5614
      vertex -9.18164 1.32459 5.4386
    endloop
  endfacet
  facet normal -0.607838 -0.792156 0.0549765
    outer loop
      vertex -11.2169 -1.47674 5
      vertex -8.61383 -3.44369 5.4386
      vertex -8.61874 -3.4314 5.5614
    endloop
  endfacet
  facet normal -0.607841 -0.79215 0.0550207
    outer loop
      vertex -8.61383 -3.44369 5.4386
      vertex -11.2169 -1.47674 5
      vertex -8.53443 -3.53508 5
    endloop
  endfacet
  facet normal -0.616302 -0.761058 0.202394
    outer loop
      vertex -11.2517 -1.1826 6
      vertex -8.61874 -3.4314 5.5614
      vertex -8.62405 -3.31046 6
    endloop
  endfacet
  facet normal -0.616298 -0.761057 0.20241
    outer loop
      vertex -8.61874 -3.4314 5.5614
      vertex -11.2517 -1.1826 6
      vertex -11.2169 -1.47674 5
    endloop
  endfacet
  facet normal -0.761066 0.616293 -0.202391
    outer loop
      vertex -9.12387 1.44508 6
      vertex -11.2788 -0.887663 7
      vertex -9.14382 1.56448 6.4386
    endloop
  endfacet
  facet normal -0.761066 0.616292 -0.202392
    outer loop
      vertex -11.2788 -0.887663 7
      vertex -9.12387 1.44508 6
      vertex -11.2517 -1.1826 6
    endloop
  endfacet
  facet normal -0.759259 0.648459 -0.0550243
    outer loop
      vertex -9.14158 1.57752 6.5614
      vertex -11.2788 -0.887663 7
      vertex -9.08292 1.68342 7
    endloop
  endfacet
  facet normal -0.759258 0.648461 -0.0550097
    outer loop
      vertex -11.2788 -0.887663 7
      vertex -9.14158 1.57752 6.5614
      vertex -9.14382 1.56448 6.4386
    endloop
  endfacet
  facet normal -0.628376 -0.77596 0.0550445
    outer loop
      vertex -11.2517 -1.1826 6
      vertex -8.70103 -3.21703 6.4386
      vertex -8.70561 -3.20461 6.5614
    endloop
  endfacet
  facet normal -0.628373 -0.775965 0.0550074
    outer loop
      vertex -8.70103 -3.21703 6.4386
      vertex -11.2517 -1.1826 6
      vertex -8.62405 -3.31046 6
    endloop
  endfacet
  facet normal -0.636014 -0.744666 0.202384
    outer loop
      vertex -11.2788 -0.887663 7
      vertex -8.70561 -3.20461 6.5614
      vertex -8.70775 -3.08358 7
    endloop
  endfacet
  facet normal -0.636012 -0.744665 0.202393
    outer loop
      vertex -8.70561 -3.20461 6.5614
      vertex -11.2788 -0.887663 7
      vertex -11.2517 -1.1826 6
    endloop
  endfacet
  facet normal -0.744669 0.636007 -0.202394
    outer loop
      vertex -9.08292 1.68342 7
      vertex -11.2982 -0.592113 8
      vertex -9.09974 1.8033 7.4386
    endloop
  endfacet
  facet normal -0.74467 0.635999 -0.202416
    outer loop
      vertex -11.2982 -0.592113 8
      vertex -9.08292 1.68342 7
      vertex -11.2788 -0.887663 7
    endloop
  endfacet
  facet normal -0.74202 0.668116 -0.0550152
    outer loop
      vertex -9.09716 1.81628 7.5614
      vertex -11.2982 -0.592113 8
      vertex -9.03574 1.92061 8
    endloop
  endfacet
  facet normal -0.742021 0.668114 -0.0550302
    outer loop
      vertex -11.2982 -0.592113 8
      vertex -9.09716 1.81628 7.5614
      vertex -9.09974 1.8033 7.4386
    endloop
  endfacet
  facet normal -0.648471 -0.759248 0.0550275
    outer loop
      vertex -11.2788 -0.887663 7
      vertex -8.78226 -2.98816 7.4386
      vertex -8.78651 -2.97563 7.5614
    endloop
  endfacet
  facet normal -0.64847 -0.75925 0.0550162
    outer loop
      vertex -8.78226 -2.98816 7.4386
      vertex -11.2788 -0.887663 7
      vertex -8.70775 -3.08358 7
    endloop
  endfacet
  facet normal -0.655283 -0.727764 0.202396
    outer loop
      vertex -11.2982 -0.592113 8
      vertex -8.78651 -2.97563 7.5614
      vertex -8.78548 -2.85458 8
    endloop
  endfacet
  facet normal -0.655287 -0.727765 0.202378
    outer loop
      vertex -8.78651 -2.97563 7.5614
      vertex -11.2982 -0.592113 8
      vertex -11.2788 -0.887663 7
    endloop
  endfacet
  facet normal -0.727769 0.655281 -0.202384
    outer loop
      vertex -9.03574 1.92061 8
      vertex -11.3098 -0.296158 9
      vertex -9.04941 2.04089 8.4386
    endloop
  endfacet
  facet normal -0.727768 0.655284 -0.202377
    outer loop
      vertex -11.3098 -0.296158 9
      vertex -9.03574 1.92061 8
      vertex -11.2982 -0.592113 8
    endloop
  endfacet
  facet normal -0.724281 0.687306 -0.0550198
    outer loop
      vertex -9.04649 2.0538 8.5614
      vertex -11.3098 -0.296158 9
      vertex -8.98237 2.15648 9
    endloop
  endfacet
  facet normal -0.724282 0.687304 -0.0550342
    outer loop
      vertex -11.3098 -0.296158 9
      vertex -9.04649 2.0538 8.5614
      vertex -9.04941 2.04089 8.4386
    endloop
  endfacet
  facet normal -0.668116 -0.742022 0.0549896
    outer loop
      vertex -11.2982 -0.592113 8
      vertex -8.85747 -2.75724 8.4386
      vertex -8.86139 -2.74461 8.5614
    endloop
  endfacet
  facet normal -0.668118 -0.742019 0.0550167
    outer loop
      vertex -8.85747 -2.75724 8.4386
      vertex -11.2982 -0.592113 8
      vertex -8.78548 -2.85458 8
    endloop
  endfacet
  facet normal -0.674113 -0.710357 0.202396
    outer loop
      vertex -11.3098 -0.296158 9
      vertex -8.86139 -2.74461 8.5614
      vertex -8.8572 -2.62362 9
    endloop
  endfacet
  facet normal -0.674109 -0.710356 0.202414
    outer loop
      vertex -8.86139 -2.74461 8.5614
      vertex -11.3098 -0.296158 9
      vertex -11.2982 -0.592113 8
    endloop
  endfacet
  facet normal -0.710364 0.674107 -0.202395
    outer loop
      vertex -8.98237 2.15648 9
      vertex -11.3137 0 10
      vertex -8.99289 2.27708 9.4386
    endloop
  endfacet
  facet normal -0.710365 0.674101 -0.202411
    outer loop
      vertex -11.3137 0 10
      vertex -8.98237 2.15648 9
      vertex -11.3098 -0.296158 9
    endloop
  endfacet
  facet normal -0.706037 0.706034 -0.0550206
    outer loop
      vertex -8.98963 2.2899 9.5614
      vertex -11.3137 0 10
      vertex -8.92284 2.39087 10
    endloop
  endfacet
  facet normal -0.706034 0.706042 -0.0549657
    outer loop
      vertex -11.3137 0 10
      vertex -8.98963 2.2899 9.5614
      vertex -8.99289 2.27708 9.4386
    endloop
  endfacet
  facet normal -0.68732 -0.724266 0.0550462
    outer loop
      vertex -11.3098 -0.296158 9
      vertex -8.92661 -2.52444 9.4386
      vertex -8.9302 -2.5117 9.5614
    endloop
  endfacet
  facet normal -0.687317 -0.724271 0.0550081
    outer loop
      vertex -8.92661 -2.52444 9.4386
      vertex -11.3098 -0.296158 9
      vertex -8.8572 -2.62362 9
    endloop
  endfacet
  facet normal -0.692476 -0.692473 0.202381
    outer loop
      vertex -11.3098 -0.296158 9
      vertex -8.92284 -2.39087 10
      vertex -11.3137 0 10
    endloop
  endfacet
  facet normal -0.692477 -0.69247 0.202389
    outer loop
      vertex -8.92284 -2.39087 10
      vertex -11.3098 -0.296158 9
      vertex -8.9302 -2.5117 9.5614
    endloop
  endfacet
  facet normal -0.692477 0.69247 -0.202389
    outer loop
      vertex -8.92284 2.39087 10
      vertex -11.3098 0.296158 11
      vertex -8.9302 2.5117 10.4386
    endloop
  endfacet
  facet normal -0.692476 0.692473 -0.202381
    outer loop
      vertex -11.3098 0.296158 11
      vertex -8.92284 2.39087 10
      vertex -11.3137 0 10
    endloop
  endfacet
  facet normal -0.687317 0.724271 -0.0550081
    outer loop
      vertex -8.92661 2.52444 10.5614
      vertex -11.3098 0.296158 11
      vertex -8.8572 2.62362 11
    endloop
  endfacet
  facet normal -0.68732 0.724266 -0.0550462
    outer loop
      vertex -11.3098 0.296158 11
      vertex -8.92661 2.52444 10.5614
      vertex -8.9302 2.5117 10.4386
    endloop
  endfacet
  facet normal -0.706034 -0.706042 0.0549657
    outer loop
      vertex -11.3137 0 10
      vertex -8.98963 -2.2899 10.4386
      vertex -8.99289 -2.27708 10.5614
    endloop
  endfacet
  facet normal -0.706037 -0.706034 0.0550206
    outer loop
      vertex -8.98963 -2.2899 10.4386
      vertex -11.3137 0 10
      vertex -8.92284 -2.39087 10
    endloop
  endfacet
  facet normal -0.710365 -0.674101 0.202411
    outer loop
      vertex -11.3137 0 10
      vertex -8.98237 -2.15648 11
      vertex -11.3098 0.296158 11
    endloop
  endfacet
  facet normal -0.710364 -0.674107 0.202395
    outer loop
      vertex -8.98237 -2.15648 11
      vertex -11.3137 0 10
      vertex -8.99289 -2.27708 10.5614
    endloop
  endfacet
  facet normal -0.674113 0.710357 -0.202396
    outer loop
      vertex -11.3098 0.296158 11
      vertex -8.86139 2.74461 11.4386
      vertex -8.8572 2.62362 11
    endloop
  endfacet
  facet normal -0.674109 0.710356 -0.202414
    outer loop
      vertex -8.86139 2.74461 11.4386
      vertex -11.3098 0.296158 11
      vertex -11.2982 0.592113 12
    endloop
  endfacet
  facet normal -0.668118 0.742019 -0.0550167
    outer loop
      vertex -8.85747 2.75724 11.5614
      vertex -11.2982 0.592113 12
      vertex -8.78548 2.85458 12
    endloop
  endfacet
  facet normal -0.668116 0.742022 -0.0549896
    outer loop
      vertex -11.2982 0.592113 12
      vertex -8.85747 2.75724 11.5614
      vertex -8.86139 2.74461 11.4386
    endloop
  endfacet
  facet normal -0.724282 -0.687304 0.0550342
    outer loop
      vertex -11.3098 0.296158 11
      vertex -9.04649 -2.0538 11.4386
      vertex -9.04941 -2.04089 11.5614
    endloop
  endfacet
  facet normal -0.724281 -0.687306 0.0550198
    outer loop
      vertex -9.04649 -2.0538 11.4386
      vertex -11.3098 0.296158 11
      vertex -8.98237 -2.15648 11
    endloop
  endfacet
  facet normal -0.727768 -0.655284 0.202377
    outer loop
      vertex -11.3098 0.296158 11
      vertex -9.03574 -1.92061 12
      vertex -11.2982 0.592113 12
    endloop
  endfacet
  facet normal -0.727769 -0.655281 0.202384
    outer loop
      vertex -9.03574 -1.92061 12
      vertex -11.3098 0.296158 11
      vertex -9.04941 -2.04089 11.5614
    endloop
  endfacet
  facet normal -0.655283 0.727764 -0.202396
    outer loop
      vertex -11.2982 0.592113 12
      vertex -8.78651 2.97563 12.4386
      vertex -8.78548 2.85458 12
    endloop
  endfacet
  facet normal -0.655287 0.727765 -0.202378
    outer loop
      vertex -8.78651 2.97563 12.4386
      vertex -11.2982 0.592113 12
      vertex -11.2788 0.887663 13
    endloop
  endfacet
  facet normal -0.64847 0.75925 -0.0550162
    outer loop
      vertex -8.78226 2.98816 12.5614
      vertex -11.2788 0.887663 13
      vertex -8.70775 3.08358 13
    endloop
  endfacet
  facet normal -0.648471 0.759248 -0.0550275
    outer loop
      vertex -11.2788 0.887663 13
      vertex -8.78226 2.98816 12.5614
      vertex -8.78651 2.97563 12.4386
    endloop
  endfacet
  facet normal -0.742021 -0.668114 0.0550302
    outer loop
      vertex -11.2982 0.592113 12
      vertex -9.09716 -1.81628 12.4386
      vertex -9.09974 -1.8033 12.5614
    endloop
  endfacet
  facet normal -0.74202 -0.668116 0.0550152
    outer loop
      vertex -9.09716 -1.81628 12.4386
      vertex -11.2982 0.592113 12
      vertex -9.03574 -1.92061 12
    endloop
  endfacet
  facet normal -0.74467 -0.635999 0.202416
    outer loop
      vertex -11.2982 0.592113 12
      vertex -9.08292 -1.68342 13
      vertex -11.2788 0.887663 13
    endloop
  endfacet
  facet normal -0.744669 -0.636007 0.202394
    outer loop
      vertex -9.08292 -1.68342 13
      vertex -11.2982 0.592113 12
      vertex -9.09974 -1.8033 12.5614
    endloop
  endfacet
  facet normal -0.636014 0.744666 -0.202384
    outer loop
      vertex -11.2788 0.887663 13
      vertex -8.70561 3.20461 13.4386
      vertex -8.70775 3.08358 13
    endloop
  endfacet
  facet normal -0.636012 0.744665 -0.202393
    outer loop
      vertex -8.70561 3.20461 13.4386
      vertex -11.2788 0.887663 13
      vertex -11.2517 1.1826 14
    endloop
  endfacet
  facet normal -0.628373 0.775965 -0.0550074
    outer loop
      vertex -8.70103 3.21703 13.5614
      vertex -11.2517 1.1826 14
      vertex -8.62405 3.31046 14
    endloop
  endfacet
  facet normal -0.628376 0.77596 -0.0550445
    outer loop
      vertex -11.2517 1.1826 14
      vertex -8.70103 3.21703 13.5614
      vertex -8.70561 3.20461 13.4386
    endloop
  endfacet
  facet normal -0.759258 -0.648461 0.0550097
    outer loop
      vertex -11.2788 0.887663 13
      vertex -9.14158 -1.57752 13.4386
      vertex -9.14382 -1.56448 13.5614
    endloop
  endfacet
  facet normal -0.759259 -0.648459 0.0550243
    outer loop
      vertex -9.14158 -1.57752 13.4386
      vertex -11.2788 0.887663 13
      vertex -9.08292 -1.68342 13
    endloop
  endfacet
  facet normal -0.761066 -0.616292 0.202392
    outer loop
      vertex -11.2788 0.887663 13
      vertex -9.12387 -1.44508 14
      vertex -11.2517 1.1826 14
    endloop
  endfacet
  facet normal -0.761066 -0.616293 0.202391
    outer loop
      vertex -9.12387 -1.44508 14
      vertex -11.2788 0.887663 13
      vertex -9.14382 -1.56448 13.5614
    endloop
  endfacet
  facet normal -0.616302 0.761058 -0.202394
    outer loop
      vertex -11.2517 1.1826 14
      vertex -8.61874 3.4314 14.4386
      vertex -8.62405 3.31046 14
    endloop
  endfacet
  facet normal -0.616298 0.761057 -0.20241
    outer loop
      vertex -8.61874 3.4314 14.4386
      vertex -11.2517 1.1826 14
      vertex -11.2169 1.47674 15
    endloop
  endfacet
  facet normal -0.607841 0.79215 -0.0550207
    outer loop
      vertex -8.61383 3.44369 14.5614
      vertex -11.2169 1.47674 15
      vertex -8.53443 3.53508 15
    endloop
  endfacet
  facet normal -0.607838 0.792156 -0.0549765
    outer loop
      vertex -11.2169 1.47674 15
      vertex -8.61383 3.44369 14.5614
      vertex -8.61874 3.4314 14.4386
    endloop
  endfacet
  facet normal -0.775974 -0.628359 0.0550377
    outer loop
      vertex -11.2517 1.1826 14
      vertex -9.17975 -1.33768 14.4386
      vertex -9.18164 -1.32459 14.5614
    endloop
  endfacet
  facet normal -0.775973 -0.628364 0.0550043
    outer loop
      vertex -9.17975 -1.33768 14.4386
      vertex -11.2517 1.1826 14
      vertex -9.12387 -1.44508 14
    endloop
  endfacet
  facet normal -0.776938 -0.596158 0.202391
    outer loop
      vertex -11.2517 1.1826 14
      vertex -9.15858 -1.20575 15
      vertex -11.2169 1.47674 15
    endloop
  endfacet
  facet normal -0.776938 -0.596162 0.202381
    outer loop
      vertex -9.15858 -1.20575 15
      vertex -11.2517 1.1826 14
      vertex -9.18164 -1.32459 14.5614
    endloop
  endfacet
  facet normal -0.596163 0.776932 -0.2024
    outer loop
      vertex -11.2169 1.47674 15
      vertex -8.52596 3.65584 15.4386
      vertex -8.53443 3.53508 15
    endloop
  endfacet
  facet normal -0.596166 0.776933 -0.20239
    outer loop
      vertex -8.52596 3.65584 15.4386
      vertex -11.2169 1.47674 15
      vertex -11.1744 1.76985 16
    endloop
  endfacet
  facet normal -0.586898 0.80779 -0.0550083
    outer loop
      vertex -8.52073 3.668 15.5614
      vertex -11.1744 1.76985 16
      vertex -8.43897 3.75727 16
    endloop
  endfacet
  facet normal -0.586897 0.807792 -0.0549941
    outer loop
      vertex -11.1744 1.76985 16
      vertex -8.52073 3.668 15.5614
      vertex -8.52596 3.65584 15.4386
    endloop
  endfacet
  facet normal -0.792157 -0.607831 0.0550411
    outer loop
      vertex -11.2169 1.47674 15
      vertex -9.21162 -1.09693 15.4386
      vertex -9.21317 -1.08379 15.5614
    endloop
  endfacet
  facet normal -0.792156 -0.607835 0.0550128
    outer loop
      vertex -9.21162 -1.09693 15.4386
      vertex -11.2169 1.47674 15
      vertex -9.15858 -1.20575 15
    endloop
  endfacet
  facet normal -0.792276 -0.575618 0.202391
    outer loop
      vertex -11.2169 1.47674 15
      vertex -9.187 -0.965593 16
      vertex -11.1744 1.76985 16
    endloop
  endfacet
  facet normal -0.792276 -0.575617 0.202394
    outer loop
      vertex -9.187 -0.965593 16
      vertex -11.2169 1.47674 15
      vertex -9.21317 -1.08379 15.5614
    endloop
  endfacet
  facet normal -0.575622 0.79227 -0.202403
    outer loop
      vertex -11.1744 1.76985 16
      vertex -8.42734 3.87777 16.4386
      vertex -8.43897 3.75727 16
    endloop
  endfacet
  facet normal -0.575615 0.792268 -0.202433
    outer loop
      vertex -8.42734 3.87777 16.4386
      vertex -11.1744 1.76985 16
      vertex -11.1243 2.06176 17
    endloop
  endfacet
  facet normal -0.565543 0.822882 -0.0550109
    outer loop
      vertex -8.4218 3.88979 16.5614
      vertex -11.1243 2.06176 17
      vertex -8.33773 3.97689 17
    endloop
  endfacet
  facet normal -0.565545 0.822879 -0.0550317
    outer loop
      vertex -11.1243 2.06176 17
      vertex -8.4218 3.88979 16.5614
      vertex -8.42734 3.87777 16.4386
    endloop
  endfacet
  facet normal -0.807791 -0.586902 0.0549472
    outer loop
      vertex -11.1744 1.76985 16
      vertex -9.23717 -0.855421 16.4386
      vertex -9.23839 -0.842245 16.5614
    endloop
  endfacet
  facet normal -0.807794 -0.586892 0.0550206
    outer loop
      vertex -9.23717 -0.855421 16.4386
      vertex -11.1744 1.76985 16
      vertex -9.187 -0.965593 16
    endloop
  endfacet
  facet normal -0.807072 -0.554696 0.202356
    outer loop
      vertex -11.1744 1.76985 16
      vertex -9.20913 -0.724774 17
      vertex -11.1243 2.06176 17
    endloop
  endfacet
  facet normal -0.807072 -0.554678 0.202402
    outer loop
      vertex -9.20913 -0.724774 17
      vertex -11.1744 1.76985 16
      vertex -9.23839 -0.842245 16.5614
    endloop
  endfacet
  facet normal -0.55468 0.807075 -0.202386
    outer loop
      vertex -11.1243 2.06176 17
      vertex -8.32294 4.09704 17.4386
      vertex -8.33773 3.97689 17
    endloop
  endfacet
  facet normal -0.55468 0.807075 -0.202387
    outer loop
      vertex -8.32294 4.09704 17.4386
      vertex -11.1243 2.06176 17
      vertex -11.0665 2.35225 18
    endloop
  endfacet
  facet normal -0.543811 0.837403 -0.0550127
    outer loop
      vertex -8.31709 4.10891 17.5614
      vertex -11.0665 2.35225 18
      vertex -8.23077 4.19378 18
    endloop
  endfacet
  facet normal -0.543813 0.8374 -0.0550377
    outer loop
      vertex -11.0665 2.35225 18
      vertex -8.31709 4.10891 17.5614
      vertex -8.32294 4.09704 17.4386
    endloop
  endfacet
  facet normal -0.822871 -0.565562 0.0549819
    outer loop
      vertex -11.1243 2.06176 17
      vertex -9.2564 -0.613327 17.4386
      vertex -9.25727 -0.600123 17.5614
    endloop
  endfacet
  facet normal -0.822873 -0.565556 0.0550213
    outer loop
      vertex -9.2564 -0.613327 17.4386
      vertex -11.1243 2.06176 17
      vertex -9.20913 -0.724774 17
    endloop
  endfacet
  facet normal -0.821307 -0.533371 0.202411
    outer loop
      vertex -11.1243 2.06176 17
      vertex -9.22494 -0.483459 18
      vertex -11.0665 2.35225 18
    endloop
  endfacet
  facet normal -0.821307 -0.533371 0.202412
    outer loop
      vertex -9.22494 -0.483459 18
      vertex -11.1243 2.06176 17
      vertex -9.25727 -0.600123 17.5614
    endloop
  endfacet
  facet normal -0.533364 0.821314 -0.2024
    outer loop
      vertex -11.0665 2.35225 18
      vertex -8.21284 4.31351 18.4386
      vertex -8.23077 4.19378 18
    endloop
  endfacet
  facet normal -0.533368 0.821317 -0.20238
    outer loop
      vertex -8.21284 4.31351 18.4386
      vertex -11.0665 2.35225 18
      vertex -11.0011 2.64113 19
    endloop
  endfacet
  facet normal -0.521708 0.851349 -0.0549996
    outer loop
      vertex -8.20668 4.32522 18.5614
      vertex -11.0011 2.64113 19
      vertex -8.11816 4.4078 19
    endloop
  endfacet
  facet normal -0.521709 0.851348 -0.0550126
    outer loop
      vertex -11.0011 2.64113 19
      vertex -8.20668 4.32522 18.5614
      vertex -8.21284 4.31351 18.4386
    endloop
  endfacet
  facet normal -0.837396 -0.543822 0.0550034
    outer loop
      vertex -11.0665 2.35225 18
      vertex -9.26928 -0.370812 18.4386
      vertex -9.2698 -0.357591 18.5614
    endloop
  endfacet
  facet normal -0.837397 -0.54382 0.0550149
    outer loop
      vertex -9.26928 -0.370812 18.4386
      vertex -11.0665 2.35225 18
      vertex -9.22494 -0.483459 18
    endloop
  endfacet
  facet normal -0.83499 -0.51168 0.202422
    outer loop
      vertex -11.0665 2.35225 18
      vertex -9.23444 -0.241812 19
      vertex -11.0011 2.64113 19
    endloop
  endfacet
  facet normal -0.83499 -0.511692 0.202391
    outer loop
      vertex -9.23444 -0.241812 19
      vertex -11.0665 2.35225 18
      vertex -9.2698 -0.357591 18.5614
    endloop
  endfacet
  facet normal -0.511684 0.834991 -0.202409
    outer loop
      vertex -11.0011 2.64113 19
      vertex -8.09711 4.52702 19.4386
      vertex -8.11816 4.4078 19
    endloop
  endfacet
  facet normal -0.511686 0.834992 -0.202399
    outer loop
      vertex -8.09711 4.52702 19.4386
      vertex -11.0011 2.64113 19
      vertex -10.9282 2.9282 20
    endloop
  endfacet
  facet normal -0.499244 0.864714 -0.0550118
    outer loop
      vertex -8.09065 4.53856 19.5614
      vertex -10.9282 2.9282 20
      vertex -8 4.6188 20
    endloop
  endfacet
  facet normal -0.499242 0.864715 -0.0549976
    outer loop
      vertex -10.9282 2.9282 20
      vertex -8.09065 4.53856 19.5614
      vertex -8.09711 4.52702 19.4386
    endloop
  endfacet
  facet normal -0.851348 -0.521714 0.0549638
    outer loop
      vertex -11.0011 2.64113 19
      vertex -9.27581 -0.128044 19.4386
      vertex -9.27599 -0.114813 19.5614
    endloop
  endfacet
  facet normal -0.85135 -0.521705 0.0550228
    outer loop
      vertex -9.27581 -0.128044 19.4386
      vertex -11.0011 2.64113 19
      vertex -9.23444 -0.241812 19
    endloop
  endfacet
  facet normal -0.848102 -0.489653 0.202391
    outer loop
      vertex -11.0011 2.64113 19
      vertex -9.2376 0 20
      vertex -10.9282 2.9282 20
    endloop
  endfacet
  facet normal -0.848102 -0.489646 0.202409
    outer loop
      vertex -9.2376 0 20
      vertex -11.0011 2.64113 19
      vertex -9.27599 -0.114813 19.5614
    endloop
  endfacet
  facet normal -0.979303 -2.6098e-06 -0.202401
    outer loop
      vertex -8 -4.6188 0
      vertex -8.20667 -7.78784 1
      vertex -8.09065 -4.53856 0.438603
    endloop
  endfacet
  facet normal -0.979304 0 -0.202393
    outer loop
      vertex -8.20667 -7.78784 1
      vertex -8 -4.6188 0
      vertex -8 -8 0
    endloop
  endfacet
  facet normal -0.998144 0.0261375 -0.0550088
    outer loop
      vertex -8.09711 -4.52702 0.561397
      vertex -8.20667 -7.78784 1
      vertex -8.11816 -4.4078 1
    endloop
  endfacet
  facet normal -0.998146 0.0261431 -0.0549678
    outer loop
      vertex -8.20667 -7.78784 1
      vertex -8.09711 -4.52702 0.561397
      vertex -8.09065 -4.53856 0.438603
    endloop
  endfacet
  facet normal 7.32269e-06 -0.998488 0.054969
    outer loop
      vertex -8 -8 0
      vertex -4.73742 -7.97583 0.438603
      vertex -4.7488 -7.96907 0.561397
    endloop
  endfacet
  facet normal 0 -0.998485 0.0550233
    outer loop
      vertex -4.73742 -7.97583 0.438603
      vertex -8 -8 0
      vertex -4.6188 -8 0
    endloop
  endfacet
  facet normal -0.0256353 -0.978967 0.2024
    outer loop
      vertex -8 -8 0
      vertex -4.82663 -7.87635 1
      vertex -8.20667 -7.78784 1
    endloop
  endfacet
  facet normal -0.0256364 -0.978967 0.202403
    outer loop
      vertex -4.82663 -7.87635 1
      vertex -8 -8 0
      vertex -4.7488 -7.96907 0.561397
    endloop
  endfacet
  facet normal -0.978966 0.0256326 -0.202405
    outer loop
      vertex -8.11816 -4.4078 1
      vertex -8.40772 -7.57035 2
      vertex -8.20668 -4.32522 1.4386
    endloop
  endfacet
  facet normal -0.978968 0.0256353 -0.202397
    outer loop
      vertex -8.40772 -7.57035 2
      vertex -8.11816 -4.4078 1
      vertex -8.20667 -7.78784 1
    endloop
  endfacet
  facet normal -0.997117 0.0522541 -0.0550267
    outer loop
      vertex -8.21284 -4.31351 1.5614
      vertex -8.40772 -7.57035 2
      vertex -8.23077 -4.19378 2
    endloop
  endfacet
  facet normal -0.997118 0.0522576 -0.0550015
    outer loop
      vertex -8.40772 -7.57035 2
      vertex -8.21284 -4.31351 1.5614
      vertex -8.20668 -4.32522 1.4386
    endloop
  endfacet
  facet normal -0.0261369 -0.998144 0.0550035
    outer loop
      vertex -8.20667 -7.78784 1
      vertex -4.94458 -7.84909 1.4386
      vertex -4.95577 -7.84203 1.5614
    endloop
  endfacet
  facet normal -0.0261375 -0.998144 0.0550079
    outer loop
      vertex -4.94458 -7.84909 1.4386
      vertex -8.20667 -7.78784 1
      vertex -4.82663 -7.87635 1
    endloop
  endfacet
  facet normal -0.0512534 -0.977962 0.202393
    outer loop
      vertex -8.20667 -7.78784 1
      vertex -5.03116 -7.74731 2
      vertex -8.40772 -7.57035 2
    endloop
  endfacet
  facet normal -0.0512529 -0.977963 0.202391
    outer loop
      vertex -5.03116 -7.74731 2
      vertex -8.20667 -7.78784 1
      vertex -4.95577 -7.84203 1.5614
    endloop
  endfacet
  facet normal -0.977963 0.0512536 -0.202389
    outer loop
      vertex -8.23077 -4.19378 2
      vertex -8.60301 -7.34767 3
      vertex -8.31709 -4.10891 2.4386
    endloop
  endfacet
  facet normal -0.977961 0.0512503 -0.202398
    outer loop
      vertex -8.60301 -7.34767 3
      vertex -8.23077 -4.19378 2
      vertex -8.40772 -7.57035 2
    endloop
  endfacet
  facet normal -0.995407 0.0783384 -0.0550261
    outer loop
      vertex -8.32294 -4.09704 2.5614
      vertex -8.60301 -7.34767 3
      vertex -8.33773 -3.97689 3
    endloop
  endfacet
  facet normal -0.995409 0.0783431 -0.0549924
    outer loop
      vertex -8.60301 -7.34767 3
      vertex -8.32294 -4.09704 2.5614
      vertex -8.31709 -4.10891 2.4386
    endloop
  endfacet
  facet normal -0.0522558 -0.997118 0.055
    outer loop
      vertex -8.40772 -7.57035 2
      vertex -5.14836 -7.71697 2.4386
      vertex -5.15936 -7.70962 2.5614
    endloop
  endfacet
  facet normal -0.0522573 -0.997117 0.0550114
    outer loop
      vertex -5.14836 -7.71697 2.4386
      vertex -8.40772 -7.57035 2
      vertex -5.03116 -7.74731 2
    endloop
  endfacet
  facet normal -0.0768338 -0.976285 0.202394
    outer loop
      vertex -8.40772 -7.57035 2
      vertex -5.23224 -7.61295 3
      vertex -8.60301 -7.34767 3
    endloop
  endfacet
  facet normal -0.0768387 -0.976282 0.20241
    outer loop
      vertex -5.23224 -7.61295 3
      vertex -8.40772 -7.57035 2
      vertex -5.15936 -7.70962 2.5614
    endloop
  endfacet
  facet normal -0.976286 0.076835 -0.202391
    outer loop
      vertex -8.33773 -3.97689 3
      vertex -8.7924 -7.11995 4
      vertex -8.4218 -3.88979 3.4386
    endloop
  endfacet
  facet normal -0.976285 0.0768335 -0.202395
    outer loop
      vertex -8.7924 -7.11995 4
      vertex -8.33773 -3.97689 3
      vertex -8.60301 -7.34767 3
    endloop
  endfacet
  facet normal -0.993016 0.10437 -0.0550053
    outer loop
      vertex -8.42734 -3.87777 3.5614
      vertex -8.7924 -7.11995 4
      vertex -8.43897 -3.75727 4
    endloop
  endfacet
  facet normal -0.993016 0.104368 -0.0550148
    outer loop
      vertex -8.7924 -7.11995 4
      vertex -8.42734 -3.87777 3.5614
      vertex -8.4218 -3.88979 3.4386
    endloop
  endfacet
  facet normal -0.078331 -0.995411 0.0549594
    outer loop
      vertex -8.60301 -7.34767 3
      vertex -5.3486 -7.57955 3.4386
      vertex -5.3594 -7.57192 3.5614
    endloop
  endfacet
  facet normal -0.0783387 -0.995407 0.0550185
    outer loop
      vertex -5.3486 -7.57955 3.4386
      vertex -8.60301 -7.34767 3
      vertex -5.23224 -7.61295 3
    endloop
  endfacet
  facet normal -0.102365 -0.973939 0.202398
    outer loop
      vertex -8.60301 -7.34767 3
      vertex -5.42973 -7.47338 4
      vertex -8.7924 -7.11995 4
    endloop
  endfacet
  facet normal -0.102365 -0.973938 0.2024
    outer loop
      vertex -5.42973 -7.47338 4
      vertex -8.60301 -7.34767 3
      vertex -5.3594 -7.57192 3.5614
    endloop
  endfacet
  facet normal -0.97394 0.102369 -0.202389
    outer loop
      vertex -8.43897 -3.75727 4
      vertex -8.97577 -6.88735 5
      vertex -8.52073 -3.668 4.4386
    endloop
  endfacet
  facet normal -0.973938 0.102364 -0.202401
    outer loop
      vertex -8.97577 -6.88735 5
      vertex -8.43897 -3.75727 4
      vertex -8.7924 -7.11995 4
    endloop
  endfacet
  facet normal -0.989944 0.13033 -0.0550011
    outer loop
      vertex -8.52596 -3.65584 4.5614
      vertex -8.97577 -6.88735 5
      vertex -8.53443 -3.53508 5
    endloop
  endfacet
  facet normal -0.989942 0.130321 -0.0550659
    outer loop
      vertex -8.97577 -6.88735 5
      vertex -8.52596 -3.65584 4.5614
      vertex -8.52073 -3.668 4.4386
    endloop
  endfacet
  facet normal -0.104372 -0.993015 0.0550268
    outer loop
      vertex -8.7924 -7.11995 4
      vertex -5.54517 -7.43695 4.4386
      vertex -5.55578 -7.42903 4.5614
    endloop
  endfacet
  facet normal -0.10437 -0.993016 0.0550094
    outer loop
      vertex -5.54517 -7.43695 4.4386
      vertex -8.7924 -7.11995 4
      vertex -5.42973 -7.47338 4
    endloop
  endfacet
  facet normal -0.127823 -0.970925 0.202398
    outer loop
      vertex -8.7924 -7.11995 4
      vertex -5.6235 -7.32868 5
      vertex -8.97577 -6.88735 5
    endloop
  endfacet
  facet normal -0.127826 -0.970923 0.202407
    outer loop
      vertex -5.6235 -7.32868 5
      vertex -8.7924 -7.11995 4
      vertex -5.55578 -7.42903 4.5614
    endloop
  endfacet
  facet normal -0.970925 0.127824 -0.202401
    outer loop
      vertex -8.53443 -3.53508 5
      vertex -9.15298 -6.65003 6
      vertex -8.61383 -3.44369 5.4386
    endloop
  endfacet
  facet normal -0.970926 0.127826 -0.202394
    outer loop
      vertex -9.15298 -6.65003 6
      vertex -8.53443 -3.53508 5
      vertex -8.97577 -6.88735 5
    endloop
  endfacet
  facet normal -0.986193 0.156196 -0.0550092
    outer loop
      vertex -8.61874 -3.4314 5.5614
      vertex -9.15298 -6.65003 6
      vertex -8.62405 -3.31046 6
    endloop
  endfacet
  facet normal -0.986191 0.156188 -0.0550631
    outer loop
      vertex -9.15298 -6.65003 6
      vertex -8.61874 -3.4314 5.5614
      vertex -8.61383 -3.44369 5.4386
    endloop
  endfacet
  facet normal -0.130325 -0.989945 0.0549965
    outer loop
      vertex -8.97577 -6.88735 5
      vertex -5.73795 -7.28924 5.4386
      vertex -5.74834 -7.28105 5.5614
    endloop
  endfacet
  facet normal -0.130327 -0.989944 0.0550101
    outer loop
      vertex -5.73795 -7.28924 5.4386
      vertex -8.97577 -6.88735 5
      vertex -5.6235 -7.32868 5
    endloop
  endfacet
  facet normal -0.153198 -0.967246 0.202399
    outer loop
      vertex -8.97577 -6.88735 5
      vertex -5.81341 -7.17897 6
      vertex -9.15298 -6.65003 6
    endloop
  endfacet
  facet normal -0.153195 -0.967248 0.20239
    outer loop
      vertex -5.81341 -7.17897 6
      vertex -8.97577 -6.88735 5
      vertex -5.74834 -7.28105 5.5614
    endloop
  endfacet
  facet normal -0.967247 0.153195 -0.202398
    outer loop
      vertex -8.62405 -3.31046 6
      vertex -9.32392 -6.40815 7
      vertex -8.70103 -3.21703 6.4386
    endloop
  endfacet
  facet normal -0.967247 0.153195 -0.202396
    outer loop
      vertex -9.32392 -6.40815 7
      vertex -8.62405 -3.31046 6
      vertex -9.15298 -6.65003 6
    endloop
  endfacet
  facet normal -0.981767 0.181959 -0.0550011
    outer loop
      vertex -8.70561 -3.20461 6.5614
      vertex -9.32392 -6.40815 7
      vertex -8.70775 -3.08358 7
    endloop
  endfacet
  facet normal -0.981766 0.181956 -0.0550194
    outer loop
      vertex -9.32392 -6.40815 7
      vertex -8.70561 -3.20461 6.5614
      vertex -8.70103 -3.21703 6.4386
    endloop
  endfacet
  facet normal -0.156197 -0.986193 0.0550055
    outer loop
      vertex -9.15298 -6.65003 6
      vertex -5.9268 -7.13654 6.4386
      vertex -5.93697 -7.12808 6.5614
    endloop
  endfacet
  facet normal -0.156199 -0.986192 0.0550222
    outer loop
      vertex -5.9268 -7.13654 6.4386
      vertex -9.15298 -6.65003 6
      vertex -5.81341 -7.17897 6
    endloop
  endfacet
  facet normal -0.178465 -0.962904 0.2024
    outer loop
      vertex -9.15298 -6.65003 6
      vertex -5.99934 -7.02433 7
      vertex -9.32392 -6.40815 7
    endloop
  endfacet
  facet normal -0.178464 -0.962905 0.202395
    outer loop
      vertex -5.99934 -7.02433 7
      vertex -9.15298 -6.65003 6
      vertex -5.93697 -7.12808 6.5614
    endloop
  endfacet
  facet normal -0.962904 0.17846 -0.202405
    outer loop
      vertex -8.70775 -3.08358 7
      vertex -9.48847 -6.16189 8
      vertex -8.78226 -2.98816 7.4386
    endloop
  endfacet
  facet normal -0.962906 0.178463 -0.202394
    outer loop
      vertex -9.48847 -6.16189 8
      vertex -8.70775 -3.08358 7
      vertex -9.32392 -6.40815 7
    endloop
  endfacet
  facet normal -0.976667 0.207597 -0.0550014
    outer loop
      vertex -8.78651 -2.97563 7.5614
      vertex -9.48847 -6.16189 8
      vertex -8.78548 -2.85458 8
    endloop
  endfacet
  facet normal -0.976667 0.207599 -0.0549842
    outer loop
      vertex -9.48847 -6.16189 8
      vertex -8.78651 -2.97563 7.5614
      vertex -8.78226 -2.98816 7.4386
    endloop
  endfacet
  facet normal -0.181958 -0.981768 0.0549866
    outer loop
      vertex -9.32392 -6.40815 7
      vertex -6.11158 -6.97895 7.4386
      vertex -6.12152 -6.97023 7.5614
    endloop
  endfacet
  facet normal -0.181961 -0.981766 0.0550141
    outer loop
      vertex -6.11158 -6.97895 7.4386
      vertex -9.32392 -6.40815 7
      vertex -5.99934 -7.02433 7
    endloop
  endfacet
  facet normal -0.203609 -0.957905 0.20239
    outer loop
      vertex -9.32392 -6.40815 7
      vertex -6.18116 -6.86488 8
      vertex -9.48847 -6.16189 8
    endloop
  endfacet
  facet normal -0.203611 -0.957903 0.202398
    outer loop
      vertex -6.18116 -6.86488 8
      vertex -9.32392 -6.40815 7
      vertex -6.12152 -6.97023 7.5614
    endloop
  endfacet
  facet normal -0.957901 0.203603 -0.202412
    outer loop
      vertex -8.78548 -2.85458 8
      vertex -9.64652 -5.9114 9
      vertex -8.85747 -2.75724 8.4386
    endloop
  endfacet
  facet normal -0.957903 0.203608 -0.202398
    outer loop
      vertex -9.64652 -5.9114 9
      vertex -8.78548 -2.85458 8
      vertex -9.48847 -6.16189 8
    endloop
  endfacet
  facet normal -0.970897 0.23309 -0.0550239
    outer loop
      vertex -8.86139 -2.74461 8.5614
      vertex -9.64652 -5.9114 9
      vertex -8.8572 -2.62362 9
    endloop
  endfacet
  facet normal -0.970898 0.233098 -0.054967
    outer loop
      vertex -9.64652 -5.9114 9
      vertex -8.86139 -2.74461 8.5614
      vertex -8.85747 -2.75724 8.4386
    endloop
  endfacet
  facet normal -0.207594 -0.976668 0.0549891
    outer loop
      vertex -9.48847 -6.16189 8
      vertex -6.29217 -6.81658 8.4386
      vertex -6.30189 -6.8076 8.5614
    endloop
  endfacet
  facet normal -0.207597 -0.976666 0.0550107
    outer loop
      vertex -6.29217 -6.81658 8.4386
      vertex -9.48847 -6.16189 8
      vertex -6.18116 -6.86488 8
    endloop
  endfacet
  facet normal -0.228613 -0.952246 0.202396
    outer loop
      vertex -9.48847 -6.16189 8
      vertex -6.35875 -6.70072 9
      vertex -9.64652 -5.9114 9
    endloop
  endfacet
  facet normal -0.228616 -0.952242 0.202409
    outer loop
      vertex -6.35875 -6.70072 9
      vertex -9.48847 -6.16189 8
      vertex -6.30189 -6.8076 8.5614
    endloop
  endfacet
  facet normal -0.952246 0.228615 -0.202393
    outer loop
      vertex -8.8572 -2.62362 9
      vertex -9.79796 -5.65685 10
      vertex -8.92661 -2.52444 9.4386
    endloop
  endfacet
  facet normal -0.952245 0.228612 -0.202401
    outer loop
      vertex -9.79796 -5.65685 10
      vertex -8.8572 -2.62362 9
      vertex -9.64652 -5.9114 9
    endloop
  endfacet
  facet normal -0.964463 0.258428 -0.0550101
    outer loop
      vertex -8.9302 -2.5117 9.5614
      vertex -9.79796 -5.65685 10
      vertex -8.92284 -2.39087 10
    endloop
  endfacet
  facet normal -0.964463 0.258429 -0.0550065
    outer loop
      vertex -9.79796 -5.65685 10
      vertex -8.9302 -2.5117 9.5614
      vertex -8.92661 -2.52444 9.4386
    endloop
  endfacet
  facet normal -0.233087 -0.9709 0.0549817
    outer loop
      vertex -9.64652 -5.9114 9
      vertex -6.46845 -6.64953 9.4386
      vertex -6.47793 -6.6403 9.5614
    endloop
  endfacet
  facet normal -0.233091 -0.970897 0.0550164
    outer loop
      vertex -6.46845 -6.64953 9.4386
      vertex -9.64652 -5.9114 9
      vertex -6.35875 -6.70072 9
    endloop
  endfacet
  facet normal -0.253462 -0.945933 0.202403
    outer loop
      vertex -9.64652 -5.9114 9
      vertex -6.53197 -6.53197 10
      vertex -9.79796 -5.65685 10
    endloop
  endfacet
  facet normal -0.253463 -0.945932 0.202407
    outer loop
      vertex -6.53197 -6.53197 10
      vertex -9.64652 -5.9114 9
      vertex -6.47793 -6.6403 9.5614
    endloop
  endfacet
  facet normal -0.945935 0.253463 -0.202397
    outer loop
      vertex -8.92284 -2.39087 10
      vertex -9.94268 -5.39843 11
      vertex -8.98963 -2.2899 10.4386
    endloop
  endfacet
  facet normal -0.945935 0.253463 -0.202396
    outer loop
      vertex -9.94268 -5.39843 11
      vertex -8.92284 -2.39087 10
      vertex -9.79796 -5.65685 10
    endloop
  endfacet
  facet normal -0.957368 0.283585 -0.0550134
    outer loop
      vertex -8.99289 -2.27708 10.5614
      vertex -9.94268 -5.39843 11
      vertex -8.98237 -2.15648 11
    endloop
  endfacet
  facet normal -0.957368 0.283584 -0.0550209
    outer loop
      vertex -9.94268 -5.39843 11
      vertex -8.99289 -2.27708 10.5614
      vertex -8.98963 -2.2899 10.4386
    endloop
  endfacet
  facet normal -0.258431 -0.964461 0.0550307
    outer loop
      vertex -9.79796 -5.65685 10
      vertex -6.6403 -6.47793 10.4386
      vertex -6.64953 -6.46845 10.5614
    endloop
  endfacet
  facet normal -0.258427 -0.964464 0.0550027
    outer loop
      vertex -6.6403 -6.47793 10.4386
      vertex -9.79796 -5.65685 10
      vertex -6.53197 -6.53197 10
    endloop
  endfacet
  facet normal -0.278139 -0.938975 0.202398
    outer loop
      vertex -9.79796 -5.65685 10
      vertex -6.70072 -6.35875 11
      vertex -9.94268 -5.39843 11
    endloop
  endfacet
  facet normal -0.278137 -0.938977 0.202389
    outer loop
      vertex -6.70072 -6.35875 11
      vertex -9.79796 -5.65685 10
      vertex -6.64953 -6.46845 10.5614
    endloop
  endfacet
  facet normal -0.938976 0.278144 -0.202387
    outer loop
      vertex -8.98237 -2.15648 11
      vertex -10.0806 -5.13632 12
      vertex -9.04649 -2.0538 11.4386
    endloop
  endfacet
  facet normal -0.938974 0.278137 -0.202406
    outer loop
      vertex -10.0806 -5.13632 12
      vertex -8.98237 -2.15648 11
      vertex -9.94268 -5.39843 11
    endloop
  endfacet
  facet normal -0.949615 0.308552 -0.0550192
    outer loop
      vertex -9.04941 -2.04089 11.5614
      vertex -10.0806 -5.13632 12
      vertex -9.03574 -1.92061 12
    endloop
  endfacet
  facet normal -0.949615 0.308552 -0.0550186
    outer loop
      vertex -10.0806 -5.13632 12
      vertex -9.04941 -2.04089 11.5614
      vertex -9.04649 -2.0538 11.4386
    endloop
  endfacet
  facet normal -0.283591 -0.957364 0.0550402
    outer loop
      vertex -9.94268 -5.39843 11
      vertex -6.8076 -6.30189 11.4386
      vertex -6.81658 -6.29217 11.5614
    endloop
  endfacet
  facet normal -0.283587 -0.957367 0.055007
    outer loop
      vertex -6.8076 -6.30189 11.4386
      vertex -9.94268 -5.39843 11
      vertex -6.70072 -6.35875 11
    endloop
  endfacet
  facet normal -0.302619 -0.931376 0.202386
    outer loop
      vertex -9.94268 -5.39843 11
      vertex -6.86488 -6.18116 12
      vertex -10.0806 -5.13632 12
    endloop
  endfacet
  facet normal -0.302624 -0.931371 0.202405
    outer loop
      vertex -6.86488 -6.18116 12
      vertex -9.94268 -5.39843 11
      vertex -6.81658 -6.29217 11.5614
    endloop
  endfacet
  facet normal -0.931371 0.30262 -0.20241
    outer loop
      vertex -9.03574 -1.92061 12
      vertex -10.2116 -4.87068 13
      vertex -9.09716 -1.81628 12.4386
    endloop
  endfacet
  facet normal -0.931372 0.302625 -0.202399
    outer loop
      vertex -10.2116 -4.87068 13
      vertex -9.03574 -1.92061 12
      vertex -10.0806 -5.13632 12
    endloop
  endfacet
  facet normal -0.941213 0.333305 -0.0550054
    outer loop
      vertex -9.09974 -1.8033 12.5614
      vertex -10.2116 -4.87068 13
      vertex -9.08292 -1.68342 13
    endloop
  endfacet
  facet normal -0.941213 0.333305 -0.0550051
    outer loop
      vertex -10.2116 -4.87068 13
      vertex -9.09974 -1.8033 12.5614
      vertex -9.09716 -1.81628 12.4386
    endloop
  endfacet
  facet normal -0.30854 -0.949623 0.0549575
    outer loop
      vertex -10.0806 -5.13632 12
      vertex -6.97023 -6.12152 12.4386
      vertex -6.97895 -6.11158 12.5614
    endloop
  endfacet
  facet normal -0.308546 -0.949617 0.0550156
    outer loop
      vertex -6.97023 -6.12152 12.4386
      vertex -10.0806 -5.13632 12
      vertex -6.86488 -6.18116 12
    endloop
  endfacet
  facet normal -0.326895 -0.923133 0.202398
    outer loop
      vertex -10.0806 -5.13632 12
      vertex -7.02433 -5.99934 13
      vertex -10.2116 -4.87068 13
    endloop
  endfacet
  facet normal -0.326898 -0.923129 0.202411
    outer loop
      vertex -7.02433 -5.99934 13
      vertex -10.0806 -5.13632 12
      vertex -6.97895 -6.11158 12.5614
    endloop
  endfacet
  facet normal -0.923131 0.326903 -0.202394
    outer loop
      vertex -9.08292 -1.68342 13
      vertex -10.3356 -4.6017 14
      vertex -9.14158 -1.57752 13.4386
    endloop
  endfacet
  facet normal -0.923131 0.326901 -0.202398
    outer loop
      vertex -10.3356 -4.6017 14
      vertex -9.08292 -1.68342 13
      vertex -10.2116 -4.87068 13
    endloop
  endfacet
  facet normal -0.932165 0.35783 -0.0550118
    outer loop
      vertex -9.14382 -1.56448 13.5614
      vertex -10.3356 -4.6017 14
      vertex -9.12387 -1.44508 14
    endloop
  endfacet
  facet normal -0.932165 0.357831 -0.0550014
    outer loop
      vertex -10.3356 -4.6017 14
      vertex -9.14382 -1.56448 13.5614
      vertex -9.14158 -1.57752 13.4386
    endloop
  endfacet
  facet normal -0.333297 -0.941217 0.0549877
    outer loop
      vertex -10.2116 -4.87068 13
      vertex -7.12808 -5.93697 13.4386
      vertex -7.13654 -5.9268 13.5614
    endloop
  endfacet
  facet normal -0.333299 -0.941216 0.055002
    outer loop
      vertex -7.12808 -5.93697 13.4386
      vertex -10.2116 -4.87068 13
      vertex -7.02433 -5.99934 13
    endloop
  endfacet
  facet normal -0.350949 -0.914259 0.2024
    outer loop
      vertex -10.2116 -4.87068 13
      vertex -7.17897 -5.81341 14
      vertex -10.3356 -4.6017 14
    endloop
  endfacet
  facet normal -0.350951 -0.914256 0.202409
    outer loop
      vertex -7.17897 -5.81341 14
      vertex -10.2116 -4.87068 13
      vertex -7.13654 -5.9268 13.5614
    endloop
  endfacet
  facet normal -0.914257 0.350943 -0.202417
    outer loop
      vertex -9.12387 -1.44508 14
      vertex -10.4525 -4.32957 15
      vertex -9.17975 -1.33768 14.4386
    endloop
  endfacet
  facet normal -0.91426 0.350956 -0.202383
    outer loop
      vertex -10.4525 -4.32957 15
      vertex -9.12387 -1.44508 14
      vertex -10.3356 -4.6017 14
    endloop
  endfacet
  facet normal -0.92248 0.382101 -0.0550308
    outer loop
      vertex -9.18164 -1.32459 14.5614
      vertex -10.4525 -4.32957 15
      vertex -9.15858 -1.20575 15
    endloop
  endfacet
  facet normal -0.92248 0.382116 -0.0549299
    outer loop
      vertex -10.4525 -4.32957 15
      vertex -9.18164 -1.32459 14.5614
      vertex -9.17975 -1.33768 14.4386
    endloop
  endfacet
  facet normal -0.357822 -0.932168 0.0550054
    outer loop
      vertex -10.3356 -4.6017 14
      vertex -7.28105 -5.74834 14.4386
      vertex -7.28924 -5.73795 14.5614
    endloop
  endfacet
  facet normal -0.357823 -0.932167 0.0550148
    outer loop
      vertex -7.28105 -5.74834 14.4386
      vertex -10.3356 -4.6017 14
      vertex -7.17897 -5.81341 14
    endloop
  endfacet
  facet normal -0.374763 -0.904757 0.202402
    outer loop
      vertex -10.3356 -4.6017 14
      vertex -7.32868 -5.6235 15
      vertex -10.4525 -4.32957 15
    endloop
  endfacet
  facet normal -0.374761 -0.90476 0.202392
    outer loop
      vertex -7.32868 -5.6235 15
      vertex -10.3356 -4.6017 14
      vertex -7.28924 -5.73795 14.5614
    endloop
  endfacet
  facet normal -0.904754 0.374774 -0.202396
    outer loop
      vertex -9.15858 -1.20575 15
      vertex -10.5623 -4.05447 16
      vertex -9.21162 -1.09693 15.4386
    endloop
  endfacet
  facet normal -0.904752 0.374758 -0.202438
    outer loop
      vertex -10.5623 -4.05447 16
      vertex -9.15858 -1.20575 15
      vertex -10.4525 -4.32957 15
    endloop
  endfacet
  facet normal -0.912157 0.406131 -0.0550213
    outer loop
      vertex -9.21317 -1.08379 15.5614
      vertex -10.5623 -4.05447 16
      vertex -9.187 -0.965593 16
    endloop
  endfacet
  facet normal -0.912157 0.406138 -0.0549715
    outer loop
      vertex -10.5623 -4.05447 16
      vertex -9.21317 -1.08379 15.5614
      vertex -9.21162 -1.09693 15.4386
    endloop
  endfacet
  facet normal -0.38211 -0.922475 0.0550583
    outer loop
      vertex -10.4525 -4.32957 15
      vertex -7.42903 -5.55578 15.4386
      vertex -7.43695 -5.54517 15.5614
    endloop
  endfacet
  facet normal -0.382104 -0.922481 0.0550073
    outer loop
      vertex -7.42903 -5.55578 15.4386
      vertex -10.4525 -4.32957 15
      vertex -7.32868 -5.6235 15
    endloop
  endfacet
  facet normal -0.398316 -0.894642 0.202387
    outer loop
      vertex -10.5623 -4.05447 16
      vertex -7.43695 -5.54517 15.5614
      vertex -7.47338 -5.42973 16
    endloop
  endfacet
  facet normal -0.398317 -0.894643 0.202381
    outer loop
      vertex -7.43695 -5.54517 15.5614
      vertex -10.5623 -4.05447 16
      vertex -10.4525 -4.32957 15
    endloop
  endfacet
  facet normal -0.894635 0.398329 -0.202391
    outer loop
      vertex -9.187 -0.965593 16
      vertex -10.6648 -3.77659 17
      vertex -9.23717 -0.855421 16.4386
    endloop
  endfacet
  facet normal -0.894635 0.39833 -0.202388
    outer loop
      vertex -10.6648 -3.77659 17
      vertex -9.187 -0.965593 16
      vertex -10.5623 -4.05447 16
    endloop
  endfacet
  facet normal -0.901215 0.429866 -0.0550097
    outer loop
      vertex -9.23839 -0.842245 16.5614
      vertex -10.6648 -3.77659 17
      vertex -9.20913 -0.724774 17
    endloop
  endfacet
  facet normal -0.901216 0.429856 -0.0550755
    outer loop
      vertex -10.6648 -3.77659 17
      vertex -9.23839 -0.842245 16.5614
      vertex -9.23717 -0.855421 16.4386
    endloop
  endfacet
  facet normal -0.406113 -0.912167 0.0549899
    outer loop
      vertex -10.5623 -4.05447 16
      vertex -7.57192 -5.3594 16.4386
      vertex -7.57955 -5.3486 16.5614
    endloop
  endfacet
  facet normal -0.406117 -0.912163 0.0550244
    outer loop
      vertex -7.57192 -5.3594 16.4386
      vertex -10.5623 -4.05447 16
      vertex -7.47338 -5.42973 16
    endloop
  endfacet
  facet normal -0.421599 -0.883906 0.202394
    outer loop
      vertex -10.6648 -3.77659 17
      vertex -7.57955 -5.3486 16.5614
      vertex -7.61295 -5.23224 17
    endloop
  endfacet
  facet normal -0.421597 -0.883905 0.202406
    outer loop
      vertex -7.57955 -5.3486 16.5614
      vertex -10.6648 -3.77659 17
      vertex -10.5623 -4.05447 16
    endloop
  endfacet
  facet normal -0.883903 0.421608 -0.202392
    outer loop
      vertex -9.20913 -0.724774 17
      vertex -10.76 -3.49613 18
      vertex -9.2564 -0.613327 17.4386
    endloop
  endfacet
  facet normal -0.883903 0.421608 -0.202392
    outer loop
      vertex -10.76 -3.49613 18
      vertex -9.20913 -0.724774 17
      vertex -10.6648 -3.77659 17
    endloop
  endfacet
  facet normal -0.889655 0.45331 -0.0549986
    outer loop
      vertex -9.25727 -0.600123 17.5614
      vertex -10.76 -3.49613 18
      vertex -9.22494 -0.483459 18
    endloop
  endfacet
  facet normal -0.889655 0.453303 -0.0550441
    outer loop
      vertex -10.76 -3.49613 18
      vertex -9.25727 -0.600123 17.5614
      vertex -9.2564 -0.613327 17.4386
    endloop
  endfacet
  facet normal -0.429857 -0.90122 0.0549998
    outer loop
      vertex -10.6648 -3.77659 17
      vertex -7.70962 -5.15936 17.4386
      vertex -7.71697 -5.14836 17.5614
    endloop
  endfacet
  facet normal -0.429857 -0.90122 0.0550081
    outer loop
      vertex -7.70962 -5.15936 17.4386
      vertex -10.6648 -3.77659 17
      vertex -7.61295 -5.23224 17
    endloop
  endfacet
  facet normal -0.444591 -0.872565 0.202407
    outer loop
      vertex -10.76 -3.49613 18
      vertex -7.71697 -5.14836 17.5614
      vertex -7.74731 -5.03116 18
    endloop
  endfacet
  facet normal -0.444593 -0.872567 0.202395
    outer loop
      vertex -7.71697 -5.14836 17.5614
      vertex -10.76 -3.49613 18
      vertex -10.6648 -3.77659 17
    endloop
  endfacet
  facet normal -0.872566 0.444593 -0.202398
    outer loop
      vertex -9.22494 -0.483459 18
      vertex -10.8478 -3.21327 19
      vertex -9.26928 -0.370812 18.4386
    endloop
  endfacet
  facet normal -0.872567 0.444603 -0.202372
    outer loop
      vertex -10.8478 -3.21327 19
      vertex -9.22494 -0.483459 18
      vertex -10.76 -3.49613 18
    endloop
  endfacet
  facet normal -0.877487 0.476434 -0.055023
    outer loop
      vertex -9.2698 -0.357591 18.5614
      vertex -10.8478 -3.21327 19
      vertex -9.23444 -0.241812 19
    endloop
  endfacet
  facet normal -0.877487 0.476435 -0.0550102
    outer loop
      vertex -10.8478 -3.21327 19
      vertex -9.2698 -0.357591 18.5614
      vertex -9.26928 -0.370812 18.4386
    endloop
  endfacet
  facet normal -0.453298 -0.88966 0.0550082
    outer loop
      vertex -10.76 -3.49613 18
      vertex -7.84203 -4.95577 18.4386
      vertex -7.84909 -4.94458 18.5614
    endloop
  endfacet
  facet normal -0.4533 -0.889658 0.0550268
    outer loop
      vertex -7.84203 -4.95577 18.4386
      vertex -10.76 -3.49613 18
      vertex -7.74731 -5.03116 18
    endloop
  endfacet
  facet normal -0.467282 -0.860629 0.202401
    outer loop
      vertex -10.8478 -3.21327 19
      vertex -7.84909 -4.94458 18.5614
      vertex -7.87635 -4.82663 19
    endloop
  endfacet
  facet normal -0.46728 -0.860628 0.20241
    outer loop
      vertex -7.84909 -4.94458 18.5614
      vertex -10.8478 -3.21327 19
      vertex -10.76 -3.49613 18
    endloop
  endfacet
  facet normal -0.860629 0.467287 -0.202386
    outer loop
      vertex -9.23444 -0.241812 19
      vertex -10.9282 -2.9282 20
      vertex -9.27581 -0.128044 19.4386
    endloop
  endfacet
  facet normal -0.860629 0.467281 -0.202402
    outer loop
      vertex -10.9282 -2.9282 20
      vertex -9.23444 -0.241812 19
      vertex -10.8478 -3.21327 19
    endloop
  endfacet
  facet normal -0.864714 0.499244 -0.0550007
    outer loop
      vertex -9.27599 -0.114813 19.5614
      vertex -10.9282 -2.9282 20
      vertex -9.2376 0 20
    endloop
  endfacet
  facet normal -0.864715 0.499236 -0.0550573
    outer loop
      vertex -10.9282 -2.9282 20
      vertex -9.27599 -0.114813 19.5614
      vertex -9.27581 -0.128044 19.4386
    endloop
  endfacet
  facet normal -0.476444 -0.877477 0.055089
    outer loop
      vertex -10.8478 -3.21327 19
      vertex -7.96907 -4.7488 19.4386
      vertex -7.97583 -4.73742 19.5614
    endloop
  endfacet
  facet normal -0.476435 -0.877488 0.0549927
    outer loop
      vertex -7.96907 -4.7488 19.4386
      vertex -10.8478 -3.21327 19
      vertex -7.87635 -4.82663 19
    endloop
  endfacet
  facet normal -0.489653 -0.848103 0.202387
    outer loop
      vertex -10.9282 -2.9282 20
      vertex -7.97583 -4.73742 19.5614
      vertex -8 -4.6188 20
    endloop
  endfacet
  facet normal -0.489651 -0.848102 0.2024
    outer loop
      vertex -7.97583 -4.73742 19.5614
      vertex -10.9282 -2.9282 20
      vertex -10.8478 -3.21327 19
    endloop
  endfacet
  facet normal -0.848103 -0.489654 -0.202386
    outer loop
      vertex -2.9282 -10.9282 0
      vertex -4.73742 -7.97583 0.438603
      vertex -4.6188 -8 0
    endloop
  endfacet
  facet normal -0.848102 -0.48965 -0.2024
    outer loop
      vertex -4.73742 -7.97583 0.438603
      vertex -2.9282 -10.9282 0
      vertex -3.21327 -10.8478 1
    endloop
  endfacet
  facet normal -0.877488 -0.476435 -0.0549923
    outer loop
      vertex -4.7488 -7.96907 0.561397
      vertex -3.21327 -10.8478 1
      vertex -4.82663 -7.87635 1
    endloop
  endfacet
  facet normal -0.877477 -0.476445 -0.0550916
    outer loop
      vertex -3.21327 -10.8478 1
      vertex -4.7488 -7.96907 0.561397
      vertex -4.73742 -7.97583 0.438603
    endloop
  endfacet
  facet normal 0.499235 -0.864715 0.0550599
    outer loop
      vertex -2.9282 -10.9282 0
      vertex -0.114813 -9.27599 0.438603
      vertex -0.128044 -9.27581 0.561397
    endloop
  endfacet
  facet normal 0.499244 -0.864714 0.0550003
    outer loop
      vertex -0.114813 -9.27599 0.438603
      vertex -2.9282 -10.9282 0
      vertex 0 -9.2376 0
    endloop
  endfacet
  facet normal 0.467281 -0.860629 0.202402
    outer loop
      vertex -2.9282 -10.9282 0
      vertex -0.241812 -9.23444 1
      vertex -3.21327 -10.8478 1
    endloop
  endfacet
  facet normal 0.467287 -0.860629 0.202385
    outer loop
      vertex -0.241812 -9.23444 1
      vertex -2.9282 -10.9282 0
      vertex -0.128044 -9.27581 0.561397
    endloop
  endfacet
  facet normal -0.860629 -0.467282 -0.202401
    outer loop
      vertex -3.21327 -10.8478 1
      vertex -4.94458 -7.84909 1.4386
      vertex -4.82663 -7.87635 1
    endloop
  endfacet
  facet normal -0.860628 -0.46728 -0.20241
    outer loop
      vertex -4.94458 -7.84909 1.4386
      vertex -3.21327 -10.8478 1
      vertex -3.49613 -10.76 2
    endloop
  endfacet
  facet normal -0.889658 -0.4533 -0.0550268
    outer loop
      vertex -4.95577 -7.84203 1.5614
      vertex -3.49613 -10.76 2
      vertex -5.03116 -7.74731 2
    endloop
  endfacet
  facet normal -0.88966 -0.453298 -0.0550082
    outer loop
      vertex -3.49613 -10.76 2
      vertex -4.95577 -7.84203 1.5614
      vertex -4.94458 -7.84909 1.4386
    endloop
  endfacet
  facet normal 0.476435 -0.877487 0.0550102
    outer loop
      vertex -3.21327 -10.8478 1
      vertex -0.357591 -9.2698 1.4386
      vertex -0.370812 -9.26928 1.5614
    endloop
  endfacet
  facet normal 0.476434 -0.877487 0.055023
    outer loop
      vertex -0.357591 -9.2698 1.4386
      vertex -3.21327 -10.8478 1
      vertex -0.241812 -9.23444 1
    endloop
  endfacet
  facet normal 0.444603 -0.872567 0.202372
    outer loop
      vertex -3.21327 -10.8478 1
      vertex -0.483459 -9.22494 2
      vertex -3.49613 -10.76 2
    endloop
  endfacet
  facet normal 0.444593 -0.872566 0.202398
    outer loop
      vertex -0.483459 -9.22494 2
      vertex -3.21327 -10.8478 1
      vertex -0.370812 -9.26928 1.5614
    endloop
  endfacet
  facet normal -0.872565 -0.444591 -0.202407
    outer loop
      vertex -3.49613 -10.76 2
      vertex -5.14836 -7.71697 2.4386
      vertex -5.03116 -7.74731 2
    endloop
  endfacet
  facet normal -0.872567 -0.444593 -0.202395
    outer loop
      vertex -5.14836 -7.71697 2.4386
      vertex -3.49613 -10.76 2
      vertex -3.77659 -10.6648 3
    endloop
  endfacet
  facet normal -0.90122 -0.429857 -0.0550081
    outer loop
      vertex -5.15936 -7.70962 2.5614
      vertex -3.77659 -10.6648 3
      vertex -5.23224 -7.61295 3
    endloop
  endfacet
  facet normal -0.90122 -0.429857 -0.0549998
    outer loop
      vertex -3.77659 -10.6648 3
      vertex -5.15936 -7.70962 2.5614
      vertex -5.14836 -7.71697 2.4386
    endloop
  endfacet
  facet normal 0.453303 -0.889655 0.0550441
    outer loop
      vertex -3.49613 -10.76 2
      vertex -0.600123 -9.25727 2.4386
      vertex -0.613327 -9.2564 2.5614
    endloop
  endfacet
  facet normal 0.45331 -0.889655 0.0549986
    outer loop
      vertex -0.600123 -9.25727 2.4386
      vertex -3.49613 -10.76 2
      vertex -0.483459 -9.22494 2
    endloop
  endfacet
  facet normal 0.421608 -0.883903 0.202392
    outer loop
      vertex -3.49613 -10.76 2
      vertex -0.724774 -9.20913 3
      vertex -3.77659 -10.6648 3
    endloop
  endfacet
  facet normal 0.421608 -0.883903 0.202392
    outer loop
      vertex -0.724774 -9.20913 3
      vertex -3.49613 -10.76 2
      vertex -0.613327 -9.2564 2.5614
    endloop
  endfacet
  facet normal -0.883908 -0.421596 -0.202394
    outer loop
      vertex -5.23224 -7.61295 3
      vertex -4.05447 -10.5623 4
      vertex -5.3486 -7.57955 3.4386
    endloop
  endfacet
  facet normal -0.883904 -0.421598 -0.202405
    outer loop
      vertex -4.05447 -10.5623 4
      vertex -5.23224 -7.61295 3
      vertex -3.77659 -10.6648 3
    endloop
  endfacet
  facet normal -0.912163 -0.406117 -0.0550244
    outer loop
      vertex -5.3594 -7.57192 3.5614
      vertex -4.05447 -10.5623 4
      vertex -5.42973 -7.47338 4
    endloop
  endfacet
  facet normal -0.912167 -0.406113 -0.0549899
    outer loop
      vertex -4.05447 -10.5623 4
      vertex -5.3594 -7.57192 3.5614
      vertex -5.3486 -7.57955 3.4386
    endloop
  endfacet
  facet normal 0.429856 -0.901216 0.0550755
    outer loop
      vertex -3.77659 -10.6648 3
      vertex -0.842245 -9.23839 3.4386
      vertex -0.855421 -9.23717 3.5614
    endloop
  endfacet
  facet normal 0.429866 -0.901215 0.0550097
    outer loop
      vertex -0.842245 -9.23839 3.4386
      vertex -3.77659 -10.6648 3
      vertex -0.724774 -9.20913 3
    endloop
  endfacet
  facet normal 0.39833 -0.894635 0.202388
    outer loop
      vertex -3.77659 -10.6648 3
      vertex -0.965593 -9.187 4
      vertex -4.05447 -10.5623 4
    endloop
  endfacet
  facet normal 0.398329 -0.894635 0.202391
    outer loop
      vertex -0.965593 -9.187 4
      vertex -3.77659 -10.6648 3
      vertex -0.855421 -9.23717 3.5614
    endloop
  endfacet
  facet normal -0.894641 -0.398317 -0.202386
    outer loop
      vertex -5.42973 -7.47338 4
      vertex -4.32957 -10.4525 5
      vertex -5.54517 -7.43695 4.4386
    endloop
  endfacet
  facet normal -0.894643 -0.398316 -0.202381
    outer loop
      vertex -4.32957 -10.4525 5
      vertex -5.42973 -7.47338 4
      vertex -4.05447 -10.5623 4
    endloop
  endfacet
  facet normal -0.922481 -0.382104 -0.0550073
    outer loop
      vertex -5.55578 -7.42903 4.5614
      vertex -4.32957 -10.4525 5
      vertex -5.6235 -7.32868 5
    endloop
  endfacet
  facet normal -0.922475 -0.38211 -0.0550583
    outer loop
      vertex -4.32957 -10.4525 5
      vertex -5.55578 -7.42903 4.5614
      vertex -5.54517 -7.43695 4.4386
    endloop
  endfacet
  facet normal 0.406138 -0.912157 0.0549715
    outer loop
      vertex -4.05447 -10.5623 4
      vertex -1.08379 -9.21317 4.4386
      vertex -1.09693 -9.21162 4.5614
    endloop
  endfacet
  facet normal 0.406131 -0.912157 0.0550213
    outer loop
      vertex -1.08379 -9.21317 4.4386
      vertex -4.05447 -10.5623 4
      vertex -0.965593 -9.187 4
    endloop
  endfacet
  facet normal 0.374758 -0.904752 0.202438
    outer loop
      vertex -4.05447 -10.5623 4
      vertex -1.20575 -9.15858 5
      vertex -4.32957 -10.4525 5
    endloop
  endfacet
  facet normal 0.374774 -0.904754 0.202396
    outer loop
      vertex -1.20575 -9.15858 5
      vertex -4.05447 -10.5623 4
      vertex -1.09693 -9.21162 4.5614
    endloop
  endfacet
  facet normal -0.90476 -0.374761 -0.202392
    outer loop
      vertex -5.6235 -7.32868 5
      vertex -4.6017 -10.3356 6
      vertex -5.73795 -7.28924 5.4386
    endloop
  endfacet
  facet normal -0.904757 -0.374763 -0.202402
    outer loop
      vertex -4.6017 -10.3356 6
      vertex -5.6235 -7.32868 5
      vertex -4.32957 -10.4525 5
    endloop
  endfacet
  facet normal -0.932167 -0.357823 -0.0550148
    outer loop
      vertex -5.74834 -7.28105 5.5614
      vertex -4.6017 -10.3356 6
      vertex -5.81341 -7.17897 6
    endloop
  endfacet
  facet normal -0.932168 -0.357822 -0.0550054
    outer loop
      vertex -4.6017 -10.3356 6
      vertex -5.74834 -7.28105 5.5614
      vertex -5.73795 -7.28924 5.4386
    endloop
  endfacet
  facet normal 0.382116 -0.92248 0.0549299
    outer loop
      vertex -4.32957 -10.4525 5
      vertex -1.32459 -9.18164 5.4386
      vertex -1.33768 -9.17975 5.5614
    endloop
  endfacet
  facet normal 0.382101 -0.92248 0.0550308
    outer loop
      vertex -1.32459 -9.18164 5.4386
      vertex -4.32957 -10.4525 5
      vertex -1.20575 -9.15858 5
    endloop
  endfacet
  facet normal 0.350956 -0.91426 0.202383
    outer loop
      vertex -4.32957 -10.4525 5
      vertex -1.44508 -9.12387 6
      vertex -4.6017 -10.3356 6
    endloop
  endfacet
  facet normal 0.350943 -0.914257 0.202417
    outer loop
      vertex -1.44508 -9.12387 6
      vertex -4.32957 -10.4525 5
      vertex -1.33768 -9.17975 5.5614
    endloop
  endfacet
  facet normal -0.914256 -0.350951 -0.202409
    outer loop
      vertex -5.81341 -7.17897 6
      vertex -4.87068 -10.2116 7
      vertex -5.9268 -7.13654 6.4386
    endloop
  endfacet
  facet normal -0.914259 -0.350949 -0.2024
    outer loop
      vertex -4.87068 -10.2116 7
      vertex -5.81341 -7.17897 6
      vertex -4.6017 -10.3356 6
    endloop
  endfacet
  facet normal -0.941216 -0.333299 -0.055002
    outer loop
      vertex -5.93697 -7.12808 6.5614
      vertex -4.87068 -10.2116 7
      vertex -5.99934 -7.02433 7
    endloop
  endfacet
  facet normal -0.941217 -0.333297 -0.0549877
    outer loop
      vertex -4.87068 -10.2116 7
      vertex -5.93697 -7.12808 6.5614
      vertex -5.9268 -7.13654 6.4386
    endloop
  endfacet
  facet normal 0.357831 -0.932165 0.0550014
    outer loop
      vertex -4.6017 -10.3356 6
      vertex -1.56448 -9.14382 6.4386
      vertex -1.57752 -9.14158 6.5614
    endloop
  endfacet
  facet normal 0.35783 -0.932165 0.0550118
    outer loop
      vertex -1.56448 -9.14382 6.4386
      vertex -4.6017 -10.3356 6
      vertex -1.44508 -9.12387 6
    endloop
  endfacet
  facet normal 0.326901 -0.923131 0.202398
    outer loop
      vertex -4.6017 -10.3356 6
      vertex -1.68342 -9.08292 7
      vertex -4.87068 -10.2116 7
    endloop
  endfacet
  facet normal 0.326903 -0.923131 0.202394
    outer loop
      vertex -1.68342 -9.08292 7
      vertex -4.6017 -10.3356 6
      vertex -1.57752 -9.14158 6.5614
    endloop
  endfacet
  facet normal -0.923129 -0.326898 -0.202411
    outer loop
      vertex -5.99934 -7.02433 7
      vertex -5.13632 -10.0806 8
      vertex -6.11158 -6.97895 7.4386
    endloop
  endfacet
  facet normal -0.923133 -0.326895 -0.202398
    outer loop
      vertex -5.13632 -10.0806 8
      vertex -5.99934 -7.02433 7
      vertex -4.87068 -10.2116 7
    endloop
  endfacet
  facet normal -0.949617 -0.308546 -0.0550156
    outer loop
      vertex -6.12152 -6.97023 7.5614
      vertex -5.13632 -10.0806 8
      vertex -6.18116 -6.86488 8
    endloop
  endfacet
  facet normal -0.949623 -0.30854 -0.0549575
    outer loop
      vertex -5.13632 -10.0806 8
      vertex -6.12152 -6.97023 7.5614
      vertex -6.11158 -6.97895 7.4386
    endloop
  endfacet
  facet normal 0.333305 -0.941213 0.0550051
    outer loop
      vertex -4.87068 -10.2116 7
      vertex -1.8033 -9.09974 7.4386
      vertex -1.81628 -9.09716 7.5614
    endloop
  endfacet
  facet normal 0.333305 -0.941213 0.0550054
    outer loop
      vertex -1.8033 -9.09974 7.4386
      vertex -4.87068 -10.2116 7
      vertex -1.68342 -9.08292 7
    endloop
  endfacet
  facet normal 0.302625 -0.931372 0.202399
    outer loop
      vertex -4.87068 -10.2116 7
      vertex -1.92061 -9.03574 8
      vertex -5.13632 -10.0806 8
    endloop
  endfacet
  facet normal 0.30262 -0.931371 0.20241
    outer loop
      vertex -1.92061 -9.03574 8
      vertex -4.87068 -10.2116 7
      vertex -1.81628 -9.09716 7.5614
    endloop
  endfacet
  facet normal -0.931371 -0.302624 -0.202405
    outer loop
      vertex -6.18116 -6.86488 8
      vertex -5.39843 -9.94268 9
      vertex -6.29217 -6.81658 8.4386
    endloop
  endfacet
  facet normal -0.931376 -0.302619 -0.202386
    outer loop
      vertex -5.39843 -9.94268 9
      vertex -6.18116 -6.86488 8
      vertex -5.13632 -10.0806 8
    endloop
  endfacet
  facet normal -0.957367 -0.283587 -0.055007
    outer loop
      vertex -6.30189 -6.8076 8.5614
      vertex -5.39843 -9.94268 9
      vertex -6.35875 -6.70072 9
    endloop
  endfacet
  facet normal -0.957364 -0.283591 -0.0550402
    outer loop
      vertex -5.39843 -9.94268 9
      vertex -6.30189 -6.8076 8.5614
      vertex -6.29217 -6.81658 8.4386
    endloop
  endfacet
  facet normal 0.308552 -0.949615 0.0550186
    outer loop
      vertex -5.13632 -10.0806 8
      vertex -2.04089 -9.04941 8.4386
      vertex -2.0538 -9.04649 8.5614
    endloop
  endfacet
  facet normal 0.308552 -0.949615 0.0550192
    outer loop
      vertex -2.04089 -9.04941 8.4386
      vertex -5.13632 -10.0806 8
      vertex -1.92061 -9.03574 8
    endloop
  endfacet
  facet normal 0.278137 -0.938974 0.202406
    outer loop
      vertex -5.13632 -10.0806 8
      vertex -2.15648 -8.98237 9
      vertex -5.39843 -9.94268 9
    endloop
  endfacet
  facet normal 0.278144 -0.938976 0.202387
    outer loop
      vertex -2.15648 -8.98237 9
      vertex -5.13632 -10.0806 8
      vertex -2.0538 -9.04649 8.5614
    endloop
  endfacet
  facet normal -0.938977 -0.278137 -0.202389
    outer loop
      vertex -6.35875 -6.70072 9
      vertex -5.65685 -9.79796 10
      vertex -6.46845 -6.64953 9.4386
    endloop
  endfacet
  facet normal -0.938975 -0.278139 -0.202398
    outer loop
      vertex -5.65685 -9.79796 10
      vertex -6.35875 -6.70072 9
      vertex -5.39843 -9.94268 9
    endloop
  endfacet
  facet normal -0.964464 -0.258427 -0.0550027
    outer loop
      vertex -6.47793 -6.6403 9.5614
      vertex -5.65685 -9.79796 10
      vertex -6.53197 -6.53197 10
    endloop
  endfacet
  facet normal -0.964461 -0.258431 -0.0550307
    outer loop
      vertex -5.65685 -9.79796 10
      vertex -6.47793 -6.6403 9.5614
      vertex -6.46845 -6.64953 9.4386
    endloop
  endfacet
  facet normal 0.283584 -0.957368 0.0550209
    outer loop
      vertex -5.39843 -9.94268 9
      vertex -2.27708 -8.99289 9.4386
      vertex -2.2899 -8.98963 9.5614
    endloop
  endfacet
  facet normal 0.283585 -0.957368 0.0550134
    outer loop
      vertex -2.27708 -8.99289 9.4386
      vertex -5.39843 -9.94268 9
      vertex -2.15648 -8.98237 9
    endloop
  endfacet
  facet normal 0.253463 -0.945935 0.202396
    outer loop
      vertex -5.39843 -9.94268 9
      vertex -2.39087 -8.92284 10
      vertex -5.65685 -9.79796 10
    endloop
  endfacet
  facet normal 0.253463 -0.945935 0.202397
    outer loop
      vertex -2.39087 -8.92284 10
      vertex -5.39843 -9.94268 9
      vertex -2.2899 -8.98963 9.5614
    endloop
  endfacet
  facet normal -0.945932 -0.253463 -0.202407
    outer loop
      vertex -6.53197 -6.53197 10
      vertex -5.9114 -9.64652 11
      vertex -6.6403 -6.47793 10.4386
    endloop
  endfacet
  facet normal -0.945933 -0.253462 -0.202403
    outer loop
      vertex -5.9114 -9.64652 11
      vertex -6.53197 -6.53197 10
      vertex -5.65685 -9.79796 10
    endloop
  endfacet
  facet normal -0.970897 -0.233091 -0.0550164
    outer loop
      vertex -6.64953 -6.46845 10.5614
      vertex -5.9114 -9.64652 11
      vertex -6.70072 -6.35875 11
    endloop
  endfacet
  facet normal -0.9709 -0.233087 -0.0549817
    outer loop
      vertex -5.9114 -9.64652 11
      vertex -6.64953 -6.46845 10.5614
      vertex -6.6403 -6.47793 10.4386
    endloop
  endfacet
  facet normal 0.258429 -0.964463 0.0550065
    outer loop
      vertex -5.65685 -9.79796 10
      vertex -2.5117 -8.9302 10.4386
      vertex -2.52444 -8.92661 10.5614
    endloop
  endfacet
  facet normal 0.258428 -0.964463 0.0550101
    outer loop
      vertex -2.5117 -8.9302 10.4386
      vertex -5.65685 -9.79796 10
      vertex -2.39087 -8.92284 10
    endloop
  endfacet
  facet normal 0.228612 -0.952245 0.202401
    outer loop
      vertex -5.65685 -9.79796 10
      vertex -2.62362 -8.8572 11
      vertex -5.9114 -9.64652 11
    endloop
  endfacet
  facet normal 0.228615 -0.952246 0.202393
    outer loop
      vertex -2.62362 -8.8572 11
      vertex -5.65685 -9.79796 10
      vertex -2.52444 -8.92661 10.5614
    endloop
  endfacet
  facet normal -0.952242 -0.228616 -0.202409
    outer loop
      vertex -6.70072 -6.35875 11
      vertex -6.16189 -9.48847 12
      vertex -6.8076 -6.30189 11.4386
    endloop
  endfacet
  facet normal -0.952246 -0.228613 -0.202396
    outer loop
      vertex -6.16189 -9.48847 12
      vertex -6.70072 -6.35875 11
      vertex -5.9114 -9.64652 11
    endloop
  endfacet
  facet normal -0.976666 -0.207597 -0.0550107
    outer loop
      vertex -6.81658 -6.29217 11.5614
      vertex -6.16189 -9.48847 12
      vertex -6.86488 -6.18116 12
    endloop
  endfacet
  facet normal -0.976668 -0.207594 -0.0549891
    outer loop
      vertex -6.16189 -9.48847 12
      vertex -6.81658 -6.29217 11.5614
      vertex -6.8076 -6.30189 11.4386
    endloop
  endfacet
  facet normal 0.233098 -0.970898 0.054967
    outer loop
      vertex -5.9114 -9.64652 11
      vertex -2.74461 -8.86139 11.4386
      vertex -2.75724 -8.85747 11.5614
    endloop
  endfacet
  facet normal 0.23309 -0.970897 0.0550239
    outer loop
      vertex -2.74461 -8.86139 11.4386
      vertex -5.9114 -9.64652 11
      vertex -2.62362 -8.8572 11
    endloop
  endfacet
  facet normal 0.203608 -0.957903 0.202398
    outer loop
      vertex -5.9114 -9.64652 11
      vertex -2.85458 -8.78548 12
      vertex -6.16189 -9.48847 12
    endloop
  endfacet
  facet normal 0.203603 -0.957901 0.202412
    outer loop
      vertex -2.85458 -8.78548 12
      vertex -5.9114 -9.64652 11
      vertex -2.75724 -8.85747 11.5614
    endloop
  endfacet
  facet normal -0.957903 -0.203611 -0.202398
    outer loop
      vertex -6.86488 -6.18116 12
      vertex -6.40815 -9.32392 13
      vertex -6.97023 -6.12152 12.4386
    endloop
  endfacet
  facet normal -0.957905 -0.203609 -0.20239
    outer loop
      vertex -6.40815 -9.32392 13
      vertex -6.86488 -6.18116 12
      vertex -6.16189 -9.48847 12
    endloop
  endfacet
  facet normal -0.981766 -0.181961 -0.0550141
    outer loop
      vertex -6.97895 -6.11158 12.5614
      vertex -6.40815 -9.32392 13
      vertex -7.02433 -5.99934 13
    endloop
  endfacet
  facet normal -0.981768 -0.181958 -0.0549866
    outer loop
      vertex -6.40815 -9.32392 13
      vertex -6.97895 -6.11158 12.5614
      vertex -6.97023 -6.12152 12.4386
    endloop
  endfacet
  facet normal 0.207599 -0.976667 0.0549842
    outer loop
      vertex -6.16189 -9.48847 12
      vertex -2.97563 -8.78651 12.4386
      vertex -2.98816 -8.78226 12.5614
    endloop
  endfacet
  facet normal 0.207597 -0.976667 0.0550014
    outer loop
      vertex -2.97563 -8.78651 12.4386
      vertex -6.16189 -9.48847 12
      vertex -2.85458 -8.78548 12
    endloop
  endfacet
  facet normal 0.178463 -0.962906 0.202394
    outer loop
      vertex -6.16189 -9.48847 12
      vertex -3.08358 -8.70775 13
      vertex -6.40815 -9.32392 13
    endloop
  endfacet
  facet normal 0.17846 -0.962904 0.202405
    outer loop
      vertex -3.08358 -8.70775 13
      vertex -6.16189 -9.48847 12
      vertex -2.98816 -8.78226 12.5614
    endloop
  endfacet
  facet normal -0.962905 -0.178464 -0.202395
    outer loop
      vertex -7.02433 -5.99934 13
      vertex -6.65003 -9.15298 14
      vertex -7.12808 -5.93697 13.4386
    endloop
  endfacet
  facet normal -0.962904 -0.178465 -0.2024
    outer loop
      vertex -6.65003 -9.15298 14
      vertex -7.02433 -5.99934 13
      vertex -6.40815 -9.32392 13
    endloop
  endfacet
  facet normal -0.986192 -0.156199 -0.0550222
    outer loop
      vertex -7.13654 -5.9268 13.5614
      vertex -6.65003 -9.15298 14
      vertex -7.17897 -5.81341 14
    endloop
  endfacet
  facet normal -0.986193 -0.156197 -0.0550055
    outer loop
      vertex -6.65003 -9.15298 14
      vertex -7.13654 -5.9268 13.5614
      vertex -7.12808 -5.93697 13.4386
    endloop
  endfacet
  facet normal 0.181956 -0.981766 0.0550194
    outer loop
      vertex -6.40815 -9.32392 13
      vertex -3.20461 -8.70561 13.4386
      vertex -3.21703 -8.70103 13.5614
    endloop
  endfacet
  facet normal 0.181959 -0.981767 0.0550011
    outer loop
      vertex -3.20461 -8.70561 13.4386
      vertex -6.40815 -9.32392 13
      vertex -3.08358 -8.70775 13
    endloop
  endfacet
  facet normal 0.153195 -0.967247 0.202396
    outer loop
      vertex -6.40815 -9.32392 13
      vertex -3.31046 -8.62405 14
      vertex -6.65003 -9.15298 14
    endloop
  endfacet
  facet normal 0.153195 -0.967247 0.202398
    outer loop
      vertex -3.31046 -8.62405 14
      vertex -6.40815 -9.32392 13
      vertex -3.21703 -8.70103 13.5614
    endloop
  endfacet
  facet normal -0.967248 -0.153195 -0.20239
    outer loop
      vertex -7.17897 -5.81341 14
      vertex -6.88735 -8.97577 15
      vertex -7.28105 -5.74834 14.4386
    endloop
  endfacet
  facet normal -0.967246 -0.153198 -0.202399
    outer loop
      vertex -6.88735 -8.97577 15
      vertex -7.17897 -5.81341 14
      vertex -6.65003 -9.15298 14
    endloop
  endfacet
  facet normal -0.989944 -0.130327 -0.0550101
    outer loop
      vertex -7.28924 -5.73795 14.5614
      vertex -6.88735 -8.97577 15
      vertex -7.32868 -5.6235 15
    endloop
  endfacet
  facet normal -0.989945 -0.130325 -0.0549965
    outer loop
      vertex -6.88735 -8.97577 15
      vertex -7.28924 -5.73795 14.5614
      vertex -7.28105 -5.74834 14.4386
    endloop
  endfacet
  facet normal 0.156188 -0.986191 0.0550631
    outer loop
      vertex -6.65003 -9.15298 14
      vertex -3.4314 -8.61874 14.4386
      vertex -3.44369 -8.61383 14.5614
    endloop
  endfacet
  facet normal 0.156196 -0.986193 0.0550092
    outer loop
      vertex -3.4314 -8.61874 14.4386
      vertex -6.65003 -9.15298 14
      vertex -3.31046 -8.62405 14
    endloop
  endfacet
  facet normal 0.127826 -0.970926 0.202394
    outer loop
      vertex -6.65003 -9.15298 14
      vertex -3.53508 -8.53443 15
      vertex -6.88735 -8.97577 15
    endloop
  endfacet
  facet normal 0.127824 -0.970925 0.202401
    outer loop
      vertex -3.53508 -8.53443 15
      vertex -6.65003 -9.15298 14
      vertex -3.44369 -8.61383 14.5614
    endloop
  endfacet
  facet normal -0.970923 -0.127826 -0.202407
    outer loop
      vertex -7.32868 -5.6235 15
      vertex -7.11995 -8.7924 16
      vertex -7.42903 -5.55578 15.4386
    endloop
  endfacet
  facet normal -0.970925 -0.127823 -0.202398
    outer loop
      vertex -7.11995 -8.7924 16
      vertex -7.32868 -5.6235 15
      vertex -6.88735 -8.97577 15
    endloop
  endfacet
  facet normal -0.993016 -0.10437 -0.0550094
    outer loop
      vertex -7.43695 -5.54517 15.5614
      vertex -7.11995 -8.7924 16
      vertex -7.47338 -5.42973 16
    endloop
  endfacet
  facet normal -0.993015 -0.104372 -0.0550268
    outer loop
      vertex -7.11995 -8.7924 16
      vertex -7.43695 -5.54517 15.5614
      vertex -7.42903 -5.55578 15.4386
    endloop
  endfacet
  facet normal 0.130321 -0.989942 0.0550659
    outer loop
      vertex -6.88735 -8.97577 15
      vertex -3.65584 -8.52596 15.4386
      vertex -3.668 -8.52073 15.5614
    endloop
  endfacet
  facet normal 0.13033 -0.989944 0.0550011
    outer loop
      vertex -3.65584 -8.52596 15.4386
      vertex -6.88735 -8.97577 15
      vertex -3.53508 -8.53443 15
    endloop
  endfacet
  facet normal 0.102364 -0.973938 0.202401
    outer loop
      vertex -6.88735 -8.97577 15
      vertex -3.75727 -8.43897 16
      vertex -7.11995 -8.7924 16
    endloop
  endfacet
  facet normal 0.102369 -0.97394 0.202389
    outer loop
      vertex -3.75727 -8.43897 16
      vertex -6.88735 -8.97577 15
      vertex -3.668 -8.52073 15.5614
    endloop
  endfacet
  facet normal -0.973938 -0.102365 -0.2024
    outer loop
      vertex -7.47338 -5.42973 16
      vertex -7.34767 -8.60301 17
      vertex -7.57192 -5.3594 16.4386
    endloop
  endfacet
  facet normal -0.973939 -0.102365 -0.202398
    outer loop
      vertex -7.34767 -8.60301 17
      vertex -7.47338 -5.42973 16
      vertex -7.11995 -8.7924 16
    endloop
  endfacet
  facet normal -0.995407 -0.0783387 -0.0550185
    outer loop
      vertex -7.57955 -5.3486 16.5614
      vertex -7.34767 -8.60301 17
      vertex -7.61295 -5.23224 17
    endloop
  endfacet
  facet normal -0.995411 -0.078331 -0.0549594
    outer loop
      vertex -7.34767 -8.60301 17
      vertex -7.57955 -5.3486 16.5614
      vertex -7.57192 -5.3594 16.4386
    endloop
  endfacet
  facet normal 0.104368 -0.993016 0.0550148
    outer loop
      vertex -7.11995 -8.7924 16
      vertex -3.87777 -8.42734 16.4386
      vertex -3.88979 -8.4218 16.5614
    endloop
  endfacet
  facet normal 0.10437 -0.993016 0.0550053
    outer loop
      vertex -3.87777 -8.42734 16.4386
      vertex -7.11995 -8.7924 16
      vertex -3.75727 -8.43897 16
    endloop
  endfacet
  facet normal 0.0768335 -0.976285 0.202395
    outer loop
      vertex -7.11995 -8.7924 16
      vertex -3.97689 -8.33773 17
      vertex -7.34767 -8.60301 17
    endloop
  endfacet
  facet normal 0.076835 -0.976286 0.202391
    outer loop
      vertex -3.97689 -8.33773 17
      vertex -7.11995 -8.7924 16
      vertex -3.88979 -8.4218 16.5614
    endloop
  endfacet
  facet normal -0.976282 -0.0768387 -0.20241
    outer loop
      vertex -7.61295 -5.23224 17
      vertex -7.57035 -8.40772 18
      vertex -7.70962 -5.15936 17.4386
    endloop
  endfacet
  facet normal -0.976285 -0.0768338 -0.202394
    outer loop
      vertex -7.57035 -8.40772 18
      vertex -7.61295 -5.23224 17
      vertex -7.34767 -8.60301 17
    endloop
  endfacet
  facet normal -0.997117 -0.0522573 -0.0550114
    outer loop
      vertex -7.71697 -5.14836 17.5614
      vertex -7.57035 -8.40772 18
      vertex -7.74731 -5.03116 18
    endloop
  endfacet
  facet normal -0.997118 -0.0522558 -0.055
    outer loop
      vertex -7.57035 -8.40772 18
      vertex -7.71697 -5.14836 17.5614
      vertex -7.70962 -5.15936 17.4386
    endloop
  endfacet
  facet normal 0.0783431 -0.995409 0.0549924
    outer loop
      vertex -7.34767 -8.60301 17
      vertex -4.09704 -8.32294 17.4386
      vertex -4.10891 -8.31709 17.5614
    endloop
  endfacet
  facet normal 0.0783384 -0.995407 0.0550261
    outer loop
      vertex -4.09704 -8.32294 17.4386
      vertex -7.34767 -8.60301 17
      vertex -3.97689 -8.33773 17
    endloop
  endfacet
  facet normal 0.0512503 -0.977961 0.202398
    outer loop
      vertex -7.34767 -8.60301 17
      vertex -4.19378 -8.23077 18
      vertex -7.57035 -8.40772 18
    endloop
  endfacet
  facet normal 0.0512536 -0.977963 0.202389
    outer loop
      vertex -4.19378 -8.23077 18
      vertex -7.34767 -8.60301 17
      vertex -4.10891 -8.31709 17.5614
    endloop
  endfacet
  facet normal -0.977963 -0.0512529 -0.202391
    outer loop
      vertex -7.74731 -5.03116 18
      vertex -7.78784 -8.20667 19
      vertex -7.84203 -4.95577 18.4386
    endloop
  endfacet
  facet normal -0.977962 -0.0512534 -0.202393
    outer loop
      vertex -7.78784 -8.20667 19
      vertex -7.74731 -5.03116 18
      vertex -7.57035 -8.40772 18
    endloop
  endfacet
  facet normal -0.998144 -0.0261375 -0.0550079
    outer loop
      vertex -7.84909 -4.94458 18.5614
      vertex -7.78784 -8.20667 19
      vertex -7.87635 -4.82663 19
    endloop
  endfacet
  facet normal -0.998144 -0.0261369 -0.0550035
    outer loop
      vertex -7.78784 -8.20667 19
      vertex -7.84909 -4.94458 18.5614
      vertex -7.84203 -4.95577 18.4386
    endloop
  endfacet
  facet normal 0.0522576 -0.997118 0.0550015
    outer loop
      vertex -7.57035 -8.40772 18
      vertex -4.31351 -8.21284 18.4386
      vertex -4.32522 -8.20668 18.5614
    endloop
  endfacet
  facet normal 0.0522541 -0.997117 0.0550267
    outer loop
      vertex -4.31351 -8.21284 18.4386
      vertex -7.57035 -8.40772 18
      vertex -4.19378 -8.23077 18
    endloop
  endfacet
  facet normal 0.0256353 -0.978968 0.202397
    outer loop
      vertex -7.57035 -8.40772 18
      vertex -4.4078 -8.11816 19
      vertex -7.78784 -8.20667 19
    endloop
  endfacet
  facet normal 0.0256326 -0.978966 0.202405
    outer loop
      vertex -4.4078 -8.11816 19
      vertex -7.57035 -8.40772 18
      vertex -4.32522 -8.20668 18.5614
    endloop
  endfacet
  facet normal -0.978966 -0.0256368 -0.202404
    outer loop
      vertex -7.87635 -4.82663 19
      vertex -8 -8 20
      vertex -7.96907 -4.7488 19.4386
    endloop
  endfacet
  facet normal -0.978967 -0.0256353 -0.2024
    outer loop
      vertex -8 -8 20
      vertex -7.87635 -4.82663 19
      vertex -7.78784 -8.20667 19
    endloop
  endfacet
  facet normal -0.998485 0 -0.0550237
    outer loop
      vertex -7.97583 -4.73742 19.5614
      vertex -8 -8 20
      vertex -8 -4.6188 20
    endloop
  endfacet
  facet normal -0.998488 7.72923e-06 -0.0549664
    outer loop
      vertex -8 -8 20
      vertex -7.97583 -4.73742 19.5614
      vertex -7.96907 -4.7488 19.4386
    endloop
  endfacet
  facet normal 0.0261435 -0.998146 0.0549651
    outer loop
      vertex -7.78784 -8.20667 19
      vertex -4.52702 -8.09711 19.4386
      vertex -4.53856 -8.09065 19.5614
    endloop
  endfacet
  facet normal 0.0261375 -0.998144 0.0550092
    outer loop
      vertex -4.52702 -8.09711 19.4386
      vertex -7.78784 -8.20667 19
      vertex -4.4078 -8.11816 19
    endloop
  endfacet
  facet normal 0 -0.979304 0.202393
    outer loop
      vertex -7.78784 -8.20667 19
      vertex -4.6188 -8 20
      vertex -8 -8 20
    endloop
  endfacet
  facet normal -3.02281e-06 -0.979303 0.202402
    outer loop
      vertex -4.6188 -8 20
      vertex -7.78784 -8.20667 19
      vertex -4.53856 -8.09065 19.5614
    endloop
  endfacet
  facet normal -0.489647 -0.848102 -0.202407
    outer loop
      vertex 0 -9.2376 0
      vertex 2.64113 -11.0011 1
      vertex -0.114813 -9.27599 0.438603
    endloop
  endfacet
  facet normal -0.489653 -0.848102 -0.202391
    outer loop
      vertex 2.64113 -11.0011 1
      vertex 0 -9.2376 0
      vertex 2.9282 -10.9282 0
    endloop
  endfacet
  facet normal -0.521705 -0.85135 -0.0550224
    outer loop
      vertex -0.128044 -9.27581 0.561397
      vertex 2.64113 -11.0011 1
      vertex -0.241812 -9.23444 1
    endloop
  endfacet
  facet normal -0.521713 -0.851348 -0.0549664
    outer loop
      vertex 2.64113 -11.0011 1
      vertex -0.128044 -9.27581 0.561397
      vertex -0.114813 -9.27599 0.438603
    endloop
  endfacet
  facet normal 0.864714 -0.499244 0.0550115
    outer loop
      vertex 4.53856 -8.09065 0.438603
      vertex 2.9282 -10.9282 0
      vertex 4.6188 -8 0
    endloop
  endfacet
  facet normal 0.864715 -0.499243 0.0550003
    outer loop
      vertex 2.9282 -10.9282 0
      vertex 4.53856 -8.09065 0.438603
      vertex 4.52702 -8.09711 0.561397
    endloop
  endfacet
  facet normal 0.834991 -0.511684 0.202408
    outer loop
      vertex 2.64113 -11.0011 1
      vertex 4.52702 -8.09711 0.561397
      vertex 4.4078 -8.11816 1
    endloop
  endfacet
  facet normal 0.834992 -0.511686 0.202399
    outer loop
      vertex 4.52702 -8.09711 0.561397
      vertex 2.64113 -11.0011 1
      vertex 2.9282 -10.9282 0
    endloop
  endfacet
  facet normal -0.511692 -0.83499 -0.202391
    outer loop
      vertex -0.241812 -9.23444 1
      vertex 2.35225 -11.0665 2
      vertex -0.357591 -9.2698 1.4386
    endloop
  endfacet
  facet normal -0.51168 -0.83499 -0.202422
    outer loop
      vertex 2.35225 -11.0665 2
      vertex -0.241812 -9.23444 1
      vertex 2.64113 -11.0011 1
    endloop
  endfacet
  facet normal -0.54382 -0.837397 -0.0550149
    outer loop
      vertex -0.370812 -9.26928 1.5614
      vertex 2.35225 -11.0665 2
      vertex -0.483459 -9.22494 2
    endloop
  endfacet
  facet normal -0.543822 -0.837396 -0.0550034
    outer loop
      vertex 2.35225 -11.0665 2
      vertex -0.370812 -9.26928 1.5614
      vertex -0.357591 -9.2698 1.4386
    endloop
  endfacet
  facet normal 0.851349 -0.521708 0.0549996
    outer loop
      vertex 4.32522 -8.20668 1.4386
      vertex 2.64113 -11.0011 1
      vertex 4.4078 -8.11816 1
    endloop
  endfacet
  facet normal 0.851348 -0.521709 0.0550126
    outer loop
      vertex 2.64113 -11.0011 1
      vertex 4.32522 -8.20668 1.4386
      vertex 4.31351 -8.21284 1.5614
    endloop
  endfacet
  facet normal 0.821314 -0.533364 0.2024
    outer loop
      vertex 2.35225 -11.0665 2
      vertex 4.31351 -8.21284 1.5614
      vertex 4.19378 -8.23077 2
    endloop
  endfacet
  facet normal 0.821317 -0.533368 0.20238
    outer loop
      vertex 4.31351 -8.21284 1.5614
      vertex 2.35225 -11.0665 2
      vertex 2.64113 -11.0011 1
    endloop
  endfacet
  facet normal -0.533371 -0.821307 -0.202412
    outer loop
      vertex -0.483459 -9.22494 2
      vertex 2.06176 -11.1243 3
      vertex -0.600123 -9.25727 2.4386
    endloop
  endfacet
  facet normal -0.533371 -0.821307 -0.202411
    outer loop
      vertex 2.06176 -11.1243 3
      vertex -0.483459 -9.22494 2
      vertex 2.35225 -11.0665 2
    endloop
  endfacet
  facet normal -0.565556 -0.822873 -0.0550213
    outer loop
      vertex -0.613327 -9.2564 2.5614
      vertex 2.06176 -11.1243 3
      vertex -0.724774 -9.20913 3
    endloop
  endfacet
  facet normal -0.565562 -0.822871 -0.0549819
    outer loop
      vertex 2.06176 -11.1243 3
      vertex -0.613327 -9.2564 2.5614
      vertex -0.600123 -9.25727 2.4386
    endloop
  endfacet
  facet normal 0.837403 -0.543811 0.0550127
    outer loop
      vertex 4.10891 -8.31709 2.4386
      vertex 2.35225 -11.0665 2
      vertex 4.19378 -8.23077 2
    endloop
  endfacet
  facet normal 0.8374 -0.543813 0.0550377
    outer loop
      vertex 2.35225 -11.0665 2
      vertex 4.10891 -8.31709 2.4386
      vertex 4.09704 -8.32294 2.5614
    endloop
  endfacet
  facet normal 0.807075 -0.55468 0.202386
    outer loop
      vertex 2.06176 -11.1243 3
      vertex 4.09704 -8.32294 2.5614
      vertex 3.97689 -8.33773 3
    endloop
  endfacet
  facet normal 0.807075 -0.55468 0.202387
    outer loop
      vertex 4.09704 -8.32294 2.5614
      vertex 2.06176 -11.1243 3
      vertex 2.35225 -11.0665 2
    endloop
  endfacet
  facet normal -0.554678 -0.807072 -0.202402
    outer loop
      vertex -0.724774 -9.20913 3
      vertex 1.76985 -11.1744 4
      vertex -0.842245 -9.23839 3.4386
    endloop
  endfacet
  facet normal -0.554696 -0.807072 -0.202356
    outer loop
      vertex 1.76985 -11.1744 4
      vertex -0.724774 -9.20913 3
      vertex 2.06176 -11.1243 3
    endloop
  endfacet
  facet normal -0.586892 -0.807794 -0.0550206
    outer loop
      vertex -0.855421 -9.23717 3.5614
      vertex 1.76985 -11.1744 4
      vertex -0.965593 -9.187 4
    endloop
  endfacet
  facet normal -0.586902 -0.807791 -0.0549472
    outer loop
      vertex 1.76985 -11.1744 4
      vertex -0.855421 -9.23717 3.5614
      vertex -0.842245 -9.23839 3.4386
    endloop
  endfacet
  facet normal 0.822882 -0.565543 0.0550109
    outer loop
      vertex 3.88979 -8.4218 3.4386
      vertex 2.06176 -11.1243 3
      vertex 3.97689 -8.33773 3
    endloop
  endfacet
  facet normal 0.822879 -0.565545 0.0550317
    outer loop
      vertex 2.06176 -11.1243 3
      vertex 3.88979 -8.4218 3.4386
      vertex 3.87777 -8.42734 3.5614
    endloop
  endfacet
  facet normal 0.79227 -0.575622 0.202403
    outer loop
      vertex 1.76985 -11.1744 4
      vertex 3.87777 -8.42734 3.5614
      vertex 3.75727 -8.43897 4
    endloop
  endfacet
  facet normal 0.792268 -0.575615 0.202433
    outer loop
      vertex 3.87777 -8.42734 3.5614
      vertex 1.76985 -11.1744 4
      vertex 2.06176 -11.1243 3
    endloop
  endfacet
  facet normal -0.575617 -0.792276 -0.202394
    outer loop
      vertex -0.965593 -9.187 4
      vertex 1.47674 -11.2169 5
      vertex -1.08379 -9.21317 4.4386
    endloop
  endfacet
  facet normal -0.575618 -0.792276 -0.202391
    outer loop
      vertex 1.47674 -11.2169 5
      vertex -0.965593 -9.187 4
      vertex 1.76985 -11.1744 4
    endloop
  endfacet
  facet normal -0.607835 -0.792156 -0.0550128
    outer loop
      vertex -1.09693 -9.21162 4.5614
      vertex 1.47674 -11.2169 5
      vertex -1.20575 -9.15858 5
    endloop
  endfacet
  facet normal -0.607831 -0.792157 -0.0550411
    outer loop
      vertex 1.47674 -11.2169 5
      vertex -1.09693 -9.21162 4.5614
      vertex -1.08379 -9.21317 4.4386
    endloop
  endfacet
  facet normal 0.80779 -0.586898 0.0550083
    outer loop
      vertex 3.668 -8.52073 4.4386
      vertex 1.76985 -11.1744 4
      vertex 3.75727 -8.43897 4
    endloop
  endfacet
  facet normal 0.807792 -0.586897 0.0549941
    outer loop
      vertex 1.76985 -11.1744 4
      vertex 3.668 -8.52073 4.4386
      vertex 3.65584 -8.52596 4.5614
    endloop
  endfacet
  facet normal 0.776932 -0.596163 0.2024
    outer loop
      vertex 1.47674 -11.2169 5
      vertex 3.65584 -8.52596 4.5614
      vertex 3.53508 -8.53443 5
    endloop
  endfacet
  facet normal 0.776933 -0.596166 0.20239
    outer loop
      vertex 3.65584 -8.52596 4.5614
      vertex 1.47674 -11.2169 5
      vertex 1.76985 -11.1744 4
    endloop
  endfacet
  facet normal -0.596162 -0.776938 -0.202381
    outer loop
      vertex -1.20575 -9.15858 5
      vertex 1.1826 -11.2517 6
      vertex -1.32459 -9.18164 5.4386
    endloop
  endfacet
  facet normal -0.596158 -0.776938 -0.202391
    outer loop
      vertex 1.1826 -11.2517 6
      vertex -1.20575 -9.15858 5
      vertex 1.47674 -11.2169 5
    endloop
  endfacet
  facet normal -0.628364 -0.775973 -0.0550043
    outer loop
      vertex -1.33768 -9.17975 5.5614
      vertex 1.1826 -11.2517 6
      vertex -1.44508 -9.12387 6
    endloop
  endfacet
  facet normal -0.628359 -0.775974 -0.0550377
    outer loop
      vertex 1.1826 -11.2517 6
      vertex -1.33768 -9.17975 5.5614
      vertex -1.32459 -9.18164 5.4386
    endloop
  endfacet
  facet normal 0.79215 -0.607841 0.0550207
    outer loop
      vertex 3.44369 -8.61383 5.4386
      vertex 1.47674 -11.2169 5
      vertex 3.53508 -8.53443 5
    endloop
  endfacet
  facet normal 0.792156 -0.607838 0.0549765
    outer loop
      vertex 1.47674 -11.2169 5
      vertex 3.44369 -8.61383 5.4386
      vertex 3.4314 -8.61874 5.5614
    endloop
  endfacet
  facet normal 0.761058 -0.616302 0.202394
    outer loop
      vertex 1.1826 -11.2517 6
      vertex 3.4314 -8.61874 5.5614
      vertex 3.31046 -8.62405 6
    endloop
  endfacet
  facet normal 0.761057 -0.616298 0.20241
    outer loop
      vertex 3.4314 -8.61874 5.5614
      vertex 1.1826 -11.2517 6
      vertex 1.47674 -11.2169 5
    endloop
  endfacet
  facet normal -0.616293 -0.761066 -0.202391
    outer loop
      vertex -1.44508 -9.12387 6
      vertex 0.887663 -11.2788 7
      vertex -1.56448 -9.14382 6.4386
    endloop
  endfacet
  facet normal -0.616292 -0.761066 -0.202392
    outer loop
      vertex 0.887663 -11.2788 7
      vertex -1.44508 -9.12387 6
      vertex 1.1826 -11.2517 6
    endloop
  endfacet
  facet normal -0.648459 -0.759259 -0.0550243
    outer loop
      vertex -1.57752 -9.14158 6.5614
      vertex 0.887663 -11.2788 7
      vertex -1.68342 -9.08292 7
    endloop
  endfacet
  facet normal -0.648461 -0.759258 -0.0550097
    outer loop
      vertex 0.887663 -11.2788 7
      vertex -1.57752 -9.14158 6.5614
      vertex -1.56448 -9.14382 6.4386
    endloop
  endfacet
  facet normal 0.775965 -0.628373 0.0550074
    outer loop
      vertex 3.21703 -8.70103 6.4386
      vertex 1.1826 -11.2517 6
      vertex 3.31046 -8.62405 6
    endloop
  endfacet
  facet normal 0.77596 -0.628376 0.0550445
    outer loop
      vertex 1.1826 -11.2517 6
      vertex 3.21703 -8.70103 6.4386
      vertex 3.20461 -8.70561 6.5614
    endloop
  endfacet
  facet normal 0.744666 -0.636014 0.202384
    outer loop
      vertex 0.887663 -11.2788 7
      vertex 3.20461 -8.70561 6.5614
      vertex 3.08358 -8.70775 7
    endloop
  endfacet
  facet normal 0.744665 -0.636012 0.202393
    outer loop
      vertex 3.20461 -8.70561 6.5614
      vertex 0.887663 -11.2788 7
      vertex 1.1826 -11.2517 6
    endloop
  endfacet
  facet normal -0.636007 -0.744669 -0.202394
    outer loop
      vertex -1.68342 -9.08292 7
      vertex 0.592113 -11.2982 8
      vertex -1.8033 -9.09974 7.4386
    endloop
  endfacet
  facet normal -0.635999 -0.74467 -0.202416
    outer loop
      vertex 0.592113 -11.2982 8
      vertex -1.68342 -9.08292 7
      vertex 0.887663 -11.2788 7
    endloop
  endfacet
  facet normal -0.668116 -0.74202 -0.0550152
    outer loop
      vertex -1.81628 -9.09716 7.5614
      vertex 0.592113 -11.2982 8
      vertex -1.92061 -9.03574 8
    endloop
  endfacet
  facet normal -0.668114 -0.742021 -0.0550302
    outer loop
      vertex 0.592113 -11.2982 8
      vertex -1.81628 -9.09716 7.5614
      vertex -1.8033 -9.09974 7.4386
    endloop
  endfacet
  facet normal 0.75925 -0.64847 0.0550162
    outer loop
      vertex 2.98816 -8.78226 7.4386
      vertex 0.887663 -11.2788 7
      vertex 3.08358 -8.70775 7
    endloop
  endfacet
  facet normal 0.759248 -0.648471 0.0550275
    outer loop
      vertex 0.887663 -11.2788 7
      vertex 2.98816 -8.78226 7.4386
      vertex 2.97563 -8.78651 7.5614
    endloop
  endfacet
  facet normal 0.727764 -0.655283 0.202396
    outer loop
      vertex 0.592113 -11.2982 8
      vertex 2.97563 -8.78651 7.5614
      vertex 2.85458 -8.78548 8
    endloop
  endfacet
  facet normal 0.727765 -0.655287 0.202378
    outer loop
      vertex 2.97563 -8.78651 7.5614
      vertex 0.592113 -11.2982 8
      vertex 0.887663 -11.2788 7
    endloop
  endfacet
  facet normal -0.655281 -0.727769 -0.202384
    outer loop
      vertex -1.92061 -9.03574 8
      vertex 0.296158 -11.3098 9
      vertex -2.04089 -9.04941 8.4386
    endloop
  endfacet
  facet normal -0.655284 -0.727768 -0.202377
    outer loop
      vertex 0.296158 -11.3098 9
      vertex -1.92061 -9.03574 8
      vertex 0.592113 -11.2982 8
    endloop
  endfacet
  facet normal -0.687306 -0.724281 -0.0550198
    outer loop
      vertex -2.0538 -9.04649 8.5614
      vertex 0.296158 -11.3098 9
      vertex -2.15648 -8.98237 9
    endloop
  endfacet
  facet normal -0.687304 -0.724282 -0.0550342
    outer loop
      vertex 0.296158 -11.3098 9
      vertex -2.0538 -9.04649 8.5614
      vertex -2.04089 -9.04941 8.4386
    endloop
  endfacet
  facet normal 0.742019 -0.668118 0.0550167
    outer loop
      vertex 2.75724 -8.85747 8.4386
      vertex 0.592113 -11.2982 8
      vertex 2.85458 -8.78548 8
    endloop
  endfacet
  facet normal 0.742022 -0.668116 0.0549896
    outer loop
      vertex 0.592113 -11.2982 8
      vertex 2.75724 -8.85747 8.4386
      vertex 2.74461 -8.86139 8.5614
    endloop
  endfacet
  facet normal 0.710357 -0.674113 0.202396
    outer loop
      vertex 0.296158 -11.3098 9
      vertex 2.74461 -8.86139 8.5614
      vertex 2.62362 -8.8572 9
    endloop
  endfacet
  facet normal 0.710356 -0.674109 0.202414
    outer loop
      vertex 2.74461 -8.86139 8.5614
      vertex 0.296158 -11.3098 9
      vertex 0.592113 -11.2982 8
    endloop
  endfacet
  facet normal -0.674107 -0.710364 -0.202395
    outer loop
      vertex -2.15648 -8.98237 9
      vertex 0 -11.3137 10
      vertex -2.27708 -8.99289 9.4386
    endloop
  endfacet
  facet normal -0.674101 -0.710365 -0.202411
    outer loop
      vertex 0 -11.3137 10
      vertex -2.15648 -8.98237 9
      vertex 0.296158 -11.3098 9
    endloop
  endfacet
  facet normal -0.706034 -0.706037 -0.0550206
    outer loop
      vertex -2.2899 -8.98963 9.5614
      vertex 0 -11.3137 10
      vertex -2.39087 -8.92284 10
    endloop
  endfacet
  facet normal -0.706042 -0.706034 -0.0549657
    outer loop
      vertex 0 -11.3137 10
      vertex -2.2899 -8.98963 9.5614
      vertex -2.27708 -8.99289 9.4386
    endloop
  endfacet
  facet normal 0.724271 -0.687317 0.0550081
    outer loop
      vertex 2.52444 -8.92661 9.4386
      vertex 0.296158 -11.3098 9
      vertex 2.62362 -8.8572 9
    endloop
  endfacet
  facet normal 0.724266 -0.68732 0.0550462
    outer loop
      vertex 0.296158 -11.3098 9
      vertex 2.52444 -8.92661 9.4386
      vertex 2.5117 -8.9302 9.5614
    endloop
  endfacet
  facet normal 0.692473 -0.692476 0.202381
    outer loop
      vertex 0.296158 -11.3098 9
      vertex 2.39087 -8.92284 10
      vertex 0 -11.3137 10
    endloop
  endfacet
  facet normal 0.69247 -0.692477 0.202389
    outer loop
      vertex 2.39087 -8.92284 10
      vertex 0.296158 -11.3098 9
      vertex 2.5117 -8.9302 9.5614
    endloop
  endfacet
  facet normal -0.69247 -0.692477 -0.202389
    outer loop
      vertex -2.39087 -8.92284 10
      vertex -0.296158 -11.3098 11
      vertex -2.5117 -8.9302 10.4386
    endloop
  endfacet
  facet normal -0.692473 -0.692476 -0.202381
    outer loop
      vertex -0.296158 -11.3098 11
      vertex -2.39087 -8.92284 10
      vertex 0 -11.3137 10
    endloop
  endfacet
  facet normal -0.724271 -0.687317 -0.0550081
    outer loop
      vertex -2.52444 -8.92661 10.5614
      vertex -0.296158 -11.3098 11
      vertex -2.62362 -8.8572 11
    endloop
  endfacet
  facet normal -0.724266 -0.68732 -0.0550462
    outer loop
      vertex -0.296158 -11.3098 11
      vertex -2.52444 -8.92661 10.5614
      vertex -2.5117 -8.9302 10.4386
    endloop
  endfacet
  facet normal 0.706042 -0.706034 0.0549657
    outer loop
      vertex 0 -11.3137 10
      vertex 2.2899 -8.98963 10.4386
      vertex 2.27708 -8.99289 10.5614
    endloop
  endfacet
  facet normal 0.706034 -0.706037 0.0550206
    outer loop
      vertex 2.2899 -8.98963 10.4386
      vertex 0 -11.3137 10
      vertex 2.39087 -8.92284 10
    endloop
  endfacet
  facet normal 0.674101 -0.710365 0.202411
    outer loop
      vertex 0 -11.3137 10
      vertex 2.15648 -8.98237 11
      vertex -0.296158 -11.3098 11
    endloop
  endfacet
  facet normal 0.674107 -0.710364 0.202395
    outer loop
      vertex 2.15648 -8.98237 11
      vertex 0 -11.3137 10
      vertex 2.27708 -8.99289 10.5614
    endloop
  endfacet
  facet normal -0.710357 -0.674113 -0.202396
    outer loop
      vertex -0.296158 -11.3098 11
      vertex -2.74461 -8.86139 11.4386
      vertex -2.62362 -8.8572 11
    endloop
  endfacet
  facet normal -0.710356 -0.674109 -0.202414
    outer loop
      vertex -2.74461 -8.86139 11.4386
      vertex -0.296158 -11.3098 11
      vertex -0.592113 -11.2982 12
    endloop
  endfacet
  facet normal -0.742019 -0.668118 -0.0550167
    outer loop
      vertex -2.75724 -8.85747 11.5614
      vertex -0.592113 -11.2982 12
      vertex -2.85458 -8.78548 12
    endloop
  endfacet
  facet normal -0.742022 -0.668116 -0.0549896
    outer loop
      vertex -0.592113 -11.2982 12
      vertex -2.75724 -8.85747 11.5614
      vertex -2.74461 -8.86139 11.4386
    endloop
  endfacet
  facet normal 0.687304 -0.724282 0.0550342
    outer loop
      vertex -0.296158 -11.3098 11
      vertex 2.0538 -9.04649 11.4386
      vertex 2.04089 -9.04941 11.5614
    endloop
  endfacet
  facet normal 0.687306 -0.724281 0.0550198
    outer loop
      vertex 2.0538 -9.04649 11.4386
      vertex -0.296158 -11.3098 11
      vertex 2.15648 -8.98237 11
    endloop
  endfacet
  facet normal 0.655284 -0.727768 0.202377
    outer loop
      vertex -0.296158 -11.3098 11
      vertex 1.92061 -9.03574 12
      vertex -0.592113 -11.2982 12
    endloop
  endfacet
  facet normal 0.655281 -0.727769 0.202384
    outer loop
      vertex 1.92061 -9.03574 12
      vertex -0.296158 -11.3098 11
      vertex 2.04089 -9.04941 11.5614
    endloop
  endfacet
  facet normal -0.727764 -0.655283 -0.202396
    outer loop
      vertex -0.592113 -11.2982 12
      vertex -2.97563 -8.78651 12.4386
      vertex -2.85458 -8.78548 12
    endloop
  endfacet
  facet normal -0.727765 -0.655287 -0.202378
    outer loop
      vertex -2.97563 -8.78651 12.4386
      vertex -0.592113 -11.2982 12
      vertex -0.887663 -11.2788 13
    endloop
  endfacet
  facet normal -0.75925 -0.64847 -0.0550162
    outer loop
      vertex -2.98816 -8.78226 12.5614
      vertex -0.887663 -11.2788 13
      vertex -3.08358 -8.70775 13
    endloop
  endfacet
  facet normal -0.759248 -0.648471 -0.0550275
    outer loop
      vertex -0.887663 -11.2788 13
      vertex -2.98816 -8.78226 12.5614
      vertex -2.97563 -8.78651 12.4386
    endloop
  endfacet
  facet normal 0.668114 -0.742021 0.0550302
    outer loop
      vertex -0.592113 -11.2982 12
      vertex 1.81628 -9.09716 12.4386
      vertex 1.8033 -9.09974 12.5614
    endloop
  endfacet
  facet normal 0.668116 -0.74202 0.0550152
    outer loop
      vertex 1.81628 -9.09716 12.4386
      vertex -0.592113 -11.2982 12
      vertex 1.92061 -9.03574 12
    endloop
  endfacet
  facet normal 0.635999 -0.74467 0.202416
    outer loop
      vertex -0.592113 -11.2982 12
      vertex 1.68342 -9.08292 13
      vertex -0.887663 -11.2788 13
    endloop
  endfacet
  facet normal 0.636007 -0.744669 0.202394
    outer loop
      vertex 1.68342 -9.08292 13
      vertex -0.592113 -11.2982 12
      vertex 1.8033 -9.09974 12.5614
    endloop
  endfacet
  facet normal -0.744666 -0.636014 -0.202384
    outer loop
      vertex -0.887663 -11.2788 13
      vertex -3.20461 -8.70561 13.4386
      vertex -3.08358 -8.70775 13
    endloop
  endfacet
  facet normal -0.744665 -0.636012 -0.202393
    outer loop
      vertex -3.20461 -8.70561 13.4386
      vertex -0.887663 -11.2788 13
      vertex -1.1826 -11.2517 14
    endloop
  endfacet
  facet normal -0.775965 -0.628373 -0.0550074
    outer loop
      vertex -3.21703 -8.70103 13.5614
      vertex -1.1826 -11.2517 14
      vertex -3.31046 -8.62405 14
    endloop
  endfacet
  facet normal -0.77596 -0.628376 -0.0550445
    outer loop
      vertex -1.1826 -11.2517 14
      vertex -3.21703 -8.70103 13.5614
      vertex -3.20461 -8.70561 13.4386
    endloop
  endfacet
  facet normal 0.648461 -0.759258 0.0550097
    outer loop
      vertex -0.887663 -11.2788 13
      vertex 1.57752 -9.14158 13.4386
      vertex 1.56448 -9.14382 13.5614
    endloop
  endfacet
  facet normal 0.648459 -0.759259 0.0550243
    outer loop
      vertex 1.57752 -9.14158 13.4386
      vertex -0.887663 -11.2788 13
      vertex 1.68342 -9.08292 13
    endloop
  endfacet
  facet normal 0.616292 -0.761066 0.202392
    outer loop
      vertex -0.887663 -11.2788 13
      vertex 1.44508 -9.12387 14
      vertex -1.1826 -11.2517 14
    endloop
  endfacet
  facet normal 0.616293 -0.761066 0.202391
    outer loop
      vertex 1.44508 -9.12387 14
      vertex -0.887663 -11.2788 13
      vertex 1.56448 -9.14382 13.5614
    endloop
  endfacet
  facet normal -0.761058 -0.616302 -0.202394
    outer loop
      vertex -1.1826 -11.2517 14
      vertex -3.4314 -8.61874 14.4386
      vertex -3.31046 -8.62405 14
    endloop
  endfacet
  facet normal -0.761057 -0.616298 -0.20241
    outer loop
      vertex -3.4314 -8.61874 14.4386
      vertex -1.1826 -11.2517 14
      vertex -1.47674 -11.2169 15
    endloop
  endfacet
  facet normal -0.79215 -0.607841 -0.0550207
    outer loop
      vertex -3.44369 -8.61383 14.5614
      vertex -1.47674 -11.2169 15
      vertex -3.53508 -8.53443 15
    endloop
  endfacet
  facet normal -0.792156 -0.607838 -0.0549765
    outer loop
      vertex -1.47674 -11.2169 15
      vertex -3.44369 -8.61383 14.5614
      vertex -3.4314 -8.61874 14.4386
    endloop
  endfacet
  facet normal 0.628359 -0.775974 0.0550377
    outer loop
      vertex -1.1826 -11.2517 14
      vertex 1.33768 -9.17975 14.4386
      vertex 1.32459 -9.18164 14.5614
    endloop
  endfacet
  facet normal 0.628364 -0.775973 0.0550043
    outer loop
      vertex 1.33768 -9.17975 14.4386
      vertex -1.1826 -11.2517 14
      vertex 1.44508 -9.12387 14
    endloop
  endfacet
  facet normal 0.596158 -0.776938 0.202391
    outer loop
      vertex -1.1826 -11.2517 14
      vertex 1.20575 -9.15858 15
      vertex -1.47674 -11.2169 15
    endloop
  endfacet
  facet normal 0.596162 -0.776938 0.202381
    outer loop
      vertex 1.20575 -9.15858 15
      vertex -1.1826 -11.2517 14
      vertex 1.32459 -9.18164 14.5614
    endloop
  endfacet
  facet normal -0.776932 -0.596163 -0.2024
    outer loop
      vertex -1.47674 -11.2169 15
      vertex -3.65584 -8.52596 15.4386
      vertex -3.53508 -8.53443 15
    endloop
  endfacet
  facet normal -0.776933 -0.596166 -0.20239
    outer loop
      vertex -3.65584 -8.52596 15.4386
      vertex -1.47674 -11.2169 15
      vertex -1.76985 -11.1744 16
    endloop
  endfacet
  facet normal -0.80779 -0.586898 -0.0550083
    outer loop
      vertex -3.668 -8.52073 15.5614
      vertex -1.76985 -11.1744 16
      vertex -3.75727 -8.43897 16
    endloop
  endfacet
  facet normal -0.807792 -0.586897 -0.0549941
    outer loop
      vertex -1.76985 -11.1744 16
      vertex -3.668 -8.52073 15.5614
      vertex -3.65584 -8.52596 15.4386
    endloop
  endfacet
  facet normal 0.607831 -0.792157 0.0550411
    outer loop
      vertex -1.47674 -11.2169 15
      vertex 1.09693 -9.21162 15.4386
      vertex 1.08379 -9.21317 15.5614
    endloop
  endfacet
  facet normal 0.607835 -0.792156 0.0550128
    outer loop
      vertex 1.09693 -9.21162 15.4386
      vertex -1.47674 -11.2169 15
      vertex 1.20575 -9.15858 15
    endloop
  endfacet
  facet normal 0.575618 -0.792276 0.202391
    outer loop
      vertex -1.47674 -11.2169 15
      vertex 0.965593 -9.187 16
      vertex -1.76985 -11.1744 16
    endloop
  endfacet
  facet normal 0.575617 -0.792276 0.202394
    outer loop
      vertex 0.965593 -9.187 16
      vertex -1.47674 -11.2169 15
      vertex 1.08379 -9.21317 15.5614
    endloop
  endfacet
  facet normal -0.79227 -0.575622 -0.202403
    outer loop
      vertex -1.76985 -11.1744 16
      vertex -3.87777 -8.42734 16.4386
      vertex -3.75727 -8.43897 16
    endloop
  endfacet
  facet normal -0.792268 -0.575615 -0.202433
    outer loop
      vertex -3.87777 -8.42734 16.4386
      vertex -1.76985 -11.1744 16
      vertex -2.06176 -11.1243 17
    endloop
  endfacet
  facet normal -0.822882 -0.565543 -0.0550109
    outer loop
      vertex -3.88979 -8.4218 16.5614
      vertex -2.06176 -11.1243 17
      vertex -3.97689 -8.33773 17
    endloop
  endfacet
  facet normal -0.822879 -0.565545 -0.0550317
    outer loop
      vertex -2.06176 -11.1243 17
      vertex -3.88979 -8.4218 16.5614
      vertex -3.87777 -8.42734 16.4386
    endloop
  endfacet
  facet normal 0.586902 -0.807791 0.0549472
    outer loop
      vertex -1.76985 -11.1744 16
      vertex 0.855421 -9.23717 16.4386
      vertex 0.842245 -9.23839 16.5614
    endloop
  endfacet
  facet normal 0.586892 -0.807794 0.0550206
    outer loop
      vertex 0.855421 -9.23717 16.4386
      vertex -1.76985 -11.1744 16
      vertex 0.965593 -9.187 16
    endloop
  endfacet
  facet normal 0.554696 -0.807072 0.202356
    outer loop
      vertex -1.76985 -11.1744 16
      vertex 0.724774 -9.20913 17
      vertex -2.06176 -11.1243 17
    endloop
  endfacet
  facet normal 0.554678 -0.807072 0.202402
    outer loop
      vertex 0.724774 -9.20913 17
      vertex -1.76985 -11.1744 16
      vertex 0.842245 -9.23839 16.5614
    endloop
  endfacet
  facet normal -0.807075 -0.55468 -0.202386
    outer loop
      vertex -2.06176 -11.1243 17
      vertex -4.09704 -8.32294 17.4386
      vertex -3.97689 -8.33773 17
    endloop
  endfacet
  facet normal -0.807075 -0.55468 -0.202387
    outer loop
      vertex -4.09704 -8.32294 17.4386
      vertex -2.06176 -11.1243 17
      vertex -2.35225 -11.0665 18
    endloop
  endfacet
  facet normal -0.837403 -0.543811 -0.0550127
    outer loop
      vertex -4.10891 -8.31709 17.5614
      vertex -2.35225 -11.0665 18
      vertex -4.19378 -8.23077 18
    endloop
  endfacet
  facet normal -0.8374 -0.543813 -0.0550377
    outer loop
      vertex -2.35225 -11.0665 18
      vertex -4.10891 -8.31709 17.5614
      vertex -4.09704 -8.32294 17.4386
    endloop
  endfacet
  facet normal 0.565562 -0.822871 0.0549819
    outer loop
      vertex -2.06176 -11.1243 17
      vertex 0.613327 -9.2564 17.4386
      vertex 0.600123 -9.25727 17.5614
    endloop
  endfacet
  facet normal 0.565556 -0.822873 0.0550213
    outer loop
      vertex 0.613327 -9.2564 17.4386
      vertex -2.06176 -11.1243 17
      vertex 0.724774 -9.20913 17
    endloop
  endfacet
  facet normal 0.533371 -0.821307 0.202411
    outer loop
      vertex -2.06176 -11.1243 17
      vertex 0.483459 -9.22494 18
      vertex -2.35225 -11.0665 18
    endloop
  endfacet
  facet normal 0.533371 -0.821307 0.202412
    outer loop
      vertex 0.483459 -9.22494 18
      vertex -2.06176 -11.1243 17
      vertex 0.600123 -9.25727 17.5614
    endloop
  endfacet
  facet normal -0.821314 -0.533364 -0.2024
    outer loop
      vertex -2.35225 -11.0665 18
      vertex -4.31351 -8.21284 18.4386
      vertex -4.19378 -8.23077 18
    endloop
  endfacet
  facet normal -0.821317 -0.533368 -0.20238
    outer loop
      vertex -4.31351 -8.21284 18.4386
      vertex -2.35225 -11.0665 18
      vertex -2.64113 -11.0011 19
    endloop
  endfacet
  facet normal -0.851349 -0.521708 -0.0549996
    outer loop
      vertex -4.32522 -8.20668 18.5614
      vertex -2.64113 -11.0011 19
      vertex -4.4078 -8.11816 19
    endloop
  endfacet
  facet normal -0.851348 -0.521709 -0.0550126
    outer loop
      vertex -2.64113 -11.0011 19
      vertex -4.32522 -8.20668 18.5614
      vertex -4.31351 -8.21284 18.4386
    endloop
  endfacet
  facet normal 0.543822 -0.837396 0.0550034
    outer loop
      vertex -2.35225 -11.0665 18
      vertex 0.370812 -9.26928 18.4386
      vertex 0.357591 -9.2698 18.5614
    endloop
  endfacet
  facet normal 0.54382 -0.837397 0.0550149
    outer loop
      vertex 0.370812 -9.26928 18.4386
      vertex -2.35225 -11.0665 18
      vertex 0.483459 -9.22494 18
    endloop
  endfacet
  facet normal 0.51168 -0.83499 0.202422
    outer loop
      vertex -2.35225 -11.0665 18
      vertex 0.241812 -9.23444 19
      vertex -2.64113 -11.0011 19
    endloop
  endfacet
  facet normal 0.511692 -0.83499 0.202391
    outer loop
      vertex 0.241812 -9.23444 19
      vertex -2.35225 -11.0665 18
      vertex 0.357591 -9.2698 18.5614
    endloop
  endfacet
  facet normal -0.834991 -0.511684 -0.202409
    outer loop
      vertex -2.64113 -11.0011 19
      vertex -4.52702 -8.09711 19.4386
      vertex -4.4078 -8.11816 19
    endloop
  endfacet
  facet normal -0.834992 -0.511686 -0.202399
    outer loop
      vertex -4.52702 -8.09711 19.4386
      vertex -2.64113 -11.0011 19
      vertex -2.9282 -10.9282 20
    endloop
  endfacet
  facet normal -0.864714 -0.499244 -0.0550118
    outer loop
      vertex -4.53856 -8.09065 19.5614
      vertex -2.9282 -10.9282 20
      vertex -4.6188 -8 20
    endloop
  endfacet
  facet normal -0.864715 -0.499242 -0.0549976
    outer loop
      vertex -2.9282 -10.9282 20
      vertex -4.53856 -8.09065 19.5614
      vertex -4.52702 -8.09711 19.4386
    endloop
  endfacet
  facet normal 0.521714 -0.851348 0.0549638
    outer loop
      vertex -2.64113 -11.0011 19
      vertex 0.128044 -9.27581 19.4386
      vertex 0.114813 -9.27599 19.5614
    endloop
  endfacet
  facet normal 0.521705 -0.85135 0.0550228
    outer loop
      vertex 0.128044 -9.27581 19.4386
      vertex -2.64113 -11.0011 19
      vertex 0.241812 -9.23444 19
    endloop
  endfacet
  facet normal 0.489653 -0.848102 0.202391
    outer loop
      vertex -2.64113 -11.0011 19
      vertex 0 -9.2376 20
      vertex -2.9282 -10.9282 20
    endloop
  endfacet
  facet normal 0.489646 -0.848102 0.202409
    outer loop
      vertex 0 -9.2376 20
      vertex -2.64113 -11.0011 19
      vertex 0.114813 -9.27599 19.5614
    endloop
  endfacet
  facet normal 2.6098e-06 -0.979303 -0.202401
    outer loop
      vertex 4.6188 -8 0
      vertex 7.78784 -8.20667 1
      vertex 4.53856 -8.09065 0.438603
    endloop
  endfacet
  facet normal 0 -0.979304 -0.202393
    outer loop
      vertex 7.78784 -8.20667 1
      vertex 4.6188 -8 0
      vertex 8 -8 0
    endloop
  endfacet
  facet normal -0.0261375 -0.998144 -0.0550088
    outer loop
      vertex 4.52702 -8.09711 0.561397
      vertex 7.78784 -8.20667 1
      vertex 4.4078 -8.11816 1
    endloop
  endfacet
  facet normal -0.0261431 -0.998146 -0.0549678
    outer loop
      vertex 7.78784 -8.20667 1
      vertex 4.52702 -8.09711 0.561397
      vertex 4.53856 -8.09065 0.438603
    endloop
  endfacet
  facet normal 0.998485 0 0.0550233
    outer loop
      vertex 7.97583 -4.73742 0.438603
      vertex 8 -8 0
      vertex 8 -4.6188 0
    endloop
  endfacet
  facet normal 0.998488 7.32269e-06 0.054969
    outer loop
      vertex 8 -8 0
      vertex 7.97583 -4.73742 0.438603
      vertex 7.96907 -4.7488 0.561397
    endloop
  endfacet
  facet normal 0.978967 -0.0256364 0.202403
    outer loop
      vertex 7.87635 -4.82663 1
      vertex 8 -8 0
      vertex 7.96907 -4.7488 0.561397
    endloop
  endfacet
  facet normal 0.978967 -0.0256353 0.2024
    outer loop
      vertex 8 -8 0
      vertex 7.87635 -4.82663 1
      vertex 7.78784 -8.20667 1
    endloop
  endfacet
  facet normal -0.0256326 -0.978966 -0.202405
    outer loop
      vertex 4.4078 -8.11816 1
      vertex 7.57035 -8.40772 2
      vertex 4.32522 -8.20668 1.4386
    endloop
  endfacet
  facet normal -0.0256353 -0.978968 -0.202397
    outer loop
      vertex 7.57035 -8.40772 2
      vertex 4.4078 -8.11816 1
      vertex 7.78784 -8.20667 1
    endloop
  endfacet
  facet normal -0.0522541 -0.997117 -0.0550267
    outer loop
      vertex 4.31351 -8.21284 1.5614
      vertex 7.57035 -8.40772 2
      vertex 4.19378 -8.23077 2
    endloop
  endfacet
  facet normal -0.0522576 -0.997118 -0.0550015
    outer loop
      vertex 7.57035 -8.40772 2
      vertex 4.31351 -8.21284 1.5614
      vertex 4.32522 -8.20668 1.4386
    endloop
  endfacet
  facet normal 0.998144 -0.0261375 0.0550079
    outer loop
      vertex 7.84909 -4.94458 1.4386
      vertex 7.78784 -8.20667 1
      vertex 7.87635 -4.82663 1
    endloop
  endfacet
  facet normal 0.998144 -0.0261369 0.0550035
    outer loop
      vertex 7.78784 -8.20667 1
      vertex 7.84909 -4.94458 1.4386
      vertex 7.84203 -4.95577 1.5614
    endloop
  endfacet
  facet normal 0.977963 -0.0512529 0.202391
    outer loop
      vertex 7.74731 -5.03116 2
      vertex 7.78784 -8.20667 1
      vertex 7.84203 -4.95577 1.5614
    endloop
  endfacet
  facet normal 0.977962 -0.0512534 0.202393
    outer loop
      vertex 7.78784 -8.20667 1
      vertex 7.74731 -5.03116 2
      vertex 7.57035 -8.40772 2
    endloop
  endfacet
  facet normal -0.0512536 -0.977963 -0.202389
    outer loop
      vertex 4.19378 -8.23077 2
      vertex 7.34767 -8.60301 3
      vertex 4.10891 -8.31709 2.4386
    endloop
  endfacet
  facet normal -0.0512503 -0.977961 -0.202398
    outer loop
      vertex 7.34767 -8.60301 3
      vertex 4.19378 -8.23077 2
      vertex 7.57035 -8.40772 2
    endloop
  endfacet
  facet normal -0.0783384 -0.995407 -0.0550261
    outer loop
      vertex 4.09704 -8.32294 2.5614
      vertex 7.34767 -8.60301 3
      vertex 3.97689 -8.33773 3
    endloop
  endfacet
  facet normal -0.0783431 -0.995409 -0.0549924
    outer loop
      vertex 7.34767 -8.60301 3
      vertex 4.09704 -8.32294 2.5614
      vertex 4.10891 -8.31709 2.4386
    endloop
  endfacet
  facet normal 0.997117 -0.0522573 0.0550114
    outer loop
      vertex 7.71697 -5.14836 2.4386
      vertex 7.57035 -8.40772 2
      vertex 7.74731 -5.03116 2
    endloop
  endfacet
  facet normal 0.997118 -0.0522558 0.055
    outer loop
      vertex 7.57035 -8.40772 2
      vertex 7.71697 -5.14836 2.4386
      vertex 7.70962 -5.15936 2.5614
    endloop
  endfacet
  facet normal 0.976282 -0.0768387 0.20241
    outer loop
      vertex 7.61295 -5.23224 3
      vertex 7.57035 -8.40772 2
      vertex 7.70962 -5.15936 2.5614
    endloop
  endfacet
  facet normal 0.976285 -0.0768338 0.202394
    outer loop
      vertex 7.57035 -8.40772 2
      vertex 7.61295 -5.23224 3
      vertex 7.34767 -8.60301 3
    endloop
  endfacet
  facet normal -0.076835 -0.976286 -0.202391
    outer loop
      vertex 3.97689 -8.33773 3
      vertex 7.11995 -8.7924 4
      vertex 3.88979 -8.4218 3.4386
    endloop
  endfacet
  facet normal -0.0768335 -0.976285 -0.202395
    outer loop
      vertex 7.11995 -8.7924 4
      vertex 3.97689 -8.33773 3
      vertex 7.34767 -8.60301 3
    endloop
  endfacet
  facet normal -0.10437 -0.993016 -0.0550053
    outer loop
      vertex 3.87777 -8.42734 3.5614
      vertex 7.11995 -8.7924 4
      vertex 3.75727 -8.43897 4
    endloop
  endfacet
  facet normal -0.104368 -0.993016 -0.0550148
    outer loop
      vertex 7.11995 -8.7924 4
      vertex 3.87777 -8.42734 3.5614
      vertex 3.88979 -8.4218 3.4386
    endloop
  endfacet
  facet normal 0.995407 -0.0783387 0.0550185
    outer loop
      vertex 7.57955 -5.3486 3.4386
      vertex 7.34767 -8.60301 3
      vertex 7.61295 -5.23224 3
    endloop
  endfacet
  facet normal 0.995411 -0.078331 0.0549594
    outer loop
      vertex 7.34767 -8.60301 3
      vertex 7.57955 -5.3486 3.4386
      vertex 7.57192 -5.3594 3.5614
    endloop
  endfacet
  facet normal 0.973938 -0.102365 0.2024
    outer loop
      vertex 7.47338 -5.42973 4
      vertex 7.34767 -8.60301 3
      vertex 7.57192 -5.3594 3.5614
    endloop
  endfacet
  facet normal 0.973939 -0.102365 0.202398
    outer loop
      vertex 7.34767 -8.60301 3
      vertex 7.47338 -5.42973 4
      vertex 7.11995 -8.7924 4
    endloop
  endfacet
  facet normal -0.102369 -0.97394 -0.202389
    outer loop
      vertex 3.75727 -8.43897 4
      vertex 6.88735 -8.97577 5
      vertex 3.668 -8.52073 4.4386
    endloop
  endfacet
  facet normal -0.102364 -0.973938 -0.202401
    outer loop
      vertex 6.88735 -8.97577 5
      vertex 3.75727 -8.43897 4
      vertex 7.11995 -8.7924 4
    endloop
  endfacet
  facet normal -0.13033 -0.989944 -0.0550011
    outer loop
      vertex 3.65584 -8.52596 4.5614
      vertex 6.88735 -8.97577 5
      vertex 3.53508 -8.53443 5
    endloop
  endfacet
  facet normal -0.130321 -0.989942 -0.0550659
    outer loop
      vertex 6.88735 -8.97577 5
      vertex 3.65584 -8.52596 4.5614
      vertex 3.668 -8.52073 4.4386
    endloop
  endfacet
  facet normal 0.993016 -0.10437 0.0550094
    outer loop
      vertex 7.43695 -5.54517 4.4386
      vertex 7.11995 -8.7924 4
      vertex 7.47338 -5.42973 4
    endloop
  endfacet
  facet normal 0.993015 -0.104372 0.0550268
    outer loop
      vertex 7.11995 -8.7924 4
      vertex 7.43695 -5.54517 4.4386
      vertex 7.42903 -5.55578 4.5614
    endloop
  endfacet
  facet normal 0.970923 -0.127826 0.202407
    outer loop
      vertex 7.32868 -5.6235 5
      vertex 7.11995 -8.7924 4
      vertex 7.42903 -5.55578 4.5614
    endloop
  endfacet
  facet normal 0.970925 -0.127823 0.202398
    outer loop
      vertex 7.11995 -8.7924 4
      vertex 7.32868 -5.6235 5
      vertex 6.88735 -8.97577 5
    endloop
  endfacet
  facet normal -0.127824 -0.970925 -0.202401
    outer loop
      vertex 3.53508 -8.53443 5
      vertex 6.65003 -9.15298 6
      vertex 3.44369 -8.61383 5.4386
    endloop
  endfacet
  facet normal -0.127826 -0.970926 -0.202394
    outer loop
      vertex 6.65003 -9.15298 6
      vertex 3.53508 -8.53443 5
      vertex 6.88735 -8.97577 5
    endloop
  endfacet
  facet normal -0.156196 -0.986193 -0.0550092
    outer loop
      vertex 3.4314 -8.61874 5.5614
      vertex 6.65003 -9.15298 6
      vertex 3.31046 -8.62405 6
    endloop
  endfacet
  facet normal -0.156188 -0.986191 -0.0550631
    outer loop
      vertex 6.65003 -9.15298 6
      vertex 3.4314 -8.61874 5.5614
      vertex 3.44369 -8.61383 5.4386
    endloop
  endfacet
  facet normal 0.989944 -0.130327 0.0550101
    outer loop
      vertex 7.28924 -5.73795 5.4386
      vertex 6.88735 -8.97577 5
      vertex 7.32868 -5.6235 5
    endloop
  endfacet
  facet normal 0.989945 -0.130325 0.0549965
    outer loop
      vertex 6.88735 -8.97577 5
      vertex 7.28924 -5.73795 5.4386
      vertex 7.28105 -5.74834 5.5614
    endloop
  endfacet
  facet normal 0.967248 -0.153195 0.20239
    outer loop
      vertex 7.17897 -5.81341 6
      vertex 6.88735 -8.97577 5
      vertex 7.28105 -5.74834 5.5614
    endloop
  endfacet
  facet normal 0.967246 -0.153198 0.202399
    outer loop
      vertex 6.88735 -8.97577 5
      vertex 7.17897 -5.81341 6
      vertex 6.65003 -9.15298 6
    endloop
  endfacet
  facet normal -0.153195 -0.967247 -0.202398
    outer loop
      vertex 3.31046 -8.62405 6
      vertex 6.40815 -9.32392 7
      vertex 3.21703 -8.70103 6.4386
    endloop
  endfacet
  facet normal -0.153195 -0.967247 -0.202396
    outer loop
      vertex 6.40815 -9.32392 7
      vertex 3.31046 -8.62405 6
      vertex 6.65003 -9.15298 6
    endloop
  endfacet
  facet normal -0.181959 -0.981767 -0.0550011
    outer loop
      vertex 3.20461 -8.70561 6.5614
      vertex 6.40815 -9.32392 7
      vertex 3.08358 -8.70775 7
    endloop
  endfacet
  facet normal -0.181956 -0.981766 -0.0550194
    outer loop
      vertex 6.40815 -9.32392 7
      vertex 3.20461 -8.70561 6.5614
      vertex 3.21703 -8.70103 6.4386
    endloop
  endfacet
  facet normal 0.986192 -0.156199 0.0550222
    outer loop
      vertex 7.13654 -5.9268 6.4386
      vertex 6.65003 -9.15298 6
      vertex 7.17897 -5.81341 6
    endloop
  endfacet
  facet normal 0.986193 -0.156197 0.0550055
    outer loop
      vertex 6.65003 -9.15298 6
      vertex 7.13654 -5.9268 6.4386
      vertex 7.12808 -5.93697 6.5614
    endloop
  endfacet
  facet normal 0.962905 -0.178464 0.202395
    outer loop
      vertex 7.02433 -5.99934 7
      vertex 6.65003 -9.15298 6
      vertex 7.12808 -5.93697 6.5614
    endloop
  endfacet
  facet normal 0.962904 -0.178465 0.2024
    outer loop
      vertex 6.65003 -9.15298 6
      vertex 7.02433 -5.99934 7
      vertex 6.40815 -9.32392 7
    endloop
  endfacet
  facet normal -0.17846 -0.962904 -0.202405
    outer loop
      vertex 3.08358 -8.70775 7
      vertex 6.16189 -9.48847 8
      vertex 2.98816 -8.78226 7.4386
    endloop
  endfacet
  facet normal -0.178463 -0.962906 -0.202394
    outer loop
      vertex 6.16189 -9.48847 8
      vertex 3.08358 -8.70775 7
      vertex 6.40815 -9.32392 7
    endloop
  endfacet
  facet normal -0.207597 -0.976667 -0.0550014
    outer loop
      vertex 2.97563 -8.78651 7.5614
      vertex 6.16189 -9.48847 8
      vertex 2.85458 -8.78548 8
    endloop
  endfacet
  facet normal -0.207599 -0.976667 -0.0549842
    outer loop
      vertex 6.16189 -9.48847 8
      vertex 2.97563 -8.78651 7.5614
      vertex 2.98816 -8.78226 7.4386
    endloop
  endfacet
  facet normal 0.981766 -0.181961 0.0550141
    outer loop
      vertex 6.97895 -6.11158 7.4386
      vertex 6.40815 -9.32392 7
      vertex 7.02433 -5.99934 7
    endloop
  endfacet
  facet normal 0.981768 -0.181958 0.0549866
    outer loop
      vertex 6.40815 -9.32392 7
      vertex 6.97895 -6.11158 7.4386
      vertex 6.97023 -6.12152 7.5614
    endloop
  endfacet
  facet normal 0.957903 -0.203611 0.202398
    outer loop
      vertex 6.86488 -6.18116 8
      vertex 6.40815 -9.32392 7
      vertex 6.97023 -6.12152 7.5614
    endloop
  endfacet
  facet normal 0.957905 -0.203609 0.20239
    outer loop
      vertex 6.40815 -9.32392 7
      vertex 6.86488 -6.18116 8
      vertex 6.16189 -9.48847 8
    endloop
  endfacet
  facet normal -0.203603 -0.957901 -0.202412
    outer loop
      vertex 2.85458 -8.78548 8
      vertex 5.9114 -9.64652 9
      vertex 2.75724 -8.85747 8.4386
    endloop
  endfacet
  facet normal -0.203608 -0.957903 -0.202398
    outer loop
      vertex 5.9114 -9.64652 9
      vertex 2.85458 -8.78548 8
      vertex 6.16189 -9.48847 8
    endloop
  endfacet
  facet normal -0.23309 -0.970897 -0.0550239
    outer loop
      vertex 2.74461 -8.86139 8.5614
      vertex 5.9114 -9.64652 9
      vertex 2.62362 -8.8572 9
    endloop
  endfacet
  facet normal -0.233098 -0.970898 -0.054967
    outer loop
      vertex 5.9114 -9.64652 9
      vertex 2.74461 -8.86139 8.5614
      vertex 2.75724 -8.85747 8.4386
    endloop
  endfacet
  facet normal 0.976666 -0.207597 0.0550107
    outer loop
      vertex 6.81658 -6.29217 8.4386
      vertex 6.16189 -9.48847 8
      vertex 6.86488 -6.18116 8
    endloop
  endfacet
  facet normal 0.976668 -0.207594 0.0549891
    outer loop
      vertex 6.16189 -9.48847 8
      vertex 6.81658 -6.29217 8.4386
      vertex 6.8076 -6.30189 8.5614
    endloop
  endfacet
  facet normal 0.952242 -0.228616 0.202409
    outer loop
      vertex 6.70072 -6.35875 9
      vertex 6.16189 -9.48847 8
      vertex 6.8076 -6.30189 8.5614
    endloop
  endfacet
  facet normal 0.952246 -0.228613 0.202396
    outer loop
      vertex 6.16189 -9.48847 8
      vertex 6.70072 -6.35875 9
      vertex 5.9114 -9.64652 9
    endloop
  endfacet
  facet normal -0.228615 -0.952246 -0.202393
    outer loop
      vertex 2.62362 -8.8572 9
      vertex 5.65685 -9.79796 10
      vertex 2.52444 -8.92661 9.4386
    endloop
  endfacet
  facet normal -0.228612 -0.952245 -0.202401
    outer loop
      vertex 5.65685 -9.79796 10
      vertex 2.62362 -8.8572 9
      vertex 5.9114 -9.64652 9
    endloop
  endfacet
  facet normal -0.258428 -0.964463 -0.0550101
    outer loop
      vertex 2.5117 -8.9302 9.5614
      vertex 5.65685 -9.79796 10
      vertex 2.39087 -8.92284 10
    endloop
  endfacet
  facet normal -0.258429 -0.964463 -0.0550065
    outer loop
      vertex 5.65685 -9.79796 10
      vertex 2.5117 -8.9302 9.5614
      vertex 2.52444 -8.92661 9.4386
    endloop
  endfacet
  facet normal 0.970897 -0.233091 0.0550164
    outer loop
      vertex 6.64953 -6.46845 9.4386
      vertex 5.9114 -9.64652 9
      vertex 6.70072 -6.35875 9
    endloop
  endfacet
  facet normal 0.9709 -0.233087 0.0549817
    outer loop
      vertex 5.9114 -9.64652 9
      vertex 6.64953 -6.46845 9.4386
      vertex 6.6403 -6.47793 9.5614
    endloop
  endfacet
  facet normal 0.945932 -0.253463 0.202407
    outer loop
      vertex 6.53197 -6.53197 10
      vertex 5.9114 -9.64652 9
      vertex 6.6403 -6.47793 9.5614
    endloop
  endfacet
  facet normal 0.945933 -0.253462 0.202403
    outer loop
      vertex 5.9114 -9.64652 9
      vertex 6.53197 -6.53197 10
      vertex 5.65685 -9.79796 10
    endloop
  endfacet
  facet normal -0.253463 -0.945935 -0.202397
    outer loop
      vertex 2.39087 -8.92284 10
      vertex 5.39843 -9.94268 11
      vertex 2.2899 -8.98963 10.4386
    endloop
  endfacet
  facet normal -0.253463 -0.945935 -0.202396
    outer loop
      vertex 5.39843 -9.94268 11
      vertex 2.39087 -8.92284 10
      vertex 5.65685 -9.79796 10
    endloop
  endfacet
  facet normal -0.283585 -0.957368 -0.0550134
    outer loop
      vertex 2.27708 -8.99289 10.5614
      vertex 5.39843 -9.94268 11
      vertex 2.15648 -8.98237 11
    endloop
  endfacet
  facet normal -0.283584 -0.957368 -0.0550209
    outer loop
      vertex 5.39843 -9.94268 11
      vertex 2.27708 -8.99289 10.5614
      vertex 2.2899 -8.98963 10.4386
    endloop
  endfacet
  facet normal 0.964464 -0.258427 0.0550027
    outer loop
      vertex 6.47793 -6.6403 10.4386
      vertex 5.65685 -9.79796 10
      vertex 6.53197 -6.53197 10
    endloop
  endfacet
  facet normal 0.964461 -0.258431 0.0550307
    outer loop
      vertex 5.65685 -9.79796 10
      vertex 6.47793 -6.6403 10.4386
      vertex 6.46845 -6.64953 10.5614
    endloop
  endfacet
  facet normal 0.938977 -0.278137 0.202389
    outer loop
      vertex 6.35875 -6.70072 11
      vertex 5.65685 -9.79796 10
      vertex 6.46845 -6.64953 10.5614
    endloop
  endfacet
  facet normal 0.938975 -0.278139 0.202398
    outer loop
      vertex 5.65685 -9.79796 10
      vertex 6.35875 -6.70072 11
      vertex 5.39843 -9.94268 11
    endloop
  endfacet
  facet normal -0.278144 -0.938976 -0.202387
    outer loop
      vertex 2.15648 -8.98237 11
      vertex 5.13632 -10.0806 12
      vertex 2.0538 -9.04649 11.4386
    endloop
  endfacet
  facet normal -0.278137 -0.938974 -0.202406
    outer loop
      vertex 5.13632 -10.0806 12
      vertex 2.15648 -8.98237 11
      vertex 5.39843 -9.94268 11
    endloop
  endfacet
  facet normal -0.308552 -0.949615 -0.0550192
    outer loop
      vertex 2.04089 -9.04941 11.5614
      vertex 5.13632 -10.0806 12
      vertex 1.92061 -9.03574 12
    endloop
  endfacet
  facet normal -0.308552 -0.949615 -0.0550186
    outer loop
      vertex 5.13632 -10.0806 12
      vertex 2.04089 -9.04941 11.5614
      vertex 2.0538 -9.04649 11.4386
    endloop
  endfacet
  facet normal 0.957367 -0.283587 0.055007
    outer loop
      vertex 6.30189 -6.8076 11.4386
      vertex 5.39843 -9.94268 11
      vertex 6.35875 -6.70072 11
    endloop
  endfacet
  facet normal 0.957364 -0.283591 0.0550402
    outer loop
      vertex 5.39843 -9.94268 11
      vertex 6.30189 -6.8076 11.4386
      vertex 6.29217 -6.81658 11.5614
    endloop
  endfacet
  facet normal 0.931371 -0.302624 0.202405
    outer loop
      vertex 6.18116 -6.86488 12
      vertex 5.39843 -9.94268 11
      vertex 6.29217 -6.81658 11.5614
    endloop
  endfacet
  facet normal 0.931376 -0.302619 0.202386
    outer loop
      vertex 5.39843 -9.94268 11
      vertex 6.18116 -6.86488 12
      vertex 5.13632 -10.0806 12
    endloop
  endfacet
  facet normal -0.30262 -0.931371 -0.20241
    outer loop
      vertex 1.92061 -9.03574 12
      vertex 4.87068 -10.2116 13
      vertex 1.81628 -9.09716 12.4386
    endloop
  endfacet
  facet normal -0.302625 -0.931372 -0.202399
    outer loop
      vertex 4.87068 -10.2116 13
      vertex 1.92061 -9.03574 12
      vertex 5.13632 -10.0806 12
    endloop
  endfacet
  facet normal -0.333305 -0.941213 -0.0550054
    outer loop
      vertex 1.8033 -9.09974 12.5614
      vertex 4.87068 -10.2116 13
      vertex 1.68342 -9.08292 13
    endloop
  endfacet
  facet normal -0.333305 -0.941213 -0.0550051
    outer loop
      vertex 4.87068 -10.2116 13
      vertex 1.8033 -9.09974 12.5614
      vertex 1.81628 -9.09716 12.4386
    endloop
  endfacet
  facet normal 0.949617 -0.308546 0.0550156
    outer loop
      vertex 6.12152 -6.97023 12.4386
      vertex 5.13632 -10.0806 12
      vertex 6.18116 -6.86488 12
    endloop
  endfacet
  facet normal 0.949623 -0.30854 0.0549575
    outer loop
      vertex 5.13632 -10.0806 12
      vertex 6.12152 -6.97023 12.4386
      vertex 6.11158 -6.97895 12.5614
    endloop
  endfacet
  facet normal 0.923129 -0.326898 0.202411
    outer loop
      vertex 5.99934 -7.02433 13
      vertex 5.13632 -10.0806 12
      vertex 6.11158 -6.97895 12.5614
    endloop
  endfacet
  facet normal 0.923133 -0.326895 0.202398
    outer loop
      vertex 5.13632 -10.0806 12
      vertex 5.99934 -7.02433 13
      vertex 4.87068 -10.2116 13
    endloop
  endfacet
  facet normal -0.326903 -0.923131 -0.202394
    outer loop
      vertex 1.68342 -9.08292 13
      vertex 4.6017 -10.3356 14
      vertex 1.57752 -9.14158 13.4386
    endloop
  endfacet
  facet normal -0.326901 -0.923131 -0.202398
    outer loop
      vertex 4.6017 -10.3356 14
      vertex 1.68342 -9.08292 13
      vertex 4.87068 -10.2116 13
    endloop
  endfacet
  facet normal -0.35783 -0.932165 -0.0550118
    outer loop
      vertex 1.56448 -9.14382 13.5614
      vertex 4.6017 -10.3356 14
      vertex 1.44508 -9.12387 14
    endloop
  endfacet
  facet normal -0.357831 -0.932165 -0.0550014
    outer loop
      vertex 4.6017 -10.3356 14
      vertex 1.56448 -9.14382 13.5614
      vertex 1.57752 -9.14158 13.4386
    endloop
  endfacet
  facet normal 0.941216 -0.333299 0.055002
    outer loop
      vertex 5.93697 -7.12808 13.4386
      vertex 4.87068 -10.2116 13
      vertex 5.99934 -7.02433 13
    endloop
  endfacet
  facet normal 0.941217 -0.333297 0.0549877
    outer loop
      vertex 4.87068 -10.2116 13
      vertex 5.93697 -7.12808 13.4386
      vertex 5.9268 -7.13654 13.5614
    endloop
  endfacet
  facet normal 0.914256 -0.350951 0.202409
    outer loop
      vertex 5.81341 -7.17897 14
      vertex 4.87068 -10.2116 13
      vertex 5.9268 -7.13654 13.5614
    endloop
  endfacet
  facet normal 0.914259 -0.350949 0.2024
    outer loop
      vertex 4.87068 -10.2116 13
      vertex 5.81341 -7.17897 14
      vertex 4.6017 -10.3356 14
    endloop
  endfacet
  facet normal -0.350943 -0.914257 -0.202417
    outer loop
      vertex 1.44508 -9.12387 14
      vertex 4.32957 -10.4525 15
      vertex 1.33768 -9.17975 14.4386
    endloop
  endfacet
  facet normal -0.350956 -0.91426 -0.202383
    outer loop
      vertex 4.32957 -10.4525 15
      vertex 1.44508 -9.12387 14
      vertex 4.6017 -10.3356 14
    endloop
  endfacet
  facet normal -0.382101 -0.92248 -0.0550308
    outer loop
      vertex 1.32459 -9.18164 14.5614
      vertex 4.32957 -10.4525 15
      vertex 1.20575 -9.15858 15
    endloop
  endfacet
  facet normal -0.382116 -0.92248 -0.0549299
    outer loop
      vertex 4.32957 -10.4525 15
      vertex 1.32459 -9.18164 14.5614
      vertex 1.33768 -9.17975 14.4386
    endloop
  endfacet
  facet normal 0.932167 -0.357823 0.0550148
    outer loop
      vertex 5.74834 -7.28105 14.4386
      vertex 4.6017 -10.3356 14
      vertex 5.81341 -7.17897 14
    endloop
  endfacet
  facet normal 0.932168 -0.357822 0.0550054
    outer loop
      vertex 4.6017 -10.3356 14
      vertex 5.74834 -7.28105 14.4386
      vertex 5.73795 -7.28924 14.5614
    endloop
  endfacet
  facet normal 0.90476 -0.374761 0.202392
    outer loop
      vertex 5.6235 -7.32868 15
      vertex 4.6017 -10.3356 14
      vertex 5.73795 -7.28924 14.5614
    endloop
  endfacet
  facet normal 0.904757 -0.374763 0.202402
    outer loop
      vertex 4.6017 -10.3356 14
      vertex 5.6235 -7.32868 15
      vertex 4.32957 -10.4525 15
    endloop
  endfacet
  facet normal -0.374774 -0.904754 -0.202396
    outer loop
      vertex 1.20575 -9.15858 15
      vertex 4.05447 -10.5623 16
      vertex 1.09693 -9.21162 15.4386
    endloop
  endfacet
  facet normal -0.374758 -0.904752 -0.202438
    outer loop
      vertex 4.05447 -10.5623 16
      vertex 1.20575 -9.15858 15
      vertex 4.32957 -10.4525 15
    endloop
  endfacet
  facet normal -0.406131 -0.912157 -0.0550213
    outer loop
      vertex 1.08379 -9.21317 15.5614
      vertex 4.05447 -10.5623 16
      vertex 0.965593 -9.187 16
    endloop
  endfacet
  facet normal -0.406138 -0.912157 -0.0549715
    outer loop
      vertex 4.05447 -10.5623 16
      vertex 1.08379 -9.21317 15.5614
      vertex 1.09693 -9.21162 15.4386
    endloop
  endfacet
  facet normal 0.922481 -0.382104 0.0550073
    outer loop
      vertex 5.55578 -7.42903 15.4386
      vertex 4.32957 -10.4525 15
      vertex 5.6235 -7.32868 15
    endloop
  endfacet
  facet normal 0.922475 -0.38211 0.0550583
    outer loop
      vertex 4.32957 -10.4525 15
      vertex 5.55578 -7.42903 15.4386
      vertex 5.54517 -7.43695 15.5614
    endloop
  endfacet
  facet normal 0.894641 -0.398317 0.202386
    outer loop
      vertex 5.42973 -7.47338 16
      vertex 4.32957 -10.4525 15
      vertex 5.54517 -7.43695 15.5614
    endloop
  endfacet
  facet normal 0.894643 -0.398316 0.202381
    outer loop
      vertex 4.32957 -10.4525 15
      vertex 5.42973 -7.47338 16
      vertex 4.05447 -10.5623 16
    endloop
  endfacet
  facet normal -0.398329 -0.894635 -0.202391
    outer loop
      vertex 0.965593 -9.187 16
      vertex 3.77659 -10.6648 17
      vertex 0.855421 -9.23717 16.4386
    endloop
  endfacet
  facet normal -0.39833 -0.894635 -0.202388
    outer loop
      vertex 3.77659 -10.6648 17
      vertex 0.965593 -9.187 16
      vertex 4.05447 -10.5623 16
    endloop
  endfacet
  facet normal -0.429866 -0.901215 -0.0550097
    outer loop
      vertex 0.842245 -9.23839 16.5614
      vertex 3.77659 -10.6648 17
      vertex 0.724774 -9.20913 17
    endloop
  endfacet
  facet normal -0.429856 -0.901216 -0.0550755
    outer loop
      vertex 3.77659 -10.6648 17
      vertex 0.842245 -9.23839 16.5614
      vertex 0.855421 -9.23717 16.4386
    endloop
  endfacet
  facet normal 0.912163 -0.406117 0.0550244
    outer loop
      vertex 5.3594 -7.57192 16.4386
      vertex 4.05447 -10.5623 16
      vertex 5.42973 -7.47338 16
    endloop
  endfacet
  facet normal 0.912167 -0.406113 0.0549899
    outer loop
      vertex 4.05447 -10.5623 16
      vertex 5.3594 -7.57192 16.4386
      vertex 5.3486 -7.57955 16.5614
    endloop
  endfacet
  facet normal 0.883908 -0.421596 0.202394
    outer loop
      vertex 5.23224 -7.61295 17
      vertex 4.05447 -10.5623 16
      vertex 5.3486 -7.57955 16.5614
    endloop
  endfacet
  facet normal 0.883904 -0.421598 0.202405
    outer loop
      vertex 4.05447 -10.5623 16
      vertex 5.23224 -7.61295 17
      vertex 3.77659 -10.6648 17
    endloop
  endfacet
  facet normal -0.421608 -0.883903 -0.202392
    outer loop
      vertex 0.724774 -9.20913 17
      vertex 3.49613 -10.76 18
      vertex 0.613327 -9.2564 17.4386
    endloop
  endfacet
  facet normal -0.421608 -0.883903 -0.202392
    outer loop
      vertex 3.49613 -10.76 18
      vertex 0.724774 -9.20913 17
      vertex 3.77659 -10.6648 17
    endloop
  endfacet
  facet normal -0.45331 -0.889655 -0.0549986
    outer loop
      vertex 0.600123 -9.25727 17.5614
      vertex 3.49613 -10.76 18
      vertex 0.483459 -9.22494 18
    endloop
  endfacet
  facet normal -0.453303 -0.889655 -0.0550441
    outer loop
      vertex 3.49613 -10.76 18
      vertex 0.600123 -9.25727 17.5614
      vertex 0.613327 -9.2564 17.4386
    endloop
  endfacet
  facet normal 0.90122 -0.429857 0.0550081
    outer loop
      vertex 5.15936 -7.70962 17.4386
      vertex 3.77659 -10.6648 17
      vertex 5.23224 -7.61295 17
    endloop
  endfacet
  facet normal 0.90122 -0.429857 0.0549998
    outer loop
      vertex 3.77659 -10.6648 17
      vertex 5.15936 -7.70962 17.4386
      vertex 5.14836 -7.71697 17.5614
    endloop
  endfacet
  facet normal 0.872565 -0.444591 0.202407
    outer loop
      vertex 3.49613 -10.76 18
      vertex 5.14836 -7.71697 17.5614
      vertex 5.03116 -7.74731 18
    endloop
  endfacet
  facet normal 0.872567 -0.444593 0.202395
    outer loop
      vertex 5.14836 -7.71697 17.5614
      vertex 3.49613 -10.76 18
      vertex 3.77659 -10.6648 17
    endloop
  endfacet
  facet normal -0.444593 -0.872566 -0.202398
    outer loop
      vertex 0.483459 -9.22494 18
      vertex 3.21327 -10.8478 19
      vertex 0.370812 -9.26928 18.4386
    endloop
  endfacet
  facet normal -0.444603 -0.872567 -0.202372
    outer loop
      vertex 3.21327 -10.8478 19
      vertex 0.483459 -9.22494 18
      vertex 3.49613 -10.76 18
    endloop
  endfacet
  facet normal -0.476434 -0.877487 -0.055023
    outer loop
      vertex 0.357591 -9.2698 18.5614
      vertex 3.21327 -10.8478 19
      vertex 0.241812 -9.23444 19
    endloop
  endfacet
  facet normal -0.476435 -0.877487 -0.0550102
    outer loop
      vertex 3.21327 -10.8478 19
      vertex 0.357591 -9.2698 18.5614
      vertex 0.370812 -9.26928 18.4386
    endloop
  endfacet
  facet normal 0.889658 -0.4533 0.0550268
    outer loop
      vertex 4.95577 -7.84203 18.4386
      vertex 3.49613 -10.76 18
      vertex 5.03116 -7.74731 18
    endloop
  endfacet
  facet normal 0.88966 -0.453298 0.0550082
    outer loop
      vertex 3.49613 -10.76 18
      vertex 4.95577 -7.84203 18.4386
      vertex 4.94458 -7.84909 18.5614
    endloop
  endfacet
  facet normal 0.860629 -0.467282 0.202401
    outer loop
      vertex 3.21327 -10.8478 19
      vertex 4.94458 -7.84909 18.5614
      vertex 4.82663 -7.87635 19
    endloop
  endfacet
  facet normal 0.860628 -0.46728 0.20241
    outer loop
      vertex 4.94458 -7.84909 18.5614
      vertex 3.21327 -10.8478 19
      vertex 3.49613 -10.76 18
    endloop
  endfacet
  facet normal -0.467287 -0.860629 -0.202386
    outer loop
      vertex 0.241812 -9.23444 19
      vertex 2.9282 -10.9282 20
      vertex 0.128044 -9.27581 19.4386
    endloop
  endfacet
  facet normal -0.467281 -0.860629 -0.202402
    outer loop
      vertex 2.9282 -10.9282 20
      vertex 0.241812 -9.23444 19
      vertex 3.21327 -10.8478 19
    endloop
  endfacet
  facet normal -0.499244 -0.864714 -0.0550007
    outer loop
      vertex 0.114813 -9.27599 19.5614
      vertex 2.9282 -10.9282 20
      vertex 0 -9.2376 20
    endloop
  endfacet
  facet normal -0.499236 -0.864715 -0.0550573
    outer loop
      vertex 2.9282 -10.9282 20
      vertex 0.114813 -9.27599 19.5614
      vertex 0.128044 -9.27581 19.4386
    endloop
  endfacet
  facet normal 0.877488 -0.476435 0.0549927
    outer loop
      vertex 4.7488 -7.96907 19.4386
      vertex 3.21327 -10.8478 19
      vertex 4.82663 -7.87635 19
    endloop
  endfacet
  facet normal 0.877477 -0.476444 0.055089
    outer loop
      vertex 3.21327 -10.8478 19
      vertex 4.7488 -7.96907 19.4386
      vertex 4.73742 -7.97583 19.5614
    endloop
  endfacet
  facet normal 0.848103 -0.489653 0.202387
    outer loop
      vertex 2.9282 -10.9282 20
      vertex 4.73742 -7.97583 19.5614
      vertex 4.6188 -8 20
    endloop
  endfacet
  facet normal 0.848102 -0.489651 0.2024
    outer loop
      vertex 4.73742 -7.97583 19.5614
      vertex 2.9282 -10.9282 20
      vertex 3.21327 -10.8478 19
    endloop
  endfacet
  facet normal 0.489654 -0.848103 -0.202386
    outer loop
      vertex 10.9282 -2.9282 0
      vertex 7.97583 -4.73742 0.438603
      vertex 8 -4.6188 0
    endloop
  endfacet
  facet normal 0.48965 -0.848102 -0.2024
    outer loop
      vertex 7.97583 -4.73742 0.438603
      vertex 10.9282 -2.9282 0
      vertex 10.8478 -3.21327 1
    endloop
  endfacet
  facet normal 0.476435 -0.877488 -0.0549923
    outer loop
      vertex 7.96907 -4.7488 0.561397
      vertex 10.8478 -3.21327 1
      vertex 7.87635 -4.82663 1
    endloop
  endfacet
  facet normal 0.476445 -0.877477 -0.0550916
    outer loop
      vertex 10.8478 -3.21327 1
      vertex 7.96907 -4.7488 0.561397
      vertex 7.97583 -4.73742 0.438603
    endloop
  endfacet
  facet normal 0.864714 0.499244 0.0550003
    outer loop
      vertex 9.27599 -0.114813 0.438603
      vertex 10.9282 -2.9282 0
      vertex 9.2376 0 0
    endloop
  endfacet
  facet normal 0.864715 0.499235 0.0550599
    outer loop
      vertex 10.9282 -2.9282 0
      vertex 9.27599 -0.114813 0.438603
      vertex 9.27581 -0.128044 0.561397
    endloop
  endfacet
  facet normal 0.860629 0.467287 0.202385
    outer loop
      vertex 9.23444 -0.241812 1
      vertex 10.9282 -2.9282 0
      vertex 9.27581 -0.128044 0.561397
    endloop
  endfacet
  facet normal 0.860629 0.467281 0.202402
    outer loop
      vertex 10.9282 -2.9282 0
      vertex 9.23444 -0.241812 1
      vertex 10.8478 -3.21327 1
    endloop
  endfacet
  facet normal 0.467282 -0.860629 -0.202401
    outer loop
      vertex 10.8478 -3.21327 1
      vertex 7.84909 -4.94458 1.4386
      vertex 7.87635 -4.82663 1
    endloop
  endfacet
  facet normal 0.46728 -0.860628 -0.20241
    outer loop
      vertex 7.84909 -4.94458 1.4386
      vertex 10.8478 -3.21327 1
      vertex 10.76 -3.49613 2
    endloop
  endfacet
  facet normal 0.4533 -0.889658 -0.0550268
    outer loop
      vertex 7.84203 -4.95577 1.5614
      vertex 10.76 -3.49613 2
      vertex 7.74731 -5.03116 2
    endloop
  endfacet
  facet normal 0.453298 -0.88966 -0.0550082
    outer loop
      vertex 10.76 -3.49613 2
      vertex 7.84203 -4.95577 1.5614
      vertex 7.84909 -4.94458 1.4386
    endloop
  endfacet
  facet normal 0.877487 0.476434 0.055023
    outer loop
      vertex 9.2698 -0.357591 1.4386
      vertex 10.8478 -3.21327 1
      vertex 9.23444 -0.241812 1
    endloop
  endfacet
  facet normal 0.877487 0.476435 0.0550102
    outer loop
      vertex 10.8478 -3.21327 1
      vertex 9.2698 -0.357591 1.4386
      vertex 9.26928 -0.370812 1.5614
    endloop
  endfacet
  facet normal 0.872566 0.444593 0.202398
    outer loop
      vertex 9.22494 -0.483459 2
      vertex 10.8478 -3.21327 1
      vertex 9.26928 -0.370812 1.5614
    endloop
  endfacet
  facet normal 0.872567 0.444603 0.202372
    outer loop
      vertex 10.8478 -3.21327 1
      vertex 9.22494 -0.483459 2
      vertex 10.76 -3.49613 2
    endloop
  endfacet
  facet normal 0.444591 -0.872565 -0.202407
    outer loop
      vertex 10.76 -3.49613 2
      vertex 7.71697 -5.14836 2.4386
      vertex 7.74731 -5.03116 2
    endloop
  endfacet
  facet normal 0.444593 -0.872567 -0.202395
    outer loop
      vertex 7.71697 -5.14836 2.4386
      vertex 10.76 -3.49613 2
      vertex 10.6648 -3.77659 3
    endloop
  endfacet
  facet normal 0.429857 -0.90122 -0.0550081
    outer loop
      vertex 7.70962 -5.15936 2.5614
      vertex 10.6648 -3.77659 3
      vertex 7.61295 -5.23224 3
    endloop
  endfacet
  facet normal 0.429857 -0.90122 -0.0549998
    outer loop
      vertex 10.6648 -3.77659 3
      vertex 7.70962 -5.15936 2.5614
      vertex 7.71697 -5.14836 2.4386
    endloop
  endfacet
  facet normal 0.889655 0.45331 0.0549986
    outer loop
      vertex 9.25727 -0.600123 2.4386
      vertex 10.76 -3.49613 2
      vertex 9.22494 -0.483459 2
    endloop
  endfacet
  facet normal 0.889655 0.453303 0.0550441
    outer loop
      vertex 10.76 -3.49613 2
      vertex 9.25727 -0.600123 2.4386
      vertex 9.2564 -0.613327 2.5614
    endloop
  endfacet
  facet normal 0.883903 0.421608 0.202392
    outer loop
      vertex 9.20913 -0.724774 3
      vertex 10.76 -3.49613 2
      vertex 9.2564 -0.613327 2.5614
    endloop
  endfacet
  facet normal 0.883903 0.421608 0.202392
    outer loop
      vertex 10.76 -3.49613 2
      vertex 9.20913 -0.724774 3
      vertex 10.6648 -3.77659 3
    endloop
  endfacet
  facet normal 0.421596 -0.883908 -0.202394
    outer loop
      vertex 7.61295 -5.23224 3
      vertex 10.5623 -4.05447 4
      vertex 7.57955 -5.3486 3.4386
    endloop
  endfacet
  facet normal 0.421598 -0.883904 -0.202405
    outer loop
      vertex 10.5623 -4.05447 4
      vertex 7.61295 -5.23224 3
      vertex 10.6648 -3.77659 3
    endloop
  endfacet
  facet normal 0.406117 -0.912163 -0.0550244
    outer loop
      vertex 7.57192 -5.3594 3.5614
      vertex 10.5623 -4.05447 4
      vertex 7.47338 -5.42973 4
    endloop
  endfacet
  facet normal 0.406113 -0.912167 -0.0549899
    outer loop
      vertex 10.5623 -4.05447 4
      vertex 7.57192 -5.3594 3.5614
      vertex 7.57955 -5.3486 3.4386
    endloop
  endfacet
  facet normal 0.901215 0.429866 0.0550097
    outer loop
      vertex 9.23839 -0.842245 3.4386
      vertex 10.6648 -3.77659 3
      vertex 9.20913 -0.724774 3
    endloop
  endfacet
  facet normal 0.901216 0.429856 0.0550755
    outer loop
      vertex 10.6648 -3.77659 3
      vertex 9.23839 -0.842245 3.4386
      vertex 9.23717 -0.855421 3.5614
    endloop
  endfacet
  facet normal 0.894635 0.398329 0.202391
    outer loop
      vertex 9.187 -0.965593 4
      vertex 10.6648 -3.77659 3
      vertex 9.23717 -0.855421 3.5614
    endloop
  endfacet
  facet normal 0.894635 0.39833 0.202388
    outer loop
      vertex 10.6648 -3.77659 3
      vertex 9.187 -0.965593 4
      vertex 10.5623 -4.05447 4
    endloop
  endfacet
  facet normal 0.398317 -0.894641 -0.202386
    outer loop
      vertex 7.47338 -5.42973 4
      vertex 10.4525 -4.32957 5
      vertex 7.43695 -5.54517 4.4386
    endloop
  endfacet
  facet normal 0.398316 -0.894643 -0.202381
    outer loop
      vertex 10.4525 -4.32957 5
      vertex 7.47338 -5.42973 4
      vertex 10.5623 -4.05447 4
    endloop
  endfacet
  facet normal 0.382104 -0.922481 -0.0550073
    outer loop
      vertex 7.42903 -5.55578 4.5614
      vertex 10.4525 -4.32957 5
      vertex 7.32868 -5.6235 5
    endloop
  endfacet
  facet normal 0.38211 -0.922475 -0.0550583
    outer loop
      vertex 10.4525 -4.32957 5
      vertex 7.42903 -5.55578 4.5614
      vertex 7.43695 -5.54517 4.4386
    endloop
  endfacet
  facet normal 0.912157 0.406131 0.0550213
    outer loop
      vertex 9.21317 -1.08379 4.4386
      vertex 10.5623 -4.05447 4
      vertex 9.187 -0.965593 4
    endloop
  endfacet
  facet normal 0.912157 0.406138 0.0549715
    outer loop
      vertex 10.5623 -4.05447 4
      vertex 9.21317 -1.08379 4.4386
      vertex 9.21162 -1.09693 4.5614
    endloop
  endfacet
  facet normal 0.904754 0.374774 0.202396
    outer loop
      vertex 9.15858 -1.20575 5
      vertex 10.5623 -4.05447 4
      vertex 9.21162 -1.09693 4.5614
    endloop
  endfacet
  facet normal 0.904752 0.374758 0.202438
    outer loop
      vertex 10.5623 -4.05447 4
      vertex 9.15858 -1.20575 5
      vertex 10.4525 -4.32957 5
    endloop
  endfacet
  facet normal 0.374761 -0.90476 -0.202392
    outer loop
      vertex 7.32868 -5.6235 5
      vertex 10.3356 -4.6017 6
      vertex 7.28924 -5.73795 5.4386
    endloop
  endfacet
  facet normal 0.374763 -0.904757 -0.202402
    outer loop
      vertex 10.3356 -4.6017 6
      vertex 7.32868 -5.6235 5
      vertex 10.4525 -4.32957 5
    endloop
  endfacet
  facet normal 0.357823 -0.932167 -0.0550148
    outer loop
      vertex 7.28105 -5.74834 5.5614
      vertex 10.3356 -4.6017 6
      vertex 7.17897 -5.81341 6
    endloop
  endfacet
  facet normal 0.357822 -0.932168 -0.0550054
    outer loop
      vertex 10.3356 -4.6017 6
      vertex 7.28105 -5.74834 5.5614
      vertex 7.28924 -5.73795 5.4386
    endloop
  endfacet
  facet normal 0.92248 0.382101 0.0550308
    outer loop
      vertex 9.18164 -1.32459 5.4386
      vertex 10.4525 -4.32957 5
      vertex 9.15858 -1.20575 5
    endloop
  endfacet
  facet normal 0.92248 0.382116 0.0549299
    outer loop
      vertex 10.4525 -4.32957 5
      vertex 9.18164 -1.32459 5.4386
      vertex 9.17975 -1.33768 5.5614
    endloop
  endfacet
  facet normal 0.914257 0.350943 0.202417
    outer loop
      vertex 9.12387 -1.44508 6
      vertex 10.4525 -4.32957 5
      vertex 9.17975 -1.33768 5.5614
    endloop
  endfacet
  facet normal 0.91426 0.350956 0.202383
    outer loop
      vertex 10.4525 -4.32957 5
      vertex 9.12387 -1.44508 6
      vertex 10.3356 -4.6017 6
    endloop
  endfacet
  facet normal 0.350951 -0.914256 -0.202409
    outer loop
      vertex 7.17897 -5.81341 6
      vertex 10.2116 -4.87068 7
      vertex 7.13654 -5.9268 6.4386
    endloop
  endfacet
  facet normal 0.350949 -0.914259 -0.2024
    outer loop
      vertex 10.2116 -4.87068 7
      vertex 7.17897 -5.81341 6
      vertex 10.3356 -4.6017 6
    endloop
  endfacet
  facet normal 0.333299 -0.941216 -0.055002
    outer loop
      vertex 7.12808 -5.93697 6.5614
      vertex 10.2116 -4.87068 7
      vertex 7.02433 -5.99934 7
    endloop
  endfacet
  facet normal 0.333297 -0.941217 -0.0549877
    outer loop
      vertex 10.2116 -4.87068 7
      vertex 7.12808 -5.93697 6.5614
      vertex 7.13654 -5.9268 6.4386
    endloop
  endfacet
  facet normal 0.932165 0.35783 0.0550118
    outer loop
      vertex 9.14382 -1.56448 6.4386
      vertex 10.3356 -4.6017 6
      vertex 9.12387 -1.44508 6
    endloop
  endfacet
  facet normal 0.932165 0.357831 0.0550014
    outer loop
      vertex 10.3356 -4.6017 6
      vertex 9.14382 -1.56448 6.4386
      vertex 9.14158 -1.57752 6.5614
    endloop
  endfacet
  facet normal 0.923131 0.326903 0.202394
    outer loop
      vertex 9.08292 -1.68342 7
      vertex 10.3356 -4.6017 6
      vertex 9.14158 -1.57752 6.5614
    endloop
  endfacet
  facet normal 0.923131 0.326901 0.202398
    outer loop
      vertex 10.3356 -4.6017 6
      vertex 9.08292 -1.68342 7
      vertex 10.2116 -4.87068 7
    endloop
  endfacet
  facet normal 0.326898 -0.923129 -0.202411
    outer loop
      vertex 7.02433 -5.99934 7
      vertex 10.0806 -5.13632 8
      vertex 6.97895 -6.11158 7.4386
    endloop
  endfacet
  facet normal 0.326895 -0.923133 -0.202398
    outer loop
      vertex 10.0806 -5.13632 8
      vertex 7.02433 -5.99934 7
      vertex 10.2116 -4.87068 7
    endloop
  endfacet
  facet normal 0.308546 -0.949617 -0.0550156
    outer loop
      vertex 6.97023 -6.12152 7.5614
      vertex 10.0806 -5.13632 8
      vertex 6.86488 -6.18116 8
    endloop
  endfacet
  facet normal 0.30854 -0.949623 -0.0549575
    outer loop
      vertex 10.0806 -5.13632 8
      vertex 6.97023 -6.12152 7.5614
      vertex 6.97895 -6.11158 7.4386
    endloop
  endfacet
  facet normal 0.941213 0.333305 0.0550054
    outer loop
      vertex 9.09974 -1.8033 7.4386
      vertex 10.2116 -4.87068 7
      vertex 9.08292 -1.68342 7
    endloop
  endfacet
  facet normal 0.941213 0.333305 0.0550051
    outer loop
      vertex 10.2116 -4.87068 7
      vertex 9.09974 -1.8033 7.4386
      vertex 9.09716 -1.81628 7.5614
    endloop
  endfacet
  facet normal 0.931371 0.30262 0.20241
    outer loop
      vertex 9.03574 -1.92061 8
      vertex 10.2116 -4.87068 7
      vertex 9.09716 -1.81628 7.5614
    endloop
  endfacet
  facet normal 0.931372 0.302625 0.202399
    outer loop
      vertex 10.2116 -4.87068 7
      vertex 9.03574 -1.92061 8
      vertex 10.0806 -5.13632 8
    endloop
  endfacet
  facet normal 0.302624 -0.931371 -0.202405
    outer loop
      vertex 6.86488 -6.18116 8
      vertex 9.94268 -5.39843 9
      vertex 6.81658 -6.29217 8.4386
    endloop
  endfacet
  facet normal 0.302619 -0.931376 -0.202386
    outer loop
      vertex 9.94268 -5.39843 9
      vertex 6.86488 -6.18116 8
      vertex 10.0806 -5.13632 8
    endloop
  endfacet
  facet normal 0.283587 -0.957367 -0.055007
    outer loop
      vertex 6.8076 -6.30189 8.5614
      vertex 9.94268 -5.39843 9
      vertex 6.70072 -6.35875 9
    endloop
  endfacet
  facet normal 0.283591 -0.957364 -0.0550402
    outer loop
      vertex 9.94268 -5.39843 9
      vertex 6.8076 -6.30189 8.5614
      vertex 6.81658 -6.29217 8.4386
    endloop
  endfacet
  facet normal 0.949615 0.308552 0.0550192
    outer loop
      vertex 9.04941 -2.04089 8.4386
      vertex 10.0806 -5.13632 8
      vertex 9.03574 -1.92061 8
    endloop
  endfacet
  facet normal 0.949615 0.308552 0.0550186
    outer loop
      vertex 10.0806 -5.13632 8
      vertex 9.04941 -2.04089 8.4386
      vertex 9.04649 -2.0538 8.5614
    endloop
  endfacet
  facet normal 0.938976 0.278144 0.202387
    outer loop
      vertex 8.98237 -2.15648 9
      vertex 10.0806 -5.13632 8
      vertex 9.04649 -2.0538 8.5614
    endloop
  endfacet
  facet normal 0.938974 0.278137 0.202406
    outer loop
      vertex 10.0806 -5.13632 8
      vertex 8.98237 -2.15648 9
      vertex 9.94268 -5.39843 9
    endloop
  endfacet
  facet normal 0.278137 -0.938977 -0.202389
    outer loop
      vertex 6.70072 -6.35875 9
      vertex 9.79796 -5.65685 10
      vertex 6.64953 -6.46845 9.4386
    endloop
  endfacet
  facet normal 0.278139 -0.938975 -0.202398
    outer loop
      vertex 9.79796 -5.65685 10
      vertex 6.70072 -6.35875 9
      vertex 9.94268 -5.39843 9
    endloop
  endfacet
  facet normal 0.258427 -0.964464 -0.0550027
    outer loop
      vertex 6.6403 -6.47793 9.5614
      vertex 9.79796 -5.65685 10
      vertex 6.53197 -6.53197 10
    endloop
  endfacet
  facet normal 0.258431 -0.964461 -0.0550307
    outer loop
      vertex 9.79796 -5.65685 10
      vertex 6.6403 -6.47793 9.5614
      vertex 6.64953 -6.46845 9.4386
    endloop
  endfacet
  facet normal 0.957368 0.283585 0.0550134
    outer loop
      vertex 8.99289 -2.27708 9.4386
      vertex 9.94268 -5.39843 9
      vertex 8.98237 -2.15648 9
    endloop
  endfacet
  facet normal 0.957368 0.283584 0.0550209
    outer loop
      vertex 9.94268 -5.39843 9
      vertex 8.99289 -2.27708 9.4386
      vertex 8.98963 -2.2899 9.5614
    endloop
  endfacet
  facet normal 0.945935 0.253463 0.202397
    outer loop
      vertex 8.92284 -2.39087 10
      vertex 9.94268 -5.39843 9
      vertex 8.98963 -2.2899 9.5614
    endloop
  endfacet
  facet normal 0.945935 0.253463 0.202396
    outer loop
      vertex 9.94268 -5.39843 9
      vertex 8.92284 -2.39087 10
      vertex 9.79796 -5.65685 10
    endloop
  endfacet
  facet normal 0.253463 -0.945932 -0.202407
    outer loop
      vertex 6.53197 -6.53197 10
      vertex 9.64652 -5.9114 11
      vertex 6.47793 -6.6403 10.4386
    endloop
  endfacet
  facet normal 0.253462 -0.945933 -0.202403
    outer loop
      vertex 9.64652 -5.9114 11
      vertex 6.53197 -6.53197 10
      vertex 9.79796 -5.65685 10
    endloop
  endfacet
  facet normal 0.233091 -0.970897 -0.0550164
    outer loop
      vertex 6.46845 -6.64953 10.5614
      vertex 9.64652 -5.9114 11
      vertex 6.35875 -6.70072 11
    endloop
  endfacet
  facet normal 0.233087 -0.9709 -0.0549817
    outer loop
      vertex 9.64652 -5.9114 11
      vertex 6.46845 -6.64953 10.5614
      vertex 6.47793 -6.6403 10.4386
    endloop
  endfacet
  facet normal 0.964463 0.258428 0.0550101
    outer loop
      vertex 8.9302 -2.5117 10.4386
      vertex 9.79796 -5.65685 10
      vertex 8.92284 -2.39087 10
    endloop
  endfacet
  facet normal 0.964463 0.258429 0.0550065
    outer loop
      vertex 9.79796 -5.65685 10
      vertex 8.9302 -2.5117 10.4386
      vertex 8.92661 -2.52444 10.5614
    endloop
  endfacet
  facet normal 0.952246 0.228615 0.202393
    outer loop
      vertex 8.8572 -2.62362 11
      vertex 9.79796 -5.65685 10
      vertex 8.92661 -2.52444 10.5614
    endloop
  endfacet
  facet normal 0.952245 0.228612 0.202401
    outer loop
      vertex 9.79796 -5.65685 10
      vertex 8.8572 -2.62362 11
      vertex 9.64652 -5.9114 11
    endloop
  endfacet
  facet normal 0.228616 -0.952242 -0.202409
    outer loop
      vertex 6.35875 -6.70072 11
      vertex 9.48847 -6.16189 12
      vertex 6.30189 -6.8076 11.4386
    endloop
  endfacet
  facet normal 0.228613 -0.952246 -0.202396
    outer loop
      vertex 9.48847 -6.16189 12
      vertex 6.35875 -6.70072 11
      vertex 9.64652 -5.9114 11
    endloop
  endfacet
  facet normal 0.207597 -0.976666 -0.0550107
    outer loop
      vertex 6.29217 -6.81658 11.5614
      vertex 9.48847 -6.16189 12
      vertex 6.18116 -6.86488 12
    endloop
  endfacet
  facet normal 0.207594 -0.976668 -0.0549891
    outer loop
      vertex 9.48847 -6.16189 12
      vertex 6.29217 -6.81658 11.5614
      vertex 6.30189 -6.8076 11.4386
    endloop
  endfacet
  facet normal 0.970897 0.23309 0.0550239
    outer loop
      vertex 8.86139 -2.74461 11.4386
      vertex 9.64652 -5.9114 11
      vertex 8.8572 -2.62362 11
    endloop
  endfacet
  facet normal 0.970898 0.233098 0.054967
    outer loop
      vertex 9.64652 -5.9114 11
      vertex 8.86139 -2.74461 11.4386
      vertex 8.85747 -2.75724 11.5614
    endloop
  endfacet
  facet normal 0.957901 0.203603 0.202412
    outer loop
      vertex 8.78548 -2.85458 12
      vertex 9.64652 -5.9114 11
      vertex 8.85747 -2.75724 11.5614
    endloop
  endfacet
  facet normal 0.957903 0.203608 0.202398
    outer loop
      vertex 9.64652 -5.9114 11
      vertex 8.78548 -2.85458 12
      vertex 9.48847 -6.16189 12
    endloop
  endfacet
  facet normal 0.203611 -0.957903 -0.202398
    outer loop
      vertex 6.18116 -6.86488 12
      vertex 9.32392 -6.40815 13
      vertex 6.12152 -6.97023 12.4386
    endloop
  endfacet
  facet normal 0.203609 -0.957905 -0.20239
    outer loop
      vertex 9.32392 -6.40815 13
      vertex 6.18116 -6.86488 12
      vertex 9.48847 -6.16189 12
    endloop
  endfacet
  facet normal 0.181961 -0.981766 -0.0550141
    outer loop
      vertex 6.11158 -6.97895 12.5614
      vertex 9.32392 -6.40815 13
      vertex 5.99934 -7.02433 13
    endloop
  endfacet
  facet normal 0.181958 -0.981768 -0.0549866
    outer loop
      vertex 9.32392 -6.40815 13
      vertex 6.11158 -6.97895 12.5614
      vertex 6.12152 -6.97023 12.4386
    endloop
  endfacet
  facet normal 0.976667 0.207597 0.0550014
    outer loop
      vertex 8.78651 -2.97563 12.4386
      vertex 9.48847 -6.16189 12
      vertex 8.78548 -2.85458 12
    endloop
  endfacet
  facet normal 0.976667 0.207599 0.0549842
    outer loop
      vertex 9.48847 -6.16189 12
      vertex 8.78651 -2.97563 12.4386
      vertex 8.78226 -2.98816 12.5614
    endloop
  endfacet
  facet normal 0.962904 0.17846 0.202405
    outer loop
      vertex 8.70775 -3.08358 13
      vertex 9.48847 -6.16189 12
      vertex 8.78226 -2.98816 12.5614
    endloop
  endfacet
  facet normal 0.962906 0.178463 0.202394
    outer loop
      vertex 9.48847 -6.16189 12
      vertex 8.70775 -3.08358 13
      vertex 9.32392 -6.40815 13
    endloop
  endfacet
  facet normal 0.178464 -0.962905 -0.202395
    outer loop
      vertex 5.99934 -7.02433 13
      vertex 9.15298 -6.65003 14
      vertex 5.93697 -7.12808 13.4386
    endloop
  endfacet
  facet normal 0.178465 -0.962904 -0.2024
    outer loop
      vertex 9.15298 -6.65003 14
      vertex 5.99934 -7.02433 13
      vertex 9.32392 -6.40815 13
    endloop
  endfacet
  facet normal 0.156199 -0.986192 -0.0550222
    outer loop
      vertex 5.9268 -7.13654 13.5614
      vertex 9.15298 -6.65003 14
      vertex 5.81341 -7.17897 14
    endloop
  endfacet
  facet normal 0.156197 -0.986193 -0.0550055
    outer loop
      vertex 9.15298 -6.65003 14
      vertex 5.9268 -7.13654 13.5614
      vertex 5.93697 -7.12808 13.4386
    endloop
  endfacet
  facet normal 0.981767 0.181959 0.0550011
    outer loop
      vertex 8.70561 -3.20461 13.4386
      vertex 9.32392 -6.40815 13
      vertex 8.70775 -3.08358 13
    endloop
  endfacet
  facet normal 0.981766 0.181956 0.0550194
    outer loop
      vertex 9.32392 -6.40815 13
      vertex 8.70561 -3.20461 13.4386
      vertex 8.70103 -3.21703 13.5614
    endloop
  endfacet
  facet normal 0.967247 0.153195 0.202398
    outer loop
      vertex 8.62405 -3.31046 14
      vertex 9.32392 -6.40815 13
      vertex 8.70103 -3.21703 13.5614
    endloop
  endfacet
  facet normal 0.967247 0.153195 0.202396
    outer loop
      vertex 9.32392 -6.40815 13
      vertex 8.62405 -3.31046 14
      vertex 9.15298 -6.65003 14
    endloop
  endfacet
  facet normal 0.153195 -0.967248 -0.20239
    outer loop
      vertex 5.81341 -7.17897 14
      vertex 8.97577 -6.88735 15
      vertex 5.74834 -7.28105 14.4386
    endloop
  endfacet
  facet normal 0.153198 -0.967246 -0.202399
    outer loop
      vertex 8.97577 -6.88735 15
      vertex 5.81341 -7.17897 14
      vertex 9.15298 -6.65003 14
    endloop
  endfacet
  facet normal 0.130327 -0.989944 -0.0550101
    outer loop
      vertex 5.73795 -7.28924 14.5614
      vertex 8.97577 -6.88735 15
      vertex 5.6235 -7.32868 15
    endloop
  endfacet
  facet normal 0.130325 -0.989945 -0.0549965
    outer loop
      vertex 8.97577 -6.88735 15
      vertex 5.73795 -7.28924 14.5614
      vertex 5.74834 -7.28105 14.4386
    endloop
  endfacet
  facet normal 0.986193 0.156196 0.0550092
    outer loop
      vertex 8.61874 -3.4314 14.4386
      vertex 9.15298 -6.65003 14
      vertex 8.62405 -3.31046 14
    endloop
  endfacet
  facet normal 0.986191 0.156188 0.0550631
    outer loop
      vertex 9.15298 -6.65003 14
      vertex 8.61874 -3.4314 14.4386
      vertex 8.61383 -3.44369 14.5614
    endloop
  endfacet
  facet normal 0.970925 0.127824 0.202401
    outer loop
      vertex 8.53443 -3.53508 15
      vertex 9.15298 -6.65003 14
      vertex 8.61383 -3.44369 14.5614
    endloop
  endfacet
  facet normal 0.970926 0.127826 0.202394
    outer loop
      vertex 9.15298 -6.65003 14
      vertex 8.53443 -3.53508 15
      vertex 8.97577 -6.88735 15
    endloop
  endfacet
  facet normal 0.127826 -0.970923 -0.202407
    outer loop
      vertex 5.6235 -7.32868 15
      vertex 8.7924 -7.11995 16
      vertex 5.55578 -7.42903 15.4386
    endloop
  endfacet
  facet normal 0.127823 -0.970925 -0.202398
    outer loop
      vertex 8.7924 -7.11995 16
      vertex 5.6235 -7.32868 15
      vertex 8.97577 -6.88735 15
    endloop
  endfacet
  facet normal 0.10437 -0.993016 -0.0550094
    outer loop
      vertex 5.54517 -7.43695 15.5614
      vertex 8.7924 -7.11995 16
      vertex 5.42973 -7.47338 16
    endloop
  endfacet
  facet normal 0.104372 -0.993015 -0.0550268
    outer loop
      vertex 8.7924 -7.11995 16
      vertex 5.54517 -7.43695 15.5614
      vertex 5.55578 -7.42903 15.4386
    endloop
  endfacet
  facet normal 0.989944 0.13033 0.0550011
    outer loop
      vertex 8.52596 -3.65584 15.4386
      vertex 8.97577 -6.88735 15
      vertex 8.53443 -3.53508 15
    endloop
  endfacet
  facet normal 0.989942 0.130321 0.0550659
    outer loop
      vertex 8.97577 -6.88735 15
      vertex 8.52596 -3.65584 15.4386
      vertex 8.52073 -3.668 15.5614
    endloop
  endfacet
  facet normal 0.97394 0.102369 0.202389
    outer loop
      vertex 8.43897 -3.75727 16
      vertex 8.97577 -6.88735 15
      vertex 8.52073 -3.668 15.5614
    endloop
  endfacet
  facet normal 0.973938 0.102364 0.202401
    outer loop
      vertex 8.97577 -6.88735 15
      vertex 8.43897 -3.75727 16
      vertex 8.7924 -7.11995 16
    endloop
  endfacet
  facet normal 0.102365 -0.973938 -0.2024
    outer loop
      vertex 5.42973 -7.47338 16
      vertex 8.60301 -7.34767 17
      vertex 5.3594 -7.57192 16.4386
    endloop
  endfacet
  facet normal 0.102365 -0.973939 -0.202398
    outer loop
      vertex 8.60301 -7.34767 17
      vertex 5.42973 -7.47338 16
      vertex 8.7924 -7.11995 16
    endloop
  endfacet
  facet normal 0.0783387 -0.995407 -0.0550185
    outer loop
      vertex 5.3486 -7.57955 16.5614
      vertex 8.60301 -7.34767 17
      vertex 5.23224 -7.61295 17
    endloop
  endfacet
  facet normal 0.078331 -0.995411 -0.0549594
    outer loop
      vertex 8.60301 -7.34767 17
      vertex 5.3486 -7.57955 16.5614
      vertex 5.3594 -7.57192 16.4386
    endloop
  endfacet
  facet normal 0.993016 0.10437 0.0550053
    outer loop
      vertex 8.42734 -3.87777 16.4386
      vertex 8.7924 -7.11995 16
      vertex 8.43897 -3.75727 16
    endloop
  endfacet
  facet normal 0.993016 0.104368 0.0550148
    outer loop
      vertex 8.7924 -7.11995 16
      vertex 8.42734 -3.87777 16.4386
      vertex 8.4218 -3.88979 16.5614
    endloop
  endfacet
  facet normal 0.976286 0.076835 0.202391
    outer loop
      vertex 8.33773 -3.97689 17
      vertex 8.7924 -7.11995 16
      vertex 8.4218 -3.88979 16.5614
    endloop
  endfacet
  facet normal 0.976285 0.0768335 0.202395
    outer loop
      vertex 8.7924 -7.11995 16
      vertex 8.33773 -3.97689 17
      vertex 8.60301 -7.34767 17
    endloop
  endfacet
  facet normal 0.0768387 -0.976282 -0.20241
    outer loop
      vertex 5.23224 -7.61295 17
      vertex 8.40772 -7.57035 18
      vertex 5.15936 -7.70962 17.4386
    endloop
  endfacet
  facet normal 0.0768338 -0.976285 -0.202394
    outer loop
      vertex 8.40772 -7.57035 18
      vertex 5.23224 -7.61295 17
      vertex 8.60301 -7.34767 17
    endloop
  endfacet
  facet normal 0.0522573 -0.997117 -0.0550114
    outer loop
      vertex 5.14836 -7.71697 17.5614
      vertex 8.40772 -7.57035 18
      vertex 5.03116 -7.74731 18
    endloop
  endfacet
  facet normal 0.0522558 -0.997118 -0.055
    outer loop
      vertex 8.40772 -7.57035 18
      vertex 5.14836 -7.71697 17.5614
      vertex 5.15936 -7.70962 17.4386
    endloop
  endfacet
  facet normal 0.995407 0.0783384 0.0550261
    outer loop
      vertex 8.32294 -4.09704 17.4386
      vertex 8.60301 -7.34767 17
      vertex 8.33773 -3.97689 17
    endloop
  endfacet
  facet normal 0.995409 0.0783431 0.0549924
    outer loop
      vertex 8.60301 -7.34767 17
      vertex 8.32294 -4.09704 17.4386
      vertex 8.31709 -4.10891 17.5614
    endloop
  endfacet
  facet normal 0.977963 0.0512536 0.202389
    outer loop
      vertex 8.23077 -4.19378 18
      vertex 8.60301 -7.34767 17
      vertex 8.31709 -4.10891 17.5614
    endloop
  endfacet
  facet normal 0.977961 0.0512503 0.202398
    outer loop
      vertex 8.60301 -7.34767 17
      vertex 8.23077 -4.19378 18
      vertex 8.40772 -7.57035 18
    endloop
  endfacet
  facet normal 0.0512529 -0.977963 -0.202391
    outer loop
      vertex 5.03116 -7.74731 18
      vertex 8.20667 -7.78784 19
      vertex 4.95577 -7.84203 18.4386
    endloop
  endfacet
  facet normal 0.0512534 -0.977962 -0.202393
    outer loop
      vertex 8.20667 -7.78784 19
      vertex 5.03116 -7.74731 18
      vertex 8.40772 -7.57035 18
    endloop
  endfacet
  facet normal 0.0261375 -0.998144 -0.0550079
    outer loop
      vertex 4.94458 -7.84909 18.5614
      vertex 8.20667 -7.78784 19
      vertex 4.82663 -7.87635 19
    endloop
  endfacet
  facet normal 0.0261369 -0.998144 -0.0550035
    outer loop
      vertex 8.20667 -7.78784 19
      vertex 4.94458 -7.84909 18.5614
      vertex 4.95577 -7.84203 18.4386
    endloop
  endfacet
  facet normal 0.997117 0.0522541 0.0550267
    outer loop
      vertex 8.21284 -4.31351 18.4386
      vertex 8.40772 -7.57035 18
      vertex 8.23077 -4.19378 18
    endloop
  endfacet
  facet normal 0.997118 0.0522576 0.0550015
    outer loop
      vertex 8.40772 -7.57035 18
      vertex 8.21284 -4.31351 18.4386
      vertex 8.20668 -4.32522 18.5614
    endloop
  endfacet
  facet normal 0.978966 0.0256326 0.202405
    outer loop
      vertex 8.11816 -4.4078 19
      vertex 8.40772 -7.57035 18
      vertex 8.20668 -4.32522 18.5614
    endloop
  endfacet
  facet normal 0.978968 0.0256353 0.202397
    outer loop
      vertex 8.40772 -7.57035 18
      vertex 8.11816 -4.4078 19
      vertex 8.20667 -7.78784 19
    endloop
  endfacet
  facet normal 0.0256368 -0.978966 -0.202404
    outer loop
      vertex 4.82663 -7.87635 19
      vertex 8 -8 20
      vertex 4.7488 -7.96907 19.4386
    endloop
  endfacet
  facet normal 0.0256353 -0.978967 -0.2024
    outer loop
      vertex 8 -8 20
      vertex 4.82663 -7.87635 19
      vertex 8.20667 -7.78784 19
    endloop
  endfacet
  facet normal 0 -0.998485 -0.0550237
    outer loop
      vertex 4.73742 -7.97583 19.5614
      vertex 8 -8 20
      vertex 4.6188 -8 20
    endloop
  endfacet
  facet normal -7.72923e-06 -0.998488 -0.0549664
    outer loop
      vertex 8 -8 20
      vertex 4.73742 -7.97583 19.5614
      vertex 4.7488 -7.96907 19.4386
    endloop
  endfacet
  facet normal 0.998144 0.0261375 0.0550092
    outer loop
      vertex 8.09711 -4.52702 19.4386
      vertex 8.20667 -7.78784 19
      vertex 8.11816 -4.4078 19
    endloop
  endfacet
  facet normal 0.998146 0.0261435 0.0549651
    outer loop
      vertex 8.20667 -7.78784 19
      vertex 8.09711 -4.52702 19.4386
      vertex 8.09065 -4.53856 19.5614
    endloop
  endfacet
  facet normal 0.979303 -3.02281e-06 0.202402
    outer loop
      vertex 8 -4.6188 20
      vertex 8.20667 -7.78784 19
      vertex 8.09065 -4.53856 19.5614
    endloop
  endfacet
  facet normal 0.979304 0 0.202393
    outer loop
      vertex 8.20667 -7.78784 19
      vertex 8 -4.6188 20
      vertex 8 -8 20
    endloop
  endfacet
  facet normal 0.848102 -0.489653 -0.202391
    outer loop
      vertex 11.0011 2.64113 1
      vertex 9.2376 0 0
      vertex 10.9282 2.9282 0
    endloop
  endfacet
  facet normal 0.848102 -0.489647 -0.202407
    outer loop
      vertex 9.2376 0 0
      vertex 11.0011 2.64113 1
      vertex 9.27599 -0.114813 0.438603
    endloop
  endfacet
  facet normal 0.851348 -0.521713 -0.0549664
    outer loop
      vertex 11.0011 2.64113 1
      vertex 9.27581 -0.128044 0.561397
      vertex 9.27599 -0.114813 0.438603
    endloop
  endfacet
  facet normal 0.85135 -0.521705 -0.0550224
    outer loop
      vertex 9.27581 -0.128044 0.561397
      vertex 11.0011 2.64113 1
      vertex 9.23444 -0.241812 1
    endloop
  endfacet
  facet normal 0.499243 0.864715 0.0550003
    outer loop
      vertex 10.9282 2.9282 0
      vertex 8.09065 4.53856 0.438603
      vertex 8.09711 4.52702 0.561397
    endloop
  endfacet
  facet normal 0.499244 0.864714 0.0550115
    outer loop
      vertex 8.09065 4.53856 0.438603
      vertex 10.9282 2.9282 0
      vertex 8 4.6188 0
    endloop
  endfacet
  facet normal 0.511684 0.834991 0.202408
    outer loop
      vertex 11.0011 2.64113 1
      vertex 8.09711 4.52702 0.561397
      vertex 8.11816 4.4078 1
    endloop
  endfacet
  facet normal 0.511686 0.834992 0.202399
    outer loop
      vertex 8.09711 4.52702 0.561397
      vertex 11.0011 2.64113 1
      vertex 10.9282 2.9282 0
    endloop
  endfacet
  facet normal 0.83499 -0.51168 -0.202422
    outer loop
      vertex 11.0665 2.35225 2
      vertex 9.23444 -0.241812 1
      vertex 11.0011 2.64113 1
    endloop
  endfacet
  facet normal 0.83499 -0.511692 -0.202391
    outer loop
      vertex 9.23444 -0.241812 1
      vertex 11.0665 2.35225 2
      vertex 9.2698 -0.357591 1.4386
    endloop
  endfacet
  facet normal 0.837396 -0.543822 -0.0550034
    outer loop
      vertex 11.0665 2.35225 2
      vertex 9.26928 -0.370812 1.5614
      vertex 9.2698 -0.357591 1.4386
    endloop
  endfacet
  facet normal 0.837397 -0.54382 -0.0550149
    outer loop
      vertex 9.26928 -0.370812 1.5614
      vertex 11.0665 2.35225 2
      vertex 9.22494 -0.483459 2
    endloop
  endfacet
  facet normal 0.521709 0.851348 0.0550126
    outer loop
      vertex 11.0011 2.64113 1
      vertex 8.20668 4.32522 1.4386
      vertex 8.21284 4.31351 1.5614
    endloop
  endfacet
  facet normal 0.521708 0.851349 0.0549996
    outer loop
      vertex 8.20668 4.32522 1.4386
      vertex 11.0011 2.64113 1
      vertex 8.11816 4.4078 1
    endloop
  endfacet
  facet normal 0.533364 0.821314 0.2024
    outer loop
      vertex 11.0665 2.35225 2
      vertex 8.21284 4.31351 1.5614
      vertex 8.23077 4.19378 2
    endloop
  endfacet
  facet normal 0.533368 0.821317 0.20238
    outer loop
      vertex 8.21284 4.31351 1.5614
      vertex 11.0665 2.35225 2
      vertex 11.0011 2.64113 1
    endloop
  endfacet
  facet normal 0.821307 -0.533371 -0.202411
    outer loop
      vertex 11.1243 2.06176 3
      vertex 9.22494 -0.483459 2
      vertex 11.0665 2.35225 2
    endloop
  endfacet
  facet normal 0.821307 -0.533371 -0.202412
    outer loop
      vertex 9.22494 -0.483459 2
      vertex 11.1243 2.06176 3
      vertex 9.25727 -0.600123 2.4386
    endloop
  endfacet
  facet normal 0.822871 -0.565562 -0.0549819
    outer loop
      vertex 11.1243 2.06176 3
      vertex 9.2564 -0.613327 2.5614
      vertex 9.25727 -0.600123 2.4386
    endloop
  endfacet
  facet normal 0.822873 -0.565556 -0.0550213
    outer loop
      vertex 9.2564 -0.613327 2.5614
      vertex 11.1243 2.06176 3
      vertex 9.20913 -0.724774 3
    endloop
  endfacet
  facet normal 0.543813 0.8374 0.0550377
    outer loop
      vertex 11.0665 2.35225 2
      vertex 8.31709 4.10891 2.4386
      vertex 8.32294 4.09704 2.5614
    endloop
  endfacet
  facet normal 0.543811 0.837403 0.0550127
    outer loop
      vertex 8.31709 4.10891 2.4386
      vertex 11.0665 2.35225 2
      vertex 8.23077 4.19378 2
    endloop
  endfacet
  facet normal 0.55468 0.807075 0.202386
    outer loop
      vertex 11.1243 2.06176 3
      vertex 8.32294 4.09704 2.5614
      vertex 8.33773 3.97689 3
    endloop
  endfacet
  facet normal 0.55468 0.807075 0.202387
    outer loop
      vertex 8.32294 4.09704 2.5614
      vertex 11.1243 2.06176 3
      vertex 11.0665 2.35225 2
    endloop
  endfacet
  facet normal 0.807072 -0.554696 -0.202356
    outer loop
      vertex 11.1744 1.76985 4
      vertex 9.20913 -0.724774 3
      vertex 11.1243 2.06176 3
    endloop
  endfacet
  facet normal 0.807072 -0.554678 -0.202402
    outer loop
      vertex 9.20913 -0.724774 3
      vertex 11.1744 1.76985 4
      vertex 9.23839 -0.842245 3.4386
    endloop
  endfacet
  facet normal 0.807791 -0.586902 -0.0549472
    outer loop
      vertex 11.1744 1.76985 4
      vertex 9.23717 -0.855421 3.5614
      vertex 9.23839 -0.842245 3.4386
    endloop
  endfacet
  facet normal 0.807794 -0.586892 -0.0550206
    outer loop
      vertex 9.23717 -0.855421 3.5614
      vertex 11.1744 1.76985 4
      vertex 9.187 -0.965593 4
    endloop
  endfacet
  facet normal 0.565545 0.822879 0.0550317
    outer loop
      vertex 11.1243 2.06176 3
      vertex 8.4218 3.88979 3.4386
      vertex 8.42734 3.87777 3.5614
    endloop
  endfacet
  facet normal 0.565543 0.822882 0.0550109
    outer loop
      vertex 8.4218 3.88979 3.4386
      vertex 11.1243 2.06176 3
      vertex 8.33773 3.97689 3
    endloop
  endfacet
  facet normal 0.575622 0.79227 0.202403
    outer loop
      vertex 11.1744 1.76985 4
      vertex 8.42734 3.87777 3.5614
      vertex 8.43897 3.75727 4
    endloop
  endfacet
  facet normal 0.575615 0.792268 0.202433
    outer loop
      vertex 8.42734 3.87777 3.5614
      vertex 11.1744 1.76985 4
      vertex 11.1243 2.06176 3
    endloop
  endfacet
  facet normal 0.792276 -0.575618 -0.202391
    outer loop
      vertex 11.2169 1.47674 5
      vertex 9.187 -0.965593 4
      vertex 11.1744 1.76985 4
    endloop
  endfacet
  facet normal 0.792276 -0.575617 -0.202394
    outer loop
      vertex 9.187 -0.965593 4
      vertex 11.2169 1.47674 5
      vertex 9.21317 -1.08379 4.4386
    endloop
  endfacet
  facet normal 0.792157 -0.607831 -0.0550411
    outer loop
      vertex 11.2169 1.47674 5
      vertex 9.21162 -1.09693 4.5614
      vertex 9.21317 -1.08379 4.4386
    endloop
  endfacet
  facet normal 0.792156 -0.607835 -0.0550128
    outer loop
      vertex 9.21162 -1.09693 4.5614
      vertex 11.2169 1.47674 5
      vertex 9.15858 -1.20575 5
    endloop
  endfacet
  facet normal 0.586897 0.807792 0.0549941
    outer loop
      vertex 11.1744 1.76985 4
      vertex 8.52073 3.668 4.4386
      vertex 8.52596 3.65584 4.5614
    endloop
  endfacet
  facet normal 0.586898 0.80779 0.0550083
    outer loop
      vertex 8.52073 3.668 4.4386
      vertex 11.1744 1.76985 4
      vertex 8.43897 3.75727 4
    endloop
  endfacet
  facet normal 0.596163 0.776932 0.2024
    outer loop
      vertex 11.2169 1.47674 5
      vertex 8.52596 3.65584 4.5614
      vertex 8.53443 3.53508 5
    endloop
  endfacet
  facet normal 0.596166 0.776933 0.20239
    outer loop
      vertex 8.52596 3.65584 4.5614
      vertex 11.2169 1.47674 5
      vertex 11.1744 1.76985 4
    endloop
  endfacet
  facet normal 0.776938 -0.596158 -0.202391
    outer loop
      vertex 11.2517 1.1826 6
      vertex 9.15858 -1.20575 5
      vertex 11.2169 1.47674 5
    endloop
  endfacet
  facet normal 0.776938 -0.596162 -0.202381
    outer loop
      vertex 9.15858 -1.20575 5
      vertex 11.2517 1.1826 6
      vertex 9.18164 -1.32459 5.4386
    endloop
  endfacet
  facet normal 0.775974 -0.628359 -0.0550377
    outer loop
      vertex 11.2517 1.1826 6
      vertex 9.17975 -1.33768 5.5614
      vertex 9.18164 -1.32459 5.4386
    endloop
  endfacet
  facet normal 0.775973 -0.628364 -0.0550043
    outer loop
      vertex 9.17975 -1.33768 5.5614
      vertex 11.2517 1.1826 6
      vertex 9.12387 -1.44508 6
    endloop
  endfacet
  facet normal 0.607838 0.792156 0.0549765
    outer loop
      vertex 11.2169 1.47674 5
      vertex 8.61383 3.44369 5.4386
      vertex 8.61874 3.4314 5.5614
    endloop
  endfacet
  facet normal 0.607841 0.79215 0.0550207
    outer loop
      vertex 8.61383 3.44369 5.4386
      vertex 11.2169 1.47674 5
      vertex 8.53443 3.53508 5
    endloop
  endfacet
  facet normal 0.616302 0.761058 0.202394
    outer loop
      vertex 11.2517 1.1826 6
      vertex 8.61874 3.4314 5.5614
      vertex 8.62405 3.31046 6
    endloop
  endfacet
  facet normal 0.616298 0.761057 0.20241
    outer loop
      vertex 8.61874 3.4314 5.5614
      vertex 11.2517 1.1826 6
      vertex 11.2169 1.47674 5
    endloop
  endfacet
  facet normal 0.761066 -0.616292 -0.202392
    outer loop
      vertex 11.2788 0.887663 7
      vertex 9.12387 -1.44508 6
      vertex 11.2517 1.1826 6
    endloop
  endfacet
  facet normal 0.761066 -0.616293 -0.202391
    outer loop
      vertex 9.12387 -1.44508 6
      vertex 11.2788 0.887663 7
      vertex 9.14382 -1.56448 6.4386
    endloop
  endfacet
  facet normal 0.759258 -0.648461 -0.0550097
    outer loop
      vertex 11.2788 0.887663 7
      vertex 9.14158 -1.57752 6.5614
      vertex 9.14382 -1.56448 6.4386
    endloop
  endfacet
  facet normal 0.759259 -0.648459 -0.0550243
    outer loop
      vertex 9.14158 -1.57752 6.5614
      vertex 11.2788 0.887663 7
      vertex 9.08292 -1.68342 7
    endloop
  endfacet
  facet normal 0.628376 0.77596 0.0550445
    outer loop
      vertex 11.2517 1.1826 6
      vertex 8.70103 3.21703 6.4386
      vertex 8.70561 3.20461 6.5614
    endloop
  endfacet
  facet normal 0.628373 0.775965 0.0550074
    outer loop
      vertex 8.70103 3.21703 6.4386
      vertex 11.2517 1.1826 6
      vertex 8.62405 3.31046 6
    endloop
  endfacet
  facet normal 0.636014 0.744666 0.202384
    outer loop
      vertex 11.2788 0.887663 7
      vertex 8.70561 3.20461 6.5614
      vertex 8.70775 3.08358 7
    endloop
  endfacet
  facet normal 0.636012 0.744665 0.202393
    outer loop
      vertex 8.70561 3.20461 6.5614
      vertex 11.2788 0.887663 7
      vertex 11.2517 1.1826 6
    endloop
  endfacet
  facet normal 0.74467 -0.635999 -0.202416
    outer loop
      vertex 11.2982 0.592113 8
      vertex 9.08292 -1.68342 7
      vertex 11.2788 0.887663 7
    endloop
  endfacet
  facet normal 0.744669 -0.636007 -0.202394
    outer loop
      vertex 9.08292 -1.68342 7
      vertex 11.2982 0.592113 8
      vertex 9.09974 -1.8033 7.4386
    endloop
  endfacet
  facet normal 0.742021 -0.668114 -0.0550302
    outer loop
      vertex 11.2982 0.592113 8
      vertex 9.09716 -1.81628 7.5614
      vertex 9.09974 -1.8033 7.4386
    endloop
  endfacet
  facet normal 0.74202 -0.668116 -0.0550152
    outer loop
      vertex 9.09716 -1.81628 7.5614
      vertex 11.2982 0.592113 8
      vertex 9.03574 -1.92061 8
    endloop
  endfacet
  facet normal 0.648471 0.759248 0.0550275
    outer loop
      vertex 11.2788 0.887663 7
      vertex 8.78226 2.98816 7.4386
      vertex 8.78651 2.97563 7.5614
    endloop
  endfacet
  facet normal 0.64847 0.75925 0.0550162
    outer loop
      vertex 8.78226 2.98816 7.4386
      vertex 11.2788 0.887663 7
      vertex 8.70775 3.08358 7
    endloop
  endfacet
  facet normal 0.655283 0.727764 0.202396
    outer loop
      vertex 11.2982 0.592113 8
      vertex 8.78651 2.97563 7.5614
      vertex 8.78548 2.85458 8
    endloop
  endfacet
  facet normal 0.655287 0.727765 0.202378
    outer loop
      vertex 8.78651 2.97563 7.5614
      vertex 11.2982 0.592113 8
      vertex 11.2788 0.887663 7
    endloop
  endfacet
  facet normal 0.727768 -0.655284 -0.202377
    outer loop
      vertex 11.3098 0.296158 9
      vertex 9.03574 -1.92061 8
      vertex 11.2982 0.592113 8
    endloop
  endfacet
  facet normal 0.727769 -0.655281 -0.202384
    outer loop
      vertex 9.03574 -1.92061 8
      vertex 11.3098 0.296158 9
      vertex 9.04941 -2.04089 8.4386
    endloop
  endfacet
  facet normal 0.724282 -0.687304 -0.0550342
    outer loop
      vertex 11.3098 0.296158 9
      vertex 9.04649 -2.0538 8.5614
      vertex 9.04941 -2.04089 8.4386
    endloop
  endfacet
  facet normal 0.724281 -0.687306 -0.0550198
    outer loop
      vertex 9.04649 -2.0538 8.5614
      vertex 11.3098 0.296158 9
      vertex 8.98237 -2.15648 9
    endloop
  endfacet
  facet normal 0.668116 0.742022 0.0549896
    outer loop
      vertex 11.2982 0.592113 8
      vertex 8.85747 2.75724 8.4386
      vertex 8.86139 2.74461 8.5614
    endloop
  endfacet
  facet normal 0.668118 0.742019 0.0550167
    outer loop
      vertex 8.85747 2.75724 8.4386
      vertex 11.2982 0.592113 8
      vertex 8.78548 2.85458 8
    endloop
  endfacet
  facet normal 0.674113 0.710357 0.202396
    outer loop
      vertex 11.3098 0.296158 9
      vertex 8.86139 2.74461 8.5614
      vertex 8.8572 2.62362 9
    endloop
  endfacet
  facet normal 0.674109 0.710356 0.202414
    outer loop
      vertex 8.86139 2.74461 8.5614
      vertex 11.3098 0.296158 9
      vertex 11.2982 0.592113 8
    endloop
  endfacet
  facet normal 0.710365 -0.674101 -0.202411
    outer loop
      vertex 11.3137 0 10
      vertex 8.98237 -2.15648 9
      vertex 11.3098 0.296158 9
    endloop
  endfacet
  facet normal 0.710364 -0.674107 -0.202395
    outer loop
      vertex 8.98237 -2.15648 9
      vertex 11.3137 0 10
      vertex 8.99289 -2.27708 9.4386
    endloop
  endfacet
  facet normal 0.706034 -0.706042 -0.0549657
    outer loop
      vertex 11.3137 0 10
      vertex 8.98963 -2.2899 9.5614
      vertex 8.99289 -2.27708 9.4386
    endloop
  endfacet
  facet normal 0.706037 -0.706034 -0.0550206
    outer loop
      vertex 8.98963 -2.2899 9.5614
      vertex 11.3137 0 10
      vertex 8.92284 -2.39087 10
    endloop
  endfacet
  facet normal 0.68732 0.724266 0.0550462
    outer loop
      vertex 11.3098 0.296158 9
      vertex 8.92661 2.52444 9.4386
      vertex 8.9302 2.5117 9.5614
    endloop
  endfacet
  facet normal 0.687317 0.724271 0.0550081
    outer loop
      vertex 8.92661 2.52444 9.4386
      vertex 11.3098 0.296158 9
      vertex 8.8572 2.62362 9
    endloop
  endfacet
  facet normal 0.692477 0.69247 0.202389
    outer loop
      vertex 8.92284 2.39087 10
      vertex 11.3098 0.296158 9
      vertex 8.9302 2.5117 9.5614
    endloop
  endfacet
  facet normal 0.692476 0.692473 0.202381
    outer loop
      vertex 11.3098 0.296158 9
      vertex 8.92284 2.39087 10
      vertex 11.3137 0 10
    endloop
  endfacet
  facet normal 0.692476 -0.692473 -0.202381
    outer loop
      vertex 11.3098 -0.296158 11
      vertex 8.92284 -2.39087 10
      vertex 11.3137 0 10
    endloop
  endfacet
  facet normal 0.692477 -0.69247 -0.202389
    outer loop
      vertex 8.92284 -2.39087 10
      vertex 11.3098 -0.296158 11
      vertex 8.9302 -2.5117 10.4386
    endloop
  endfacet
  facet normal 0.687317 -0.724271 -0.0550081
    outer loop
      vertex 8.92661 -2.52444 10.5614
      vertex 11.3098 -0.296158 11
      vertex 8.8572 -2.62362 11
    endloop
  endfacet
  facet normal 0.68732 -0.724266 -0.0550462
    outer loop
      vertex 11.3098 -0.296158 11
      vertex 8.92661 -2.52444 10.5614
      vertex 8.9302 -2.5117 10.4386
    endloop
  endfacet
  facet normal 0.706037 0.706034 0.0550206
    outer loop
      vertex 8.98963 2.2899 10.4386
      vertex 11.3137 0 10
      vertex 8.92284 2.39087 10
    endloop
  endfacet
  facet normal 0.706034 0.706042 0.0549657
    outer loop
      vertex 11.3137 0 10
      vertex 8.98963 2.2899 10.4386
      vertex 8.99289 2.27708 10.5614
    endloop
  endfacet
  facet normal 0.710364 0.674107 0.202395
    outer loop
      vertex 8.98237 2.15648 11
      vertex 11.3137 0 10
      vertex 8.99289 2.27708 10.5614
    endloop
  endfacet
  facet normal 0.710365 0.674101 0.202411
    outer loop
      vertex 11.3137 0 10
      vertex 8.98237 2.15648 11
      vertex 11.3098 -0.296158 11
    endloop
  endfacet
  facet normal 0.674113 -0.710357 -0.202396
    outer loop
      vertex 11.3098 -0.296158 11
      vertex 8.86139 -2.74461 11.4386
      vertex 8.8572 -2.62362 11
    endloop
  endfacet
  facet normal 0.674109 -0.710356 -0.202414
    outer loop
      vertex 8.86139 -2.74461 11.4386
      vertex 11.3098 -0.296158 11
      vertex 11.2982 -0.592113 12
    endloop
  endfacet
  facet normal 0.668118 -0.742019 -0.0550167
    outer loop
      vertex 8.85747 -2.75724 11.5614
      vertex 11.2982 -0.592113 12
      vertex 8.78548 -2.85458 12
    endloop
  endfacet
  facet normal 0.668116 -0.742022 -0.0549896
    outer loop
      vertex 11.2982 -0.592113 12
      vertex 8.85747 -2.75724 11.5614
      vertex 8.86139 -2.74461 11.4386
    endloop
  endfacet
  facet normal 0.724281 0.687306 0.0550198
    outer loop
      vertex 9.04649 2.0538 11.4386
      vertex 11.3098 -0.296158 11
      vertex 8.98237 2.15648 11
    endloop
  endfacet
  facet normal 0.724282 0.687304 0.0550342
    outer loop
      vertex 11.3098 -0.296158 11
      vertex 9.04649 2.0538 11.4386
      vertex 9.04941 2.04089 11.5614
    endloop
  endfacet
  facet normal 0.727769 0.655281 0.202384
    outer loop
      vertex 9.03574 1.92061 12
      vertex 11.3098 -0.296158 11
      vertex 9.04941 2.04089 11.5614
    endloop
  endfacet
  facet normal 0.727768 0.655284 0.202377
    outer loop
      vertex 11.3098 -0.296158 11
      vertex 9.03574 1.92061 12
      vertex 11.2982 -0.592113 12
    endloop
  endfacet
  facet normal 0.655283 -0.727764 -0.202396
    outer loop
      vertex 11.2982 -0.592113 12
      vertex 8.78651 -2.97563 12.4386
      vertex 8.78548 -2.85458 12
    endloop
  endfacet
  facet normal 0.655287 -0.727765 -0.202378
    outer loop
      vertex 8.78651 -2.97563 12.4386
      vertex 11.2982 -0.592113 12
      vertex 11.2788 -0.887663 13
    endloop
  endfacet
  facet normal 0.64847 -0.75925 -0.0550162
    outer loop
      vertex 8.78226 -2.98816 12.5614
      vertex 11.2788 -0.887663 13
      vertex 8.70775 -3.08358 13
    endloop
  endfacet
  facet normal 0.648471 -0.759248 -0.0550275
    outer loop
      vertex 11.2788 -0.887663 13
      vertex 8.78226 -2.98816 12.5614
      vertex 8.78651 -2.97563 12.4386
    endloop
  endfacet
  facet normal 0.74202 0.668116 0.0550152
    outer loop
      vertex 9.09716 1.81628 12.4386
      vertex 11.2982 -0.592113 12
      vertex 9.03574 1.92061 12
    endloop
  endfacet
  facet normal 0.742021 0.668114 0.0550302
    outer loop
      vertex 11.2982 -0.592113 12
      vertex 9.09716 1.81628 12.4386
      vertex 9.09974 1.8033 12.5614
    endloop
  endfacet
  facet normal 0.744669 0.636007 0.202394
    outer loop
      vertex 9.08292 1.68342 13
      vertex 11.2982 -0.592113 12
      vertex 9.09974 1.8033 12.5614
    endloop
  endfacet
  facet normal 0.74467 0.635999 0.202416
    outer loop
      vertex 11.2982 -0.592113 12
      vertex 9.08292 1.68342 13
      vertex 11.2788 -0.887663 13
    endloop
  endfacet
  facet normal 0.636014 -0.744666 -0.202384
    outer loop
      vertex 11.2788 -0.887663 13
      vertex 8.70561 -3.20461 13.4386
      vertex 8.70775 -3.08358 13
    endloop
  endfacet
  facet normal 0.636012 -0.744665 -0.202393
    outer loop
      vertex 8.70561 -3.20461 13.4386
      vertex 11.2788 -0.887663 13
      vertex 11.2517 -1.1826 14
    endloop
  endfacet
  facet normal 0.628373 -0.775965 -0.0550074
    outer loop
      vertex 8.70103 -3.21703 13.5614
      vertex 11.2517 -1.1826 14
      vertex 8.62405 -3.31046 14
    endloop
  endfacet
  facet normal 0.628376 -0.77596 -0.0550445
    outer loop
      vertex 11.2517 -1.1826 14
      vertex 8.70103 -3.21703 13.5614
      vertex 8.70561 -3.20461 13.4386
    endloop
  endfacet
  facet normal 0.759259 0.648459 0.0550243
    outer loop
      vertex 9.14158 1.57752 13.4386
      vertex 11.2788 -0.887663 13
      vertex 9.08292 1.68342 13
    endloop
  endfacet
  facet normal 0.759258 0.648461 0.0550097
    outer loop
      vertex 11.2788 -0.887663 13
      vertex 9.14158 1.57752 13.4386
      vertex 9.14382 1.56448 13.5614
    endloop
  endfacet
  facet normal 0.761066 0.616293 0.202391
    outer loop
      vertex 9.12387 1.44508 14
      vertex 11.2788 -0.887663 13
      vertex 9.14382 1.56448 13.5614
    endloop
  endfacet
  facet normal 0.761066 0.616292 0.202392
    outer loop
      vertex 11.2788 -0.887663 13
      vertex 9.12387 1.44508 14
      vertex 11.2517 -1.1826 14
    endloop
  endfacet
  facet normal 0.616302 -0.761058 -0.202394
    outer loop
      vertex 11.2517 -1.1826 14
      vertex 8.61874 -3.4314 14.4386
      vertex 8.62405 -3.31046 14
    endloop
  endfacet
  facet normal 0.616298 -0.761057 -0.20241
    outer loop
      vertex 8.61874 -3.4314 14.4386
      vertex 11.2517 -1.1826 14
      vertex 11.2169 -1.47674 15
    endloop
  endfacet
  facet normal 0.607841 -0.79215 -0.0550207
    outer loop
      vertex 8.61383 -3.44369 14.5614
      vertex 11.2169 -1.47674 15
      vertex 8.53443 -3.53508 15
    endloop
  endfacet
  facet normal 0.607838 -0.792156 -0.0549765
    outer loop
      vertex 11.2169 -1.47674 15
      vertex 8.61383 -3.44369 14.5614
      vertex 8.61874 -3.4314 14.4386
    endloop
  endfacet
  facet normal 0.775973 0.628364 0.0550043
    outer loop
      vertex 9.17975 1.33768 14.4386
      vertex 11.2517 -1.1826 14
      vertex 9.12387 1.44508 14
    endloop
  endfacet
  facet normal 0.775974 0.628359 0.0550377
    outer loop
      vertex 11.2517 -1.1826 14
      vertex 9.17975 1.33768 14.4386
      vertex 9.18164 1.32459 14.5614
    endloop
  endfacet
  facet normal 0.776938 0.596162 0.202381
    outer loop
      vertex 9.15858 1.20575 15
      vertex 11.2517 -1.1826 14
      vertex 9.18164 1.32459 14.5614
    endloop
  endfacet
  facet normal 0.776938 0.596158 0.202391
    outer loop
      vertex 11.2517 -1.1826 14
      vertex 9.15858 1.20575 15
      vertex 11.2169 -1.47674 15
    endloop
  endfacet
  facet normal 0.596163 -0.776932 -0.2024
    outer loop
      vertex 11.2169 -1.47674 15
      vertex 8.52596 -3.65584 15.4386
      vertex 8.53443 -3.53508 15
    endloop
  endfacet
  facet normal 0.596166 -0.776933 -0.20239
    outer loop
      vertex 8.52596 -3.65584 15.4386
      vertex 11.2169 -1.47674 15
      vertex 11.1744 -1.76985 16
    endloop
  endfacet
  facet normal 0.586898 -0.80779 -0.0550083
    outer loop
      vertex 8.52073 -3.668 15.5614
      vertex 11.1744 -1.76985 16
      vertex 8.43897 -3.75727 16
    endloop
  endfacet
  facet normal 0.586897 -0.807792 -0.0549941
    outer loop
      vertex 11.1744 -1.76985 16
      vertex 8.52073 -3.668 15.5614
      vertex 8.52596 -3.65584 15.4386
    endloop
  endfacet
  facet normal 0.792156 0.607835 0.0550128
    outer loop
      vertex 9.21162 1.09693 15.4386
      vertex 11.2169 -1.47674 15
      vertex 9.15858 1.20575 15
    endloop
  endfacet
  facet normal 0.792157 0.607831 0.0550411
    outer loop
      vertex 11.2169 -1.47674 15
      vertex 9.21162 1.09693 15.4386
      vertex 9.21317 1.08379 15.5614
    endloop
  endfacet
  facet normal 0.792276 0.575617 0.202394
    outer loop
      vertex 9.187 0.965593 16
      vertex 11.2169 -1.47674 15
      vertex 9.21317 1.08379 15.5614
    endloop
  endfacet
  facet normal 0.792276 0.575618 0.202391
    outer loop
      vertex 11.2169 -1.47674 15
      vertex 9.187 0.965593 16
      vertex 11.1744 -1.76985 16
    endloop
  endfacet
  facet normal 0.575622 -0.79227 -0.202403
    outer loop
      vertex 11.1744 -1.76985 16
      vertex 8.42734 -3.87777 16.4386
      vertex 8.43897 -3.75727 16
    endloop
  endfacet
  facet normal 0.575615 -0.792268 -0.202433
    outer loop
      vertex 8.42734 -3.87777 16.4386
      vertex 11.1744 -1.76985 16
      vertex 11.1243 -2.06176 17
    endloop
  endfacet
  facet normal 0.565543 -0.822882 -0.0550109
    outer loop
      vertex 8.4218 -3.88979 16.5614
      vertex 11.1243 -2.06176 17
      vertex 8.33773 -3.97689 17
    endloop
  endfacet
  facet normal 0.565545 -0.822879 -0.0550317
    outer loop
      vertex 11.1243 -2.06176 17
      vertex 8.4218 -3.88979 16.5614
      vertex 8.42734 -3.87777 16.4386
    endloop
  endfacet
  facet normal 0.807794 0.586892 0.0550206
    outer loop
      vertex 9.23717 0.855421 16.4386
      vertex 11.1744 -1.76985 16
      vertex 9.187 0.965593 16
    endloop
  endfacet
  facet normal 0.807791 0.586902 0.0549472
    outer loop
      vertex 11.1744 -1.76985 16
      vertex 9.23717 0.855421 16.4386
      vertex 9.23839 0.842245 16.5614
    endloop
  endfacet
  facet normal 0.807072 0.554678 0.202402
    outer loop
      vertex 9.20913 0.724774 17
      vertex 11.1744 -1.76985 16
      vertex 9.23839 0.842245 16.5614
    endloop
  endfacet
  facet normal 0.807072 0.554696 0.202356
    outer loop
      vertex 11.1744 -1.76985 16
      vertex 9.20913 0.724774 17
      vertex 11.1243 -2.06176 17
    endloop
  endfacet
  facet normal 0.55468 -0.807075 -0.202386
    outer loop
      vertex 11.1243 -2.06176 17
      vertex 8.32294 -4.09704 17.4386
      vertex 8.33773 -3.97689 17
    endloop
  endfacet
  facet normal 0.55468 -0.807075 -0.202387
    outer loop
      vertex 8.32294 -4.09704 17.4386
      vertex 11.1243 -2.06176 17
      vertex 11.0665 -2.35225 18
    endloop
  endfacet
  facet normal 0.543811 -0.837403 -0.0550127
    outer loop
      vertex 8.31709 -4.10891 17.5614
      vertex 11.0665 -2.35225 18
      vertex 8.23077 -4.19378 18
    endloop
  endfacet
  facet normal 0.543813 -0.8374 -0.0550377
    outer loop
      vertex 11.0665 -2.35225 18
      vertex 8.31709 -4.10891 17.5614
      vertex 8.32294 -4.09704 17.4386
    endloop
  endfacet
  facet normal 0.822873 0.565556 0.0550213
    outer loop
      vertex 9.2564 0.613327 17.4386
      vertex 11.1243 -2.06176 17
      vertex 9.20913 0.724774 17
    endloop
  endfacet
  facet normal 0.822871 0.565562 0.0549819
    outer loop
      vertex 11.1243 -2.06176 17
      vertex 9.2564 0.613327 17.4386
      vertex 9.25727 0.600123 17.5614
    endloop
  endfacet
  facet normal 0.821307 0.533371 0.202412
    outer loop
      vertex 9.22494 0.483459 18
      vertex 11.1243 -2.06176 17
      vertex 9.25727 0.600123 17.5614
    endloop
  endfacet
  facet normal 0.821307 0.533371 0.202411
    outer loop
      vertex 11.1243 -2.06176 17
      vertex 9.22494 0.483459 18
      vertex 11.0665 -2.35225 18
    endloop
  endfacet
  facet normal 0.533364 -0.821314 -0.2024
    outer loop
      vertex 11.0665 -2.35225 18
      vertex 8.21284 -4.31351 18.4386
      vertex 8.23077 -4.19378 18
    endloop
  endfacet
  facet normal 0.533368 -0.821317 -0.20238
    outer loop
      vertex 8.21284 -4.31351 18.4386
      vertex 11.0665 -2.35225 18
      vertex 11.0011 -2.64113 19
    endloop
  endfacet
  facet normal 0.521708 -0.851349 -0.0549996
    outer loop
      vertex 8.20668 -4.32522 18.5614
      vertex 11.0011 -2.64113 19
      vertex 8.11816 -4.4078 19
    endloop
  endfacet
  facet normal 0.521709 -0.851348 -0.0550126
    outer loop
      vertex 11.0011 -2.64113 19
      vertex 8.20668 -4.32522 18.5614
      vertex 8.21284 -4.31351 18.4386
    endloop
  endfacet
  facet normal 0.837397 0.54382 0.0550149
    outer loop
      vertex 9.26928 0.370812 18.4386
      vertex 11.0665 -2.35225 18
      vertex 9.22494 0.483459 18
    endloop
  endfacet
  facet normal 0.837396 0.543822 0.0550034
    outer loop
      vertex 11.0665 -2.35225 18
      vertex 9.26928 0.370812 18.4386
      vertex 9.2698 0.357591 18.5614
    endloop
  endfacet
  facet normal 0.83499 0.511692 0.202391
    outer loop
      vertex 9.23444 0.241812 19
      vertex 11.0665 -2.35225 18
      vertex 9.2698 0.357591 18.5614
    endloop
  endfacet
  facet normal 0.83499 0.51168 0.202422
    outer loop
      vertex 11.0665 -2.35225 18
      vertex 9.23444 0.241812 19
      vertex 11.0011 -2.64113 19
    endloop
  endfacet
  facet normal 0.511684 -0.834991 -0.202409
    outer loop
      vertex 11.0011 -2.64113 19
      vertex 8.09711 -4.52702 19.4386
      vertex 8.11816 -4.4078 19
    endloop
  endfacet
  facet normal 0.511686 -0.834992 -0.202399
    outer loop
      vertex 8.09711 -4.52702 19.4386
      vertex 11.0011 -2.64113 19
      vertex 10.9282 -2.9282 20
    endloop
  endfacet
  facet normal 0.499244 -0.864714 -0.0550118
    outer loop
      vertex 8.09065 -4.53856 19.5614
      vertex 10.9282 -2.9282 20
      vertex 8 -4.6188 20
    endloop
  endfacet
  facet normal 0.499242 -0.864715 -0.0549976
    outer loop
      vertex 10.9282 -2.9282 20
      vertex 8.09065 -4.53856 19.5614
      vertex 8.09711 -4.52702 19.4386
    endloop
  endfacet
  facet normal 0.85135 0.521705 0.0550228
    outer loop
      vertex 9.27581 0.128044 19.4386
      vertex 11.0011 -2.64113 19
      vertex 9.23444 0.241812 19
    endloop
  endfacet
  facet normal 0.851348 0.521714 0.0549638
    outer loop
      vertex 11.0011 -2.64113 19
      vertex 9.27581 0.128044 19.4386
      vertex 9.27599 0.114813 19.5614
    endloop
  endfacet
  facet normal 0.848102 0.489646 0.202409
    outer loop
      vertex 9.2376 0 20
      vertex 11.0011 -2.64113 19
      vertex 9.27599 0.114813 19.5614
    endloop
  endfacet
  facet normal 0.848102 0.489653 0.202391
    outer loop
      vertex 11.0011 -2.64113 19
      vertex 9.2376 0 20
      vertex 10.9282 -2.9282 20
    endloop
  endfacet
endsolid OpenSCAD_Model
