solid OpenSCAD_Model
  facet normal -0.99951 -0.0313058 0
    outer loop
      vertex 25 0 0
      vertex 24.9941 0.188371 10
      vertex 24.9941 0.188371 0
    endloop
  endfacet
  facet normal -0.99951 -0.0313058 0
    outer loop
      vertex 24.9941 0.188371 10
      vertex 25 0 0
      vertex 25 0 10
    endloop
  endfacet
  facet normal 0.031407 -0.999507 0
    outer loop
      vertex 21.8116 2.99408 0
      vertex 22 3 10
      vertex 21.8116 2.99408 10
    endloop
  endfacet
  facet normal 0.031407 -0.999507 0
    outer loop
      vertex 22 3 10
      vertex 21.8116 2.99408 0
      vertex 22 3 0
    endloop
  endfacet
  facet normal -0.031407 0.999507 0
    outer loop
      vertex 22.1884 -2.99408 0
      vertex 22 -3 10
      vertex 22.1884 -2.99408 10
    endloop
  endfacet
  facet normal -0.031407 0.999507 0
    outer loop
      vertex 22 -3 10
      vertex 22.1884 -2.99408 0
      vertex 22 -3 0
    endloop
  endfacet
  facet normal -0.661483 -0.74996 0
    outer loop
      vertex 23.9123 2.31154 0
      vertex 24.0536 2.18691 10
      vertex 23.9123 2.31154 10
    endloop
  endfacet
  facet normal -0.661483 -0.74996 -0
    outer loop
      vertex 24.0536 2.18691 10
      vertex 23.9123 2.31154 0
      vertex 24.0536 2.18691 0
    endloop
  endfacet
  facet normal 0.750202 -0.661209 0
    outer loop
      vertex 19.6885 1.91227 10
      vertex 19.8131 2.05364 0
      vertex 19.8131 2.05364 10
    endloop
  endfacet
  facet normal 0.750202 -0.661209 0
    outer loop
      vertex 19.8131 2.05364 0
      vertex 19.6885 1.91227 10
      vertex 19.6885 1.91227 0
    endloop
  endfacet
  facet normal 0.453821 -0.891093 0
    outer loop
      vertex 20.5547 2.62892 0
      vertex 20.7227 2.71448 10
      vertex 20.5547 2.62892 10
    endloop
  endfacet
  facet normal 0.453821 -0.891093 0
    outer loop
      vertex 20.7227 2.71448 10
      vertex 20.5547 2.62892 0
      vertex 20.7227 2.71448 0
    endloop
  endfacet
  facet normal -0.89092 -0.454161 0
    outer loop
      vertex 24.7145 1.27734 0
      vertex 24.6289 1.44526 10
      vertex 24.6289 1.44526 0
    endloop
  endfacet
  facet normal -0.89092 -0.454161 0
    outer loop
      vertex 24.6289 1.44526 10
      vertex 24.7145 1.27734 0
      vertex 24.7145 1.27734 10
    endloop
  endfacet
  facet normal -0.562012 -0.827129 0
    outer loop
      vertex 23.6075 2.53298 0
      vertex 23.7634 2.42705 10
      vertex 23.6075 2.53298 10
    endloop
  endfacet
  facet normal -0.562012 -0.827129 -0
    outer loop
      vertex 23.7634 2.42705 10
      vertex 23.6075 2.53298 0
      vertex 23.7634 2.42705 0
    endloop
  endfacet
  facet normal 0.89092 -0.454161 0
    outer loop
      vertex 19.2855 1.27734 10
      vertex 19.3711 1.44526 0
      vertex 19.3711 1.44526 10
    endloop
  endfacet
  facet normal 0.89092 -0.454161 0
    outer loop
      vertex 19.3711 1.44526 0
      vertex 19.2855 1.27734 10
      vertex 19.2855 1.27734 0
    endloop
  endfacet
  facet normal 0.827169 -0.561953 0
    outer loop
      vertex 19.467 1.60748 10
      vertex 19.5729 1.76336 0
      vertex 19.5729 1.76336 10
    endloop
  endfacet
  facet normal 0.827169 -0.561953 0
    outer loop
      vertex 19.5729 1.76336 0
      vertex 19.467 1.60748 10
      vertex 19.467 1.60748 0
    endloop
  endfacet
  facet normal -0.278965 0.960301 0
    outer loop
      vertex 22.9271 -2.85317 0
      vertex 22.7461 -2.90575 10
      vertex 22.9271 -2.85317 10
    endloop
  endfacet
  facet normal -0.278965 0.960301 0
    outer loop
      vertex 22.7461 -2.90575 10
      vertex 22.9271 -2.85317 0
      vertex 22.7461 -2.90575 0
    endloop
  endfacet
  facet normal -0.975931 -0.218081 0
    outer loop
      vertex 24.9469 0.562143 0
      vertex 24.9058 0.746069 10
      vertex 24.9058 0.746069 0
    endloop
  endfacet
  facet normal -0.975931 -0.218081 0
    outer loop
      vertex 24.9058 0.746069 10
      vertex 24.9469 0.562143 0
      vertex 24.9469 0.562143 10
    endloop
  endfacet
  facet normal -0.789915 -0.613217 0
    outer loop
      vertex 24.4271 1.76336 0
      vertex 24.3115 1.91227 10
      vertex 24.3115 1.91227 0
    endloop
  endfacet
  facet normal -0.789915 -0.613217 0
    outer loop
      vertex 24.3115 1.91227 10
      vertex 24.4271 1.76336 0
      vertex 24.4271 1.76336 10
    endloop
  endfacet
  facet normal -0.750202 -0.661209 0
    outer loop
      vertex 24.3115 1.91227 0
      vertex 24.1869 2.05364 10
      vertex 24.1869 2.05364 0
    endloop
  endfacet
  facet normal -0.750202 -0.661209 0
    outer loop
      vertex 24.1869 2.05364 10
      vertex 24.3115 1.91227 0
      vertex 24.3115 1.91227 10
    endloop
  endfacet
  facet normal -0.156459 -0.987685 0
    outer loop
      vertex 22.376 2.97634 0
      vertex 22.5621 2.94686 10
      vertex 22.376 2.97634 10
    endloop
  endfacet
  facet normal -0.156459 -0.987685 -0
    outer loop
      vertex 22.5621 2.94686 10
      vertex 22.376 2.97634 0
      vertex 22.5621 2.94686 0
    endloop
  endfacet
  facet normal -0.278965 -0.960301 0
    outer loop
      vertex 22.7461 2.90575 0
      vertex 22.9271 2.85317 10
      vertex 22.7461 2.90575 10
    endloop
  endfacet
  facet normal -0.278965 -0.960301 -0
    outer loop
      vertex 22.9271 2.85317 10
      vertex 22.7461 2.90575 0
      vertex 22.9271 2.85317 0
    endloop
  endfacet
  facet normal -0.39728 -0.917698 0
    outer loop
      vertex 23.1044 2.78933 0
      vertex 23.2773 2.71448 10
      vertex 23.1044 2.78933 10
    endloop
  endfacet
  facet normal -0.39728 -0.917698 -0
    outer loop
      vertex 23.2773 2.71448 10
      vertex 23.1044 2.78933 0
      vertex 23.2773 2.71448 0
    endloop
  endfacet
  facet normal -0.612945 -0.790126 0
    outer loop
      vertex 23.7634 2.42705 0
      vertex 23.9123 2.31154 10
      vertex 23.7634 2.42705 10
    endloop
  endfacet
  facet normal -0.612945 -0.790126 -0
    outer loop
      vertex 23.9123 2.31154 10
      vertex 23.7634 2.42705 0
      vertex 23.9123 2.31154 0
    endloop
  endfacet
  facet normal 0.975931 -0.218081 0
    outer loop
      vertex 19.0531 0.562143 10
      vertex 19.0942 0.746069 0
      vertex 19.0942 0.746069 10
    endloop
  endfacet
  facet normal 0.975931 -0.218081 0
    outer loop
      vertex 19.0942 0.746069 0
      vertex 19.0531 0.562143 10
      vertex 19.0531 0.562143 0
    endloop
  endfacet
  facet normal 0.789915 -0.613217 0
    outer loop
      vertex 19.5729 1.76336 10
      vertex 19.6885 1.91227 0
      vertex 19.6885 1.91227 10
    endloop
  endfacet
  facet normal 0.789915 -0.613217 0
    outer loop
      vertex 19.6885 1.91227 0
      vertex 19.5729 1.76336 10
      vertex 19.5729 1.76336 0
    endloop
  endfacet
  facet normal 0.99553 -0.0944445 0
    outer loop
      vertex 19.0059 0.188371 10
      vertex 19.0237 0.375999 0
      vertex 19.0237 0.375999 10
    endloop
  endfacet
  facet normal 0.99553 -0.0944445 0
    outer loop
      vertex 19.0237 0.375999 0
      vertex 19.0059 0.188371 10
      vertex 19.0059 0.188371 0
    endloop
  endfacet
  facet normal 0.562012 -0.827129 0
    outer loop
      vertex 20.2366 2.42705 0
      vertex 20.3925 2.53298 10
      vertex 20.2366 2.42705 10
    endloop
  endfacet
  facet normal 0.562012 -0.827129 0
    outer loop
      vertex 20.3925 2.53298 10
      vertex 20.2366 2.42705 0
      vertex 20.3925 2.53298 0
    endloop
  endfacet
  facet normal 0.612945 -0.790126 0
    outer loop
      vertex 20.0877 2.31154 0
      vertex 20.2366 2.42705 10
      vertex 20.0877 2.31154 10
    endloop
  endfacet
  facet normal 0.612945 -0.790126 0
    outer loop
      vertex 20.2366 2.42705 10
      vertex 20.0877 2.31154 0
      vertex 20.2366 2.42705 0
    endloop
  endfacet
  facet normal 0.661483 -0.74996 0
    outer loop
      vertex 19.9464 2.18691 0
      vertex 20.0877 2.31154 10
      vertex 19.9464 2.18691 10
    endloop
  endfacet
  facet normal 0.661483 -0.74996 0
    outer loop
      vertex 20.0877 2.31154 10
      vertex 19.9464 2.18691 0
      vertex 20.0877 2.31154 0
    endloop
  endfacet
  facet normal 0.39728 -0.917698 0
    outer loop
      vertex 20.7227 2.71448 0
      vertex 20.8956 2.78933 10
      vertex 20.7227 2.71448 10
    endloop
  endfacet
  facet normal 0.39728 -0.917698 0
    outer loop
      vertex 20.8956 2.78933 10
      vertex 20.7227 2.71448 0
      vertex 20.8956 2.78933 0
    endloop
  endfacet
  facet normal 0.156459 -0.987685 0
    outer loop
      vertex 21.4379 2.94686 0
      vertex 21.624 2.97634 10
      vertex 21.4379 2.94686 10
    endloop
  endfacet
  facet normal 0.156459 -0.987685 0
    outer loop
      vertex 21.624 2.97634 10
      vertex 21.4379 2.94686 0
      vertex 21.624 2.97634 0
    endloop
  endfacet
  facet normal -0.960265 0.279088 0
    outer loop
      vertex 24.8532 -0.927051 0
      vertex 24.9058 -0.746069 10
      vertex 24.9058 -0.746069 0
    endloop
  endfacet
  facet normal -0.960265 0.279088 0
    outer loop
      vertex 24.9058 -0.746069 10
      vertex 24.8532 -0.927051 0
      vertex 24.8532 -0.927051 10
    endloop
  endfacet
  facet normal -0.0941429 0.995559 0
    outer loop
      vertex 22.376 -2.97634 0
      vertex 22.1884 -2.99408 10
      vertex 22.376 -2.97634 10
    endloop
  endfacet
  facet normal -0.0941429 0.995559 0
    outer loop
      vertex 22.1884 -2.99408 10
      vertex 22.376 -2.97634 0
      vertex 22.1884 -2.99408 0
    endloop
  endfacet
  facet normal -0.453821 0.891093 0
    outer loop
      vertex 23.4453 -2.62892 0
      vertex 23.2773 -2.71448 10
      vertex 23.4453 -2.62892 10
    endloop
  endfacet
  facet normal -0.453821 0.891093 0
    outer loop
      vertex 23.2773 -2.71448 10
      vertex 23.4453 -2.62892 0
      vertex 23.2773 -2.71448 0
    endloop
  endfacet
  facet normal -0.987756 -0.156008 0
    outer loop
      vertex 24.9763 0.375999 0
      vertex 24.9469 0.562143 10
      vertex 24.9469 0.562143 0
    endloop
  endfacet
  facet normal -0.987756 -0.156008 0
    outer loop
      vertex 24.9469 0.562143 10
      vertex 24.9763 0.375999 0
      vertex 24.9763 0.375999 10
    endloop
  endfacet
  facet normal -0.99553 -0.0944445 0
    outer loop
      vertex 24.9941 0.188371 0
      vertex 24.9763 0.375999 10
      vertex 24.9763 0.375999 0
    endloop
  endfacet
  facet normal -0.99553 -0.0944445 0
    outer loop
      vertex 24.9763 0.375999 10
      vertex 24.9941 0.188371 0
      vertex 24.9941 0.188371 10
    endloop
  endfacet
  facet normal -0.960265 -0.279088 0
    outer loop
      vertex 24.9058 0.746069 0
      vertex 24.8532 0.927051 10
      vertex 24.8532 0.927051 0
    endloop
  endfacet
  facet normal -0.960265 -0.279088 0
    outer loop
      vertex 24.8532 0.927051 10
      vertex 24.9058 0.746069 0
      vertex 24.9058 0.746069 10
    endloop
  endfacet
  facet normal -0.940777 -0.339025 0
    outer loop
      vertex 24.8532 0.927051 0
      vertex 24.7893 1.10437 10
      vertex 24.7893 1.10437 0
    endloop
  endfacet
  facet normal -0.940777 -0.339025 0
    outer loop
      vertex 24.7893 1.10437 10
      vertex 24.8532 0.927051 0
      vertex 24.8532 0.927051 10
    endloop
  endfacet
  facet normal -0.917853 -0.396921 0
    outer loop
      vertex 24.7893 1.10437 0
      vertex 24.7145 1.27734 10
      vertex 24.7145 1.27734 0
    endloop
  endfacet
  facet normal -0.917853 -0.396921 0
    outer loop
      vertex 24.7145 1.27734 10
      vertex 24.7893 1.10437 0
      vertex 24.7893 1.10437 10
    endloop
  endfacet
  facet normal -0.707027 -0.707186 0
    outer loop
      vertex 24.1869 2.05364 0
      vertex 24.0536 2.18691 10
      vertex 24.0536 2.18691 0
    endloop
  endfacet
  facet normal -0.707027 -0.707186 0
    outer loop
      vertex 24.0536 2.18691 10
      vertex 24.1869 2.05364 0
      vertex 24.1869 2.05364 10
    endloop
  endfacet
  facet normal -0.827169 -0.561953 0
    outer loop
      vertex 24.533 1.60748 0
      vertex 24.4271 1.76336 10
      vertex 24.4271 1.76336 0
    endloop
  endfacet
  facet normal -0.827169 -0.561953 0
    outer loop
      vertex 24.4271 1.76336 10
      vertex 24.533 1.60748 0
      vertex 24.533 1.60748 10
    endloop
  endfacet
  facet normal -0.860827 -0.508897 0
    outer loop
      vertex 24.6289 1.44526 0
      vertex 24.533 1.60748 10
      vertex 24.533 1.60748 0
    endloop
  endfacet
  facet normal -0.860827 -0.508897 0
    outer loop
      vertex 24.533 1.60748 10
      vertex 24.6289 1.44526 0
      vertex 24.6289 1.44526 10
    endloop
  endfacet
  facet normal -0.218048 -0.975938 0
    outer loop
      vertex 22.5621 2.94686 0
      vertex 22.7461 2.90575 10
      vertex 22.5621 2.94686 10
    endloop
  endfacet
  facet normal -0.218048 -0.975938 -0
    outer loop
      vertex 22.7461 2.90575 10
      vertex 22.5621 2.94686 0
      vertex 22.7461 2.90575 0
    endloop
  endfacet
  facet normal -0.0941429 -0.995559 0
    outer loop
      vertex 22.1884 2.99408 0
      vertex 22.376 2.97634 10
      vertex 22.1884 2.99408 10
    endloop
  endfacet
  facet normal -0.0941429 -0.995559 -0
    outer loop
      vertex 22.376 2.97634 10
      vertex 22.1884 2.99408 0
      vertex 22.376 2.97634 0
    endloop
  endfacet
  facet normal -0.031407 -0.999507 0
    outer loop
      vertex 22 3 0
      vertex 22.1884 2.99408 10
      vertex 22 3 10
    endloop
  endfacet
  facet normal -0.031407 -0.999507 -0
    outer loop
      vertex 22.1884 2.99408 10
      vertex 22 3 0
      vertex 22.1884 2.99408 0
    endloop
  endfacet
  facet normal -0.338776 -0.940867 0
    outer loop
      vertex 22.9271 2.85317 0
      vertex 23.1044 2.78933 10
      vertex 22.9271 2.85317 10
    endloop
  endfacet
  facet normal -0.338776 -0.940867 -0
    outer loop
      vertex 23.1044 2.78933 10
      vertex 22.9271 2.85317 0
      vertex 23.1044 2.78933 0
    endloop
  endfacet
  facet normal -0.453821 -0.891093 0
    outer loop
      vertex 23.2773 2.71448 0
      vertex 23.4453 2.62892 10
      vertex 23.2773 2.71448 10
    endloop
  endfacet
  facet normal -0.453821 -0.891093 -0
    outer loop
      vertex 23.4453 2.62892 10
      vertex 23.2773 2.71448 0
      vertex 23.4453 2.62892 0
    endloop
  endfacet
  facet normal -0.509101 -0.860707 0
    outer loop
      vertex 23.4453 2.62892 0
      vertex 23.6075 2.53298 10
      vertex 23.4453 2.62892 10
    endloop
  endfacet
  facet normal -0.509101 -0.860707 -0
    outer loop
      vertex 23.6075 2.53298 10
      vertex 23.4453 2.62892 0
      vertex 23.6075 2.53298 0
    endloop
  endfacet
  facet normal 0.940777 -0.339025 0
    outer loop
      vertex 19.1468 0.927051 10
      vertex 19.2107 1.10437 0
      vertex 19.2107 1.10437 10
    endloop
  endfacet
  facet normal 0.940777 -0.339025 0
    outer loop
      vertex 19.2107 1.10437 0
      vertex 19.1468 0.927051 10
      vertex 19.1468 0.927051 0
    endloop
  endfacet
  facet normal 0.960265 -0.279088 0
    outer loop
      vertex 19.0942 0.746069 10
      vertex 19.1468 0.927051 0
      vertex 19.1468 0.927051 10
    endloop
  endfacet
  facet normal 0.960265 -0.279088 0
    outer loop
      vertex 19.1468 0.927051 0
      vertex 19.0942 0.746069 10
      vertex 19.0942 0.746069 0
    endloop
  endfacet
  facet normal 0.987756 -0.156008 0
    outer loop
      vertex 19.0237 0.375999 10
      vertex 19.0531 0.562143 0
      vertex 19.0531 0.562143 10
    endloop
  endfacet
  facet normal 0.987756 -0.156008 0
    outer loop
      vertex 19.0531 0.562143 0
      vertex 19.0237 0.375999 10
      vertex 19.0237 0.375999 0
    endloop
  endfacet
  facet normal 0.99951 -0.0313058 0
    outer loop
      vertex 19 0 10
      vertex 19.0059 0.188371 0
      vertex 19.0059 0.188371 10
    endloop
  endfacet
  facet normal 0.99951 -0.0313058 0
    outer loop
      vertex 19.0059 0.188371 0
      vertex 19 0 10
      vertex 19 0 0
    endloop
  endfacet
  facet normal 0.278965 -0.960301 0
    outer loop
      vertex 21.0729 2.85317 0
      vertex 21.2539 2.90575 10
      vertex 21.0729 2.85317 10
    endloop
  endfacet
  facet normal 0.278965 -0.960301 0
    outer loop
      vertex 21.2539 2.90575 10
      vertex 21.0729 2.85317 0
      vertex 21.2539 2.90575 0
    endloop
  endfacet
  facet normal 0.0941429 -0.995559 0
    outer loop
      vertex 21.624 2.97634 0
      vertex 21.8116 2.99408 10
      vertex 21.624 2.97634 10
    endloop
  endfacet
  facet normal 0.0941429 -0.995559 0
    outer loop
      vertex 21.8116 2.99408 10
      vertex 21.624 2.97634 0
      vertex 21.8116 2.99408 0
    endloop
  endfacet
  facet normal -0.99951 0.0313058 0
    outer loop
      vertex 24.9941 -0.188371 0
      vertex 25 0 10
      vertex 25 0 0
    endloop
  endfacet
  facet normal -0.99951 0.0313058 0
    outer loop
      vertex 25 0 10
      vertex 24.9941 -0.188371 0
      vertex 24.9941 -0.188371 10
    endloop
  endfacet
  facet normal -0.89092 0.454161 0
    outer loop
      vertex 24.6289 -1.44526 0
      vertex 24.7145 -1.27734 10
      vertex 24.7145 -1.27734 0
    endloop
  endfacet
  facet normal -0.89092 0.454161 0
    outer loop
      vertex 24.7145 -1.27734 10
      vertex 24.6289 -1.44526 0
      vertex 24.6289 -1.44526 10
    endloop
  endfacet
  facet normal -0.789915 0.613217 0
    outer loop
      vertex 24.3115 -1.91227 0
      vertex 24.4271 -1.76336 10
      vertex 24.4271 -1.76336 0
    endloop
  endfacet
  facet normal -0.789915 0.613217 0
    outer loop
      vertex 24.4271 -1.76336 10
      vertex 24.3115 -1.91227 0
      vertex 24.3115 -1.91227 10
    endloop
  endfacet
  facet normal 0.750202 0.661209 0
    outer loop
      vertex 19.8131 -2.05364 10
      vertex 19.6885 -1.91227 0
      vertex 19.6885 -1.91227 10
    endloop
  endfacet
  facet normal 0.750202 0.661209 0
    outer loop
      vertex 19.6885 -1.91227 0
      vertex 19.8131 -2.05364 10
      vertex 19.8131 -2.05364 0
    endloop
  endfacet
  facet normal 0.960265 0.279088 0
    outer loop
      vertex 19.1468 -0.927051 10
      vertex 19.0942 -0.746069 0
      vertex 19.0942 -0.746069 10
    endloop
  endfacet
  facet normal 0.960265 0.279088 0
    outer loop
      vertex 19.0942 -0.746069 0
      vertex 19.1468 -0.927051 10
      vertex 19.1468 -0.927051 0
    endloop
  endfacet
  facet normal -0.218048 0.975938 0
    outer loop
      vertex 22.7461 -2.90575 0
      vertex 22.5621 -2.94686 10
      vertex 22.7461 -2.90575 10
    endloop
  endfacet
  facet normal -0.218048 0.975938 0
    outer loop
      vertex 22.5621 -2.94686 10
      vertex 22.7461 -2.90575 0
      vertex 22.5621 -2.94686 0
    endloop
  endfacet
  facet normal -0.39728 0.917698 0
    outer loop
      vertex 23.2773 -2.71448 0
      vertex 23.1044 -2.78933 10
      vertex 23.2773 -2.71448 10
    endloop
  endfacet
  facet normal -0.39728 0.917698 0
    outer loop
      vertex 23.1044 -2.78933 10
      vertex 23.2773 -2.71448 0
      vertex 23.1044 -2.78933 0
    endloop
  endfacet
  facet normal 0.860827 -0.508897 0
    outer loop
      vertex 19.3711 1.44526 10
      vertex 19.467 1.60748 0
      vertex 19.467 1.60748 10
    endloop
  endfacet
  facet normal 0.860827 -0.508897 0
    outer loop
      vertex 19.467 1.60748 0
      vertex 19.3711 1.44526 10
      vertex 19.3711 1.44526 0
    endloop
  endfacet
  facet normal 0.917853 -0.396921 0
    outer loop
      vertex 19.2107 1.10437 10
      vertex 19.2855 1.27734 0
      vertex 19.2855 1.27734 10
    endloop
  endfacet
  facet normal 0.917853 -0.396921 0
    outer loop
      vertex 19.2855 1.27734 0
      vertex 19.2107 1.10437 10
      vertex 19.2107 1.10437 0
    endloop
  endfacet
  facet normal 0.99951 0.0313058 0
    outer loop
      vertex 19.0059 -0.188371 10
      vertex 19 0 0
      vertex 19 0 10
    endloop
  endfacet
  facet normal 0.99951 0.0313058 0
    outer loop
      vertex 19 0 0
      vertex 19.0059 -0.188371 10
      vertex 19.0059 -0.188371 0
    endloop
  endfacet
  facet normal 0.707027 -0.707186 0
    outer loop
      vertex 19.8131 2.05364 10
      vertex 19.9464 2.18691 0
      vertex 19.9464 2.18691 10
    endloop
  endfacet
  facet normal 0.707027 -0.707186 0
    outer loop
      vertex 19.9464 2.18691 0
      vertex 19.8131 2.05364 10
      vertex 19.8131 2.05364 0
    endloop
  endfacet
  facet normal 0.509101 -0.860707 0
    outer loop
      vertex 20.3925 2.53298 0
      vertex 20.5547 2.62892 10
      vertex 20.3925 2.53298 10
    endloop
  endfacet
  facet normal 0.509101 -0.860707 0
    outer loop
      vertex 20.5547 2.62892 10
      vertex 20.3925 2.53298 0
      vertex 20.5547 2.62892 0
    endloop
  endfacet
  facet normal 0.338776 -0.940867 0
    outer loop
      vertex 20.8956 2.78933 0
      vertex 21.0729 2.85317 10
      vertex 20.8956 2.78933 10
    endloop
  endfacet
  facet normal 0.338776 -0.940867 0
    outer loop
      vertex 21.0729 2.85317 10
      vertex 20.8956 2.78933 0
      vertex 21.0729 2.85317 0
    endloop
  endfacet
  facet normal 0.218048 -0.975938 0
    outer loop
      vertex 21.2539 2.90575 0
      vertex 21.4379 2.94686 10
      vertex 21.2539 2.90575 10
    endloop
  endfacet
  facet normal 0.218048 -0.975938 0
    outer loop
      vertex 21.4379 2.94686 10
      vertex 21.2539 2.90575 0
      vertex 21.4379 2.94686 0
    endloop
  endfacet
  facet normal -0.99553 0.0944445 0
    outer loop
      vertex 24.9763 -0.375999 0
      vertex 24.9941 -0.188371 10
      vertex 24.9941 -0.188371 0
    endloop
  endfacet
  facet normal -0.99553 0.0944445 0
    outer loop
      vertex 24.9941 -0.188371 10
      vertex 24.9763 -0.375999 0
      vertex 24.9763 -0.375999 10
    endloop
  endfacet
  facet normal -0.987756 0.156008 0
    outer loop
      vertex 24.9469 -0.562143 0
      vertex 24.9763 -0.375999 10
      vertex 24.9763 -0.375999 0
    endloop
  endfacet
  facet normal -0.987756 0.156008 0
    outer loop
      vertex 24.9763 -0.375999 10
      vertex 24.9469 -0.562143 0
      vertex 24.9469 -0.562143 10
    endloop
  endfacet
  facet normal -0.975931 0.218081 0
    outer loop
      vertex 24.9058 -0.746069 0
      vertex 24.9469 -0.562143 10
      vertex 24.9469 -0.562143 0
    endloop
  endfacet
  facet normal -0.975931 0.218081 0
    outer loop
      vertex 24.9469 -0.562143 10
      vertex 24.9058 -0.746069 0
      vertex 24.9058 -0.746069 10
    endloop
  endfacet
  facet normal -0.707027 0.707186 0
    outer loop
      vertex 24.0536 -2.18691 0
      vertex 24.1869 -2.05364 10
      vertex 24.1869 -2.05364 0
    endloop
  endfacet
  facet normal -0.707027 0.707186 0
    outer loop
      vertex 24.1869 -2.05364 10
      vertex 24.0536 -2.18691 0
      vertex 24.0536 -2.18691 10
    endloop
  endfacet
  facet normal -0.750202 0.661209 0
    outer loop
      vertex 24.1869 -2.05364 0
      vertex 24.3115 -1.91227 10
      vertex 24.3115 -1.91227 0
    endloop
  endfacet
  facet normal -0.750202 0.661209 0
    outer loop
      vertex 24.3115 -1.91227 10
      vertex 24.1869 -2.05364 0
      vertex 24.1869 -2.05364 10
    endloop
  endfacet
  facet normal -0.509101 0.860707 0
    outer loop
      vertex 23.6075 -2.53298 0
      vertex 23.4453 -2.62892 10
      vertex 23.6075 -2.53298 10
    endloop
  endfacet
  facet normal -0.509101 0.860707 0
    outer loop
      vertex 23.4453 -2.62892 10
      vertex 23.6075 -2.53298 0
      vertex 23.4453 -2.62892 0
    endloop
  endfacet
  facet normal -0.661483 0.74996 0
    outer loop
      vertex 24.0536 -2.18691 0
      vertex 23.9123 -2.31154 10
      vertex 24.0536 -2.18691 10
    endloop
  endfacet
  facet normal -0.661483 0.74996 0
    outer loop
      vertex 23.9123 -2.31154 10
      vertex 24.0536 -2.18691 0
      vertex 23.9123 -2.31154 0
    endloop
  endfacet
  facet normal -0.612945 0.790126 0
    outer loop
      vertex 23.9123 -2.31154 0
      vertex 23.7634 -2.42705 10
      vertex 23.9123 -2.31154 10
    endloop
  endfacet
  facet normal -0.612945 0.790126 0
    outer loop
      vertex 23.7634 -2.42705 10
      vertex 23.9123 -2.31154 0
      vertex 23.7634 -2.42705 0
    endloop
  endfacet
  facet normal -0.917853 0.396921 0
    outer loop
      vertex 24.7145 -1.27734 0
      vertex 24.7893 -1.10437 10
      vertex 24.7893 -1.10437 0
    endloop
  endfacet
  facet normal -0.917853 0.396921 0
    outer loop
      vertex 24.7893 -1.10437 10
      vertex 24.7145 -1.27734 0
      vertex 24.7145 -1.27734 10
    endloop
  endfacet
  facet normal -0.940777 0.339025 0
    outer loop
      vertex 24.7893 -1.10437 0
      vertex 24.8532 -0.927051 10
      vertex 24.8532 -0.927051 0
    endloop
  endfacet
  facet normal -0.940777 0.339025 0
    outer loop
      vertex 24.8532 -0.927051 10
      vertex 24.7893 -1.10437 0
      vertex 24.7893 -1.10437 10
    endloop
  endfacet
  facet normal -0.827169 0.561953 0
    outer loop
      vertex 24.4271 -1.76336 0
      vertex 24.533 -1.60748 10
      vertex 24.533 -1.60748 0
    endloop
  endfacet
  facet normal -0.827169 0.561953 0
    outer loop
      vertex 24.533 -1.60748 10
      vertex 24.4271 -1.76336 0
      vertex 24.4271 -1.76336 10
    endloop
  endfacet
  facet normal -0.860827 0.508897 0
    outer loop
      vertex 24.533 -1.60748 0
      vertex 24.6289 -1.44526 10
      vertex 24.6289 -1.44526 0
    endloop
  endfacet
  facet normal -0.860827 0.508897 0
    outer loop
      vertex 24.6289 -1.44526 10
      vertex 24.533 -1.60748 0
      vertex 24.533 -1.60748 10
    endloop
  endfacet
  facet normal 0.707027 0.707186 0
    outer loop
      vertex 19.9464 -2.18691 10
      vertex 19.8131 -2.05364 0
      vertex 19.8131 -2.05364 10
    endloop
  endfacet
  facet normal 0.707027 0.707186 0
    outer loop
      vertex 19.8131 -2.05364 0
      vertex 19.9464 -2.18691 10
      vertex 19.9464 -2.18691 0
    endloop
  endfacet
  facet normal 0.789915 0.613217 0
    outer loop
      vertex 19.6885 -1.91227 10
      vertex 19.5729 -1.76336 0
      vertex 19.5729 -1.76336 10
    endloop
  endfacet
  facet normal 0.789915 0.613217 0
    outer loop
      vertex 19.5729 -1.76336 0
      vertex 19.6885 -1.91227 10
      vertex 19.6885 -1.91227 0
    endloop
  endfacet
  facet normal 0.89092 0.454161 0
    outer loop
      vertex 19.3711 -1.44526 10
      vertex 19.2855 -1.27734 0
      vertex 19.2855 -1.27734 10
    endloop
  endfacet
  facet normal 0.89092 0.454161 0
    outer loop
      vertex 19.2855 -1.27734 0
      vertex 19.3711 -1.44526 10
      vertex 19.3711 -1.44526 0
    endloop
  endfacet
  facet normal 0.975931 0.218081 0
    outer loop
      vertex 19.0942 -0.746069 10
      vertex 19.0531 -0.562143 0
      vertex 19.0531 -0.562143 10
    endloop
  endfacet
  facet normal 0.975931 0.218081 0
    outer loop
      vertex 19.0531 -0.562143 0
      vertex 19.0942 -0.746069 10
      vertex 19.0942 -0.746069 0
    endloop
  endfacet
  facet normal -0.562012 0.827129 0
    outer loop
      vertex 23.7634 -2.42705 0
      vertex 23.6075 -2.53298 10
      vertex 23.7634 -2.42705 10
    endloop
  endfacet
  facet normal -0.562012 0.827129 0
    outer loop
      vertex 23.6075 -2.53298 10
      vertex 23.7634 -2.42705 0
      vertex 23.6075 -2.53298 0
    endloop
  endfacet
  facet normal 0.031407 0.999507 -0
    outer loop
      vertex 22 -3 0
      vertex 21.8116 -2.99408 10
      vertex 22 -3 10
    endloop
  endfacet
  facet normal 0.031407 0.999507 0
    outer loop
      vertex 21.8116 -2.99408 10
      vertex 22 -3 0
      vertex 21.8116 -2.99408 0
    endloop
  endfacet
  facet normal 0.278965 0.960301 -0
    outer loop
      vertex 21.2539 -2.90575 0
      vertex 21.0729 -2.85317 10
      vertex 21.2539 -2.90575 10
    endloop
  endfacet
  facet normal 0.278965 0.960301 0
    outer loop
      vertex 21.0729 -2.85317 10
      vertex 21.2539 -2.90575 0
      vertex 21.0729 -2.85317 0
    endloop
  endfacet
  facet normal 0.0941429 0.995559 -0
    outer loop
      vertex 21.8116 -2.99408 0
      vertex 21.624 -2.97634 10
      vertex 21.8116 -2.99408 10
    endloop
  endfacet
  facet normal 0.0941429 0.995559 0
    outer loop
      vertex 21.624 -2.97634 10
      vertex 21.8116 -2.99408 0
      vertex 21.624 -2.97634 0
    endloop
  endfacet
  facet normal 0.661483 0.74996 -0
    outer loop
      vertex 20.0877 -2.31154 0
      vertex 19.9464 -2.18691 10
      vertex 20.0877 -2.31154 10
    endloop
  endfacet
  facet normal 0.661483 0.74996 0
    outer loop
      vertex 19.9464 -2.18691 10
      vertex 20.0877 -2.31154 0
      vertex 19.9464 -2.18691 0
    endloop
  endfacet
  facet normal 0.940777 0.339025 0
    outer loop
      vertex 19.2107 -1.10437 10
      vertex 19.1468 -0.927051 0
      vertex 19.1468 -0.927051 10
    endloop
  endfacet
  facet normal 0.940777 0.339025 0
    outer loop
      vertex 19.1468 -0.927051 0
      vertex 19.2107 -1.10437 10
      vertex 19.2107 -1.10437 0
    endloop
  endfacet
  facet normal 0.987756 0.156008 0
    outer loop
      vertex 19.0531 -0.562143 10
      vertex 19.0237 -0.375999 0
      vertex 19.0237 -0.375999 10
    endloop
  endfacet
  facet normal 0.987756 0.156008 0
    outer loop
      vertex 19.0237 -0.375999 0
      vertex 19.0531 -0.562143 10
      vertex 19.0531 -0.562143 0
    endloop
  endfacet
  facet normal 0.99553 0.0944445 0
    outer loop
      vertex 19.0237 -0.375999 10
      vertex 19.0059 -0.188371 0
      vertex 19.0059 -0.188371 10
    endloop
  endfacet
  facet normal 0.99553 0.0944445 0
    outer loop
      vertex 19.0059 -0.188371 0
      vertex 19.0237 -0.375999 10
      vertex 19.0237 -0.375999 0
    endloop
  endfacet
  facet normal -0.338776 0.940867 0
    outer loop
      vertex 23.1044 -2.78933 0
      vertex 22.9271 -2.85317 10
      vertex 23.1044 -2.78933 10
    endloop
  endfacet
  facet normal -0.338776 0.940867 0
    outer loop
      vertex 22.9271 -2.85317 10
      vertex 23.1044 -2.78933 0
      vertex 22.9271 -2.85317 0
    endloop
  endfacet
  facet normal -0.156459 0.987685 0
    outer loop
      vertex 22.5621 -2.94686 0
      vertex 22.376 -2.97634 10
      vertex 22.5621 -2.94686 10
    endloop
  endfacet
  facet normal -0.156459 0.987685 0
    outer loop
      vertex 22.376 -2.97634 10
      vertex 22.5621 -2.94686 0
      vertex 22.376 -2.97634 0
    endloop
  endfacet
  facet normal 0.453821 0.891093 -0
    outer loop
      vertex 20.7227 -2.71448 0
      vertex 20.5547 -2.62892 10
      vertex 20.7227 -2.71448 10
    endloop
  endfacet
  facet normal 0.453821 0.891093 0
    outer loop
      vertex 20.5547 -2.62892 10
      vertex 20.7227 -2.71448 0
      vertex 20.5547 -2.62892 0
    endloop
  endfacet
  facet normal 0.218048 0.975938 -0
    outer loop
      vertex 21.4379 -2.94686 0
      vertex 21.2539 -2.90575 10
      vertex 21.4379 -2.94686 10
    endloop
  endfacet
  facet normal 0.218048 0.975938 0
    outer loop
      vertex 21.2539 -2.90575 10
      vertex 21.4379 -2.94686 0
      vertex 21.2539 -2.90575 0
    endloop
  endfacet
  facet normal 0.917853 0.396921 0
    outer loop
      vertex 19.2855 -1.27734 10
      vertex 19.2107 -1.10437 0
      vertex 19.2107 -1.10437 10
    endloop
  endfacet
  facet normal 0.917853 0.396921 0
    outer loop
      vertex 19.2107 -1.10437 0
      vertex 19.2855 -1.27734 10
      vertex 19.2855 -1.27734 0
    endloop
  endfacet
  facet normal 0.562012 0.827129 -0
    outer loop
      vertex 20.3925 -2.53298 0
      vertex 20.2366 -2.42705 10
      vertex 20.3925 -2.53298 10
    endloop
  endfacet
  facet normal 0.562012 0.827129 0
    outer loop
      vertex 20.2366 -2.42705 10
      vertex 20.3925 -2.53298 0
      vertex 20.2366 -2.42705 0
    endloop
  endfacet
  facet normal 0.612945 0.790126 -0
    outer loop
      vertex 20.2366 -2.42705 0
      vertex 20.0877 -2.31154 10
      vertex 20.2366 -2.42705 10
    endloop
  endfacet
  facet normal 0.612945 0.790126 0
    outer loop
      vertex 20.0877 -2.31154 10
      vertex 20.2366 -2.42705 0
      vertex 20.0877 -2.31154 0
    endloop
  endfacet
  facet normal 0.39728 0.917698 -0
    outer loop
      vertex 20.8956 -2.78933 0
      vertex 20.7227 -2.71448 10
      vertex 20.8956 -2.78933 10
    endloop
  endfacet
  facet normal 0.39728 0.917698 0
    outer loop
      vertex 20.7227 -2.71448 10
      vertex 20.8956 -2.78933 0
      vertex 20.7227 -2.71448 0
    endloop
  endfacet
  facet normal 0.338776 0.940867 -0
    outer loop
      vertex 21.0729 -2.85317 0
      vertex 20.8956 -2.78933 10
      vertex 21.0729 -2.85317 10
    endloop
  endfacet
  facet normal 0.338776 0.940867 0
    outer loop
      vertex 20.8956 -2.78933 10
      vertex 21.0729 -2.85317 0
      vertex 20.8956 -2.78933 0
    endloop
  endfacet
  facet normal 0.156459 0.987685 -0
    outer loop
      vertex 21.624 -2.97634 0
      vertex 21.4379 -2.94686 10
      vertex 21.624 -2.97634 10
    endloop
  endfacet
  facet normal 0.156459 0.987685 0
    outer loop
      vertex 21.4379 -2.94686 10
      vertex 21.624 -2.97634 0
      vertex 21.4379 -2.94686 0
    endloop
  endfacet
  facet normal 0.827169 0.561953 0
    outer loop
      vertex 19.5729 -1.76336 10
      vertex 19.467 -1.60748 0
      vertex 19.467 -1.60748 10
    endloop
  endfacet
  facet normal 0.827169 0.561953 0
    outer loop
      vertex 19.467 -1.60748 0
      vertex 19.5729 -1.76336 10
      vertex 19.5729 -1.76336 0
    endloop
  endfacet
  facet normal 0.860827 0.508897 0
    outer loop
      vertex 19.467 -1.60748 10
      vertex 19.3711 -1.44526 0
      vertex 19.3711 -1.44526 10
    endloop
  endfacet
  facet normal 0.860827 0.508897 0
    outer loop
      vertex 19.3711 -1.44526 0
      vertex 19.467 -1.60748 10
      vertex 19.467 -1.60748 0
    endloop
  endfacet
  facet normal 0.509101 0.860707 -0
    outer loop
      vertex 20.5547 -2.62892 0
      vertex 20.3925 -2.53298 10
      vertex 20.5547 -2.62892 10
    endloop
  endfacet
  facet normal 0.509101 0.860707 0
    outer loop
      vertex 20.3925 -2.53298 10
      vertex 20.5547 -2.62892 0
      vertex 20.3925 -2.53298 0
    endloop
  endfacet
  facet normal 0.0313058 -0.99951 0
    outer loop
      vertex -0.188371 24.9941 0
      vertex 0 25 10
      vertex -0.188371 24.9941 10
    endloop
  endfacet
  facet normal 0.0313058 -0.99951 0
    outer loop
      vertex 0 25 10
      vertex -0.188371 24.9941 0
      vertex 0 25 0
    endloop
  endfacet
  facet normal -0.999507 -0.031407 0
    outer loop
      vertex 3 22 0
      vertex 2.99408 22.1884 10
      vertex 2.99408 22.1884 0
    endloop
  endfacet
  facet normal -0.999507 -0.031407 0
    outer loop
      vertex 2.99408 22.1884 10
      vertex 3 22 0
      vertex 3 22 10
    endloop
  endfacet
  facet normal 0.74996 -0.661483 0
    outer loop
      vertex -2.31154 23.9123 10
      vertex -2.18691 24.0536 0
      vertex -2.18691 24.0536 10
    endloop
  endfacet
  facet normal 0.74996 -0.661483 0
    outer loop
      vertex -2.18691 24.0536 0
      vertex -2.31154 23.9123 10
      vertex -2.31154 23.9123 0
    endloop
  endfacet
  facet normal 0.454161 -0.89092 0
    outer loop
      vertex -1.44526 24.6289 0
      vertex -1.27734 24.7145 10
      vertex -1.44526 24.6289 10
    endloop
  endfacet
  facet normal 0.454161 -0.89092 0
    outer loop
      vertex -1.27734 24.7145 10
      vertex -1.44526 24.6289 0
      vertex -1.27734 24.7145 0
    endloop
  endfacet
  facet normal 0.940867 -0.338776 0
    outer loop
      vertex -2.85317 22.9271 10
      vertex -2.78933 23.1044 0
      vertex -2.78933 23.1044 10
    endloop
  endfacet
  facet normal 0.940867 -0.338776 0
    outer loop
      vertex -2.78933 23.1044 0
      vertex -2.85317 22.9271 10
      vertex -2.85317 22.9271 0
    endloop
  endfacet
  facet normal 0.860707 -0.509101 0
    outer loop
      vertex -2.62892 23.4453 10
      vertex -2.53298 23.6075 0
      vertex -2.53298 23.6075 10
    endloop
  endfacet
  facet normal 0.860707 -0.509101 0
    outer loop
      vertex -2.53298 23.6075 0
      vertex -2.62892 23.4453 10
      vertex -2.62892 23.4453 0
    endloop
  endfacet
  facet normal 0.279088 -0.960265 0
    outer loop
      vertex -0.927051 24.8532 0
      vertex -0.746069 24.9058 10
      vertex -0.927051 24.8532 10
    endloop
  endfacet
  facet normal 0.279088 -0.960265 0
    outer loop
      vertex -0.746069 24.9058 10
      vertex -0.927051 24.8532 0
      vertex -0.746069 24.9058 0
    endloop
  endfacet
  facet normal 0.613217 -0.789915 0
    outer loop
      vertex -1.91227 24.3115 0
      vertex -1.76336 24.4271 10
      vertex -1.91227 24.3115 10
    endloop
  endfacet
  facet normal 0.613217 -0.789915 0
    outer loop
      vertex -1.76336 24.4271 10
      vertex -1.91227 24.3115 0
      vertex -1.76336 24.4271 0
    endloop
  endfacet
  facet normal 0.661209 -0.750202 0
    outer loop
      vertex -2.05364 24.1869 0
      vertex -1.91227 24.3115 10
      vertex -2.05364 24.1869 10
    endloop
  endfacet
  facet normal 0.661209 -0.750202 0
    outer loop
      vertex -1.91227 24.3115 10
      vertex -2.05364 24.1869 0
      vertex -1.91227 24.3115 0
    endloop
  endfacet
  facet normal 0.561953 -0.827169 0
    outer loop
      vertex -1.76336 24.4271 0
      vertex -1.60748 24.533 10
      vertex -1.76336 24.4271 10
    endloop
  endfacet
  facet normal 0.561953 -0.827169 0
    outer loop
      vertex -1.60748 24.533 10
      vertex -1.76336 24.4271 0
      vertex -1.60748 24.533 0
    endloop
  endfacet
  facet normal 0.987685 -0.156459 0
    outer loop
      vertex -2.97634 22.376 10
      vertex -2.94686 22.5621 0
      vertex -2.94686 22.5621 10
    endloop
  endfacet
  facet normal 0.987685 -0.156459 0
    outer loop
      vertex -2.94686 22.5621 0
      vertex -2.97634 22.376 10
      vertex -2.97634 22.376 0
    endloop
  endfacet
  facet normal 0.960301 -0.278965 0
    outer loop
      vertex -2.90575 22.7461 10
      vertex -2.85317 22.9271 0
      vertex -2.85317 22.9271 10
    endloop
  endfacet
  facet normal 0.960301 -0.278965 0
    outer loop
      vertex -2.85317 22.9271 0
      vertex -2.90575 22.7461 10
      vertex -2.90575 22.7461 0
    endloop
  endfacet
  facet normal 0.891093 -0.453821 0
    outer loop
      vertex -2.71448 23.2773 10
      vertex -2.62892 23.4453 0
      vertex -2.62892 23.4453 10
    endloop
  endfacet
  facet normal 0.891093 -0.453821 0
    outer loop
      vertex -2.62892 23.4453 0
      vertex -2.71448 23.2773 10
      vertex -2.71448 23.2773 0
    endloop
  endfacet
  facet normal 0.790126 -0.612945 0
    outer loop
      vertex -2.42705 23.7634 10
      vertex -2.31154 23.9123 0
      vertex -2.31154 23.9123 10
    endloop
  endfacet
  facet normal 0.790126 -0.612945 0
    outer loop
      vertex -2.31154 23.9123 0
      vertex -2.42705 23.7634 10
      vertex -2.42705 23.7634 0
    endloop
  endfacet
  facet normal 0.218081 0.975931 -0
    outer loop
      vertex -0.562143 19.0531 0
      vertex -0.746069 19.0942 10
      vertex -0.562143 19.0531 10
    endloop
  endfacet
  facet normal 0.218081 0.975931 0
    outer loop
      vertex -0.746069 19.0942 10
      vertex -0.562143 19.0531 0
      vertex -0.746069 19.0942 0
    endloop
  endfacet
  facet normal 0.561953 0.827169 -0
    outer loop
      vertex -1.60748 19.467 0
      vertex -1.76336 19.5729 10
      vertex -1.60748 19.467 10
    endloop
  endfacet
  facet normal 0.561953 0.827169 0
    outer loop
      vertex -1.76336 19.5729 10
      vertex -1.60748 19.467 0
      vertex -1.76336 19.5729 0
    endloop
  endfacet
  facet normal 0.613217 0.789915 -0
    outer loop
      vertex -1.76336 19.5729 0
      vertex -1.91227 19.6885 10
      vertex -1.76336 19.5729 10
    endloop
  endfacet
  facet normal 0.613217 0.789915 0
    outer loop
      vertex -1.91227 19.6885 10
      vertex -1.76336 19.5729 0
      vertex -1.91227 19.6885 0
    endloop
  endfacet
  facet normal 0.339025 0.940777 -0
    outer loop
      vertex -0.927051 19.1468 0
      vertex -1.10437 19.2107 10
      vertex -0.927051 19.1468 10
    endloop
  endfacet
  facet normal 0.339025 0.940777 0
    outer loop
      vertex -1.10437 19.2107 10
      vertex -0.927051 19.1468 0
      vertex -1.10437 19.2107 0
    endloop
  endfacet
  facet normal 0.454161 0.89092 -0
    outer loop
      vertex -1.27734 19.2855 0
      vertex -1.44526 19.3711 10
      vertex -1.27734 19.2855 10
    endloop
  endfacet
  facet normal 0.454161 0.89092 0
    outer loop
      vertex -1.44526 19.3711 10
      vertex -1.27734 19.2855 0
      vertex -1.44526 19.3711 0
    endloop
  endfacet
  facet normal 0.279088 0.960265 -0
    outer loop
      vertex -0.746069 19.0942 0
      vertex -0.927051 19.1468 10
      vertex -0.746069 19.0942 10
    endloop
  endfacet
  facet normal 0.279088 0.960265 0
    outer loop
      vertex -0.927051 19.1468 10
      vertex -0.746069 19.0942 0
      vertex -0.927051 19.1468 0
    endloop
  endfacet
  facet normal 0.0944445 0.99553 -0
    outer loop
      vertex -0.188371 19.0059 0
      vertex -0.375999 19.0237 10
      vertex -0.188371 19.0059 10
    endloop
  endfacet
  facet normal 0.0944445 0.99553 0
    outer loop
      vertex -0.375999 19.0237 10
      vertex -0.188371 19.0059 0
      vertex -0.375999 19.0237 0
    endloop
  endfacet
  facet normal 0.74996 0.661483 0
    outer loop
      vertex -2.18691 19.9464 10
      vertex -2.31154 20.0877 0
      vertex -2.31154 20.0877 10
    endloop
  endfacet
  facet normal 0.74996 0.661483 0
    outer loop
      vertex -2.31154 20.0877 0
      vertex -2.18691 19.9464 10
      vertex -2.18691 19.9464 0
    endloop
  endfacet
  facet normal 0.661209 0.750202 -0
    outer loop
      vertex -1.91227 19.6885 0
      vertex -2.05364 19.8131 10
      vertex -1.91227 19.6885 10
    endloop
  endfacet
  facet normal 0.661209 0.750202 0
    outer loop
      vertex -2.05364 19.8131 10
      vertex -1.91227 19.6885 0
      vertex -2.05364 19.8131 0
    endloop
  endfacet
  facet normal -0.279088 -0.960265 0
    outer loop
      vertex 0.746069 24.9058 0
      vertex 0.927051 24.8532 10
      vertex 0.746069 24.9058 10
    endloop
  endfacet
  facet normal -0.279088 -0.960265 -0
    outer loop
      vertex 0.927051 24.8532 10
      vertex 0.746069 24.9058 0
      vertex 0.927051 24.8532 0
    endloop
  endfacet
  facet normal 0.156008 -0.987756 0
    outer loop
      vertex -0.562143 24.9469 0
      vertex -0.375999 24.9763 10
      vertex -0.562143 24.9469 10
    endloop
  endfacet
  facet normal 0.156008 -0.987756 0
    outer loop
      vertex -0.375999 24.9763 10
      vertex -0.562143 24.9469 0
      vertex -0.375999 24.9763 0
    endloop
  endfacet
  facet normal 0.0944445 -0.99553 0
    outer loop
      vertex -0.375999 24.9763 0
      vertex -0.188371 24.9941 10
      vertex -0.375999 24.9763 10
    endloop
  endfacet
  facet normal 0.0944445 -0.99553 0
    outer loop
      vertex -0.188371 24.9941 10
      vertex -0.375999 24.9763 0
      vertex -0.188371 24.9941 0
    endloop
  endfacet
  facet normal 0.218081 -0.975931 0
    outer loop
      vertex -0.746069 24.9058 0
      vertex -0.562143 24.9469 10
      vertex -0.746069 24.9058 10
    endloop
  endfacet
  facet normal 0.218081 -0.975931 0
    outer loop
      vertex -0.562143 24.9469 10
      vertex -0.746069 24.9058 0
      vertex -0.562143 24.9469 0
    endloop
  endfacet
  facet normal 0.396921 -0.917853 0
    outer loop
      vertex -1.27734 24.7145 0
      vertex -1.10437 24.7893 10
      vertex -1.27734 24.7145 10
    endloop
  endfacet
  facet normal 0.396921 -0.917853 0
    outer loop
      vertex -1.10437 24.7893 10
      vertex -1.27734 24.7145 0
      vertex -1.10437 24.7893 0
    endloop
  endfacet
  facet normal 0.339025 -0.940777 0
    outer loop
      vertex -1.10437 24.7893 0
      vertex -0.927051 24.8532 10
      vertex -1.10437 24.7893 10
    endloop
  endfacet
  facet normal 0.339025 -0.940777 0
    outer loop
      vertex -0.927051 24.8532 10
      vertex -1.10437 24.7893 0
      vertex -0.927051 24.8532 0
    endloop
  endfacet
  facet normal 0.707186 -0.707027 0
    outer loop
      vertex -2.18691 24.0536 0
      vertex -2.05364 24.1869 10
      vertex -2.18691 24.0536 10
    endloop
  endfacet
  facet normal 0.707186 -0.707027 0
    outer loop
      vertex -2.05364 24.1869 10
      vertex -2.18691 24.0536 0
      vertex -2.05364 24.1869 0
    endloop
  endfacet
  facet normal 0.508897 -0.860827 0
    outer loop
      vertex -1.60748 24.533 0
      vertex -1.44526 24.6289 10
      vertex -1.60748 24.533 10
    endloop
  endfacet
  facet normal 0.508897 -0.860827 0
    outer loop
      vertex -1.44526 24.6289 10
      vertex -1.60748 24.533 0
      vertex -1.44526 24.6289 0
    endloop
  endfacet
  facet normal 0.975938 -0.218048 0
    outer loop
      vertex -2.94686 22.5621 10
      vertex -2.90575 22.7461 0
      vertex -2.90575 22.7461 10
    endloop
  endfacet
  facet normal 0.975938 -0.218048 0
    outer loop
      vertex -2.90575 22.7461 0
      vertex -2.94686 22.5621 10
      vertex -2.94686 22.5621 0
    endloop
  endfacet
  facet normal 0.995559 -0.0941429 0
    outer loop
      vertex -2.99408 22.1884 10
      vertex -2.97634 22.376 0
      vertex -2.97634 22.376 10
    endloop
  endfacet
  facet normal 0.995559 -0.0941429 0
    outer loop
      vertex -2.97634 22.376 0
      vertex -2.99408 22.1884 10
      vertex -2.99408 22.1884 0
    endloop
  endfacet
  facet normal 0.999507 -0.031407 0
    outer loop
      vertex -3 22 10
      vertex -2.99408 22.1884 0
      vertex -2.99408 22.1884 10
    endloop
  endfacet
  facet normal 0.999507 -0.031407 0
    outer loop
      vertex -2.99408 22.1884 0
      vertex -3 22 10
      vertex -3 22 0
    endloop
  endfacet
  facet normal 0.999507 0.031407 0
    outer loop
      vertex -2.99408 21.8116 10
      vertex -3 22 0
      vertex -3 22 10
    endloop
  endfacet
  facet normal 0.999507 0.031407 0
    outer loop
      vertex -3 22 0
      vertex -2.99408 21.8116 10
      vertex -2.99408 21.8116 0
    endloop
  endfacet
  facet normal 0.917698 -0.39728 0
    outer loop
      vertex -2.78933 23.1044 10
      vertex -2.71448 23.2773 0
      vertex -2.71448 23.2773 10
    endloop
  endfacet
  facet normal 0.917698 -0.39728 0
    outer loop
      vertex -2.71448 23.2773 0
      vertex -2.78933 23.1044 10
      vertex -2.78933 23.1044 0
    endloop
  endfacet
  facet normal 0.827129 -0.562012 0
    outer loop
      vertex -2.53298 23.6075 10
      vertex -2.42705 23.7634 0
      vertex -2.42705 23.7634 10
    endloop
  endfacet
  facet normal 0.827129 -0.562012 0
    outer loop
      vertex -2.42705 23.7634 0
      vertex -2.53298 23.6075 10
      vertex -2.53298 23.6075 0
    endloop
  endfacet
  facet normal 0.396921 0.917853 -0
    outer loop
      vertex -1.10437 19.2107 0
      vertex -1.27734 19.2855 10
      vertex -1.10437 19.2107 10
    endloop
  endfacet
  facet normal 0.396921 0.917853 0
    outer loop
      vertex -1.27734 19.2855 10
      vertex -1.10437 19.2107 0
      vertex -1.27734 19.2855 0
    endloop
  endfacet
  facet normal 0.0313058 0.99951 -0
    outer loop
      vertex 0 19 0
      vertex -0.188371 19.0059 10
      vertex 0 19 10
    endloop
  endfacet
  facet normal 0.0313058 0.99951 0
    outer loop
      vertex -0.188371 19.0059 10
      vertex 0 19 0
      vertex -0.188371 19.0059 0
    endloop
  endfacet
  facet normal 0.790126 0.612945 0
    outer loop
      vertex -2.31154 20.0877 10
      vertex -2.42705 20.2366 0
      vertex -2.42705 20.2366 10
    endloop
  endfacet
  facet normal 0.790126 0.612945 0
    outer loop
      vertex -2.42705 20.2366 0
      vertex -2.31154 20.0877 10
      vertex -2.31154 20.0877 0
    endloop
  endfacet
  facet normal 0.860707 0.509101 0
    outer loop
      vertex -2.53298 20.3925 10
      vertex -2.62892 20.5547 0
      vertex -2.62892 20.5547 10
    endloop
  endfacet
  facet normal 0.860707 0.509101 0
    outer loop
      vertex -2.62892 20.5547 0
      vertex -2.53298 20.3925 10
      vertex -2.53298 20.3925 0
    endloop
  endfacet
  facet normal 0.827129 0.562012 0
    outer loop
      vertex -2.42705 20.2366 10
      vertex -2.53298 20.3925 0
      vertex -2.53298 20.3925 10
    endloop
  endfacet
  facet normal 0.827129 0.562012 0
    outer loop
      vertex -2.53298 20.3925 0
      vertex -2.42705 20.2366 10
      vertex -2.42705 20.2366 0
    endloop
  endfacet
  facet normal 0.707186 0.707027 -0
    outer loop
      vertex -2.05364 19.8131 0
      vertex -2.18691 19.9464 10
      vertex -2.05364 19.8131 10
    endloop
  endfacet
  facet normal 0.707186 0.707027 0
    outer loop
      vertex -2.18691 19.9464 10
      vertex -2.05364 19.8131 0
      vertex -2.18691 19.9464 0
    endloop
  endfacet
  facet normal 0.891093 0.453821 0
    outer loop
      vertex -2.62892 20.5547 10
      vertex -2.71448 20.7227 0
      vertex -2.71448 20.7227 10
    endloop
  endfacet
  facet normal 0.891093 0.453821 0
    outer loop
      vertex -2.71448 20.7227 0
      vertex -2.62892 20.5547 10
      vertex -2.62892 20.5547 0
    endloop
  endfacet
  facet normal 0.940867 0.338776 0
    outer loop
      vertex -2.78933 20.8956 10
      vertex -2.85317 21.0729 0
      vertex -2.85317 21.0729 10
    endloop
  endfacet
  facet normal 0.940867 0.338776 0
    outer loop
      vertex -2.85317 21.0729 0
      vertex -2.78933 20.8956 10
      vertex -2.78933 20.8956 0
    endloop
  endfacet
  facet normal 0.917698 0.39728 0
    outer loop
      vertex -2.71448 20.7227 10
      vertex -2.78933 20.8956 0
      vertex -2.78933 20.8956 10
    endloop
  endfacet
  facet normal 0.917698 0.39728 0
    outer loop
      vertex -2.78933 20.8956 0
      vertex -2.71448 20.7227 10
      vertex -2.71448 20.7227 0
    endloop
  endfacet
  facet normal 0.975938 0.218048 0
    outer loop
      vertex -2.90575 21.2539 10
      vertex -2.94686 21.4379 0
      vertex -2.94686 21.4379 10
    endloop
  endfacet
  facet normal 0.975938 0.218048 0
    outer loop
      vertex -2.94686 21.4379 0
      vertex -2.90575 21.2539 10
      vertex -2.90575 21.2539 0
    endloop
  endfacet
  facet normal 0.960301 0.278965 0
    outer loop
      vertex -2.85317 21.0729 10
      vertex -2.90575 21.2539 0
      vertex -2.90575 21.2539 10
    endloop
  endfacet
  facet normal 0.960301 0.278965 0
    outer loop
      vertex -2.90575 21.2539 0
      vertex -2.85317 21.0729 10
      vertex -2.85317 21.0729 0
    endloop
  endfacet
  facet normal 0.995559 0.0941429 0
    outer loop
      vertex -2.97634 21.624 10
      vertex -2.99408 21.8116 0
      vertex -2.99408 21.8116 10
    endloop
  endfacet
  facet normal 0.995559 0.0941429 0
    outer loop
      vertex -2.99408 21.8116 0
      vertex -2.97634 21.624 10
      vertex -2.97634 21.624 0
    endloop
  endfacet
  facet normal -0.0313058 -0.99951 0
    outer loop
      vertex 0 25 0
      vertex 0.188371 24.9941 10
      vertex 0 25 10
    endloop
  endfacet
  facet normal -0.0313058 -0.99951 -0
    outer loop
      vertex 0.188371 24.9941 10
      vertex 0 25 0
      vertex 0.188371 24.9941 0
    endloop
  endfacet
  facet normal -0.454161 -0.89092 0
    outer loop
      vertex 1.27734 24.7145 0
      vertex 1.44526 24.6289 10
      vertex 1.27734 24.7145 10
    endloop
  endfacet
  facet normal -0.454161 -0.89092 -0
    outer loop
      vertex 1.44526 24.6289 10
      vertex 1.27734 24.7145 0
      vertex 1.44526 24.6289 0
    endloop
  endfacet
  facet normal -0.860707 -0.509101 0
    outer loop
      vertex 2.62892 23.4453 0
      vertex 2.53298 23.6075 10
      vertex 2.53298 23.6075 0
    endloop
  endfacet
  facet normal -0.860707 -0.509101 0
    outer loop
      vertex 2.53298 23.6075 10
      vertex 2.62892 23.4453 0
      vertex 2.62892 23.4453 10
    endloop
  endfacet
  facet normal -0.827129 -0.562012 0
    outer loop
      vertex 2.53298 23.6075 0
      vertex 2.42705 23.7634 10
      vertex 2.42705 23.7634 0
    endloop
  endfacet
  facet normal -0.827129 -0.562012 0
    outer loop
      vertex 2.42705 23.7634 10
      vertex 2.53298 23.6075 0
      vertex 2.53298 23.6075 10
    endloop
  endfacet
  facet normal -0.613217 -0.789915 0
    outer loop
      vertex 1.76336 24.4271 0
      vertex 1.91227 24.3115 10
      vertex 1.76336 24.4271 10
    endloop
  endfacet
  facet normal -0.613217 -0.789915 -0
    outer loop
      vertex 1.91227 24.3115 10
      vertex 1.76336 24.4271 0
      vertex 1.91227 24.3115 0
    endloop
  endfacet
  facet normal -0.975938 -0.218048 0
    outer loop
      vertex 2.94686 22.5621 0
      vertex 2.90575 22.7461 10
      vertex 2.90575 22.7461 0
    endloop
  endfacet
  facet normal -0.975938 -0.218048 0
    outer loop
      vertex 2.90575 22.7461 10
      vertex 2.94686 22.5621 0
      vertex 2.94686 22.5621 10
    endloop
  endfacet
  facet normal -0.891093 -0.453821 0
    outer loop
      vertex 2.71448 23.2773 0
      vertex 2.62892 23.4453 10
      vertex 2.62892 23.4453 0
    endloop
  endfacet
  facet normal -0.891093 -0.453821 0
    outer loop
      vertex 2.62892 23.4453 10
      vertex 2.71448 23.2773 0
      vertex 2.71448 23.2773 10
    endloop
  endfacet
  facet normal 0.508897 0.860827 -0
    outer loop
      vertex -1.44526 19.3711 0
      vertex -1.60748 19.467 10
      vertex -1.44526 19.3711 10
    endloop
  endfacet
  facet normal 0.508897 0.860827 0
    outer loop
      vertex -1.60748 19.467 10
      vertex -1.44526 19.3711 0
      vertex -1.60748 19.467 0
    endloop
  endfacet
  facet normal 0.156008 0.987756 -0
    outer loop
      vertex -0.375999 19.0237 0
      vertex -0.562143 19.0531 10
      vertex -0.375999 19.0237 10
    endloop
  endfacet
  facet normal 0.156008 0.987756 0
    outer loop
      vertex -0.562143 19.0531 10
      vertex -0.375999 19.0237 0
      vertex -0.562143 19.0531 0
    endloop
  endfacet
  facet normal -0.0313058 0.99951 0
    outer loop
      vertex 0.188371 19.0059 0
      vertex 0 19 10
      vertex 0.188371 19.0059 10
    endloop
  endfacet
  facet normal -0.0313058 0.99951 0
    outer loop
      vertex 0 19 10
      vertex 0.188371 19.0059 0
      vertex 0 19 0
    endloop
  endfacet
  facet normal 0.987685 0.156459 0
    outer loop
      vertex -2.94686 21.4379 10
      vertex -2.97634 21.624 0
      vertex -2.97634 21.624 10
    endloop
  endfacet
  facet normal 0.987685 0.156459 0
    outer loop
      vertex -2.97634 21.624 0
      vertex -2.94686 21.4379 10
      vertex -2.94686 21.4379 0
    endloop
  endfacet
  facet normal -0.0944445 -0.99553 0
    outer loop
      vertex 0.188371 24.9941 0
      vertex 0.375999 24.9763 10
      vertex 0.188371 24.9941 10
    endloop
  endfacet
  facet normal -0.0944445 -0.99553 -0
    outer loop
      vertex 0.375999 24.9763 10
      vertex 0.188371 24.9941 0
      vertex 0.375999 24.9763 0
    endloop
  endfacet
  facet normal -0.156008 -0.987756 0
    outer loop
      vertex 0.375999 24.9763 0
      vertex 0.562143 24.9469 10
      vertex 0.375999 24.9763 10
    endloop
  endfacet
  facet normal -0.156008 -0.987756 -0
    outer loop
      vertex 0.562143 24.9469 10
      vertex 0.375999 24.9763 0
      vertex 0.562143 24.9469 0
    endloop
  endfacet
  facet normal -0.218081 -0.975931 0
    outer loop
      vertex 0.562143 24.9469 0
      vertex 0.746069 24.9058 10
      vertex 0.562143 24.9469 10
    endloop
  endfacet
  facet normal -0.218081 -0.975931 -0
    outer loop
      vertex 0.746069 24.9058 10
      vertex 0.562143 24.9469 0
      vertex 0.746069 24.9058 0
    endloop
  endfacet
  facet normal -0.661209 -0.750202 0
    outer loop
      vertex 1.91227 24.3115 0
      vertex 2.05364 24.1869 10
      vertex 1.91227 24.3115 10
    endloop
  endfacet
  facet normal -0.661209 -0.750202 -0
    outer loop
      vertex 2.05364 24.1869 10
      vertex 1.91227 24.3115 0
      vertex 2.05364 24.1869 0
    endloop
  endfacet
  facet normal -0.74996 -0.661483 0
    outer loop
      vertex 2.31154 23.9123 0
      vertex 2.18691 24.0536 10
      vertex 2.18691 24.0536 0
    endloop
  endfacet
  facet normal -0.74996 -0.661483 0
    outer loop
      vertex 2.18691 24.0536 10
      vertex 2.31154 23.9123 0
      vertex 2.31154 23.9123 10
    endloop
  endfacet
  facet normal -0.396921 -0.917853 0
    outer loop
      vertex 1.10437 24.7893 0
      vertex 1.27734 24.7145 10
      vertex 1.10437 24.7893 10
    endloop
  endfacet
  facet normal -0.396921 -0.917853 -0
    outer loop
      vertex 1.27734 24.7145 10
      vertex 1.10437 24.7893 0
      vertex 1.27734 24.7145 0
    endloop
  endfacet
  facet normal -0.339025 -0.940777 0
    outer loop
      vertex 0.927051 24.8532 0
      vertex 1.10437 24.7893 10
      vertex 0.927051 24.8532 10
    endloop
  endfacet
  facet normal -0.339025 -0.940777 -0
    outer loop
      vertex 1.10437 24.7893 10
      vertex 0.927051 24.8532 0
      vertex 1.10437 24.7893 0
    endloop
  endfacet
  facet normal -0.508897 -0.860827 0
    outer loop
      vertex 1.44526 24.6289 0
      vertex 1.60748 24.533 10
      vertex 1.44526 24.6289 10
    endloop
  endfacet
  facet normal -0.508897 -0.860827 -0
    outer loop
      vertex 1.60748 24.533 10
      vertex 1.44526 24.6289 0
      vertex 1.60748 24.533 0
    endloop
  endfacet
  facet normal -0.561953 -0.827169 0
    outer loop
      vertex 1.60748 24.533 0
      vertex 1.76336 24.4271 10
      vertex 1.60748 24.533 10
    endloop
  endfacet
  facet normal -0.561953 -0.827169 -0
    outer loop
      vertex 1.76336 24.4271 10
      vertex 1.60748 24.533 0
      vertex 1.76336 24.4271 0
    endloop
  endfacet
  facet normal -0.790126 0.612945 0
    outer loop
      vertex 2.31154 20.0877 0
      vertex 2.42705 20.2366 10
      vertex 2.42705 20.2366 0
    endloop
  endfacet
  facet normal -0.790126 0.612945 0
    outer loop
      vertex 2.42705 20.2366 10
      vertex 2.31154 20.0877 0
      vertex 2.31154 20.0877 10
    endloop
  endfacet
  facet normal -0.508897 0.860827 0
    outer loop
      vertex 1.60748 19.467 0
      vertex 1.44526 19.3711 10
      vertex 1.60748 19.467 10
    endloop
  endfacet
  facet normal -0.508897 0.860827 0
    outer loop
      vertex 1.44526 19.3711 10
      vertex 1.60748 19.467 0
      vertex 1.44526 19.3711 0
    endloop
  endfacet
  facet normal -0.661209 0.750202 0
    outer loop
      vertex 2.05364 19.8131 0
      vertex 1.91227 19.6885 10
      vertex 2.05364 19.8131 10
    endloop
  endfacet
  facet normal -0.661209 0.750202 0
    outer loop
      vertex 1.91227 19.6885 10
      vertex 2.05364 19.8131 0
      vertex 1.91227 19.6885 0
    endloop
  endfacet
  facet normal -0.454161 0.89092 0
    outer loop
      vertex 1.44526 19.3711 0
      vertex 1.27734 19.2855 10
      vertex 1.44526 19.3711 10
    endloop
  endfacet
  facet normal -0.454161 0.89092 0
    outer loop
      vertex 1.27734 19.2855 10
      vertex 1.44526 19.3711 0
      vertex 1.27734 19.2855 0
    endloop
  endfacet
  facet normal -0.218081 0.975931 0
    outer loop
      vertex 0.746069 19.0942 0
      vertex 0.562143 19.0531 10
      vertex 0.746069 19.0942 10
    endloop
  endfacet
  facet normal -0.218081 0.975931 0
    outer loop
      vertex 0.562143 19.0531 10
      vertex 0.746069 19.0942 0
      vertex 0.562143 19.0531 0
    endloop
  endfacet
  facet normal -0.917698 -0.39728 0
    outer loop
      vertex 2.78933 23.1044 0
      vertex 2.71448 23.2773 10
      vertex 2.71448 23.2773 0
    endloop
  endfacet
  facet normal -0.917698 -0.39728 0
    outer loop
      vertex 2.71448 23.2773 10
      vertex 2.78933 23.1044 0
      vertex 2.78933 23.1044 10
    endloop
  endfacet
  facet normal -0.960301 -0.278965 0
    outer loop
      vertex 2.90575 22.7461 0
      vertex 2.85317 22.9271 10
      vertex 2.85317 22.9271 0
    endloop
  endfacet
  facet normal -0.960301 -0.278965 0
    outer loop
      vertex 2.85317 22.9271 10
      vertex 2.90575 22.7461 0
      vertex 2.90575 22.7461 10
    endloop
  endfacet
  facet normal -0.940867 -0.338776 0
    outer loop
      vertex 2.85317 22.9271 0
      vertex 2.78933 23.1044 10
      vertex 2.78933 23.1044 0
    endloop
  endfacet
  facet normal -0.940867 -0.338776 0
    outer loop
      vertex 2.78933 23.1044 10
      vertex 2.85317 22.9271 0
      vertex 2.85317 22.9271 10
    endloop
  endfacet
  facet normal -0.707186 -0.707027 0
    outer loop
      vertex 2.05364 24.1869 0
      vertex 2.18691 24.0536 10
      vertex 2.05364 24.1869 10
    endloop
  endfacet
  facet normal -0.707186 -0.707027 -0
    outer loop
      vertex 2.18691 24.0536 10
      vertex 2.05364 24.1869 0
      vertex 2.18691 24.0536 0
    endloop
  endfacet
  facet normal -0.790126 -0.612945 0
    outer loop
      vertex 2.42705 23.7634 0
      vertex 2.31154 23.9123 10
      vertex 2.31154 23.9123 0
    endloop
  endfacet
  facet normal -0.790126 -0.612945 0
    outer loop
      vertex 2.31154 23.9123 10
      vertex 2.42705 23.7634 0
      vertex 2.42705 23.7634 10
    endloop
  endfacet
  facet normal -0.960301 0.278965 0
    outer loop
      vertex 2.85317 21.0729 0
      vertex 2.90575 21.2539 10
      vertex 2.90575 21.2539 0
    endloop
  endfacet
  facet normal -0.960301 0.278965 0
    outer loop
      vertex 2.90575 21.2539 10
      vertex 2.85317 21.0729 0
      vertex 2.85317 21.0729 10
    endloop
  endfacet
  facet normal -0.975938 0.218048 0
    outer loop
      vertex 2.90575 21.2539 0
      vertex 2.94686 21.4379 10
      vertex 2.94686 21.4379 0
    endloop
  endfacet
  facet normal -0.975938 0.218048 0
    outer loop
      vertex 2.94686 21.4379 10
      vertex 2.90575 21.2539 0
      vertex 2.90575 21.2539 10
    endloop
  endfacet
  facet normal -0.995559 0.0941429 0
    outer loop
      vertex 2.97634 21.624 0
      vertex 2.99408 21.8116 10
      vertex 2.99408 21.8116 0
    endloop
  endfacet
  facet normal -0.995559 0.0941429 0
    outer loop
      vertex 2.99408 21.8116 10
      vertex 2.97634 21.624 0
      vertex 2.97634 21.624 10
    endloop
  endfacet
  facet normal -0.707186 0.707027 0
    outer loop
      vertex 2.18691 19.9464 0
      vertex 2.05364 19.8131 10
      vertex 2.18691 19.9464 10
    endloop
  endfacet
  facet normal -0.707186 0.707027 0
    outer loop
      vertex 2.05364 19.8131 10
      vertex 2.18691 19.9464 0
      vertex 2.05364 19.8131 0
    endloop
  endfacet
  facet normal -0.613217 0.789915 0
    outer loop
      vertex 1.91227 19.6885 0
      vertex 1.76336 19.5729 10
      vertex 1.91227 19.6885 10
    endloop
  endfacet
  facet normal -0.613217 0.789915 0
    outer loop
      vertex 1.76336 19.5729 10
      vertex 1.91227 19.6885 0
      vertex 1.76336 19.5729 0
    endloop
  endfacet
  facet normal -0.74996 0.661483 0
    outer loop
      vertex 2.18691 19.9464 0
      vertex 2.31154 20.0877 10
      vertex 2.31154 20.0877 0
    endloop
  endfacet
  facet normal -0.74996 0.661483 0
    outer loop
      vertex 2.31154 20.0877 10
      vertex 2.18691 19.9464 0
      vertex 2.18691 19.9464 10
    endloop
  endfacet
  facet normal -0.339025 0.940777 0
    outer loop
      vertex 1.10437 19.2107 0
      vertex 0.927051 19.1468 10
      vertex 1.10437 19.2107 10
    endloop
  endfacet
  facet normal -0.339025 0.940777 0
    outer loop
      vertex 0.927051 19.1468 10
      vertex 1.10437 19.2107 0
      vertex 0.927051 19.1468 0
    endloop
  endfacet
  facet normal -0.279088 0.960265 0
    outer loop
      vertex 0.927051 19.1468 0
      vertex 0.746069 19.0942 10
      vertex 0.927051 19.1468 10
    endloop
  endfacet
  facet normal -0.279088 0.960265 0
    outer loop
      vertex 0.746069 19.0942 10
      vertex 0.927051 19.1468 0
      vertex 0.746069 19.0942 0
    endloop
  endfacet
  facet normal -0.156008 0.987756 0
    outer loop
      vertex 0.562143 19.0531 0
      vertex 0.375999 19.0237 10
      vertex 0.562143 19.0531 10
    endloop
  endfacet
  facet normal -0.156008 0.987756 0
    outer loop
      vertex 0.375999 19.0237 10
      vertex 0.562143 19.0531 0
      vertex 0.375999 19.0237 0
    endloop
  endfacet
  facet normal -0.0944445 0.99553 0
    outer loop
      vertex 0.375999 19.0237 0
      vertex 0.188371 19.0059 10
      vertex 0.375999 19.0237 10
    endloop
  endfacet
  facet normal -0.0944445 0.99553 0
    outer loop
      vertex 0.188371 19.0059 10
      vertex 0.375999 19.0237 0
      vertex 0.188371 19.0059 0
    endloop
  endfacet
  facet normal -0.987685 -0.156459 0
    outer loop
      vertex 2.97634 22.376 0
      vertex 2.94686 22.5621 10
      vertex 2.94686 22.5621 0
    endloop
  endfacet
  facet normal -0.987685 -0.156459 0
    outer loop
      vertex 2.94686 22.5621 10
      vertex 2.97634 22.376 0
      vertex 2.97634 22.376 10
    endloop
  endfacet
  facet normal -0.995559 -0.0941429 0
    outer loop
      vertex 2.99408 22.1884 0
      vertex 2.97634 22.376 10
      vertex 2.97634 22.376 0
    endloop
  endfacet
  facet normal -0.995559 -0.0941429 0
    outer loop
      vertex 2.97634 22.376 10
      vertex 2.99408 22.1884 0
      vertex 2.99408 22.1884 10
    endloop
  endfacet
  facet normal -0.827129 0.562012 0
    outer loop
      vertex 2.42705 20.2366 0
      vertex 2.53298 20.3925 10
      vertex 2.53298 20.3925 0
    endloop
  endfacet
  facet normal -0.827129 0.562012 0
    outer loop
      vertex 2.53298 20.3925 10
      vertex 2.42705 20.2366 0
      vertex 2.42705 20.2366 10
    endloop
  endfacet
  facet normal -0.891093 0.453821 0
    outer loop
      vertex 2.62892 20.5547 0
      vertex 2.71448 20.7227 10
      vertex 2.71448 20.7227 0
    endloop
  endfacet
  facet normal -0.891093 0.453821 0
    outer loop
      vertex 2.71448 20.7227 10
      vertex 2.62892 20.5547 0
      vertex 2.62892 20.5547 10
    endloop
  endfacet
  facet normal -0.917698 0.39728 0
    outer loop
      vertex 2.71448 20.7227 0
      vertex 2.78933 20.8956 10
      vertex 2.78933 20.8956 0
    endloop
  endfacet
  facet normal -0.917698 0.39728 0
    outer loop
      vertex 2.78933 20.8956 10
      vertex 2.71448 20.7227 0
      vertex 2.71448 20.7227 10
    endloop
  endfacet
  facet normal -0.999507 0.031407 0
    outer loop
      vertex 2.99408 21.8116 0
      vertex 3 22 10
      vertex 3 22 0
    endloop
  endfacet
  facet normal -0.999507 0.031407 0
    outer loop
      vertex 3 22 10
      vertex 2.99408 21.8116 0
      vertex 2.99408 21.8116 10
    endloop
  endfacet
  facet normal -0.561953 0.827169 0
    outer loop
      vertex 1.76336 19.5729 0
      vertex 1.60748 19.467 10
      vertex 1.76336 19.5729 10
    endloop
  endfacet
  facet normal -0.561953 0.827169 0
    outer loop
      vertex 1.60748 19.467 10
      vertex 1.76336 19.5729 0
      vertex 1.60748 19.467 0
    endloop
  endfacet
  facet normal -0.396921 0.917853 0
    outer loop
      vertex 1.27734 19.2855 0
      vertex 1.10437 19.2107 10
      vertex 1.27734 19.2855 10
    endloop
  endfacet
  facet normal -0.396921 0.917853 0
    outer loop
      vertex 1.10437 19.2107 10
      vertex 1.27734 19.2855 0
      vertex 1.10437 19.2107 0
    endloop
  endfacet
  facet normal -0.940867 0.338776 0
    outer loop
      vertex 2.78933 20.8956 0
      vertex 2.85317 21.0729 10
      vertex 2.85317 21.0729 0
    endloop
  endfacet
  facet normal -0.940867 0.338776 0
    outer loop
      vertex 2.85317 21.0729 10
      vertex 2.78933 20.8956 0
      vertex 2.78933 20.8956 10
    endloop
  endfacet
  facet normal -0.987685 0.156459 0
    outer loop
      vertex 2.94686 21.4379 0
      vertex 2.97634 21.624 10
      vertex 2.97634 21.624 0
    endloop
  endfacet
  facet normal -0.987685 0.156459 0
    outer loop
      vertex 2.97634 21.624 10
      vertex 2.94686 21.4379 0
      vertex 2.94686 21.4379 10
    endloop
  endfacet
  facet normal -0.860707 0.509101 0
    outer loop
      vertex 2.53298 20.3925 0
      vertex 2.62892 20.5547 10
      vertex 2.62892 20.5547 0
    endloop
  endfacet
  facet normal -0.860707 0.509101 0
    outer loop
      vertex 2.62892 20.5547 10
      vertex 2.53298 20.3925 0
      vertex 2.53298 20.3925 10
    endloop
  endfacet
  facet normal 0.99951 0.0313058 0
    outer loop
      vertex -24.9941 -0.188371 10
      vertex -25 0 0
      vertex -25 0 10
    endloop
  endfacet
  facet normal 0.99951 0.0313058 0
    outer loop
      vertex -25 0 0
      vertex -24.9941 -0.188371 10
      vertex -24.9941 -0.188371 0
    endloop
  endfacet
  facet normal -0.99951 -0.0313058 0
    outer loop
      vertex -19 0 0
      vertex -19.0059 0.188371 10
      vertex -19.0059 0.188371 0
    endloop
  endfacet
  facet normal -0.99951 -0.0313058 0
    outer loop
      vertex -19.0059 0.188371 10
      vertex -19 0 0
      vertex -19 0 10
    endloop
  endfacet
  facet normal 0.031407 -0.999507 0
    outer loop
      vertex -22.1884 2.99408 0
      vertex -22 3 10
      vertex -22.1884 2.99408 10
    endloop
  endfacet
  facet normal 0.031407 -0.999507 0
    outer loop
      vertex -22 3 10
      vertex -22.1884 2.99408 0
      vertex -22 3 0
    endloop
  endfacet
  facet normal 0.661483 0.74996 -0
    outer loop
      vertex -23.9123 -2.31154 0
      vertex -24.0536 -2.18691 10
      vertex -23.9123 -2.31154 10
    endloop
  endfacet
  facet normal 0.661483 0.74996 0
    outer loop
      vertex -24.0536 -2.18691 10
      vertex -23.9123 -2.31154 0
      vertex -24.0536 -2.18691 0
    endloop
  endfacet
  facet normal -0.750202 0.661209 0
    outer loop
      vertex -19.8131 -2.05364 0
      vertex -19.6885 -1.91227 10
      vertex -19.6885 -1.91227 0
    endloop
  endfacet
  facet normal -0.750202 0.661209 0
    outer loop
      vertex -19.6885 -1.91227 10
      vertex -19.8131 -2.05364 0
      vertex -19.8131 -2.05364 10
    endloop
  endfacet
  facet normal 0.789915 -0.613217 0
    outer loop
      vertex -24.4271 1.76336 10
      vertex -24.3115 1.91227 0
      vertex -24.3115 1.91227 10
    endloop
  endfacet
  facet normal 0.789915 -0.613217 0
    outer loop
      vertex -24.3115 1.91227 0
      vertex -24.4271 1.76336 10
      vertex -24.4271 1.76336 0
    endloop
  endfacet
  facet normal 0.509101 0.860707 -0
    outer loop
      vertex -23.4453 -2.62892 0
      vertex -23.6075 -2.53298 10
      vertex -23.4453 -2.62892 10
    endloop
  endfacet
  facet normal 0.509101 0.860707 0
    outer loop
      vertex -23.6075 -2.53298 10
      vertex -23.4453 -2.62892 0
      vertex -23.6075 -2.53298 0
    endloop
  endfacet
  facet normal -0.940777 0.339025 0
    outer loop
      vertex -19.2107 -1.10437 0
      vertex -19.1468 -0.927051 10
      vertex -19.1468 -0.927051 0
    endloop
  endfacet
  facet normal -0.940777 0.339025 0
    outer loop
      vertex -19.1468 -0.927051 10
      vertex -19.2107 -1.10437 0
      vertex -19.2107 -1.10437 10
    endloop
  endfacet
  facet normal -0.278965 0.960301 0
    outer loop
      vertex -21.0729 -2.85317 0
      vertex -21.2539 -2.90575 10
      vertex -21.0729 -2.85317 10
    endloop
  endfacet
  facet normal -0.278965 0.960301 0
    outer loop
      vertex -21.2539 -2.90575 10
      vertex -21.0729 -2.85317 0
      vertex -21.2539 -2.90575 0
    endloop
  endfacet
  facet normal 0.338776 -0.940867 0
    outer loop
      vertex -23.1044 2.78933 0
      vertex -22.9271 2.85317 10
      vertex -23.1044 2.78933 10
    endloop
  endfacet
  facet normal 0.338776 -0.940867 0
    outer loop
      vertex -22.9271 2.85317 10
      vertex -23.1044 2.78933 0
      vertex -22.9271 2.85317 0
    endloop
  endfacet
  facet normal 0.750202 0.661209 0
    outer loop
      vertex -24.1869 -2.05364 10
      vertex -24.3115 -1.91227 0
      vertex -24.3115 -1.91227 10
    endloop
  endfacet
  facet normal 0.750202 0.661209 0
    outer loop
      vertex -24.3115 -1.91227 0
      vertex -24.1869 -2.05364 10
      vertex -24.1869 -2.05364 0
    endloop
  endfacet
  facet normal 0.278965 0.960301 -0
    outer loop
      vertex -22.7461 -2.90575 0
      vertex -22.9271 -2.85317 10
      vertex -22.7461 -2.90575 10
    endloop
  endfacet
  facet normal 0.278965 0.960301 0
    outer loop
      vertex -22.9271 -2.85317 10
      vertex -22.7461 -2.90575 0
      vertex -22.9271 -2.85317 0
    endloop
  endfacet
  facet normal 0.453821 0.891093 -0
    outer loop
      vertex -23.2773 -2.71448 0
      vertex -23.4453 -2.62892 10
      vertex -23.2773 -2.71448 10
    endloop
  endfacet
  facet normal 0.453821 0.891093 0
    outer loop
      vertex -23.4453 -2.62892 10
      vertex -23.2773 -2.71448 0
      vertex -23.4453 -2.62892 0
    endloop
  endfacet
  facet normal 0.612945 0.790126 -0
    outer loop
      vertex -23.7634 -2.42705 0
      vertex -23.9123 -2.31154 10
      vertex -23.7634 -2.42705 10
    endloop
  endfacet
  facet normal 0.612945 0.790126 0
    outer loop
      vertex -23.9123 -2.31154 10
      vertex -23.7634 -2.42705 0
      vertex -23.9123 -2.31154 0
    endloop
  endfacet
  facet normal -0.987756 0.156008 0
    outer loop
      vertex -19.0531 -0.562143 0
      vertex -19.0237 -0.375999 10
      vertex -19.0237 -0.375999 0
    endloop
  endfacet
  facet normal -0.987756 0.156008 0
    outer loop
      vertex -19.0237 -0.375999 10
      vertex -19.0531 -0.562143 0
      vertex -19.0531 -0.562143 10
    endloop
  endfacet
  facet normal -0.860827 0.508897 0
    outer loop
      vertex -19.467 -1.60748 0
      vertex -19.3711 -1.44526 10
      vertex -19.3711 -1.44526 0
    endloop
  endfacet
  facet normal -0.860827 0.508897 0
    outer loop
      vertex -19.3711 -1.44526 10
      vertex -19.467 -1.60748 0
      vertex -19.467 -1.60748 10
    endloop
  endfacet
  facet normal -0.789915 0.613217 0
    outer loop
      vertex -19.6885 -1.91227 0
      vertex -19.5729 -1.76336 10
      vertex -19.5729 -1.76336 0
    endloop
  endfacet
  facet normal -0.789915 0.613217 0
    outer loop
      vertex -19.5729 -1.76336 10
      vertex -19.6885 -1.91227 0
      vertex -19.6885 -1.91227 10
    endloop
  endfacet
  facet normal -0.89092 0.454161 0
    outer loop
      vertex -19.3711 -1.44526 0
      vertex -19.2855 -1.27734 10
      vertex -19.2855 -1.27734 0
    endloop
  endfacet
  facet normal -0.89092 0.454161 0
    outer loop
      vertex -19.2855 -1.27734 10
      vertex -19.3711 -1.44526 0
      vertex -19.3711 -1.44526 10
    endloop
  endfacet
  facet normal -0.960265 0.279088 0
    outer loop
      vertex -19.1468 -0.927051 0
      vertex -19.0942 -0.746069 10
      vertex -19.0942 -0.746069 0
    endloop
  endfacet
  facet normal -0.960265 0.279088 0
    outer loop
      vertex -19.0942 -0.746069 10
      vertex -19.1468 -0.927051 0
      vertex -19.1468 -0.927051 10
    endloop
  endfacet
  facet normal -0.99553 0.0944445 0
    outer loop
      vertex -19.0237 -0.375999 0
      vertex -19.0059 -0.188371 10
      vertex -19.0059 -0.188371 0
    endloop
  endfacet
  facet normal -0.99553 0.0944445 0
    outer loop
      vertex -19.0059 -0.188371 10
      vertex -19.0237 -0.375999 0
      vertex -19.0237 -0.375999 10
    endloop
  endfacet
  facet normal -0.661483 0.74996 0
    outer loop
      vertex -19.9464 -2.18691 0
      vertex -20.0877 -2.31154 10
      vertex -19.9464 -2.18691 10
    endloop
  endfacet
  facet normal -0.661483 0.74996 0
    outer loop
      vertex -20.0877 -2.31154 10
      vertex -19.9464 -2.18691 0
      vertex -20.0877 -2.31154 0
    endloop
  endfacet
  facet normal 0.940777 -0.339025 0
    outer loop
      vertex -24.8532 0.927051 10
      vertex -24.7893 1.10437 0
      vertex -24.7893 1.10437 10
    endloop
  endfacet
  facet normal 0.940777 -0.339025 0
    outer loop
      vertex -24.7893 1.10437 0
      vertex -24.8532 0.927051 10
      vertex -24.8532 0.927051 0
    endloop
  endfacet
  facet normal 0.99553 0.0944445 0
    outer loop
      vertex -24.9763 -0.375999 10
      vertex -24.9941 -0.188371 0
      vertex -24.9941 -0.188371 10
    endloop
  endfacet
  facet normal 0.99553 0.0944445 0
    outer loop
      vertex -24.9941 -0.188371 0
      vertex -24.9763 -0.375999 10
      vertex -24.9763 -0.375999 0
    endloop
  endfacet
  facet normal 0.975931 0.218081 0
    outer loop
      vertex -24.9058 -0.746069 10
      vertex -24.9469 -0.562143 0
      vertex -24.9469 -0.562143 10
    endloop
  endfacet
  facet normal 0.975931 0.218081 0
    outer loop
      vertex -24.9469 -0.562143 0
      vertex -24.9058 -0.746069 10
      vertex -24.9058 -0.746069 0
    endloop
  endfacet
  facet normal 0.89092 0.454161 0
    outer loop
      vertex -24.6289 -1.44526 10
      vertex -24.7145 -1.27734 0
      vertex -24.7145 -1.27734 10
    endloop
  endfacet
  facet normal 0.89092 0.454161 0
    outer loop
      vertex -24.7145 -1.27734 0
      vertex -24.6289 -1.44526 10
      vertex -24.6289 -1.44526 0
    endloop
  endfacet
  facet normal 0.940777 0.339025 0
    outer loop
      vertex -24.7893 -1.10437 10
      vertex -24.8532 -0.927051 0
      vertex -24.8532 -0.927051 10
    endloop
  endfacet
  facet normal 0.940777 0.339025 0
    outer loop
      vertex -24.8532 -0.927051 0
      vertex -24.7893 -1.10437 10
      vertex -24.7893 -1.10437 0
    endloop
  endfacet
  facet normal 0.707027 0.707186 0
    outer loop
      vertex -24.0536 -2.18691 10
      vertex -24.1869 -2.05364 0
      vertex -24.1869 -2.05364 10
    endloop
  endfacet
  facet normal 0.707027 0.707186 0
    outer loop
      vertex -24.1869 -2.05364 0
      vertex -24.0536 -2.18691 10
      vertex -24.0536 -2.18691 0
    endloop
  endfacet
  facet normal 0.789915 0.613217 0
    outer loop
      vertex -24.3115 -1.91227 10
      vertex -24.4271 -1.76336 0
      vertex -24.4271 -1.76336 10
    endloop
  endfacet
  facet normal 0.789915 0.613217 0
    outer loop
      vertex -24.4271 -1.76336 0
      vertex -24.3115 -1.91227 10
      vertex -24.3115 -1.91227 0
    endloop
  endfacet
  facet normal 0.860827 0.508897 0
    outer loop
      vertex -24.533 -1.60748 10
      vertex -24.6289 -1.44526 0
      vertex -24.6289 -1.44526 10
    endloop
  endfacet
  facet normal 0.860827 0.508897 0
    outer loop
      vertex -24.6289 -1.44526 0
      vertex -24.533 -1.60748 10
      vertex -24.533 -1.60748 0
    endloop
  endfacet
  facet normal 0.218048 0.975938 -0
    outer loop
      vertex -22.5621 -2.94686 0
      vertex -22.7461 -2.90575 10
      vertex -22.5621 -2.94686 10
    endloop
  endfacet
  facet normal 0.218048 0.975938 0
    outer loop
      vertex -22.7461 -2.90575 10
      vertex -22.5621 -2.94686 0
      vertex -22.7461 -2.90575 0
    endloop
  endfacet
  facet normal 0.0941429 0.995559 -0
    outer loop
      vertex -22.1884 -2.99408 0
      vertex -22.376 -2.97634 10
      vertex -22.1884 -2.99408 10
    endloop
  endfacet
  facet normal 0.0941429 0.995559 0
    outer loop
      vertex -22.376 -2.97634 10
      vertex -22.1884 -2.99408 0
      vertex -22.376 -2.97634 0
    endloop
  endfacet
  facet normal -0.031407 0.999507 0
    outer loop
      vertex -21.8116 -2.99408 0
      vertex -22 -3 10
      vertex -21.8116 -2.99408 10
    endloop
  endfacet
  facet normal -0.031407 0.999507 0
    outer loop
      vertex -22 -3 10
      vertex -21.8116 -2.99408 0
      vertex -22 -3 0
    endloop
  endfacet
  facet normal 0.39728 0.917698 -0
    outer loop
      vertex -23.1044 -2.78933 0
      vertex -23.2773 -2.71448 10
      vertex -23.1044 -2.78933 10
    endloop
  endfacet
  facet normal 0.39728 0.917698 0
    outer loop
      vertex -23.2773 -2.71448 10
      vertex -23.1044 -2.78933 0
      vertex -23.2773 -2.71448 0
    endloop
  endfacet
  facet normal 0.562012 0.827129 -0
    outer loop
      vertex -23.6075 -2.53298 0
      vertex -23.7634 -2.42705 10
      vertex -23.6075 -2.53298 10
    endloop
  endfacet
  facet normal 0.562012 0.827129 0
    outer loop
      vertex -23.7634 -2.42705 10
      vertex -23.6075 -2.53298 0
      vertex -23.7634 -2.42705 0
    endloop
  endfacet
  facet normal -0.827169 0.561953 0
    outer loop
      vertex -19.5729 -1.76336 0
      vertex -19.467 -1.60748 10
      vertex -19.467 -1.60748 0
    endloop
  endfacet
  facet normal -0.827169 0.561953 0
    outer loop
      vertex -19.467 -1.60748 10
      vertex -19.5729 -1.76336 0
      vertex -19.5729 -1.76336 10
    endloop
  endfacet
  facet normal -0.917853 0.396921 0
    outer loop
      vertex -19.2855 -1.27734 0
      vertex -19.2107 -1.10437 10
      vertex -19.2107 -1.10437 0
    endloop
  endfacet
  facet normal -0.917853 0.396921 0
    outer loop
      vertex -19.2107 -1.10437 10
      vertex -19.2855 -1.27734 0
      vertex -19.2855 -1.27734 10
    endloop
  endfacet
  facet normal -0.975931 0.218081 0
    outer loop
      vertex -19.0942 -0.746069 0
      vertex -19.0531 -0.562143 10
      vertex -19.0531 -0.562143 0
    endloop
  endfacet
  facet normal -0.975931 0.218081 0
    outer loop
      vertex -19.0531 -0.562143 10
      vertex -19.0942 -0.746069 0
      vertex -19.0942 -0.746069 10
    endloop
  endfacet
  facet normal -0.99951 0.0313058 0
    outer loop
      vertex -19.0059 -0.188371 0
      vertex -19 0 10
      vertex -19 0 0
    endloop
  endfacet
  facet normal -0.99951 0.0313058 0
    outer loop
      vertex -19 0 10
      vertex -19.0059 -0.188371 0
      vertex -19.0059 -0.188371 10
    endloop
  endfacet
  facet normal -0.509101 0.860707 0
    outer loop
      vertex -20.3925 -2.53298 0
      vertex -20.5547 -2.62892 10
      vertex -20.3925 -2.53298 10
    endloop
  endfacet
  facet normal -0.509101 0.860707 0
    outer loop
      vertex -20.5547 -2.62892 10
      vertex -20.3925 -2.53298 0
      vertex -20.5547 -2.62892 0
    endloop
  endfacet
  facet normal -0.612945 0.790126 0
    outer loop
      vertex -20.0877 -2.31154 0
      vertex -20.2366 -2.42705 10
      vertex -20.0877 -2.31154 10
    endloop
  endfacet
  facet normal -0.612945 0.790126 0
    outer loop
      vertex -20.2366 -2.42705 10
      vertex -20.0877 -2.31154 0
      vertex -20.2366 -2.42705 0
    endloop
  endfacet
  facet normal -0.707027 0.707186 0
    outer loop
      vertex -19.9464 -2.18691 0
      vertex -19.8131 -2.05364 10
      vertex -19.8131 -2.05364 0
    endloop
  endfacet
  facet normal -0.707027 0.707186 0
    outer loop
      vertex -19.8131 -2.05364 10
      vertex -19.9464 -2.18691 0
      vertex -19.9464 -2.18691 10
    endloop
  endfacet
  facet normal -0.338776 0.940867 0
    outer loop
      vertex -20.8956 -2.78933 0
      vertex -21.0729 -2.85317 10
      vertex -20.8956 -2.78933 10
    endloop
  endfacet
  facet normal -0.338776 0.940867 0
    outer loop
      vertex -21.0729 -2.85317 10
      vertex -20.8956 -2.78933 0
      vertex -21.0729 -2.85317 0
    endloop
  endfacet
  facet normal -0.453821 0.891093 0
    outer loop
      vertex -20.5547 -2.62892 0
      vertex -20.7227 -2.71448 10
      vertex -20.5547 -2.62892 10
    endloop
  endfacet
  facet normal -0.453821 0.891093 0
    outer loop
      vertex -20.7227 -2.71448 10
      vertex -20.5547 -2.62892 0
      vertex -20.7227 -2.71448 0
    endloop
  endfacet
  facet normal -0.218048 0.975938 0
    outer loop
      vertex -21.2539 -2.90575 0
      vertex -21.4379 -2.94686 10
      vertex -21.2539 -2.90575 10
    endloop
  endfacet
  facet normal -0.218048 0.975938 0
    outer loop
      vertex -21.4379 -2.94686 10
      vertex -21.2539 -2.90575 0
      vertex -21.4379 -2.94686 0
    endloop
  endfacet
  facet normal -0.0941429 0.995559 0
    outer loop
      vertex -21.624 -2.97634 0
      vertex -21.8116 -2.99408 10
      vertex -21.624 -2.97634 10
    endloop
  endfacet
  facet normal -0.0941429 0.995559 0
    outer loop
      vertex -21.8116 -2.99408 10
      vertex -21.624 -2.97634 0
      vertex -21.8116 -2.99408 0
    endloop
  endfacet
  facet normal 0.99951 -0.0313058 0
    outer loop
      vertex -25 0 10
      vertex -24.9941 0.188371 0
      vertex -24.9941 0.188371 10
    endloop
  endfacet
  facet normal 0.99951 -0.0313058 0
    outer loop
      vertex -24.9941 0.188371 0
      vertex -25 0 10
      vertex -25 0 0
    endloop
  endfacet
  facet normal 0.960265 -0.279088 0
    outer loop
      vertex -24.9058 0.746069 10
      vertex -24.8532 0.927051 0
      vertex -24.8532 0.927051 10
    endloop
  endfacet
  facet normal 0.960265 -0.279088 0
    outer loop
      vertex -24.8532 0.927051 0
      vertex -24.9058 0.746069 10
      vertex -24.9058 0.746069 0
    endloop
  endfacet
  facet normal 0.89092 -0.454161 0
    outer loop
      vertex -24.7145 1.27734 10
      vertex -24.6289 1.44526 0
      vertex -24.6289 1.44526 10
    endloop
  endfacet
  facet normal 0.89092 -0.454161 0
    outer loop
      vertex -24.6289 1.44526 0
      vertex -24.7145 1.27734 10
      vertex -24.7145 1.27734 0
    endloop
  endfacet
  facet normal -0.975931 -0.218081 0
    outer loop
      vertex -19.0531 0.562143 0
      vertex -19.0942 0.746069 10
      vertex -19.0942 0.746069 0
    endloop
  endfacet
  facet normal -0.975931 -0.218081 0
    outer loop
      vertex -19.0942 0.746069 10
      vertex -19.0531 0.562143 0
      vertex -19.0531 0.562143 10
    endloop
  endfacet
  facet normal 0.218048 -0.975938 0
    outer loop
      vertex -22.7461 2.90575 0
      vertex -22.5621 2.94686 10
      vertex -22.7461 2.90575 10
    endloop
  endfacet
  facet normal 0.218048 -0.975938 0
    outer loop
      vertex -22.5621 2.94686 10
      vertex -22.7461 2.90575 0
      vertex -22.5621 2.94686 0
    endloop
  endfacet
  facet normal 0.453821 -0.891093 0
    outer loop
      vertex -23.4453 2.62892 0
      vertex -23.2773 2.71448 10
      vertex -23.4453 2.62892 10
    endloop
  endfacet
  facet normal 0.453821 -0.891093 0
    outer loop
      vertex -23.2773 2.71448 10
      vertex -23.4453 2.62892 0
      vertex -23.2773 2.71448 0
    endloop
  endfacet
  facet normal 0.39728 -0.917698 0
    outer loop
      vertex -23.2773 2.71448 0
      vertex -23.1044 2.78933 10
      vertex -23.2773 2.71448 10
    endloop
  endfacet
  facet normal 0.39728 -0.917698 0
    outer loop
      vertex -23.1044 2.78933 10
      vertex -23.2773 2.71448 0
      vertex -23.1044 2.78933 0
    endloop
  endfacet
  facet normal 0.987756 0.156008 0
    outer loop
      vertex -24.9469 -0.562143 10
      vertex -24.9763 -0.375999 0
      vertex -24.9763 -0.375999 10
    endloop
  endfacet
  facet normal 0.987756 0.156008 0
    outer loop
      vertex -24.9763 -0.375999 0
      vertex -24.9469 -0.562143 10
      vertex -24.9469 -0.562143 0
    endloop
  endfacet
  facet normal 0.960265 0.279088 0
    outer loop
      vertex -24.8532 -0.927051 10
      vertex -24.9058 -0.746069 0
      vertex -24.9058 -0.746069 10
    endloop
  endfacet
  facet normal 0.960265 0.279088 0
    outer loop
      vertex -24.9058 -0.746069 0
      vertex -24.8532 -0.927051 10
      vertex -24.8532 -0.927051 0
    endloop
  endfacet
  facet normal 0.917853 0.396921 0
    outer loop
      vertex -24.7145 -1.27734 10
      vertex -24.7893 -1.10437 0
      vertex -24.7893 -1.10437 10
    endloop
  endfacet
  facet normal 0.917853 0.396921 0
    outer loop
      vertex -24.7893 -1.10437 0
      vertex -24.7145 -1.27734 10
      vertex -24.7145 -1.27734 0
    endloop
  endfacet
  facet normal 0.827169 0.561953 0
    outer loop
      vertex -24.4271 -1.76336 10
      vertex -24.533 -1.60748 0
      vertex -24.533 -1.60748 10
    endloop
  endfacet
  facet normal 0.827169 0.561953 0
    outer loop
      vertex -24.533 -1.60748 0
      vertex -24.4271 -1.76336 10
      vertex -24.4271 -1.76336 0
    endloop
  endfacet
  facet normal 0.156459 0.987685 -0
    outer loop
      vertex -22.376 -2.97634 0
      vertex -22.5621 -2.94686 10
      vertex -22.376 -2.97634 10
    endloop
  endfacet
  facet normal 0.156459 0.987685 0
    outer loop
      vertex -22.5621 -2.94686 10
      vertex -22.376 -2.97634 0
      vertex -22.5621 -2.94686 0
    endloop
  endfacet
  facet normal 0.031407 0.999507 -0
    outer loop
      vertex -22 -3 0
      vertex -22.1884 -2.99408 10
      vertex -22 -3 10
    endloop
  endfacet
  facet normal 0.031407 0.999507 0
    outer loop
      vertex -22.1884 -2.99408 10
      vertex -22 -3 0
      vertex -22.1884 -2.99408 0
    endloop
  endfacet
  facet normal 0.338776 0.940867 -0
    outer loop
      vertex -22.9271 -2.85317 0
      vertex -23.1044 -2.78933 10
      vertex -22.9271 -2.85317 10
    endloop
  endfacet
  facet normal 0.338776 0.940867 0
    outer loop
      vertex -23.1044 -2.78933 10
      vertex -22.9271 -2.85317 0
      vertex -23.1044 -2.78933 0
    endloop
  endfacet
  facet normal -0.562012 0.827129 0
    outer loop
      vertex -20.2366 -2.42705 0
      vertex -20.3925 -2.53298 10
      vertex -20.2366 -2.42705 10
    endloop
  endfacet
  facet normal -0.562012 0.827129 0
    outer loop
      vertex -20.3925 -2.53298 10
      vertex -20.2366 -2.42705 0
      vertex -20.3925 -2.53298 0
    endloop
  endfacet
  facet normal -0.39728 0.917698 0
    outer loop
      vertex -20.7227 -2.71448 0
      vertex -20.8956 -2.78933 10
      vertex -20.7227 -2.71448 10
    endloop
  endfacet
  facet normal -0.39728 0.917698 0
    outer loop
      vertex -20.8956 -2.78933 10
      vertex -20.7227 -2.71448 0
      vertex -20.8956 -2.78933 0
    endloop
  endfacet
  facet normal -0.156459 0.987685 0
    outer loop
      vertex -21.4379 -2.94686 0
      vertex -21.624 -2.97634 10
      vertex -21.4379 -2.94686 10
    endloop
  endfacet
  facet normal -0.156459 0.987685 0
    outer loop
      vertex -21.624 -2.97634 10
      vertex -21.4379 -2.94686 0
      vertex -21.624 -2.97634 0
    endloop
  endfacet
  facet normal 0.99553 -0.0944445 0
    outer loop
      vertex -24.9941 0.188371 10
      vertex -24.9763 0.375999 0
      vertex -24.9763 0.375999 10
    endloop
  endfacet
  facet normal 0.99553 -0.0944445 0
    outer loop
      vertex -24.9763 0.375999 0
      vertex -24.9941 0.188371 10
      vertex -24.9941 0.188371 0
    endloop
  endfacet
  facet normal 0.975931 -0.218081 0
    outer loop
      vertex -24.9469 0.562143 10
      vertex -24.9058 0.746069 0
      vertex -24.9058 0.746069 10
    endloop
  endfacet
  facet normal 0.975931 -0.218081 0
    outer loop
      vertex -24.9058 0.746069 0
      vertex -24.9469 0.562143 10
      vertex -24.9469 0.562143 0
    endloop
  endfacet
  facet normal 0.750202 -0.661209 0
    outer loop
      vertex -24.3115 1.91227 10
      vertex -24.1869 2.05364 0
      vertex -24.1869 2.05364 10
    endloop
  endfacet
  facet normal 0.750202 -0.661209 0
    outer loop
      vertex -24.1869 2.05364 0
      vertex -24.3115 1.91227 10
      vertex -24.3115 1.91227 0
    endloop
  endfacet
  facet normal 0.661483 -0.74996 0
    outer loop
      vertex -24.0536 2.18691 0
      vertex -23.9123 2.31154 10
      vertex -24.0536 2.18691 10
    endloop
  endfacet
  facet normal 0.661483 -0.74996 0
    outer loop
      vertex -23.9123 2.31154 10
      vertex -24.0536 2.18691 0
      vertex -23.9123 2.31154 0
    endloop
  endfacet
  facet normal 0.917853 -0.396921 0
    outer loop
      vertex -24.7893 1.10437 10
      vertex -24.7145 1.27734 0
      vertex -24.7145 1.27734 10
    endloop
  endfacet
  facet normal 0.917853 -0.396921 0
    outer loop
      vertex -24.7145 1.27734 0
      vertex -24.7893 1.10437 10
      vertex -24.7893 1.10437 0
    endloop
  endfacet
  facet normal 0.860827 -0.508897 0
    outer loop
      vertex -24.6289 1.44526 10
      vertex -24.533 1.60748 0
      vertex -24.533 1.60748 10
    endloop
  endfacet
  facet normal 0.860827 -0.508897 0
    outer loop
      vertex -24.533 1.60748 0
      vertex -24.6289 1.44526 10
      vertex -24.6289 1.44526 0
    endloop
  endfacet
  facet normal 0.827169 -0.561953 0
    outer loop
      vertex -24.533 1.60748 10
      vertex -24.4271 1.76336 0
      vertex -24.4271 1.76336 10
    endloop
  endfacet
  facet normal 0.827169 -0.561953 0
    outer loop
      vertex -24.4271 1.76336 0
      vertex -24.533 1.60748 10
      vertex -24.533 1.60748 0
    endloop
  endfacet
  facet normal -0.338776 -0.940867 0
    outer loop
      vertex -21.0729 2.85317 0
      vertex -20.8956 2.78933 10
      vertex -21.0729 2.85317 10
    endloop
  endfacet
  facet normal -0.338776 -0.940867 -0
    outer loop
      vertex -20.8956 2.78933 10
      vertex -21.0729 2.85317 0
      vertex -20.8956 2.78933 0
    endloop
  endfacet
  facet normal -0.707027 -0.707186 0
    outer loop
      vertex -19.8131 2.05364 0
      vertex -19.9464 2.18691 10
      vertex -19.9464 2.18691 0
    endloop
  endfacet
  facet normal -0.707027 -0.707186 0
    outer loop
      vertex -19.9464 2.18691 10
      vertex -19.8131 2.05364 0
      vertex -19.8131 2.05364 10
    endloop
  endfacet
  facet normal -0.89092 -0.454161 0
    outer loop
      vertex -19.2855 1.27734 0
      vertex -19.3711 1.44526 10
      vertex -19.3711 1.44526 0
    endloop
  endfacet
  facet normal -0.89092 -0.454161 0
    outer loop
      vertex -19.3711 1.44526 10
      vertex -19.2855 1.27734 0
      vertex -19.2855 1.27734 10
    endloop
  endfacet
  facet normal -0.960265 -0.279088 0
    outer loop
      vertex -19.0942 0.746069 0
      vertex -19.1468 0.927051 10
      vertex -19.1468 0.927051 0
    endloop
  endfacet
  facet normal -0.960265 -0.279088 0
    outer loop
      vertex -19.1468 0.927051 10
      vertex -19.0942 0.746069 0
      vertex -19.0942 0.746069 10
    endloop
  endfacet
  facet normal -0.940777 -0.339025 0
    outer loop
      vertex -19.1468 0.927051 0
      vertex -19.2107 1.10437 10
      vertex -19.2107 1.10437 0
    endloop
  endfacet
  facet normal -0.940777 -0.339025 0
    outer loop
      vertex -19.2107 1.10437 10
      vertex -19.1468 0.927051 0
      vertex -19.1468 0.927051 10
    endloop
  endfacet
  facet normal 0.987756 -0.156008 0
    outer loop
      vertex -24.9763 0.375999 10
      vertex -24.9469 0.562143 0
      vertex -24.9469 0.562143 10
    endloop
  endfacet
  facet normal 0.987756 -0.156008 0
    outer loop
      vertex -24.9469 0.562143 0
      vertex -24.9763 0.375999 10
      vertex -24.9763 0.375999 0
    endloop
  endfacet
  facet normal 0.707027 -0.707186 0
    outer loop
      vertex -24.1869 2.05364 10
      vertex -24.0536 2.18691 0
      vertex -24.0536 2.18691 10
    endloop
  endfacet
  facet normal 0.707027 -0.707186 0
    outer loop
      vertex -24.0536 2.18691 0
      vertex -24.1869 2.05364 10
      vertex -24.1869 2.05364 0
    endloop
  endfacet
  facet normal 0.612945 -0.790126 0
    outer loop
      vertex -23.9123 2.31154 0
      vertex -23.7634 2.42705 10
      vertex -23.9123 2.31154 10
    endloop
  endfacet
  facet normal 0.612945 -0.790126 0
    outer loop
      vertex -23.7634 2.42705 10
      vertex -23.9123 2.31154 0
      vertex -23.7634 2.42705 0
    endloop
  endfacet
  facet normal 0.562012 -0.827129 0
    outer loop
      vertex -23.7634 2.42705 0
      vertex -23.6075 2.53298 10
      vertex -23.7634 2.42705 10
    endloop
  endfacet
  facet normal 0.562012 -0.827129 0
    outer loop
      vertex -23.6075 2.53298 10
      vertex -23.7634 2.42705 0
      vertex -23.6075 2.53298 0
    endloop
  endfacet
  facet normal 0.509101 -0.860707 0
    outer loop
      vertex -23.6075 2.53298 0
      vertex -23.4453 2.62892 10
      vertex -23.6075 2.53298 10
    endloop
  endfacet
  facet normal 0.509101 -0.860707 0
    outer loop
      vertex -23.4453 2.62892 10
      vertex -23.6075 2.53298 0
      vertex -23.4453 2.62892 0
    endloop
  endfacet
  facet normal -0.031407 -0.999507 0
    outer loop
      vertex -22 3 0
      vertex -21.8116 2.99408 10
      vertex -22 3 10
    endloop
  endfacet
  facet normal -0.031407 -0.999507 -0
    outer loop
      vertex -21.8116 2.99408 10
      vertex -22 3 0
      vertex -21.8116 2.99408 0
    endloop
  endfacet
  facet normal -0.509101 -0.860707 0
    outer loop
      vertex -20.5547 2.62892 0
      vertex -20.3925 2.53298 10
      vertex -20.5547 2.62892 10
    endloop
  endfacet
  facet normal -0.509101 -0.860707 -0
    outer loop
      vertex -20.3925 2.53298 10
      vertex -20.5547 2.62892 0
      vertex -20.3925 2.53298 0
    endloop
  endfacet
  facet normal -0.562012 -0.827129 0
    outer loop
      vertex -20.3925 2.53298 0
      vertex -20.2366 2.42705 10
      vertex -20.3925 2.53298 10
    endloop
  endfacet
  facet normal -0.562012 -0.827129 -0
    outer loop
      vertex -20.2366 2.42705 10
      vertex -20.3925 2.53298 0
      vertex -20.2366 2.42705 0
    endloop
  endfacet
  facet normal -0.218048 -0.975938 0
    outer loop
      vertex -21.4379 2.94686 0
      vertex -21.2539 2.90575 10
      vertex -21.4379 2.94686 10
    endloop
  endfacet
  facet normal -0.218048 -0.975938 -0
    outer loop
      vertex -21.2539 2.90575 10
      vertex -21.4379 2.94686 0
      vertex -21.2539 2.90575 0
    endloop
  endfacet
  facet normal -0.278965 -0.960301 0
    outer loop
      vertex -21.2539 2.90575 0
      vertex -21.0729 2.85317 10
      vertex -21.2539 2.90575 10
    endloop
  endfacet
  facet normal -0.278965 -0.960301 -0
    outer loop
      vertex -21.0729 2.85317 10
      vertex -21.2539 2.90575 0
      vertex -21.0729 2.85317 0
    endloop
  endfacet
  facet normal -0.0941429 -0.995559 0
    outer loop
      vertex -21.8116 2.99408 0
      vertex -21.624 2.97634 10
      vertex -21.8116 2.99408 10
    endloop
  endfacet
  facet normal -0.0941429 -0.995559 -0
    outer loop
      vertex -21.624 2.97634 10
      vertex -21.8116 2.99408 0
      vertex -21.624 2.97634 0
    endloop
  endfacet
  facet normal -0.789915 -0.613217 0
    outer loop
      vertex -19.5729 1.76336 0
      vertex -19.6885 1.91227 10
      vertex -19.6885 1.91227 0
    endloop
  endfacet
  facet normal -0.789915 -0.613217 0
    outer loop
      vertex -19.6885 1.91227 10
      vertex -19.5729 1.76336 0
      vertex -19.5729 1.76336 10
    endloop
  endfacet
  facet normal -0.750202 -0.661209 0
    outer loop
      vertex -19.6885 1.91227 0
      vertex -19.8131 2.05364 10
      vertex -19.8131 2.05364 0
    endloop
  endfacet
  facet normal -0.750202 -0.661209 0
    outer loop
      vertex -19.8131 2.05364 10
      vertex -19.6885 1.91227 0
      vertex -19.6885 1.91227 10
    endloop
  endfacet
  facet normal -0.661483 -0.74996 0
    outer loop
      vertex -20.0877 2.31154 0
      vertex -19.9464 2.18691 10
      vertex -20.0877 2.31154 10
    endloop
  endfacet
  facet normal -0.661483 -0.74996 -0
    outer loop
      vertex -19.9464 2.18691 10
      vertex -20.0877 2.31154 0
      vertex -19.9464 2.18691 0
    endloop
  endfacet
  facet normal -0.917853 -0.396921 0
    outer loop
      vertex -19.2107 1.10437 0
      vertex -19.2855 1.27734 10
      vertex -19.2855 1.27734 0
    endloop
  endfacet
  facet normal -0.917853 -0.396921 0
    outer loop
      vertex -19.2855 1.27734 10
      vertex -19.2107 1.10437 0
      vertex -19.2107 1.10437 10
    endloop
  endfacet
  facet normal -0.987756 -0.156008 0
    outer loop
      vertex -19.0237 0.375999 0
      vertex -19.0531 0.562143 10
      vertex -19.0531 0.562143 0
    endloop
  endfacet
  facet normal -0.987756 -0.156008 0
    outer loop
      vertex -19.0531 0.562143 10
      vertex -19.0237 0.375999 0
      vertex -19.0237 0.375999 10
    endloop
  endfacet
  facet normal -0.99553 -0.0944445 0
    outer loop
      vertex -19.0059 0.188371 0
      vertex -19.0237 0.375999 10
      vertex -19.0237 0.375999 0
    endloop
  endfacet
  facet normal -0.99553 -0.0944445 0
    outer loop
      vertex -19.0237 0.375999 10
      vertex -19.0059 0.188371 0
      vertex -19.0059 0.188371 10
    endloop
  endfacet
  facet normal 0.278965 -0.960301 0
    outer loop
      vertex -22.9271 2.85317 0
      vertex -22.7461 2.90575 10
      vertex -22.9271 2.85317 10
    endloop
  endfacet
  facet normal 0.278965 -0.960301 0
    outer loop
      vertex -22.7461 2.90575 10
      vertex -22.9271 2.85317 0
      vertex -22.7461 2.90575 0
    endloop
  endfacet
  facet normal 0.156459 -0.987685 0
    outer loop
      vertex -22.5621 2.94686 0
      vertex -22.376 2.97634 10
      vertex -22.5621 2.94686 10
    endloop
  endfacet
  facet normal 0.156459 -0.987685 0
    outer loop
      vertex -22.376 2.97634 10
      vertex -22.5621 2.94686 0
      vertex -22.376 2.97634 0
    endloop
  endfacet
  facet normal 0.0941429 -0.995559 0
    outer loop
      vertex -22.376 2.97634 0
      vertex -22.1884 2.99408 10
      vertex -22.376 2.97634 10
    endloop
  endfacet
  facet normal 0.0941429 -0.995559 0
    outer loop
      vertex -22.1884 2.99408 10
      vertex -22.376 2.97634 0
      vertex -22.1884 2.99408 0
    endloop
  endfacet
  facet normal -0.453821 -0.891093 0
    outer loop
      vertex -20.7227 2.71448 0
      vertex -20.5547 2.62892 10
      vertex -20.7227 2.71448 10
    endloop
  endfacet
  facet normal -0.453821 -0.891093 -0
    outer loop
      vertex -20.5547 2.62892 10
      vertex -20.7227 2.71448 0
      vertex -20.5547 2.62892 0
    endloop
  endfacet
  facet normal -0.156459 -0.987685 0
    outer loop
      vertex -21.624 2.97634 0
      vertex -21.4379 2.94686 10
      vertex -21.624 2.97634 10
    endloop
  endfacet
  facet normal -0.156459 -0.987685 -0
    outer loop
      vertex -21.4379 2.94686 10
      vertex -21.624 2.97634 0
      vertex -21.4379 2.94686 0
    endloop
  endfacet
  facet normal -0.612945 -0.790126 0
    outer loop
      vertex -20.2366 2.42705 0
      vertex -20.0877 2.31154 10
      vertex -20.2366 2.42705 10
    endloop
  endfacet
  facet normal -0.612945 -0.790126 -0
    outer loop
      vertex -20.0877 2.31154 10
      vertex -20.2366 2.42705 0
      vertex -20.0877 2.31154 0
    endloop
  endfacet
  facet normal -0.39728 -0.917698 0
    outer loop
      vertex -20.8956 2.78933 0
      vertex -20.7227 2.71448 10
      vertex -20.8956 2.78933 10
    endloop
  endfacet
  facet normal -0.39728 -0.917698 -0
    outer loop
      vertex -20.7227 2.71448 10
      vertex -20.8956 2.78933 0
      vertex -20.7227 2.71448 0
    endloop
  endfacet
  facet normal -0.827169 -0.561953 0
    outer loop
      vertex -19.467 1.60748 0
      vertex -19.5729 1.76336 10
      vertex -19.5729 1.76336 0
    endloop
  endfacet
  facet normal -0.827169 -0.561953 0
    outer loop
      vertex -19.5729 1.76336 10
      vertex -19.467 1.60748 0
      vertex -19.467 1.60748 10
    endloop
  endfacet
  facet normal -0.860827 -0.508897 0
    outer loop
      vertex -19.3711 1.44526 0
      vertex -19.467 1.60748 10
      vertex -19.467 1.60748 0
    endloop
  endfacet
  facet normal -0.860827 -0.508897 0
    outer loop
      vertex -19.467 1.60748 10
      vertex -19.3711 1.44526 0
      vertex -19.3711 1.44526 10
    endloop
  endfacet
  facet normal -0.0313058 0.99951 0
    outer loop
      vertex 0.188371 -24.9941 0
      vertex 0 -25 10
      vertex 0.188371 -24.9941 10
    endloop
  endfacet
  facet normal -0.0313058 0.99951 0
    outer loop
      vertex 0 -25 10
      vertex 0.188371 -24.9941 0
      vertex 0 -25 0
    endloop
  endfacet
  facet normal 0.0313058 -0.99951 0
    outer loop
      vertex -0.188371 -19.0059 0
      vertex 0 -19 10
      vertex -0.188371 -19.0059 10
    endloop
  endfacet
  facet normal 0.0313058 -0.99951 0
    outer loop
      vertex 0 -19 10
      vertex -0.188371 -19.0059 0
      vertex 0 -19 0
    endloop
  endfacet
  facet normal -0.999507 -0.031407 0
    outer loop
      vertex 3 -22 0
      vertex 2.99408 -21.8116 10
      vertex 2.99408 -21.8116 0
    endloop
  endfacet
  facet normal -0.999507 -0.031407 0
    outer loop
      vertex 2.99408 -21.8116 10
      vertex 3 -22 0
      vertex 3 -22 10
    endloop
  endfacet
  facet normal 0.999507 0.031407 0
    outer loop
      vertex -2.99408 -22.1884 10
      vertex -3 -22 0
      vertex -3 -22 10
    endloop
  endfacet
  facet normal 0.999507 0.031407 0
    outer loop
      vertex -3 -22 0
      vertex -2.99408 -22.1884 10
      vertex -2.99408 -22.1884 0
    endloop
  endfacet
  facet normal -0.661209 -0.750202 0
    outer loop
      vertex 1.91227 -19.6885 0
      vertex 2.05364 -19.8131 10
      vertex 1.91227 -19.6885 10
    endloop
  endfacet
  facet normal -0.661209 -0.750202 -0
    outer loop
      vertex 2.05364 -19.8131 10
      vertex 1.91227 -19.6885 0
      vertex 2.05364 -19.8131 0
    endloop
  endfacet
  facet normal -0.891093 -0.453821 0
    outer loop
      vertex 2.71448 -20.7227 0
      vertex 2.62892 -20.5547 10
      vertex 2.62892 -20.5547 0
    endloop
  endfacet
  facet normal -0.891093 -0.453821 0
    outer loop
      vertex 2.62892 -20.5547 10
      vertex 2.71448 -20.7227 0
      vertex 2.71448 -20.7227 10
    endloop
  endfacet
  facet normal -0.827129 0.562012 0
    outer loop
      vertex 2.42705 -23.7634 0
      vertex 2.53298 -23.6075 10
      vertex 2.53298 -23.6075 0
    endloop
  endfacet
  facet normal -0.827129 0.562012 0
    outer loop
      vertex 2.53298 -23.6075 10
      vertex 2.42705 -23.7634 0
      vertex 2.42705 -23.7634 10
    endloop
  endfacet
  facet normal -0.454161 -0.89092 0
    outer loop
      vertex 1.27734 -19.2855 0
      vertex 1.44526 -19.3711 10
      vertex 1.27734 -19.2855 10
    endloop
  endfacet
  facet normal -0.454161 -0.89092 -0
    outer loop
      vertex 1.44526 -19.3711 10
      vertex 1.27734 -19.2855 0
      vertex 1.44526 -19.3711 0
    endloop
  endfacet
  facet normal -0.561953 -0.827169 0
    outer loop
      vertex 1.60748 -19.467 0
      vertex 1.76336 -19.5729 10
      vertex 1.60748 -19.467 10
    endloop
  endfacet
  facet normal -0.561953 -0.827169 -0
    outer loop
      vertex 1.76336 -19.5729 10
      vertex 1.60748 -19.467 0
      vertex 1.76336 -19.5729 0
    endloop
  endfacet
  facet normal -0.975938 -0.218048 0
    outer loop
      vertex 2.94686 -21.4379 0
      vertex 2.90575 -21.2539 10
      vertex 2.90575 -21.2539 0
    endloop
  endfacet
  facet normal -0.975938 -0.218048 0
    outer loop
      vertex 2.90575 -21.2539 10
      vertex 2.94686 -21.4379 0
      vertex 2.94686 -21.4379 10
    endloop
  endfacet
  facet normal 0.960301 0.278965 0
    outer loop
      vertex -2.85317 -22.9271 10
      vertex -2.90575 -22.7461 0
      vertex -2.90575 -22.7461 10
    endloop
  endfacet
  facet normal 0.960301 0.278965 0
    outer loop
      vertex -2.90575 -22.7461 0
      vertex -2.85317 -22.9271 10
      vertex -2.85317 -22.9271 0
    endloop
  endfacet
  facet normal -0.218081 0.975931 0
    outer loop
      vertex 0.746069 -24.9058 0
      vertex 0.562143 -24.9469 10
      vertex 0.746069 -24.9058 10
    endloop
  endfacet
  facet normal -0.218081 0.975931 0
    outer loop
      vertex 0.562143 -24.9469 10
      vertex 0.746069 -24.9058 0
      vertex 0.562143 -24.9469 0
    endloop
  endfacet
  facet normal -0.661209 0.750202 0
    outer loop
      vertex 2.05364 -24.1869 0
      vertex 1.91227 -24.3115 10
      vertex 2.05364 -24.1869 10
    endloop
  endfacet
  facet normal -0.661209 0.750202 0
    outer loop
      vertex 1.91227 -24.3115 10
      vertex 2.05364 -24.1869 0
      vertex 1.91227 -24.3115 0
    endloop
  endfacet
  facet normal -0.613217 0.789915 0
    outer loop
      vertex 1.91227 -24.3115 0
      vertex 1.76336 -24.4271 10
      vertex 1.91227 -24.3115 10
    endloop
  endfacet
  facet normal -0.613217 0.789915 0
    outer loop
      vertex 1.76336 -24.4271 10
      vertex 1.91227 -24.3115 0
      vertex 1.76336 -24.4271 0
    endloop
  endfacet
  facet normal -0.960301 0.278965 0
    outer loop
      vertex 2.85317 -22.9271 0
      vertex 2.90575 -22.7461 10
      vertex 2.90575 -22.7461 0
    endloop
  endfacet
  facet normal -0.960301 0.278965 0
    outer loop
      vertex 2.90575 -22.7461 10
      vertex 2.85317 -22.9271 0
      vertex 2.85317 -22.9271 10
    endloop
  endfacet
  facet normal -0.891093 0.453821 0
    outer loop
      vertex 2.62892 -23.4453 0
      vertex 2.71448 -23.2773 10
      vertex 2.71448 -23.2773 0
    endloop
  endfacet
  facet normal -0.891093 0.453821 0
    outer loop
      vertex 2.71448 -23.2773 10
      vertex 2.62892 -23.4453 0
      vertex 2.62892 -23.4453 10
    endloop
  endfacet
  facet normal -0.917698 0.39728 0
    outer loop
      vertex 2.71448 -23.2773 0
      vertex 2.78933 -23.1044 10
      vertex 2.78933 -23.1044 0
    endloop
  endfacet
  facet normal -0.917698 0.39728 0
    outer loop
      vertex 2.78933 -23.1044 10
      vertex 2.71448 -23.2773 0
      vertex 2.71448 -23.2773 10
    endloop
  endfacet
  facet normal -0.790126 0.612945 0
    outer loop
      vertex 2.31154 -23.9123 0
      vertex 2.42705 -23.7634 10
      vertex 2.42705 -23.7634 0
    endloop
  endfacet
  facet normal -0.790126 0.612945 0
    outer loop
      vertex 2.42705 -23.7634 10
      vertex 2.31154 -23.9123 0
      vertex 2.31154 -23.9123 10
    endloop
  endfacet
  facet normal -0.218081 -0.975931 0
    outer loop
      vertex 0.562143 -19.0531 0
      vertex 0.746069 -19.0942 10
      vertex 0.562143 -19.0531 10
    endloop
  endfacet
  facet normal -0.218081 -0.975931 -0
    outer loop
      vertex 0.746069 -19.0942 10
      vertex 0.562143 -19.0531 0
      vertex 0.746069 -19.0942 0
    endloop
  endfacet
  facet normal -0.613217 -0.789915 0
    outer loop
      vertex 1.76336 -19.5729 0
      vertex 1.91227 -19.6885 10
      vertex 1.76336 -19.5729 10
    endloop
  endfacet
  facet normal -0.613217 -0.789915 -0
    outer loop
      vertex 1.91227 -19.6885 10
      vertex 1.76336 -19.5729 0
      vertex 1.91227 -19.6885 0
    endloop
  endfacet
  facet normal -0.279088 -0.960265 0
    outer loop
      vertex 0.746069 -19.0942 0
      vertex 0.927051 -19.1468 10
      vertex 0.746069 -19.0942 10
    endloop
  endfacet
  facet normal -0.279088 -0.960265 -0
    outer loop
      vertex 0.927051 -19.1468 10
      vertex 0.746069 -19.0942 0
      vertex 0.927051 -19.1468 0
    endloop
  endfacet
  facet normal -0.0944445 -0.99553 0
    outer loop
      vertex 0.188371 -19.0059 0
      vertex 0.375999 -19.0237 10
      vertex 0.188371 -19.0059 10
    endloop
  endfacet
  facet normal -0.0944445 -0.99553 -0
    outer loop
      vertex 0.375999 -19.0237 10
      vertex 0.188371 -19.0059 0
      vertex 0.375999 -19.0237 0
    endloop
  endfacet
  facet normal -0.827129 -0.562012 0
    outer loop
      vertex 2.53298 -20.3925 0
      vertex 2.42705 -20.2366 10
      vertex 2.42705 -20.2366 0
    endloop
  endfacet
  facet normal -0.827129 -0.562012 0
    outer loop
      vertex 2.42705 -20.2366 10
      vertex 2.53298 -20.3925 0
      vertex 2.53298 -20.3925 10
    endloop
  endfacet
  facet normal -0.790126 -0.612945 0
    outer loop
      vertex 2.42705 -20.2366 0
      vertex 2.31154 -20.0877 10
      vertex 2.31154 -20.0877 0
    endloop
  endfacet
  facet normal -0.790126 -0.612945 0
    outer loop
      vertex 2.31154 -20.0877 10
      vertex 2.42705 -20.2366 0
      vertex 2.42705 -20.2366 10
    endloop
  endfacet
  facet normal -0.74996 -0.661483 0
    outer loop
      vertex 2.31154 -20.0877 0
      vertex 2.18691 -19.9464 10
      vertex 2.18691 -19.9464 0
    endloop
  endfacet
  facet normal -0.74996 -0.661483 0
    outer loop
      vertex 2.18691 -19.9464 10
      vertex 2.31154 -20.0877 0
      vertex 2.31154 -20.0877 10
    endloop
  endfacet
  facet normal -0.917698 -0.39728 0
    outer loop
      vertex 2.78933 -20.8956 0
      vertex 2.71448 -20.7227 10
      vertex 2.71448 -20.7227 0
    endloop
  endfacet
  facet normal -0.917698 -0.39728 0
    outer loop
      vertex 2.71448 -20.7227 10
      vertex 2.78933 -20.8956 0
      vertex 2.78933 -20.8956 10
    endloop
  endfacet
  facet normal -0.987685 -0.156459 0
    outer loop
      vertex 2.97634 -21.624 0
      vertex 2.94686 -21.4379 10
      vertex 2.94686 -21.4379 0
    endloop
  endfacet
  facet normal -0.987685 -0.156459 0
    outer loop
      vertex 2.94686 -21.4379 10
      vertex 2.97634 -21.624 0
      vertex 2.97634 -21.624 10
    endloop
  endfacet
  facet normal 0.279088 0.960265 -0
    outer loop
      vertex -0.746069 -24.9058 0
      vertex -0.927051 -24.8532 10
      vertex -0.746069 -24.9058 10
    endloop
  endfacet
  facet normal 0.279088 0.960265 0
    outer loop
      vertex -0.927051 -24.8532 10
      vertex -0.746069 -24.9058 0
      vertex -0.927051 -24.8532 0
    endloop
  endfacet
  facet normal 0.891093 0.453821 0
    outer loop
      vertex -2.62892 -23.4453 10
      vertex -2.71448 -23.2773 0
      vertex -2.71448 -23.2773 10
    endloop
  endfacet
  facet normal 0.891093 0.453821 0
    outer loop
      vertex -2.71448 -23.2773 0
      vertex -2.62892 -23.4453 10
      vertex -2.62892 -23.4453 0
    endloop
  endfacet
  facet normal -0.0944445 0.99553 0
    outer loop
      vertex 0.375999 -24.9763 0
      vertex 0.188371 -24.9941 10
      vertex 0.375999 -24.9763 10
    endloop
  endfacet
  facet normal -0.0944445 0.99553 0
    outer loop
      vertex 0.188371 -24.9941 10
      vertex 0.375999 -24.9763 0
      vertex 0.188371 -24.9941 0
    endloop
  endfacet
  facet normal -0.339025 0.940777 0
    outer loop
      vertex 1.10437 -24.7893 0
      vertex 0.927051 -24.8532 10
      vertex 1.10437 -24.7893 10
    endloop
  endfacet
  facet normal -0.339025 0.940777 0
    outer loop
      vertex 0.927051 -24.8532 10
      vertex 1.10437 -24.7893 0
      vertex 0.927051 -24.8532 0
    endloop
  endfacet
  facet normal -0.454161 0.89092 0
    outer loop
      vertex 1.44526 -24.6289 0
      vertex 1.27734 -24.7145 10
      vertex 1.44526 -24.6289 10
    endloop
  endfacet
  facet normal -0.454161 0.89092 0
    outer loop
      vertex 1.27734 -24.7145 10
      vertex 1.44526 -24.6289 0
      vertex 1.27734 -24.7145 0
    endloop
  endfacet
  facet normal -0.707186 0.707027 0
    outer loop
      vertex 2.18691 -24.0536 0
      vertex 2.05364 -24.1869 10
      vertex 2.18691 -24.0536 10
    endloop
  endfacet
  facet normal -0.707186 0.707027 0
    outer loop
      vertex 2.05364 -24.1869 10
      vertex 2.18691 -24.0536 0
      vertex 2.05364 -24.1869 0
    endloop
  endfacet
  facet normal -0.508897 0.860827 0
    outer loop
      vertex 1.60748 -24.533 0
      vertex 1.44526 -24.6289 10
      vertex 1.60748 -24.533 10
    endloop
  endfacet
  facet normal -0.508897 0.860827 0
    outer loop
      vertex 1.44526 -24.6289 10
      vertex 1.60748 -24.533 0
      vertex 1.44526 -24.6289 0
    endloop
  endfacet
  facet normal -0.975938 0.218048 0
    outer loop
      vertex 2.90575 -22.7461 0
      vertex 2.94686 -22.5621 10
      vertex 2.94686 -22.5621 0
    endloop
  endfacet
  facet normal -0.975938 0.218048 0
    outer loop
      vertex 2.94686 -22.5621 10
      vertex 2.90575 -22.7461 0
      vertex 2.90575 -22.7461 10
    endloop
  endfacet
  facet normal -0.995559 0.0941429 0
    outer loop
      vertex 2.97634 -22.376 0
      vertex 2.99408 -22.1884 10
      vertex 2.99408 -22.1884 0
    endloop
  endfacet
  facet normal -0.995559 0.0941429 0
    outer loop
      vertex 2.99408 -22.1884 10
      vertex 2.97634 -22.376 0
      vertex 2.97634 -22.376 10
    endloop
  endfacet
  facet normal -0.940867 0.338776 0
    outer loop
      vertex 2.78933 -23.1044 0
      vertex 2.85317 -22.9271 10
      vertex 2.85317 -22.9271 0
    endloop
  endfacet
  facet normal -0.940867 0.338776 0
    outer loop
      vertex 2.85317 -22.9271 10
      vertex 2.78933 -23.1044 0
      vertex 2.78933 -23.1044 10
    endloop
  endfacet
  facet normal -0.339025 -0.940777 0
    outer loop
      vertex 0.927051 -19.1468 0
      vertex 1.10437 -19.2107 10
      vertex 0.927051 -19.1468 10
    endloop
  endfacet
  facet normal -0.339025 -0.940777 -0
    outer loop
      vertex 1.10437 -19.2107 10
      vertex 0.927051 -19.1468 0
      vertex 1.10437 -19.2107 0
    endloop
  endfacet
  facet normal -0.396921 -0.917853 0
    outer loop
      vertex 1.10437 -19.2107 0
      vertex 1.27734 -19.2855 10
      vertex 1.10437 -19.2107 10
    endloop
  endfacet
  facet normal -0.396921 -0.917853 -0
    outer loop
      vertex 1.27734 -19.2855 10
      vertex 1.10437 -19.2107 0
      vertex 1.27734 -19.2855 0
    endloop
  endfacet
  facet normal -0.156008 -0.987756 0
    outer loop
      vertex 0.375999 -19.0237 0
      vertex 0.562143 -19.0531 10
      vertex 0.375999 -19.0237 10
    endloop
  endfacet
  facet normal -0.156008 -0.987756 -0
    outer loop
      vertex 0.562143 -19.0531 10
      vertex 0.375999 -19.0237 0
      vertex 0.562143 -19.0531 0
    endloop
  endfacet
  facet normal -0.0313058 -0.99951 0
    outer loop
      vertex 0 -19 0
      vertex 0.188371 -19.0059 10
      vertex 0 -19 10
    endloop
  endfacet
  facet normal -0.0313058 -0.99951 -0
    outer loop
      vertex 0.188371 -19.0059 10
      vertex 0 -19 0
      vertex 0.188371 -19.0059 0
    endloop
  endfacet
  facet normal -0.860707 -0.509101 0
    outer loop
      vertex 2.62892 -20.5547 0
      vertex 2.53298 -20.3925 10
      vertex 2.53298 -20.3925 0
    endloop
  endfacet
  facet normal -0.860707 -0.509101 0
    outer loop
      vertex 2.53298 -20.3925 10
      vertex 2.62892 -20.5547 0
      vertex 2.62892 -20.5547 10
    endloop
  endfacet
  facet normal -0.707186 -0.707027 0
    outer loop
      vertex 2.05364 -19.8131 0
      vertex 2.18691 -19.9464 10
      vertex 2.05364 -19.8131 10
    endloop
  endfacet
  facet normal -0.707186 -0.707027 -0
    outer loop
      vertex 2.18691 -19.9464 10
      vertex 2.05364 -19.8131 0
      vertex 2.18691 -19.9464 0
    endloop
  endfacet
  facet normal -0.940867 -0.338776 0
    outer loop
      vertex 2.85317 -21.0729 0
      vertex 2.78933 -20.8956 10
      vertex 2.78933 -20.8956 0
    endloop
  endfacet
  facet normal -0.940867 -0.338776 0
    outer loop
      vertex 2.78933 -20.8956 10
      vertex 2.85317 -21.0729 0
      vertex 2.85317 -21.0729 10
    endloop
  endfacet
  facet normal -0.960301 -0.278965 0
    outer loop
      vertex 2.90575 -21.2539 0
      vertex 2.85317 -21.0729 10
      vertex 2.85317 -21.0729 0
    endloop
  endfacet
  facet normal -0.960301 -0.278965 0
    outer loop
      vertex 2.85317 -21.0729 10
      vertex 2.90575 -21.2539 0
      vertex 2.90575 -21.2539 10
    endloop
  endfacet
  facet normal -0.995559 -0.0941429 0
    outer loop
      vertex 2.99408 -21.8116 0
      vertex 2.97634 -21.624 10
      vertex 2.97634 -21.624 0
    endloop
  endfacet
  facet normal -0.995559 -0.0941429 0
    outer loop
      vertex 2.97634 -21.624 10
      vertex 2.99408 -21.8116 0
      vertex 2.99408 -21.8116 10
    endloop
  endfacet
  facet normal 0.454161 0.89092 -0
    outer loop
      vertex -1.27734 -24.7145 0
      vertex -1.44526 -24.6289 10
      vertex -1.27734 -24.7145 10
    endloop
  endfacet
  facet normal 0.454161 0.89092 0
    outer loop
      vertex -1.44526 -24.6289 10
      vertex -1.27734 -24.7145 0
      vertex -1.44526 -24.6289 0
    endloop
  endfacet
  facet normal 0.613217 0.789915 -0
    outer loop
      vertex -1.76336 -24.4271 0
      vertex -1.91227 -24.3115 10
      vertex -1.76336 -24.4271 10
    endloop
  endfacet
  facet normal 0.613217 0.789915 0
    outer loop
      vertex -1.91227 -24.3115 10
      vertex -1.76336 -24.4271 0
      vertex -1.91227 -24.3115 0
    endloop
  endfacet
  facet normal 0.975938 0.218048 0
    outer loop
      vertex -2.90575 -22.7461 10
      vertex -2.94686 -22.5621 0
      vertex -2.94686 -22.5621 10
    endloop
  endfacet
  facet normal 0.975938 0.218048 0
    outer loop
      vertex -2.94686 -22.5621 0
      vertex -2.90575 -22.7461 10
      vertex -2.90575 -22.7461 0
    endloop
  endfacet
  facet normal 0.917698 0.39728 0
    outer loop
      vertex -2.71448 -23.2773 10
      vertex -2.78933 -23.1044 0
      vertex -2.78933 -23.1044 10
    endloop
  endfacet
  facet normal 0.917698 0.39728 0
    outer loop
      vertex -2.78933 -23.1044 0
      vertex -2.71448 -23.2773 10
      vertex -2.71448 -23.2773 0
    endloop
  endfacet
  facet normal -0.156008 0.987756 0
    outer loop
      vertex 0.562143 -24.9469 0
      vertex 0.375999 -24.9763 10
      vertex 0.562143 -24.9469 10
    endloop
  endfacet
  facet normal -0.156008 0.987756 0
    outer loop
      vertex 0.375999 -24.9763 10
      vertex 0.562143 -24.9469 0
      vertex 0.375999 -24.9763 0
    endloop
  endfacet
  facet normal -0.279088 0.960265 0
    outer loop
      vertex 0.927051 -24.8532 0
      vertex 0.746069 -24.9058 10
      vertex 0.927051 -24.8532 10
    endloop
  endfacet
  facet normal -0.279088 0.960265 0
    outer loop
      vertex 0.746069 -24.9058 10
      vertex 0.927051 -24.8532 0
      vertex 0.746069 -24.9058 0
    endloop
  endfacet
  facet normal -0.396921 0.917853 0
    outer loop
      vertex 1.27734 -24.7145 0
      vertex 1.10437 -24.7893 10
      vertex 1.27734 -24.7145 10
    endloop
  endfacet
  facet normal -0.396921 0.917853 0
    outer loop
      vertex 1.10437 -24.7893 10
      vertex 1.27734 -24.7145 0
      vertex 1.10437 -24.7893 0
    endloop
  endfacet
  facet normal -0.74996 0.661483 0
    outer loop
      vertex 2.18691 -24.0536 0
      vertex 2.31154 -23.9123 10
      vertex 2.31154 -23.9123 0
    endloop
  endfacet
  facet normal -0.74996 0.661483 0
    outer loop
      vertex 2.31154 -23.9123 10
      vertex 2.18691 -24.0536 0
      vertex 2.18691 -24.0536 10
    endloop
  endfacet
  facet normal -0.561953 0.827169 0
    outer loop
      vertex 1.76336 -24.4271 0
      vertex 1.60748 -24.533 10
      vertex 1.76336 -24.4271 10
    endloop
  endfacet
  facet normal -0.561953 0.827169 0
    outer loop
      vertex 1.60748 -24.533 10
      vertex 1.76336 -24.4271 0
      vertex 1.60748 -24.533 0
    endloop
  endfacet
  facet normal -0.987685 0.156459 0
    outer loop
      vertex 2.94686 -22.5621 0
      vertex 2.97634 -22.376 10
      vertex 2.97634 -22.376 0
    endloop
  endfacet
  facet normal -0.987685 0.156459 0
    outer loop
      vertex 2.97634 -22.376 10
      vertex 2.94686 -22.5621 0
      vertex 2.94686 -22.5621 10
    endloop
  endfacet
  facet normal -0.999507 0.031407 0
    outer loop
      vertex 2.99408 -22.1884 0
      vertex 3 -22 10
      vertex 3 -22 0
    endloop
  endfacet
  facet normal -0.999507 0.031407 0
    outer loop
      vertex 3 -22 10
      vertex 2.99408 -22.1884 0
      vertex 2.99408 -22.1884 10
    endloop
  endfacet
  facet normal -0.860707 0.509101 0
    outer loop
      vertex 2.53298 -23.6075 0
      vertex 2.62892 -23.4453 10
      vertex 2.62892 -23.4453 0
    endloop
  endfacet
  facet normal -0.860707 0.509101 0
    outer loop
      vertex 2.62892 -23.4453 10
      vertex 2.53298 -23.6075 0
      vertex 2.53298 -23.6075 10
    endloop
  endfacet
  facet normal -0.508897 -0.860827 0
    outer loop
      vertex 1.44526 -19.3711 0
      vertex 1.60748 -19.467 10
      vertex 1.44526 -19.3711 10
    endloop
  endfacet
  facet normal -0.508897 -0.860827 -0
    outer loop
      vertex 1.60748 -19.467 10
      vertex 1.44526 -19.3711 0
      vertex 1.60748 -19.467 0
    endloop
  endfacet
  facet normal 0.0313058 0.99951 -0
    outer loop
      vertex 0 -25 0
      vertex -0.188371 -24.9941 10
      vertex 0 -25 10
    endloop
  endfacet
  facet normal 0.0313058 0.99951 0
    outer loop
      vertex -0.188371 -24.9941 10
      vertex 0 -25 0
      vertex -0.188371 -24.9941 0
    endloop
  endfacet
  facet normal 0.156008 0.987756 -0
    outer loop
      vertex -0.375999 -24.9763 0
      vertex -0.562143 -24.9469 10
      vertex -0.375999 -24.9763 10
    endloop
  endfacet
  facet normal 0.156008 0.987756 0
    outer loop
      vertex -0.562143 -24.9469 10
      vertex -0.375999 -24.9763 0
      vertex -0.562143 -24.9469 0
    endloop
  endfacet
  facet normal 0.218081 0.975931 -0
    outer loop
      vertex -0.562143 -24.9469 0
      vertex -0.746069 -24.9058 10
      vertex -0.562143 -24.9469 10
    endloop
  endfacet
  facet normal 0.218081 0.975931 0
    outer loop
      vertex -0.746069 -24.9058 10
      vertex -0.562143 -24.9469 0
      vertex -0.746069 -24.9058 0
    endloop
  endfacet
  facet normal 0.707186 0.707027 -0
    outer loop
      vertex -2.05364 -24.1869 0
      vertex -2.18691 -24.0536 10
      vertex -2.05364 -24.1869 10
    endloop
  endfacet
  facet normal 0.707186 0.707027 0
    outer loop
      vertex -2.18691 -24.0536 10
      vertex -2.05364 -24.1869 0
      vertex -2.18691 -24.0536 0
    endloop
  endfacet
  facet normal 0.661209 0.750202 -0
    outer loop
      vertex -1.91227 -24.3115 0
      vertex -2.05364 -24.1869 10
      vertex -1.91227 -24.3115 10
    endloop
  endfacet
  facet normal 0.661209 0.750202 0
    outer loop
      vertex -2.05364 -24.1869 10
      vertex -1.91227 -24.3115 0
      vertex -2.05364 -24.1869 0
    endloop
  endfacet
  facet normal 0.860707 0.509101 0
    outer loop
      vertex -2.53298 -23.6075 10
      vertex -2.62892 -23.4453 0
      vertex -2.62892 -23.4453 10
    endloop
  endfacet
  facet normal 0.860707 0.509101 0
    outer loop
      vertex -2.62892 -23.4453 0
      vertex -2.53298 -23.6075 10
      vertex -2.53298 -23.6075 0
    endloop
  endfacet
  facet normal 0.74996 0.661483 0
    outer loop
      vertex -2.18691 -24.0536 10
      vertex -2.31154 -23.9123 0
      vertex -2.31154 -23.9123 10
    endloop
  endfacet
  facet normal 0.74996 0.661483 0
    outer loop
      vertex -2.31154 -23.9123 0
      vertex -2.18691 -24.0536 10
      vertex -2.18691 -24.0536 0
    endloop
  endfacet
  facet normal 0.790126 0.612945 0
    outer loop
      vertex -2.31154 -23.9123 10
      vertex -2.42705 -23.7634 0
      vertex -2.42705 -23.7634 10
    endloop
  endfacet
  facet normal 0.790126 0.612945 0
    outer loop
      vertex -2.42705 -23.7634 0
      vertex -2.31154 -23.9123 10
      vertex -2.31154 -23.9123 0
    endloop
  endfacet
  facet normal 0.396921 0.917853 -0
    outer loop
      vertex -1.10437 -24.7893 0
      vertex -1.27734 -24.7145 10
      vertex -1.10437 -24.7893 10
    endloop
  endfacet
  facet normal 0.396921 0.917853 0
    outer loop
      vertex -1.27734 -24.7145 10
      vertex -1.10437 -24.7893 0
      vertex -1.27734 -24.7145 0
    endloop
  endfacet
  facet normal 0.561953 0.827169 -0
    outer loop
      vertex -1.60748 -24.533 0
      vertex -1.76336 -24.4271 10
      vertex -1.60748 -24.533 10
    endloop
  endfacet
  facet normal 0.561953 0.827169 0
    outer loop
      vertex -1.76336 -24.4271 10
      vertex -1.60748 -24.533 0
      vertex -1.76336 -24.4271 0
    endloop
  endfacet
  facet normal 0.960301 -0.278965 0
    outer loop
      vertex -2.90575 -21.2539 10
      vertex -2.85317 -21.0729 0
      vertex -2.85317 -21.0729 10
    endloop
  endfacet
  facet normal 0.960301 -0.278965 0
    outer loop
      vertex -2.85317 -21.0729 0
      vertex -2.90575 -21.2539 10
      vertex -2.90575 -21.2539 0
    endloop
  endfacet
  facet normal 0.454161 -0.89092 0
    outer loop
      vertex -1.44526 -19.3711 0
      vertex -1.27734 -19.2855 10
      vertex -1.44526 -19.3711 10
    endloop
  endfacet
  facet normal 0.454161 -0.89092 0
    outer loop
      vertex -1.27734 -19.2855 10
      vertex -1.44526 -19.3711 0
      vertex -1.27734 -19.2855 0
    endloop
  endfacet
  facet normal 0.396921 -0.917853 0
    outer loop
      vertex -1.27734 -19.2855 0
      vertex -1.10437 -19.2107 10
      vertex -1.27734 -19.2855 10
    endloop
  endfacet
  facet normal 0.396921 -0.917853 0
    outer loop
      vertex -1.10437 -19.2107 10
      vertex -1.27734 -19.2855 0
      vertex -1.10437 -19.2107 0
    endloop
  endfacet
  facet normal 0.0944445 0.99553 -0
    outer loop
      vertex -0.188371 -24.9941 0
      vertex -0.375999 -24.9763 10
      vertex -0.188371 -24.9941 10
    endloop
  endfacet
  facet normal 0.0944445 0.99553 0
    outer loop
      vertex -0.375999 -24.9763 10
      vertex -0.188371 -24.9941 0
      vertex -0.375999 -24.9763 0
    endloop
  endfacet
  facet normal 0.827129 0.562012 0
    outer loop
      vertex -2.42705 -23.7634 10
      vertex -2.53298 -23.6075 0
      vertex -2.53298 -23.6075 10
    endloop
  endfacet
  facet normal 0.827129 0.562012 0
    outer loop
      vertex -2.53298 -23.6075 0
      vertex -2.42705 -23.7634 10
      vertex -2.42705 -23.7634 0
    endloop
  endfacet
  facet normal 0.339025 0.940777 -0
    outer loop
      vertex -0.927051 -24.8532 0
      vertex -1.10437 -24.7893 10
      vertex -0.927051 -24.8532 10
    endloop
  endfacet
  facet normal 0.339025 0.940777 0
    outer loop
      vertex -1.10437 -24.7893 10
      vertex -0.927051 -24.8532 0
      vertex -1.10437 -24.7893 0
    endloop
  endfacet
  facet normal 0.508897 0.860827 -0
    outer loop
      vertex -1.44526 -24.6289 0
      vertex -1.60748 -24.533 10
      vertex -1.44526 -24.6289 10
    endloop
  endfacet
  facet normal 0.508897 0.860827 0
    outer loop
      vertex -1.60748 -24.533 10
      vertex -1.44526 -24.6289 0
      vertex -1.60748 -24.533 0
    endloop
  endfacet
  facet normal 0.999507 -0.031407 0
    outer loop
      vertex -3 -22 10
      vertex -2.99408 -21.8116 0
      vertex -2.99408 -21.8116 10
    endloop
  endfacet
  facet normal 0.999507 -0.031407 0
    outer loop
      vertex -2.99408 -21.8116 0
      vertex -3 -22 10
      vertex -3 -22 0
    endloop
  endfacet
  facet normal 0.975938 -0.218048 0
    outer loop
      vertex -2.94686 -21.4379 10
      vertex -2.90575 -21.2539 0
      vertex -2.90575 -21.2539 10
    endloop
  endfacet
  facet normal 0.975938 -0.218048 0
    outer loop
      vertex -2.90575 -21.2539 0
      vertex -2.94686 -21.4379 10
      vertex -2.94686 -21.4379 0
    endloop
  endfacet
  facet normal 0.995559 -0.0941429 0
    outer loop
      vertex -2.99408 -21.8116 10
      vertex -2.97634 -21.624 0
      vertex -2.97634 -21.624 10
    endloop
  endfacet
  facet normal 0.995559 -0.0941429 0
    outer loop
      vertex -2.97634 -21.624 0
      vertex -2.99408 -21.8116 10
      vertex -2.99408 -21.8116 0
    endloop
  endfacet
  facet normal 0.74996 -0.661483 0
    outer loop
      vertex -2.31154 -20.0877 10
      vertex -2.18691 -19.9464 0
      vertex -2.18691 -19.9464 10
    endloop
  endfacet
  facet normal 0.74996 -0.661483 0
    outer loop
      vertex -2.18691 -19.9464 0
      vertex -2.31154 -20.0877 10
      vertex -2.31154 -20.0877 0
    endloop
  endfacet
  facet normal 0.707186 -0.707027 0
    outer loop
      vertex -2.18691 -19.9464 0
      vertex -2.05364 -19.8131 10
      vertex -2.18691 -19.9464 10
    endloop
  endfacet
  facet normal 0.707186 -0.707027 0
    outer loop
      vertex -2.05364 -19.8131 10
      vertex -2.18691 -19.9464 0
      vertex -2.05364 -19.8131 0
    endloop
  endfacet
  facet normal 0.613217 -0.789915 0
    outer loop
      vertex -1.91227 -19.6885 0
      vertex -1.76336 -19.5729 10
      vertex -1.91227 -19.6885 10
    endloop
  endfacet
  facet normal 0.613217 -0.789915 0
    outer loop
      vertex -1.76336 -19.5729 10
      vertex -1.91227 -19.6885 0
      vertex -1.76336 -19.5729 0
    endloop
  endfacet
  facet normal 0.339025 -0.940777 0
    outer loop
      vertex -1.10437 -19.2107 0
      vertex -0.927051 -19.1468 10
      vertex -1.10437 -19.2107 10
    endloop
  endfacet
  facet normal 0.339025 -0.940777 0
    outer loop
      vertex -0.927051 -19.1468 10
      vertex -1.10437 -19.2107 0
      vertex -0.927051 -19.1468 0
    endloop
  endfacet
  facet normal 0.279088 -0.960265 0
    outer loop
      vertex -0.927051 -19.1468 0
      vertex -0.746069 -19.0942 10
      vertex -0.927051 -19.1468 10
    endloop
  endfacet
  facet normal 0.279088 -0.960265 0
    outer loop
      vertex -0.746069 -19.0942 10
      vertex -0.927051 -19.1468 0
      vertex -0.746069 -19.0942 0
    endloop
  endfacet
  facet normal 0.218081 -0.975931 0
    outer loop
      vertex -0.746069 -19.0942 0
      vertex -0.562143 -19.0531 10
      vertex -0.746069 -19.0942 10
    endloop
  endfacet
  facet normal 0.218081 -0.975931 0
    outer loop
      vertex -0.562143 -19.0531 10
      vertex -0.746069 -19.0942 0
      vertex -0.562143 -19.0531 0
    endloop
  endfacet
  facet normal 0.156008 -0.987756 0
    outer loop
      vertex -0.562143 -19.0531 0
      vertex -0.375999 -19.0237 10
      vertex -0.562143 -19.0531 10
    endloop
  endfacet
  facet normal 0.156008 -0.987756 0
    outer loop
      vertex -0.375999 -19.0237 10
      vertex -0.562143 -19.0531 0
      vertex -0.375999 -19.0237 0
    endloop
  endfacet
  facet normal 0.0944445 -0.99553 0
    outer loop
      vertex -0.375999 -19.0237 0
      vertex -0.188371 -19.0059 10
      vertex -0.375999 -19.0237 10
    endloop
  endfacet
  facet normal 0.0944445 -0.99553 0
    outer loop
      vertex -0.188371 -19.0059 10
      vertex -0.375999 -19.0237 0
      vertex -0.188371 -19.0059 0
    endloop
  endfacet
  facet normal 0.940867 0.338776 0
    outer loop
      vertex -2.78933 -23.1044 10
      vertex -2.85317 -22.9271 0
      vertex -2.85317 -22.9271 10
    endloop
  endfacet
  facet normal 0.940867 0.338776 0
    outer loop
      vertex -2.85317 -22.9271 0
      vertex -2.78933 -23.1044 10
      vertex -2.78933 -23.1044 0
    endloop
  endfacet
  facet normal 0.987685 0.156459 0
    outer loop
      vertex -2.94686 -22.5621 10
      vertex -2.97634 -22.376 0
      vertex -2.97634 -22.376 10
    endloop
  endfacet
  facet normal 0.987685 0.156459 0
    outer loop
      vertex -2.97634 -22.376 0
      vertex -2.94686 -22.5621 10
      vertex -2.94686 -22.5621 0
    endloop
  endfacet
  facet normal 0.995559 0.0941429 0
    outer loop
      vertex -2.97634 -22.376 10
      vertex -2.99408 -22.1884 0
      vertex -2.99408 -22.1884 10
    endloop
  endfacet
  facet normal 0.995559 0.0941429 0
    outer loop
      vertex -2.99408 -22.1884 0
      vertex -2.97634 -22.376 10
      vertex -2.97634 -22.376 0
    endloop
  endfacet
  facet normal 0.790126 -0.612945 0
    outer loop
      vertex -2.42705 -20.2366 10
      vertex -2.31154 -20.0877 0
      vertex -2.31154 -20.0877 10
    endloop
  endfacet
  facet normal 0.790126 -0.612945 0
    outer loop
      vertex -2.31154 -20.0877 0
      vertex -2.42705 -20.2366 10
      vertex -2.42705 -20.2366 0
    endloop
  endfacet
  facet normal 0.987685 -0.156459 0
    outer loop
      vertex -2.97634 -21.624 10
      vertex -2.94686 -21.4379 0
      vertex -2.94686 -21.4379 10
    endloop
  endfacet
  facet normal 0.987685 -0.156459 0
    outer loop
      vertex -2.94686 -21.4379 0
      vertex -2.97634 -21.624 10
      vertex -2.97634 -21.624 0
    endloop
  endfacet
  facet normal 0.661209 -0.750202 0
    outer loop
      vertex -2.05364 -19.8131 0
      vertex -1.91227 -19.6885 10
      vertex -2.05364 -19.8131 10
    endloop
  endfacet
  facet normal 0.661209 -0.750202 0
    outer loop
      vertex -1.91227 -19.6885 10
      vertex -2.05364 -19.8131 0
      vertex -1.91227 -19.6885 0
    endloop
  endfacet
  facet normal 0.561953 -0.827169 0
    outer loop
      vertex -1.76336 -19.5729 0
      vertex -1.60748 -19.467 10
      vertex -1.76336 -19.5729 10
    endloop
  endfacet
  facet normal 0.561953 -0.827169 0
    outer loop
      vertex -1.60748 -19.467 10
      vertex -1.76336 -19.5729 0
      vertex -1.60748 -19.467 0
    endloop
  endfacet
  facet normal 0.827129 -0.562012 0
    outer loop
      vertex -2.53298 -20.3925 10
      vertex -2.42705 -20.2366 0
      vertex -2.42705 -20.2366 10
    endloop
  endfacet
  facet normal 0.827129 -0.562012 0
    outer loop
      vertex -2.42705 -20.2366 0
      vertex -2.53298 -20.3925 10
      vertex -2.53298 -20.3925 0
    endloop
  endfacet
  facet normal 0.940867 -0.338776 0
    outer loop
      vertex -2.85317 -21.0729 10
      vertex -2.78933 -20.8956 0
      vertex -2.78933 -20.8956 10
    endloop
  endfacet
  facet normal 0.940867 -0.338776 0
    outer loop
      vertex -2.78933 -20.8956 0
      vertex -2.85317 -21.0729 10
      vertex -2.85317 -21.0729 0
    endloop
  endfacet
  facet normal 0.917698 -0.39728 0
    outer loop
      vertex -2.78933 -20.8956 10
      vertex -2.71448 -20.7227 0
      vertex -2.71448 -20.7227 10
    endloop
  endfacet
  facet normal 0.917698 -0.39728 0
    outer loop
      vertex -2.71448 -20.7227 0
      vertex -2.78933 -20.8956 10
      vertex -2.78933 -20.8956 0
    endloop
  endfacet
  facet normal 0.891093 -0.453821 0
    outer loop
      vertex -2.71448 -20.7227 10
      vertex -2.62892 -20.5547 0
      vertex -2.62892 -20.5547 10
    endloop
  endfacet
  facet normal 0.891093 -0.453821 0
    outer loop
      vertex -2.62892 -20.5547 0
      vertex -2.71448 -20.7227 10
      vertex -2.71448 -20.7227 0
    endloop
  endfacet
  facet normal 0.508897 -0.860827 0
    outer loop
      vertex -1.60748 -19.467 0
      vertex -1.44526 -19.3711 10
      vertex -1.60748 -19.467 10
    endloop
  endfacet
  facet normal 0.508897 -0.860827 0
    outer loop
      vertex -1.44526 -19.3711 10
      vertex -1.60748 -19.467 0
      vertex -1.44526 -19.3711 0
    endloop
  endfacet
  facet normal 0.860707 -0.509101 0
    outer loop
      vertex -2.62892 -20.5547 10
      vertex -2.53298 -20.3925 0
      vertex -2.53298 -20.3925 10
    endloop
  endfacet
  facet normal 0.860707 -0.509101 0
    outer loop
      vertex -2.53298 -20.3925 0
      vertex -2.62892 -20.5547 10
      vertex -2.62892 -20.5547 0
    endloop
  endfacet
  facet normal 0.999507 0.0314118 0
    outer loop
      vertex 30 0 10
      vertex 29.9408 1.88371 0
      vertex 29.9408 1.88371 10
    endloop
  endfacet
  facet normal 0.999507 0.0314118 0
    outer loop
      vertex 29.9408 1.88371 0
      vertex 30 0 10
      vertex 30 0 0
    endloop
  endfacet
  facet normal -0.999507 0.0314118 0
    outer loop
      vertex -30 0 0
      vertex -29.9408 1.88371 10
      vertex -29.9408 1.88371 0
    endloop
  endfacet
  facet normal -0.999507 0.0314118 0
    outer loop
      vertex -29.9408 1.88371 10
      vertex -30 0 0
      vertex -30 0 10
    endloop
  endfacet
  facet normal 0.0314118 0.999507 -0
    outer loop
      vertex 1.88371 29.9408 0
      vertex 0 30 10
      vertex 1.88371 29.9408 10
    endloop
  endfacet
  facet normal 0.0314118 0.999507 0
    outer loop
      vertex 0 30 10
      vertex 1.88371 29.9408 0
      vertex 0 30 0
    endloop
  endfacet
  facet normal 0.707107 0.707107 0
    outer loop
      vertex 21.8691 20.5364 10
      vertex 20.5364 21.8691 0
      vertex 20.5364 21.8691 10
    endloop
  endfacet
  facet normal 0.707107 0.707107 0
    outer loop
      vertex 20.5364 21.8691 0
      vertex 21.8691 20.5364 10
      vertex 21.8691 20.5364 0
    endloop
  endfacet
  facet normal -0.661299 0.750123 0
    outer loop
      vertex -19.1227 23.1154 0
      vertex -20.5364 21.8691 10
      vertex -19.1227 23.1154 10
    endloop
  endfacet
  facet normal -0.661299 0.750123 0
    outer loop
      vertex -20.5364 21.8691 10
      vertex -19.1227 23.1154 0
      vertex -20.5364 21.8691 0
    endloop
  endfacet
  facet normal -0.338744 0.940879 0
    outer loop
      vertex -9.27051 28.5317 0
      vertex -11.0437 27.8933 10
      vertex -9.27051 28.5317 10
    endloop
  endfacet
  facet normal -0.338744 0.940879 0
    outer loop
      vertex -11.0437 27.8933 10
      vertex -9.27051 28.5317 0
      vertex -11.0437 27.8933 0
    endloop
  endfacet
  facet normal 0.917756 0.397144 0
    outer loop
      vertex 27.8933 11.0437 10
      vertex 27.1448 12.7734 0
      vertex 27.1448 12.7734 10
    endloop
  endfacet
  facet normal 0.917756 0.397144 0
    outer loop
      vertex 27.1448 12.7734 0
      vertex 27.8933 11.0437 10
      vertex 27.8933 11.0437 0
    endloop
  endfacet
  facet normal 0.397144 0.917756 -0
    outer loop
      vertex 12.7734 27.1448 0
      vertex 11.0437 27.8933 10
      vertex 12.7734 27.1448 10
    endloop
  endfacet
  facet normal 0.397144 0.917756 0
    outer loop
      vertex 11.0437 27.8933 10
      vertex 12.7734 27.1448 0
      vertex 11.0437 27.8933 0
    endloop
  endfacet
  facet normal 0.562062 0.827095 -0
    outer loop
      vertex 17.6336 24.2705 0
      vertex 16.0748 25.3298 10
      vertex 17.6336 24.2705 10
    endloop
  endfacet
  facet normal 0.562062 0.827095 0
    outer loop
      vertex 16.0748 25.3298 10
      vertex 17.6336 24.2705 0
      vertex 16.0748 25.3298 0
    endloop
  endfacet
  facet normal -0.917756 0.397144 0
    outer loop
      vertex -27.8933 11.0437 0
      vertex -27.1448 12.7734 10
      vertex -27.1448 12.7734 0
    endloop
  endfacet
  facet normal -0.917756 0.397144 0
    outer loop
      vertex -27.1448 12.7734 10
      vertex -27.8933 11.0437 0
      vertex -27.8933 11.0437 10
    endloop
  endfacet
  facet normal -0.156422 0.98769 0
    outer loop
      vertex -3.76 29.7634 0
      vertex -5.62144 29.4686 10
      vertex -3.76 29.7634 10
    endloop
  endfacet
  facet normal -0.156422 0.98769 0
    outer loop
      vertex -5.62144 29.4686 10
      vertex -3.76 29.7634 0
      vertex -5.62144 29.4686 0
    endloop
  endfacet
  facet normal 0 0 -1
    outer loop
      vertex -19.3711 1.44526 0
      vertex -1.44526 19.3711 0
      vertex -19.2855 1.27734 0
    endloop
  endfacet
  facet normal -0 0 -1
    outer loop
      vertex -1.44526 19.3711 0
      vertex -19.3711 1.44526 0
      vertex -1.60748 19.467 0
    endloop
  endfacet
  facet normal 0 0 -1
    outer loop
      vertex -19.467 1.60748 0
      vertex -1.60748 19.467 0
      vertex -19.3711 1.44526 0
    endloop
  endfacet
  facet normal -0 0 -1
    outer loop
      vertex -1.60748 19.467 0
      vertex -19.467 1.60748 0
      vertex -1.76336 19.5729 0
    endloop
  endfacet
  facet normal 0 0 -1
    outer loop
      vertex -19.5729 1.76336 0
      vertex -1.76336 19.5729 0
      vertex -19.467 1.60748 0
    endloop
  endfacet
  facet normal -0 0 -1
    outer loop
      vertex -1.76336 19.5729 0
      vertex -19.5729 1.76336 0
      vertex -1.91227 19.6885 0
    endloop
  endfacet
  facet normal 0 0 -1
    outer loop
      vertex -19.6885 1.91227 0
      vertex -1.91227 19.6885 0
      vertex -19.5729 1.76336 0
    endloop
  endfacet
  facet normal -0 0 -1
    outer loop
      vertex -1.91227 19.6885 0
      vertex -19.6885 1.91227 0
      vertex -2.05364 19.8131 0
    endloop
  endfacet
  facet normal 0 0 -1
    outer loop
      vertex -19.8131 2.05364 0
      vertex -2.05364 19.8131 0
      vertex -19.6885 1.91227 0
    endloop
  endfacet
  facet normal -0 0 -1
    outer loop
      vertex -2.05364 19.8131 0
      vertex -19.8131 2.05364 0
      vertex -2.18691 19.9464 0
    endloop
  endfacet
  facet normal 0 0 -1
    outer loop
      vertex -19.9464 2.18691 0
      vertex -2.18691 19.9464 0
      vertex -19.8131 2.05364 0
    endloop
  endfacet
  facet normal -0 0 -1
    outer loop
      vertex -2.18691 19.9464 0
      vertex -19.9464 2.18691 0
      vertex -2.31154 20.0877 0
    endloop
  endfacet
  facet normal 0 0 -1
    outer loop
      vertex -2.31154 20.0877 0
      vertex -19.1227 23.1154 0
      vertex -17.6336 24.2705 0
    endloop
  endfacet
  facet normal 0 0 -1
    outer loop
      vertex -20.0877 2.31154 0
      vertex -2.31154 20.0877 0
      vertex -19.9464 2.18691 0
    endloop
  endfacet
  facet normal -0 0 -1
    outer loop
      vertex -2.31154 20.0877 0
      vertex -20.0877 2.31154 0
      vertex -20.5364 21.8691 0
    endloop
  endfacet
  facet normal 0 0 -1
    outer loop
      vertex -21.8691 20.5364 0
      vertex -20.0877 2.31154 0
      vertex -20.2366 2.42705 0
    endloop
  endfacet
  facet normal 0 0 -1
    outer loop
      vertex -21.8691 20.5364 0
      vertex -20.2366 2.42705 0
      vertex -20.3925 2.53298 0
    endloop
  endfacet
  facet normal 0 0 -1
    outer loop
      vertex -2.31154 20.0877 0
      vertex -20.5364 21.8691 0
      vertex -19.1227 23.1154 0
    endloop
  endfacet
  facet normal 0 0 -1
    outer loop
      vertex -23.1154 19.1227 0
      vertex -20.3925 2.53298 0
      vertex -20.5547 2.62892 0
    endloop
  endfacet
  facet normal 0 0 -1
    outer loop
      vertex -24.2705 17.6336 0
      vertex -20.5547 2.62892 0
      vertex -20.7227 2.71448 0
    endloop
  endfacet
  facet normal 0 0 -1
    outer loop
      vertex -24.2705 17.6336 0
      vertex -20.7227 2.71448 0
      vertex -20.8956 2.78933 0
    endloop
  endfacet
  facet normal 0 0 -1
    outer loop
      vertex -25.3298 16.0748 0
      vertex -20.8956 2.78933 0
      vertex -21.0729 2.85317 0
    endloop
  endfacet
  facet normal 0 0 -1
    outer loop
      vertex -26.2892 14.4526 0
      vertex -21.0729 2.85317 0
      vertex -21.2539 2.90575 0
    endloop
  endfacet
  facet normal 0 0 -1
    outer loop
      vertex -26.2892 14.4526 0
      vertex -21.2539 2.90575 0
      vertex -21.4379 2.94686 0
    endloop
  endfacet
  facet normal 0 0 -1
    outer loop
      vertex -27.1448 12.7734 0
      vertex -21.4379 2.94686 0
      vertex -21.624 2.97634 0
    endloop
  endfacet
  facet normal 0 0 -1
    outer loop
      vertex -27.1448 12.7734 0
      vertex -21.624 2.97634 0
      vertex -21.8116 2.99408 0
    endloop
  endfacet
  facet normal 0 0 -1
    outer loop
      vertex -20.0877 2.31154 0
      vertex -21.8691 20.5364 0
      vertex -20.5364 21.8691 0
    endloop
  endfacet
  facet normal 0 0 -1
    outer loop
      vertex -27.1448 12.7734 0
      vertex -21.8116 2.99408 0
      vertex -22 3 0
    endloop
  endfacet
  facet normal 0 0 -1
    outer loop
      vertex -27.8933 11.0437 0
      vertex -22 3 0
      vertex -22.1884 2.99408 0
    endloop
  endfacet
  facet normal 0 0 -1
    outer loop
      vertex -27.8933 11.0437 0
      vertex -22.1884 2.99408 0
      vertex -22.376 2.97634 0
    endloop
  endfacet
  facet normal 0 0 -1
    outer loop
      vertex -28.5317 9.27051 0
      vertex -22.376 2.97634 0
      vertex -22.5621 2.94686 0
    endloop
  endfacet
  facet normal 0 0 -1
    outer loop
      vertex -28.5317 9.27051 0
      vertex -22.5621 2.94686 0
      vertex -22.7461 2.90575 0
    endloop
  endfacet
  facet normal 0 0 -1
    outer loop
      vertex -28.5317 9.27051 0
      vertex -22.7461 2.90575 0
      vertex -22.9271 2.85317 0
    endloop
  endfacet
  facet normal 0 0 -1
    outer loop
      vertex -29.0575 7.4607 0
      vertex -22.9271 2.85317 0
      vertex -23.1044 2.78933 0
    endloop
  endfacet
  facet normal 0 0 -1
    outer loop
      vertex -20.3925 2.53298 0
      vertex -23.1154 19.1227 0
      vertex -21.8691 20.5364 0
    endloop
  endfacet
  facet normal 0 0 -1
    outer loop
      vertex -29.0575 7.4607 0
      vertex -23.1044 2.78933 0
      vertex -23.2773 2.71448 0
    endloop
  endfacet
  facet normal 0 0 -1
    outer loop
      vertex -29.0575 7.4607 0
      vertex -23.2773 2.71448 0
      vertex -23.4453 2.62892 0
    endloop
  endfacet
  facet normal 0 0 -1
    outer loop
      vertex -29.0575 7.4607 0
      vertex -23.4453 2.62892 0
      vertex -23.6075 2.53298 0
    endloop
  endfacet
  facet normal 0 0 -1
    outer loop
      vertex -29.4686 5.62144 0
      vertex -23.6075 2.53298 0
      vertex -23.7634 2.42705 0
    endloop
  endfacet
  facet normal 0 0 -1
    outer loop
      vertex -29.4686 5.62144 0
      vertex -23.7634 2.42705 0
      vertex -23.9123 2.31154 0
    endloop
  endfacet
  facet normal 0 0 -1
    outer loop
      vertex -29.4686 5.62144 0
      vertex -23.9123 2.31154 0
      vertex -24.0536 2.18691 0
    endloop
  endfacet
  facet normal 0 0 -1
    outer loop
      vertex -29.4686 5.62144 0
      vertex -24.0536 2.18691 0
      vertex -24.1869 2.05364 0
    endloop
  endfacet
  facet normal 0 0 -1
    outer loop
      vertex -20.5547 2.62892 0
      vertex -24.2705 17.6336 0
      vertex -23.1154 19.1227 0
    endloop
  endfacet
  facet normal 0 0 -1
    outer loop
      vertex -29.7634 3.76 0
      vertex -24.1869 2.05364 0
      vertex -24.3115 1.91227 0
    endloop
  endfacet
  facet normal 0 0 -1
    outer loop
      vertex -29.7634 3.76 0
      vertex -24.3115 1.91227 0
      vertex -24.4271 1.76336 0
    endloop
  endfacet
  facet normal 0 0 -1
    outer loop
      vertex -29.7634 3.76 0
      vertex -24.4271 1.76336 0
      vertex -24.533 1.60748 0
    endloop
  endfacet
  facet normal 0 0 -1
    outer loop
      vertex -29.7634 3.76 0
      vertex -24.533 1.60748 0
      vertex -24.6289 1.44526 0
    endloop
  endfacet
  facet normal 0 0 -1
    outer loop
      vertex -29.7634 3.76 0
      vertex -24.6289 1.44526 0
      vertex -24.7145 1.27734 0
    endloop
  endfacet
  facet normal 0 0 -1
    outer loop
      vertex -29.9408 1.88371 0
      vertex -24.7145 1.27734 0
      vertex -24.7893 1.10437 0
    endloop
  endfacet
  facet normal 0 0 -1
    outer loop
      vertex -29.9408 1.88371 0
      vertex -24.7893 1.10437 0
      vertex -24.8532 0.927051 0
    endloop
  endfacet
  facet normal 0 0 -1
    outer loop
      vertex -29.9408 1.88371 0
      vertex -24.8532 0.927051 0
      vertex -24.9058 0.746069 0
    endloop
  endfacet
  facet normal 0 0 -1
    outer loop
      vertex -29.9408 1.88371 0
      vertex -24.9058 0.746069 0
      vertex -24.9469 0.562143 0
    endloop
  endfacet
  facet normal 0 0 -1
    outer loop
      vertex -29.9408 1.88371 0
      vertex -24.9469 0.562143 0
      vertex -24.9763 0.375999 0
    endloop
  endfacet
  facet normal 0 0 -1
    outer loop
      vertex -30 0 0
      vertex -24.9763 0.375999 0
      vertex -24.9941 0.188371 0
    endloop
  endfacet
  facet normal 0 0 -1
    outer loop
      vertex -20.8956 2.78933 0
      vertex -25.3298 16.0748 0
      vertex -24.2705 17.6336 0
    endloop
  endfacet
  facet normal 0 0 -1
    outer loop
      vertex -30 0 0
      vertex -24.9941 0.188371 0
      vertex -25 0 0
    endloop
  endfacet
  facet normal 0 0 -1
    outer loop
      vertex -29.9408 -1.88371 0
      vertex -24.7145 -1.27734 0
      vertex -29.7634 -3.76 0
    endloop
  endfacet
  facet normal -0 0 -1
    outer loop
      vertex -24.7145 -1.27734 0
      vertex -29.9408 -1.88371 0
      vertex -24.7893 -1.10437 0
    endloop
  endfacet
  facet normal 0 0 -1
    outer loop
      vertex -21.0729 2.85317 0
      vertex -26.2892 14.4526 0
      vertex -25.3298 16.0748 0
    endloop
  endfacet
  facet normal -0 0 -1
    outer loop
      vertex -24.7893 -1.10437 0
      vertex -29.9408 -1.88371 0
      vertex -24.8532 -0.927051 0
    endloop
  endfacet
  facet normal 0 0 -1
    outer loop
      vertex -21.4379 2.94686 0
      vertex -27.1448 12.7734 0
      vertex -26.2892 14.4526 0
    endloop
  endfacet
  facet normal -0 0 -1
    outer loop
      vertex -24.8532 -0.927051 0
      vertex -29.9408 -1.88371 0
      vertex -24.9058 -0.746069 0
    endloop
  endfacet
  facet normal 0 0 -1
    outer loop
      vertex -22 3 0
      vertex -27.8933 11.0437 0
      vertex -27.1448 12.7734 0
    endloop
  endfacet
  facet normal -0 0 -1
    outer loop
      vertex -24.9058 -0.746069 0
      vertex -29.9408 -1.88371 0
      vertex -24.9469 -0.562143 0
    endloop
  endfacet
  facet normal 0 0 -1
    outer loop
      vertex -22.376 2.97634 0
      vertex -28.5317 9.27051 0
      vertex -27.8933 11.0437 0
    endloop
  endfacet
  facet normal -0 0 -1
    outer loop
      vertex -24.9469 -0.562143 0
      vertex -29.9408 -1.88371 0
      vertex -24.9763 -0.375999 0
    endloop
  endfacet
  facet normal 0 0 -1
    outer loop
      vertex -22.9271 2.85317 0
      vertex -29.0575 7.4607 0
      vertex -28.5317 9.27051 0
    endloop
  endfacet
  facet normal 0 0 -1
    outer loop
      vertex -30 0 0
      vertex -24.9763 -0.375999 0
      vertex -29.9408 -1.88371 0
    endloop
  endfacet
  facet normal 0 0 -1
    outer loop
      vertex -23.6075 2.53298 0
      vertex -29.4686 5.62144 0
      vertex -29.0575 7.4607 0
    endloop
  endfacet
  facet normal 0 0 -1
    outer loop
      vertex -24.9763 -0.375999 0
      vertex -30 0 0
      vertex -24.9941 -0.188371 0
    endloop
  endfacet
  facet normal 0 0 -1
    outer loop
      vertex -24.1869 2.05364 0
      vertex -29.7634 3.76 0
      vertex -29.4686 5.62144 0
    endloop
  endfacet
  facet normal 0 0 -1
    outer loop
      vertex -24.9941 -0.188371 0
      vertex -30 0 0
      vertex -25 0 0
    endloop
  endfacet
  facet normal 0 0 -1
    outer loop
      vertex -24.7145 1.27734 0
      vertex -29.9408 1.88371 0
      vertex -29.7634 3.76 0
    endloop
  endfacet
  facet normal -0 0 -1
    outer loop
      vertex -24.9763 0.375999 0
      vertex -30 0 0
      vertex -29.9408 1.88371 0
    endloop
  endfacet
  facet normal -0 0 -1
    outer loop
      vertex 19.8131 -2.05364 0
      vertex 2.05364 -19.8131 0
      vertex 19.6885 -1.91227 0
    endloop
  endfacet
  facet normal 0 0 -1
    outer loop
      vertex 19 0 0
      vertex 2.99408 21.8116 0
      vertex 3 22 0
    endloop
  endfacet
  facet normal 0 0 -1
    outer loop
      vertex 1.91227 -19.6885 0
      vertex 19.6885 -1.91227 0
      vertex 2.05364 -19.8131 0
    endloop
  endfacet
  facet normal 0 0 -1
    outer loop
      vertex 19 0 0
      vertex 2.97634 21.624 0
      vertex 2.99408 21.8116 0
    endloop
  endfacet
  facet normal -0 0 -1
    outer loop
      vertex 19.6885 -1.91227 0
      vertex 1.91227 -19.6885 0
      vertex 19.5729 -1.76336 0
    endloop
  endfacet
  facet normal 0 0 -1
    outer loop
      vertex 19 0 0
      vertex 2.94686 21.4379 0
      vertex 2.97634 21.624 0
    endloop
  endfacet
  facet normal 0 0 -1
    outer loop
      vertex 1.76336 -19.5729 0
      vertex 19.5729 -1.76336 0
      vertex 1.91227 -19.6885 0
    endloop
  endfacet
  facet normal 0 0 -1
    outer loop
      vertex 19 0 0
      vertex 2.90575 21.2539 0
      vertex 2.94686 21.4379 0
    endloop
  endfacet
  facet normal -0 0 -1
    outer loop
      vertex 19.5729 -1.76336 0
      vertex 1.76336 -19.5729 0
      vertex 19.467 -1.60748 0
    endloop
  endfacet
  facet normal 0 0 -1
    outer loop
      vertex 19 0 0
      vertex 2.85317 21.0729 0
      vertex 2.90575 21.2539 0
    endloop
  endfacet
  facet normal 0 0 -1
    outer loop
      vertex 1.60748 -19.467 0
      vertex 19.467 -1.60748 0
      vertex 1.76336 -19.5729 0
    endloop
  endfacet
  facet normal 0 0 -1
    outer loop
      vertex 19 0 0
      vertex 2.78933 20.8956 0
      vertex 2.85317 21.0729 0
    endloop
  endfacet
  facet normal -0 0 -1
    outer loop
      vertex 19.467 -1.60748 0
      vertex 1.60748 -19.467 0
      vertex 19.3711 -1.44526 0
    endloop
  endfacet
  facet normal 0 0 -1
    outer loop
      vertex 19 0 0
      vertex 2.71448 20.7227 0
      vertex 2.78933 20.8956 0
    endloop
  endfacet
  facet normal 0 0 -1
    outer loop
      vertex 1.44526 -19.3711 0
      vertex 19.3711 -1.44526 0
      vertex 1.60748 -19.467 0
    endloop
  endfacet
  facet normal 0 0 -1
    outer loop
      vertex 19 0 0
      vertex 2.62892 20.5547 0
      vertex 2.71448 20.7227 0
    endloop
  endfacet
  facet normal -0 0 -1
    outer loop
      vertex 19.3711 -1.44526 0
      vertex 1.44526 -19.3711 0
      vertex 19.2855 -1.27734 0
    endloop
  endfacet
  facet normal 0 0 -1
    outer loop
      vertex 19 0 0
      vertex 2.53298 20.3925 0
      vertex 2.62892 20.5547 0
    endloop
  endfacet
  facet normal 0 0 -1
    outer loop
      vertex 1.27734 -19.2855 0
      vertex 19.2855 -1.27734 0
      vertex 1.44526 -19.3711 0
    endloop
  endfacet
  facet normal 0 0 -1
    outer loop
      vertex 19 0 0
      vertex 2.42705 20.2366 0
      vertex 2.53298 20.3925 0
    endloop
  endfacet
  facet normal -0 0 -1
    outer loop
      vertex 19.2855 -1.27734 0
      vertex 1.27734 -19.2855 0
      vertex 19.2107 -1.10437 0
    endloop
  endfacet
  facet normal 0 0 -1
    outer loop
      vertex 19 0 0
      vertex 2.31154 20.0877 0
      vertex 2.42705 20.2366 0
    endloop
  endfacet
  facet normal 0 0 -1
    outer loop
      vertex 1.10437 -19.2107 0
      vertex 19.2107 -1.10437 0
      vertex 1.27734 -19.2855 0
    endloop
  endfacet
  facet normal 0 0 -1
    outer loop
      vertex 19 0 0
      vertex 2.18691 19.9464 0
      vertex 2.31154 20.0877 0
    endloop
  endfacet
  facet normal -0 0 -1
    outer loop
      vertex 19.2107 -1.10437 0
      vertex 1.10437 -19.2107 0
      vertex 19.1468 -0.927051 0
    endloop
  endfacet
  facet normal 0 0 -1
    outer loop
      vertex 19 0 0
      vertex 2.05364 19.8131 0
      vertex 2.18691 19.9464 0
    endloop
  endfacet
  facet normal 0 0 -1
    outer loop
      vertex 0.927051 -19.1468 0
      vertex 19.1468 -0.927051 0
      vertex 1.10437 -19.2107 0
    endloop
  endfacet
  facet normal 0 0 -1
    outer loop
      vertex 19 0 0
      vertex 1.91227 19.6885 0
      vertex 2.05364 19.8131 0
    endloop
  endfacet
  facet normal -0 0 -1
    outer loop
      vertex 19.1468 -0.927051 0
      vertex 0.927051 -19.1468 0
      vertex 19.0942 -0.746069 0
    endloop
  endfacet
  facet normal 0 0 -1
    outer loop
      vertex 19 0 0
      vertex 1.76336 19.5729 0
      vertex 1.91227 19.6885 0
    endloop
  endfacet
  facet normal 0 0 -1
    outer loop
      vertex 0.746069 -19.0942 0
      vertex 19.0942 -0.746069 0
      vertex 0.927051 -19.1468 0
    endloop
  endfacet
  facet normal 0 0 -1
    outer loop
      vertex 19 0 0
      vertex 1.60748 19.467 0
      vertex 1.76336 19.5729 0
    endloop
  endfacet
  facet normal -0 0 -1
    outer loop
      vertex 19.0942 -0.746069 0
      vertex 0.746069 -19.0942 0
      vertex 19.0531 -0.562143 0
    endloop
  endfacet
  facet normal 0 0 -1
    outer loop
      vertex 19 0 0
      vertex 1.44526 19.3711 0
      vertex 1.60748 19.467 0
    endloop
  endfacet
  facet normal 0 0 -1
    outer loop
      vertex 0.562143 -19.0531 0
      vertex 19.0531 -0.562143 0
      vertex 0.746069 -19.0942 0
    endloop
  endfacet
  facet normal 0 0 -1
    outer loop
      vertex 19 0 0
      vertex 1.27734 19.2855 0
      vertex 1.44526 19.3711 0
    endloop
  endfacet
  facet normal -0 0 -1
    outer loop
      vertex 19.0531 -0.562143 0
      vertex 0.562143 -19.0531 0
      vertex 19.0237 -0.375999 0
    endloop
  endfacet
  facet normal 0 0 -1
    outer loop
      vertex 19 0 0
      vertex 1.10437 19.2107 0
      vertex 1.27734 19.2855 0
    endloop
  endfacet
  facet normal 0 0 -1
    outer loop
      vertex 0.375999 -19.0237 0
      vertex 19.0237 -0.375999 0
      vertex 0.562143 -19.0531 0
    endloop
  endfacet
  facet normal 0 0 -1
    outer loop
      vertex 19 0 0
      vertex 0.927051 19.1468 0
      vertex 1.10437 19.2107 0
    endloop
  endfacet
  facet normal -0 0 -1
    outer loop
      vertex 19.0237 -0.375999 0
      vertex 0.375999 -19.0237 0
      vertex 19.0059 -0.188371 0
    endloop
  endfacet
  facet normal 0 0 -1
    outer loop
      vertex 19 0 0
      vertex 0.746069 19.0942 0
      vertex 0.927051 19.1468 0
    endloop
  endfacet
  facet normal 0 0 -1
    outer loop
      vertex 0.188371 -19.0059 0
      vertex 19.0059 -0.188371 0
      vertex 0.375999 -19.0237 0
    endloop
  endfacet
  facet normal 0 0 -1
    outer loop
      vertex 19 0 0
      vertex 0.562143 19.0531 0
      vertex 0.746069 19.0942 0
    endloop
  endfacet
  facet normal -0 0 -1
    outer loop
      vertex 19.0059 -0.188371 0
      vertex 0.188371 -19.0059 0
      vertex 19 0 0
    endloop
  endfacet
  facet normal 0 0 -1
    outer loop
      vertex 19 0 0
      vertex 0.375999 19.0237 0
      vertex 0.562143 19.0531 0
    endloop
  endfacet
  facet normal 0 0 -1
    outer loop
      vertex 0 -19 0
      vertex 19 0 0
      vertex 0.188371 -19.0059 0
    endloop
  endfacet
  facet normal 0 0 -1
    outer loop
      vertex 19 0 0
      vertex 0.188371 19.0059 0
      vertex 0.375999 19.0237 0
    endloop
  endfacet
  facet normal 0 0 -1
    outer loop
      vertex 0 19 0
      vertex 19 0 0
      vertex 0 -19 0
    endloop
  endfacet
  facet normal 0 0 -1
    outer loop
      vertex 19 0 0
      vertex 0 19 0
      vertex 0.188371 19.0059 0
    endloop
  endfacet
  facet normal 0 0 -1
    outer loop
      vertex -19 0 0
      vertex 0 -19 0
      vertex -0.188371 -19.0059 0
    endloop
  endfacet
  facet normal 0 0 -1
    outer loop
      vertex 0 -19 0
      vertex -19 0 0
      vertex 0 19 0
    endloop
  endfacet
  facet normal 0 0 -1
    outer loop
      vertex -19.0059 -0.188371 0
      vertex -0.188371 -19.0059 0
      vertex -0.375999 -19.0237 0
    endloop
  endfacet
  facet normal -0 0 -1
    outer loop
      vertex 0 19 0
      vertex -19 0 0
      vertex -0.188371 19.0059 0
    endloop
  endfacet
  facet normal 0 0 -1
    outer loop
      vertex -19.0237 -0.375999 0
      vertex -0.375999 -19.0237 0
      vertex -0.562143 -19.0531 0
    endloop
  endfacet
  facet normal 0 0 -1
    outer loop
      vertex -19.0059 0.188371 0
      vertex -0.188371 19.0059 0
      vertex -19 0 0
    endloop
  endfacet
  facet normal 0 0 -1
    outer loop
      vertex -19.0237 -0.375999 0
      vertex -0.562143 -19.0531 0
      vertex -0.746069 -19.0942 0
    endloop
  endfacet
  facet normal -0 0 -1
    outer loop
      vertex -0.188371 19.0059 0
      vertex -19.0059 0.188371 0
      vertex -0.375999 19.0237 0
    endloop
  endfacet
  facet normal 0 0 -1
    outer loop
      vertex -19.0237 -0.375999 0
      vertex -0.746069 -19.0942 0
      vertex -0.927051 -19.1468 0
    endloop
  endfacet
  facet normal 0 0 -1
    outer loop
      vertex -19.0237 0.375999 0
      vertex -0.375999 19.0237 0
      vertex -19.0059 0.188371 0
    endloop
  endfacet
  facet normal 0 0 -1
    outer loop
      vertex -19.0237 -0.375999 0
      vertex -0.927051 -19.1468 0
      vertex -1.10437 -19.2107 0
    endloop
  endfacet
  facet normal -0 0 -1
    outer loop
      vertex -0.375999 19.0237 0
      vertex -19.0237 0.375999 0
      vertex -0.562143 19.0531 0
    endloop
  endfacet
  facet normal 0 0 -1
    outer loop
      vertex -19.0237 -0.375999 0
      vertex -1.10437 -19.2107 0
      vertex -1.27734 -19.2855 0
    endloop
  endfacet
  facet normal 0 0 -1
    outer loop
      vertex -19.0531 0.562143 0
      vertex -0.562143 19.0531 0
      vertex -19.0237 0.375999 0
    endloop
  endfacet
  facet normal 0 0 -1
    outer loop
      vertex -19.0237 -0.375999 0
      vertex -1.27734 -19.2855 0
      vertex -1.44526 -19.3711 0
    endloop
  endfacet
  facet normal -0 0 -1
    outer loop
      vertex -0.562143 19.0531 0
      vertex -19.0531 0.562143 0
      vertex -0.746069 19.0942 0
    endloop
  endfacet
  facet normal 0 0 -1
    outer loop
      vertex -19.0237 -0.375999 0
      vertex -1.44526 -19.3711 0
      vertex -1.60748 -19.467 0
    endloop
  endfacet
  facet normal 0 0 -1
    outer loop
      vertex -19.0942 0.746069 0
      vertex -0.746069 19.0942 0
      vertex -19.0531 0.562143 0
    endloop
  endfacet
  facet normal 0 0 -1
    outer loop
      vertex -19.0237 -0.375999 0
      vertex -1.60748 -19.467 0
      vertex -1.76336 -19.5729 0
    endloop
  endfacet
  facet normal -0 0 -1
    outer loop
      vertex -0.746069 19.0942 0
      vertex -19.0942 0.746069 0
      vertex -0.927051 19.1468 0
    endloop
  endfacet
  facet normal 0 0 -1
    outer loop
      vertex -19.0237 -0.375999 0
      vertex -1.76336 -19.5729 0
      vertex -1.91227 -19.6885 0
    endloop
  endfacet
  facet normal 0 0 -1
    outer loop
      vertex -19.1468 0.927051 0
      vertex -0.927051 19.1468 0
      vertex -19.0942 0.746069 0
    endloop
  endfacet
  facet normal 0 0 -1
    outer loop
      vertex -19.0237 -0.375999 0
      vertex -1.91227 -19.6885 0
      vertex -2.05364 -19.8131 0
    endloop
  endfacet
  facet normal -0 0 -1
    outer loop
      vertex -0.927051 19.1468 0
      vertex -19.1468 0.927051 0
      vertex -1.10437 19.2107 0
    endloop
  endfacet
  facet normal 0 0 -1
    outer loop
      vertex -19.0237 -0.375999 0
      vertex -2.05364 -19.8131 0
      vertex -2.18691 -19.9464 0
    endloop
  endfacet
  facet normal 0 0 -1
    outer loop
      vertex -19.2107 1.10437 0
      vertex -1.10437 19.2107 0
      vertex -19.1468 0.927051 0
    endloop
  endfacet
  facet normal 0 0 -1
    outer loop
      vertex -19.0237 -0.375999 0
      vertex -2.18691 -19.9464 0
      vertex -2.31154 -20.0877 0
    endloop
  endfacet
  facet normal -0 0 -1
    outer loop
      vertex -1.10437 19.2107 0
      vertex -19.2107 1.10437 0
      vertex -1.27734 19.2855 0
    endloop
  endfacet
  facet normal 0 0 -1
    outer loop
      vertex -19.0237 -0.375999 0
      vertex -2.31154 -20.0877 0
      vertex -2.42705 -20.2366 0
    endloop
  endfacet
  facet normal 0 0 -1
    outer loop
      vertex -19.2855 1.27734 0
      vertex -1.27734 19.2855 0
      vertex -19.2107 1.10437 0
    endloop
  endfacet
  facet normal 0 0 -1
    outer loop
      vertex -19.0237 -0.375999 0
      vertex -2.42705 -20.2366 0
      vertex -2.53298 -20.3925 0
    endloop
  endfacet
  facet normal -0 0 -1
    outer loop
      vertex -1.27734 19.2855 0
      vertex -19.2855 1.27734 0
      vertex -1.44526 19.3711 0
    endloop
  endfacet
  facet normal 0 0 -1
    outer loop
      vertex -19.0237 -0.375999 0
      vertex -2.53298 -20.3925 0
      vertex -2.62892 -20.5547 0
    endloop
  endfacet
  facet normal 0 0 -1
    outer loop
      vertex -2.31154 20.0877 0
      vertex -17.6336 24.2705 0
      vertex -2.42705 20.2366 0
    endloop
  endfacet
  facet normal 0 0 -1
    outer loop
      vertex -19.0237 -0.375999 0
      vertex -2.62892 -20.5547 0
      vertex -2.71448 -20.7227 0
    endloop
  endfacet
  facet normal 0 0 -1
    outer loop
      vertex -2.42705 20.2366 0
      vertex -17.6336 24.2705 0
      vertex -2.53298 20.3925 0
    endloop
  endfacet
  facet normal 0 0 -1
    outer loop
      vertex -19.0237 -0.375999 0
      vertex -2.71448 -20.7227 0
      vertex -2.78933 -20.8956 0
    endloop
  endfacet
  facet normal 0 0 -1
    outer loop
      vertex -2.53298 20.3925 0
      vertex -17.6336 24.2705 0
      vertex -2.62892 20.5547 0
    endloop
  endfacet
  facet normal 0 0 -1
    outer loop
      vertex -19.0237 -0.375999 0
      vertex -2.78933 -20.8956 0
      vertex -2.85317 -21.0729 0
    endloop
  endfacet
  facet normal 0 0 -1
    outer loop
      vertex -2.62892 20.5547 0
      vertex -17.6336 24.2705 0
      vertex -2.71448 20.7227 0
    endloop
  endfacet
  facet normal 0 0 -1
    outer loop
      vertex -19.0237 -0.375999 0
      vertex -2.85317 -21.0729 0
      vertex -2.90575 -21.2539 0
    endloop
  endfacet
  facet normal 0 0 -1
    outer loop
      vertex -2.71448 20.7227 0
      vertex -17.6336 24.2705 0
      vertex -2.78933 20.8956 0
    endloop
  endfacet
  facet normal 0 0 -1
    outer loop
      vertex -19.0237 -0.375999 0
      vertex -2.90575 -21.2539 0
      vertex -2.94686 -21.4379 0
    endloop
  endfacet
  facet normal 0 -0 -1
    outer loop
      vertex -16.0748 25.3298 0
      vertex -2.78933 20.8956 0
      vertex -17.6336 24.2705 0
    endloop
  endfacet
  facet normal 0 0 -1
    outer loop
      vertex -19.0237 -0.375999 0
      vertex -2.94686 -21.4379 0
      vertex -2.97634 -21.624 0
    endloop
  endfacet
  facet normal 0 0 -1
    outer loop
      vertex -2.78933 20.8956 0
      vertex -16.0748 25.3298 0
      vertex -2.85317 21.0729 0
    endloop
  endfacet
  facet normal 0 0 -1
    outer loop
      vertex -19.0237 -0.375999 0
      vertex -2.97634 -21.624 0
      vertex -2.99408 -21.8116 0
    endloop
  endfacet
  facet normal 0 -0 -1
    outer loop
      vertex -14.4526 26.2892 0
      vertex -2.85317 21.0729 0
      vertex -16.0748 25.3298 0
    endloop
  endfacet
  facet normal 0 0 -1
    outer loop
      vertex -19.0237 -0.375999 0
      vertex -2.99408 -21.8116 0
      vertex -3 -22 0
    endloop
  endfacet
  facet normal 0 0 -1
    outer loop
      vertex -2.85317 21.0729 0
      vertex -14.4526 26.2892 0
      vertex -2.90575 21.2539 0
    endloop
  endfacet
  facet normal 0 0 -1
    outer loop
      vertex 2.94686 22.5621 0
      vertex 9.27051 28.5317 0
      vertex 2.97634 22.376 0
    endloop
  endfacet
  facet normal 0 0 -1
    outer loop
      vertex 2.90575 22.7461 0
      vertex 9.27051 28.5317 0
      vertex 2.94686 22.5621 0
    endloop
  endfacet
  facet normal 0 0 -1
    outer loop
      vertex 2.85317 22.9271 0
      vertex 9.27051 28.5317 0
      vertex 2.90575 22.7461 0
    endloop
  endfacet
  facet normal -0 0 -1
    outer loop
      vertex 9.27051 28.5317 0
      vertex 2.85317 22.9271 0
      vertex 7.4607 29.0575 0
    endloop
  endfacet
  facet normal 0 0 -1
    outer loop
      vertex 2.78933 23.1044 0
      vertex 7.4607 29.0575 0
      vertex 2.85317 22.9271 0
    endloop
  endfacet
  facet normal 0 0 -1
    outer loop
      vertex 2.71448 23.2773 0
      vertex 7.4607 29.0575 0
      vertex 2.78933 23.1044 0
    endloop
  endfacet
  facet normal 0 0 -1
    outer loop
      vertex 2.62892 23.4453 0
      vertex 7.4607 29.0575 0
      vertex 2.71448 23.2773 0
    endloop
  endfacet
  facet normal 0 0 -1
    outer loop
      vertex 2.53298 23.6075 0
      vertex 7.4607 29.0575 0
      vertex 2.62892 23.4453 0
    endloop
  endfacet
  facet normal -0 0 -1
    outer loop
      vertex 7.4607 29.0575 0
      vertex 2.53298 23.6075 0
      vertex 5.62144 29.4686 0
    endloop
  endfacet
  facet normal 0 0 -1
    outer loop
      vertex 2.42705 23.7634 0
      vertex 5.62144 29.4686 0
      vertex 2.53298 23.6075 0
    endloop
  endfacet
  facet normal 0 0 -1
    outer loop
      vertex 2.31154 23.9123 0
      vertex 5.62144 29.4686 0
      vertex 2.42705 23.7634 0
    endloop
  endfacet
  facet normal 0 0 -1
    outer loop
      vertex 2.18691 24.0536 0
      vertex 5.62144 29.4686 0
      vertex 2.31154 23.9123 0
    endloop
  endfacet
  facet normal 0 0 -1
    outer loop
      vertex 2.05364 24.1869 0
      vertex 5.62144 29.4686 0
      vertex 2.18691 24.0536 0
    endloop
  endfacet
  facet normal -0 0 -1
    outer loop
      vertex 5.62144 29.4686 0
      vertex 2.05364 24.1869 0
      vertex 3.76 29.7634 0
    endloop
  endfacet
  facet normal 0 0 -1
    outer loop
      vertex 1.91227 24.3115 0
      vertex 3.76 29.7634 0
      vertex 2.05364 24.1869 0
    endloop
  endfacet
  facet normal 0 0 -1
    outer loop
      vertex 1.76336 24.4271 0
      vertex 3.76 29.7634 0
      vertex 1.91227 24.3115 0
    endloop
  endfacet
  facet normal 0 0 -1
    outer loop
      vertex 1.60748 24.533 0
      vertex 3.76 29.7634 0
      vertex 1.76336 24.4271 0
    endloop
  endfacet
  facet normal 0 0 -1
    outer loop
      vertex 1.44526 24.6289 0
      vertex 3.76 29.7634 0
      vertex 1.60748 24.533 0
    endloop
  endfacet
  facet normal 0 0 -1
    outer loop
      vertex 1.27734 24.7145 0
      vertex 3.76 29.7634 0
      vertex 1.44526 24.6289 0
    endloop
  endfacet
  facet normal -0 0 -1
    outer loop
      vertex 3.76 29.7634 0
      vertex 1.27734 24.7145 0
      vertex 1.88371 29.9408 0
    endloop
  endfacet
  facet normal 0 0 -1
    outer loop
      vertex 1.10437 24.7893 0
      vertex 1.88371 29.9408 0
      vertex 1.27734 24.7145 0
    endloop
  endfacet
  facet normal 0 0 -1
    outer loop
      vertex 0.927051 24.8532 0
      vertex 1.88371 29.9408 0
      vertex 1.10437 24.7893 0
    endloop
  endfacet
  facet normal 0 0 -1
    outer loop
      vertex 0.746069 24.9058 0
      vertex 1.88371 29.9408 0
      vertex 0.927051 24.8532 0
    endloop
  endfacet
  facet normal 0 0 -1
    outer loop
      vertex 0.562143 24.9469 0
      vertex 1.88371 29.9408 0
      vertex 0.746069 24.9058 0
    endloop
  endfacet
  facet normal 0 0 -1
    outer loop
      vertex 0.375999 24.9763 0
      vertex 1.88371 29.9408 0
      vertex 0.562143 24.9469 0
    endloop
  endfacet
  facet normal 0 0 -1
    outer loop
      vertex 0 30 0
      vertex 0.375999 24.9763 0
      vertex 0.188371 24.9941 0
    endloop
  endfacet
  facet normal 0 0 -1
    outer loop
      vertex 0 30 0
      vertex 0.188371 24.9941 0
      vertex 0 25 0
    endloop
  endfacet
  facet normal 0 0 -1
    outer loop
      vertex 0.375999 24.9763 0
      vertex 0 30 0
      vertex 1.88371 29.9408 0
    endloop
  endfacet
  facet normal 0 0 -1
    outer loop
      vertex -0.188371 24.9941 0
      vertex 0 30 0
      vertex 0 25 0
    endloop
  endfacet
  facet normal 0 0 -1
    outer loop
      vertex -0.375999 24.9763 0
      vertex 0 30 0
      vertex -0.188371 24.9941 0
    endloop
  endfacet
  facet normal 0 0 -1
    outer loop
      vertex -0.562143 24.9469 0
      vertex 0 30 0
      vertex -0.375999 24.9763 0
    endloop
  endfacet
  facet normal 0 0 -1
    outer loop
      vertex -1.88371 29.9408 0
      vertex -0.562143 24.9469 0
      vertex -0.746069 24.9058 0
    endloop
  endfacet
  facet normal 0 0 -1
    outer loop
      vertex -1.88371 29.9408 0
      vertex -0.746069 24.9058 0
      vertex -0.927051 24.8532 0
    endloop
  endfacet
  facet normal 0 0 -1
    outer loop
      vertex -1.88371 29.9408 0
      vertex -0.927051 24.8532 0
      vertex -1.10437 24.7893 0
    endloop
  endfacet
  facet normal 0 0 -1
    outer loop
      vertex -1.88371 29.9408 0
      vertex -1.10437 24.7893 0
      vertex -1.27734 24.7145 0
    endloop
  endfacet
  facet normal 0 0 -1
    outer loop
      vertex -3.76 29.7634 0
      vertex -1.27734 24.7145 0
      vertex -1.44526 24.6289 0
    endloop
  endfacet
  facet normal 0 0 -1
    outer loop
      vertex -3.76 29.7634 0
      vertex -1.44526 24.6289 0
      vertex -1.60748 24.533 0
    endloop
  endfacet
  facet normal 0 0 -1
    outer loop
      vertex -3.76 29.7634 0
      vertex -1.60748 24.533 0
      vertex -1.76336 24.4271 0
    endloop
  endfacet
  facet normal 0 0 -1
    outer loop
      vertex -0.562143 24.9469 0
      vertex -1.88371 29.9408 0
      vertex 0 30 0
    endloop
  endfacet
  facet normal 0 0 -1
    outer loop
      vertex -3.76 29.7634 0
      vertex -1.76336 24.4271 0
      vertex -1.91227 24.3115 0
    endloop
  endfacet
  facet normal 0 0 -1
    outer loop
      vertex -3.76 29.7634 0
      vertex -1.91227 24.3115 0
      vertex -2.05364 24.1869 0
    endloop
  endfacet
  facet normal 0 0 -1
    outer loop
      vertex -5.62144 29.4686 0
      vertex -2.05364 24.1869 0
      vertex -2.18691 24.0536 0
    endloop
  endfacet
  facet normal 0 0 -1
    outer loop
      vertex -5.62144 29.4686 0
      vertex -2.18691 24.0536 0
      vertex -2.31154 23.9123 0
    endloop
  endfacet
  facet normal 0 0 -1
    outer loop
      vertex -5.62144 29.4686 0
      vertex -2.31154 23.9123 0
      vertex -2.42705 23.7634 0
    endloop
  endfacet
  facet normal 0 0 -1
    outer loop
      vertex -5.62144 29.4686 0
      vertex -2.42705 23.7634 0
      vertex -2.53298 23.6075 0
    endloop
  endfacet
  facet normal 0 0 -1
    outer loop
      vertex -7.4607 29.0575 0
      vertex -2.53298 23.6075 0
      vertex -2.62892 23.4453 0
    endloop
  endfacet
  facet normal 0 0 -1
    outer loop
      vertex -7.4607 29.0575 0
      vertex -2.62892 23.4453 0
      vertex -2.71448 23.2773 0
    endloop
  endfacet
  facet normal 0 0 -1
    outer loop
      vertex -7.4607 29.0575 0
      vertex -2.71448 23.2773 0
      vertex -2.78933 23.1044 0
    endloop
  endfacet
  facet normal 0 0 -1
    outer loop
      vertex -7.4607 29.0575 0
      vertex -2.78933 23.1044 0
      vertex -2.85317 22.9271 0
    endloop
  endfacet
  facet normal 0 0 -1
    outer loop
      vertex -9.27051 28.5317 0
      vertex -2.85317 22.9271 0
      vertex -2.90575 22.7461 0
    endloop
  endfacet
  facet normal 0 0 -1
    outer loop
      vertex -9.27051 28.5317 0
      vertex -2.90575 22.7461 0
      vertex -2.94686 22.5621 0
    endloop
  endfacet
  facet normal 0 0 -1
    outer loop
      vertex -9.27051 28.5317 0
      vertex -2.94686 22.5621 0
      vertex -2.97634 22.376 0
    endloop
  endfacet
  facet normal 0 0 -1
    outer loop
      vertex -1.27734 24.7145 0
      vertex -3.76 29.7634 0
      vertex -1.88371 29.9408 0
    endloop
  endfacet
  facet normal 0 0 -1
    outer loop
      vertex -11.0437 27.8933 0
      vertex -2.97634 22.376 0
      vertex -2.99408 22.1884 0
    endloop
  endfacet
  facet normal 0 0 -1
    outer loop
      vertex -11.0437 27.8933 0
      vertex -2.99408 22.1884 0
      vertex -3 22 0
    endloop
  endfacet
  facet normal 0 0 -1
    outer loop
      vertex -0.375999 -19.0237 0
      vertex -19.0237 -0.375999 0
      vertex -19.0059 -0.188371 0
    endloop
  endfacet
  facet normal 0 0 -1
    outer loop
      vertex -19.2855 -1.27734 0
      vertex -3.76 -29.7634 0
      vertex -5.62144 -29.4686 0
    endloop
  endfacet
  facet normal 0 -0 -1
    outer loop
      vertex -12.7734 27.1448 0
      vertex -2.94686 21.4379 0
      vertex -14.4526 26.2892 0
    endloop
  endfacet
  facet normal 0 0 -1
    outer loop
      vertex -19.3711 -1.44526 0
      vertex -5.62144 -29.4686 0
      vertex -7.4607 -29.0575 0
    endloop
  endfacet
  facet normal 0 0 -1
    outer loop
      vertex -2.05364 24.1869 0
      vertex -5.62144 29.4686 0
      vertex -3.76 29.7634 0
    endloop
  endfacet
  facet normal 0 0 -1
    outer loop
      vertex -19.3711 -1.44526 0
      vertex -7.4607 -29.0575 0
      vertex -9.27051 -28.5317 0
    endloop
  endfacet
  facet normal 0 0 -1
    outer loop
      vertex -2.53298 23.6075 0
      vertex -7.4607 29.0575 0
      vertex -5.62144 29.4686 0
    endloop
  endfacet
  facet normal 0 0 -1
    outer loop
      vertex -19.467 -1.60748 0
      vertex -9.27051 -28.5317 0
      vertex -11.0437 -27.8933 0
    endloop
  endfacet
  facet normal 0 0 -1
    outer loop
      vertex -2.85317 22.9271 0
      vertex -9.27051 28.5317 0
      vertex -7.4607 29.0575 0
    endloop
  endfacet
  facet normal 0 0 -1
    outer loop
      vertex -19.467 -1.60748 0
      vertex -11.0437 -27.8933 0
      vertex -12.7734 -27.1448 0
    endloop
  endfacet
  facet normal 0 0 -1
    outer loop
      vertex -2.97634 22.376 0
      vertex -11.0437 27.8933 0
      vertex -9.27051 28.5317 0
    endloop
  endfacet
  facet normal 0 0 -1
    outer loop
      vertex -19.5729 -1.76336 0
      vertex -12.7734 -27.1448 0
      vertex -14.4526 -26.2892 0
    endloop
  endfacet
  facet normal 0 0 -1
    outer loop
      vertex -3 22 0
      vertex -12.7734 27.1448 0
      vertex -11.0437 27.8933 0
    endloop
  endfacet
  facet normal 0 0 -1
    outer loop
      vertex -19.6885 -1.91227 0
      vertex -14.4526 -26.2892 0
      vertex -16.0748 -25.3298 0
    endloop
  endfacet
  facet normal 0 0 -1
    outer loop
      vertex -2.99408 21.8116 0
      vertex -12.7734 27.1448 0
      vertex -3 22 0
    endloop
  endfacet
  facet normal 0 0 -1
    outer loop
      vertex -19.6885 -1.91227 0
      vertex -16.0748 -25.3298 0
      vertex -17.6336 -24.2705 0
    endloop
  endfacet
  facet normal 0 0 -1
    outer loop
      vertex -2.97634 21.624 0
      vertex -12.7734 27.1448 0
      vertex -2.99408 21.8116 0
    endloop
  endfacet
  facet normal 0 0 -1
    outer loop
      vertex -2.94686 21.4379 0
      vertex -12.7734 27.1448 0
      vertex -2.97634 21.624 0
    endloop
  endfacet
  facet normal 0 0 -1
    outer loop
      vertex -2.90575 21.2539 0
      vertex -14.4526 26.2892 0
      vertex -2.94686 21.4379 0
    endloop
  endfacet
  facet normal 0 0 -1
    outer loop
      vertex -0.188371 -19.0059 0
      vertex -19.0059 -0.188371 0
      vertex -19 0 0
    endloop
  endfacet
  facet normal 0 0 -1
    outer loop
      vertex -3.76 -29.7634 0
      vertex -19.0531 -0.562143 0
      vertex -19.0237 -0.375999 0
    endloop
  endfacet
  facet normal 0 0 -1
    outer loop
      vertex -3.76 -29.7634 0
      vertex -19.0942 -0.746069 0
      vertex -19.0531 -0.562143 0
    endloop
  endfacet
  facet normal 0 0 -1
    outer loop
      vertex -19.8131 -2.05364 0
      vertex -17.6336 -24.2705 0
      vertex -19.1227 -23.1154 0
    endloop
  endfacet
  facet normal 0 0 -1
    outer loop
      vertex -3.76 -29.7634 0
      vertex -19.1468 -0.927051 0
      vertex -19.0942 -0.746069 0
    endloop
  endfacet
  facet normal 0 0 -1
    outer loop
      vertex -3.76 -29.7634 0
      vertex -19.2107 -1.10437 0
      vertex -19.1468 -0.927051 0
    endloop
  endfacet
  facet normal 0 0 -1
    outer loop
      vertex -3.76 -29.7634 0
      vertex -19.2855 -1.27734 0
      vertex -19.2107 -1.10437 0
    endloop
  endfacet
  facet normal 0 0 -1
    outer loop
      vertex -5.62144 -29.4686 0
      vertex -19.3711 -1.44526 0
      vertex -19.2855 -1.27734 0
    endloop
  endfacet
  facet normal 0 0 -1
    outer loop
      vertex -9.27051 -28.5317 0
      vertex -19.467 -1.60748 0
      vertex -19.3711 -1.44526 0
    endloop
  endfacet
  facet normal 0 0 -1
    outer loop
      vertex -12.7734 -27.1448 0
      vertex -19.5729 -1.76336 0
      vertex -19.467 -1.60748 0
    endloop
  endfacet
  facet normal 0 0 -1
    outer loop
      vertex -14.4526 -26.2892 0
      vertex -19.6885 -1.91227 0
      vertex -19.5729 -1.76336 0
    endloop
  endfacet
  facet normal 0 0 -1
    outer loop
      vertex -17.6336 -24.2705 0
      vertex -19.8131 -2.05364 0
      vertex -19.6885 -1.91227 0
    endloop
  endfacet
  facet normal 0 0 -1
    outer loop
      vertex -19.1227 -23.1154 0
      vertex -19.9464 -2.18691 0
      vertex -19.8131 -2.05364 0
    endloop
  endfacet
  facet normal 0 0 -1
    outer loop
      vertex -20.5364 -21.8691 0
      vertex -19.9464 -2.18691 0
      vertex -19.1227 -23.1154 0
    endloop
  endfacet
  facet normal 0 0 -1
    outer loop
      vertex -19.9464 -2.18691 0
      vertex -20.5364 -21.8691 0
      vertex -20.0877 -2.31154 0
    endloop
  endfacet
  facet normal 0 0 -1
    outer loop
      vertex -21.8691 -20.5364 0
      vertex -20.0877 -2.31154 0
      vertex -20.5364 -21.8691 0
    endloop
  endfacet
  facet normal 0 0 -1
    outer loop
      vertex -20.0877 -2.31154 0
      vertex -21.8691 -20.5364 0
      vertex -20.2366 -2.42705 0
    endloop
  endfacet
  facet normal 0 0 -1
    outer loop
      vertex -20.2366 -2.42705 0
      vertex -21.8691 -20.5364 0
      vertex -20.3925 -2.53298 0
    endloop
  endfacet
  facet normal 0 0 -1
    outer loop
      vertex -23.1154 -19.1227 0
      vertex -20.3925 -2.53298 0
      vertex -21.8691 -20.5364 0
    endloop
  endfacet
  facet normal 0 0 -1
    outer loop
      vertex -20.3925 -2.53298 0
      vertex -23.1154 -19.1227 0
      vertex -20.5547 -2.62892 0
    endloop
  endfacet
  facet normal 0 0 -1
    outer loop
      vertex -24.2705 -17.6336 0
      vertex -20.5547 -2.62892 0
      vertex -23.1154 -19.1227 0
    endloop
  endfacet
  facet normal 0 0 -1
    outer loop
      vertex -20.5547 -2.62892 0
      vertex -24.2705 -17.6336 0
      vertex -20.7227 -2.71448 0
    endloop
  endfacet
  facet normal 0 0 -1
    outer loop
      vertex -20.7227 -2.71448 0
      vertex -24.2705 -17.6336 0
      vertex -20.8956 -2.78933 0
    endloop
  endfacet
  facet normal 0 0 -1
    outer loop
      vertex -25.3298 -16.0748 0
      vertex -20.8956 -2.78933 0
      vertex -24.2705 -17.6336 0
    endloop
  endfacet
  facet normal 0 0 -1
    outer loop
      vertex -20.8956 -2.78933 0
      vertex -25.3298 -16.0748 0
      vertex -21.0729 -2.85317 0
    endloop
  endfacet
  facet normal 0 0 -1
    outer loop
      vertex -26.2892 -14.4526 0
      vertex -21.0729 -2.85317 0
      vertex -25.3298 -16.0748 0
    endloop
  endfacet
  facet normal 0 0 -1
    outer loop
      vertex -21.0729 -2.85317 0
      vertex -26.2892 -14.4526 0
      vertex -21.2539 -2.90575 0
    endloop
  endfacet
  facet normal 0 0 -1
    outer loop
      vertex -21.2539 -2.90575 0
      vertex -26.2892 -14.4526 0
      vertex -21.4379 -2.94686 0
    endloop
  endfacet
  facet normal 0 0 -1
    outer loop
      vertex -27.1448 -12.7734 0
      vertex -21.4379 -2.94686 0
      vertex -26.2892 -14.4526 0
    endloop
  endfacet
  facet normal 0 0 -1
    outer loop
      vertex -21.4379 -2.94686 0
      vertex -27.1448 -12.7734 0
      vertex -21.624 -2.97634 0
    endloop
  endfacet
  facet normal 0 0 -1
    outer loop
      vertex -21.624 -2.97634 0
      vertex -27.1448 -12.7734 0
      vertex -21.8116 -2.99408 0
    endloop
  endfacet
  facet normal 0 0 -1
    outer loop
      vertex -21.8116 -2.99408 0
      vertex -27.1448 -12.7734 0
      vertex -22 -3 0
    endloop
  endfacet
  facet normal 0 0 -1
    outer loop
      vertex -27.8933 -11.0437 0
      vertex -22 -3 0
      vertex -27.1448 -12.7734 0
    endloop
  endfacet
  facet normal -0 0 -1
    outer loop
      vertex -22 -3 0
      vertex -27.8933 -11.0437 0
      vertex -22.1884 -2.99408 0
    endloop
  endfacet
  facet normal -0 0 -1
    outer loop
      vertex -22.1884 -2.99408 0
      vertex -27.8933 -11.0437 0
      vertex -22.376 -2.97634 0
    endloop
  endfacet
  facet normal 0 0 -1
    outer loop
      vertex -28.5317 -9.27051 0
      vertex -22.376 -2.97634 0
      vertex -27.8933 -11.0437 0
    endloop
  endfacet
  facet normal -0 0 -1
    outer loop
      vertex -22.376 -2.97634 0
      vertex -28.5317 -9.27051 0
      vertex -22.5621 -2.94686 0
    endloop
  endfacet
  facet normal -0 0 -1
    outer loop
      vertex -22.5621 -2.94686 0
      vertex -28.5317 -9.27051 0
      vertex -22.7461 -2.90575 0
    endloop
  endfacet
  facet normal -0 0 -1
    outer loop
      vertex -22.7461 -2.90575 0
      vertex -28.5317 -9.27051 0
      vertex -22.9271 -2.85317 0
    endloop
  endfacet
  facet normal 0 0 -1
    outer loop
      vertex -29.0575 -7.4607 0
      vertex -22.9271 -2.85317 0
      vertex -28.5317 -9.27051 0
    endloop
  endfacet
  facet normal -0 0 -1
    outer loop
      vertex -22.9271 -2.85317 0
      vertex -29.0575 -7.4607 0
      vertex -23.1044 -2.78933 0
    endloop
  endfacet
  facet normal -0 0 -1
    outer loop
      vertex -23.1044 -2.78933 0
      vertex -29.0575 -7.4607 0
      vertex -23.2773 -2.71448 0
    endloop
  endfacet
  facet normal -0 0 -1
    outer loop
      vertex -23.2773 -2.71448 0
      vertex -29.0575 -7.4607 0
      vertex -23.4453 -2.62892 0
    endloop
  endfacet
  facet normal -0 0 -1
    outer loop
      vertex -23.4453 -2.62892 0
      vertex -29.0575 -7.4607 0
      vertex -23.6075 -2.53298 0
    endloop
  endfacet
  facet normal 0 0 -1
    outer loop
      vertex -29.4686 -5.62144 0
      vertex -23.6075 -2.53298 0
      vertex -29.0575 -7.4607 0
    endloop
  endfacet
  facet normal -0 0 -1
    outer loop
      vertex -23.6075 -2.53298 0
      vertex -29.4686 -5.62144 0
      vertex -23.7634 -2.42705 0
    endloop
  endfacet
  facet normal -0 0 -1
    outer loop
      vertex -23.7634 -2.42705 0
      vertex -29.4686 -5.62144 0
      vertex -23.9123 -2.31154 0
    endloop
  endfacet
  facet normal -0 0 -1
    outer loop
      vertex -23.9123 -2.31154 0
      vertex -29.4686 -5.62144 0
      vertex -24.0536 -2.18691 0
    endloop
  endfacet
  facet normal -0 0 -1
    outer loop
      vertex -24.0536 -2.18691 0
      vertex -29.4686 -5.62144 0
      vertex -24.1869 -2.05364 0
    endloop
  endfacet
  facet normal 0 0 -1
    outer loop
      vertex -29.7634 -3.76 0
      vertex -24.1869 -2.05364 0
      vertex -29.4686 -5.62144 0
    endloop
  endfacet
  facet normal -0 0 -1
    outer loop
      vertex -24.1869 -2.05364 0
      vertex -29.7634 -3.76 0
      vertex -24.3115 -1.91227 0
    endloop
  endfacet
  facet normal -0 0 -1
    outer loop
      vertex -24.3115 -1.91227 0
      vertex -29.7634 -3.76 0
      vertex -24.4271 -1.76336 0
    endloop
  endfacet
  facet normal -0 0 -1
    outer loop
      vertex -24.4271 -1.76336 0
      vertex -29.7634 -3.76 0
      vertex -24.533 -1.60748 0
    endloop
  endfacet
  facet normal -0 0 -1
    outer loop
      vertex -24.6289 -1.44526 0
      vertex -29.7634 -3.76 0
      vertex -24.7145 -1.27734 0
    endloop
  endfacet
  facet normal -0 0 -1
    outer loop
      vertex -24.533 -1.60748 0
      vertex -29.7634 -3.76 0
      vertex -24.6289 -1.44526 0
    endloop
  endfacet
  facet normal 0 0 -1
    outer loop
      vertex 24.9763 -0.375999 0
      vertex 30 0 0
      vertex 29.9408 -1.88371 0
    endloop
  endfacet
  facet normal 0 0 -1
    outer loop
      vertex 24.7145 -1.27734 0
      vertex 29.9408 -1.88371 0
      vertex 29.7634 -3.76 0
    endloop
  endfacet
  facet normal 0 0 -1
    outer loop
      vertex 30 0 0
      vertex 24.9763 -0.375999 0
      vertex 24.9941 -0.188371 0
    endloop
  endfacet
  facet normal 0 0 -1
    outer loop
      vertex 24.1869 -2.05364 0
      vertex 29.7634 -3.76 0
      vertex 29.4686 -5.62144 0
    endloop
  endfacet
  facet normal -0 0 -1
    outer loop
      vertex 30 0 0
      vertex 24.9941 -0.188371 0
      vertex 25 0 0
    endloop
  endfacet
  facet normal 0 0 -1
    outer loop
      vertex 23.6075 -2.53298 0
      vertex 29.4686 -5.62144 0
      vertex 29.0575 -7.4607 0
    endloop
  endfacet
  facet normal 0 0 -1
    outer loop
      vertex 24.9763 0.375999 0
      vertex 30 0 0
      vertex 24.9941 0.188371 0
    endloop
  endfacet
  facet normal 0 0 -1
    outer loop
      vertex 22.9271 -2.85317 0
      vertex 29.0575 -7.4607 0
      vertex 28.5317 -9.27051 0
    endloop
  endfacet
  facet normal 0 0 -1
    outer loop
      vertex 30 0 0
      vertex 24.9763 0.375999 0
      vertex 29.9408 1.88371 0
    endloop
  endfacet
  facet normal 0 0 -1
    outer loop
      vertex 22.376 -2.97634 0
      vertex 28.5317 -9.27051 0
      vertex 27.8933 -11.0437 0
    endloop
  endfacet
  facet normal 0 0 -1
    outer loop
      vertex 24.9469 0.562143 0
      vertex 29.9408 1.88371 0
      vertex 24.9763 0.375999 0
    endloop
  endfacet
  facet normal 0 0 -1
    outer loop
      vertex 22 -3 0
      vertex 27.8933 -11.0437 0
      vertex 27.1448 -12.7734 0
    endloop
  endfacet
  facet normal 0 0 -1
    outer loop
      vertex 24.9058 0.746069 0
      vertex 29.9408 1.88371 0
      vertex 24.9469 0.562143 0
    endloop
  endfacet
  facet normal 0 0 -1
    outer loop
      vertex 21.4379 -2.94686 0
      vertex 27.1448 -12.7734 0
      vertex 26.2892 -14.4526 0
    endloop
  endfacet
  facet normal 0 0 -1
    outer loop
      vertex 24.8532 0.927051 0
      vertex 29.9408 1.88371 0
      vertex 24.9058 0.746069 0
    endloop
  endfacet
  facet normal 0 0 -1
    outer loop
      vertex 21.0729 -2.85317 0
      vertex 26.2892 -14.4526 0
      vertex 25.3298 -16.0748 0
    endloop
  endfacet
  facet normal 0 0 -1
    outer loop
      vertex 24.7145 1.27734 0
      vertex 29.9408 1.88371 0
      vertex 24.7893 1.10437 0
    endloop
  endfacet
  facet normal -0 0 -1
    outer loop
      vertex 29.9408 1.88371 0
      vertex 24.7145 1.27734 0
      vertex 29.7634 3.76 0
    endloop
  endfacet
  facet normal 0 0 -1
    outer loop
      vertex 24.7893 1.10437 0
      vertex 29.9408 1.88371 0
      vertex 24.8532 0.927051 0
    endloop
  endfacet
  facet normal 0 0 -1
    outer loop
      vertex 24.9941 0.188371 0
      vertex 30 0 0
      vertex 25 0 0
    endloop
  endfacet
  facet normal 0 0 -1
    outer loop
      vertex 29.9408 -1.88371 0
      vertex 24.9469 -0.562143 0
      vertex 24.9763 -0.375999 0
    endloop
  endfacet
  facet normal 0 0 -1
    outer loop
      vertex 29.9408 -1.88371 0
      vertex 24.9058 -0.746069 0
      vertex 24.9469 -0.562143 0
    endloop
  endfacet
  facet normal 0 0 -1
    outer loop
      vertex 29.9408 -1.88371 0
      vertex 24.8532 -0.927051 0
      vertex 24.9058 -0.746069 0
    endloop
  endfacet
  facet normal 0 0 -1
    outer loop
      vertex 29.9408 -1.88371 0
      vertex 24.7893 -1.10437 0
      vertex 24.8532 -0.927051 0
    endloop
  endfacet
  facet normal 0 0 -1
    outer loop
      vertex 29.9408 -1.88371 0
      vertex 24.7145 -1.27734 0
      vertex 24.7893 -1.10437 0
    endloop
  endfacet
  facet normal 0 0 -1
    outer loop
      vertex 29.7634 -3.76 0
      vertex 24.6289 -1.44526 0
      vertex 24.7145 -1.27734 0
    endloop
  endfacet
  facet normal 0 0 -1
    outer loop
      vertex 29.7634 -3.76 0
      vertex 24.533 -1.60748 0
      vertex 24.6289 -1.44526 0
    endloop
  endfacet
  facet normal 0 0 -1
    outer loop
      vertex 29.7634 -3.76 0
      vertex 24.4271 -1.76336 0
      vertex 24.533 -1.60748 0
    endloop
  endfacet
  facet normal 0 0 -1
    outer loop
      vertex 29.7634 -3.76 0
      vertex 24.3115 -1.91227 0
      vertex 24.4271 -1.76336 0
    endloop
  endfacet
  facet normal 0 0 -1
    outer loop
      vertex 20.8956 -2.78933 0
      vertex 25.3298 -16.0748 0
      vertex 24.2705 -17.6336 0
    endloop
  endfacet
  facet normal 0 0 -1
    outer loop
      vertex 29.7634 -3.76 0
      vertex 24.1869 -2.05364 0
      vertex 24.3115 -1.91227 0
    endloop
  endfacet
  facet normal 0 0 -1
    outer loop
      vertex 29.4686 -5.62144 0
      vertex 24.0536 -2.18691 0
      vertex 24.1869 -2.05364 0
    endloop
  endfacet
  facet normal 0 0 -1
    outer loop
      vertex 29.4686 -5.62144 0
      vertex 23.9123 -2.31154 0
      vertex 24.0536 -2.18691 0
    endloop
  endfacet
  facet normal 0 0 -1
    outer loop
      vertex 29.4686 -5.62144 0
      vertex 23.7634 -2.42705 0
      vertex 23.9123 -2.31154 0
    endloop
  endfacet
  facet normal 0 0 -1
    outer loop
      vertex 29.4686 -5.62144 0
      vertex 23.6075 -2.53298 0
      vertex 23.7634 -2.42705 0
    endloop
  endfacet
  facet normal 0 0 -1
    outer loop
      vertex 29.0575 -7.4607 0
      vertex 23.4453 -2.62892 0
      vertex 23.6075 -2.53298 0
    endloop
  endfacet
  facet normal 0 0 -1
    outer loop
      vertex 29.0575 -7.4607 0
      vertex 23.2773 -2.71448 0
      vertex 23.4453 -2.62892 0
    endloop
  endfacet
  facet normal 0 0 -1
    outer loop
      vertex 20.5547 -2.62892 0
      vertex 24.2705 -17.6336 0
      vertex 23.1154 -19.1227 0
    endloop
  endfacet
  facet normal 0 0 -1
    outer loop
      vertex 29.0575 -7.4607 0
      vertex 23.1044 -2.78933 0
      vertex 23.2773 -2.71448 0
    endloop
  endfacet
  facet normal 0 0 -1
    outer loop
      vertex 29.0575 -7.4607 0
      vertex 22.9271 -2.85317 0
      vertex 23.1044 -2.78933 0
    endloop
  endfacet
  facet normal 0 0 -1
    outer loop
      vertex 28.5317 -9.27051 0
      vertex 22.7461 -2.90575 0
      vertex 22.9271 -2.85317 0
    endloop
  endfacet
  facet normal 0 0 -1
    outer loop
      vertex 28.5317 -9.27051 0
      vertex 22.5621 -2.94686 0
      vertex 22.7461 -2.90575 0
    endloop
  endfacet
  facet normal 0 0 -1
    outer loop
      vertex 28.5317 -9.27051 0
      vertex 22.376 -2.97634 0
      vertex 22.5621 -2.94686 0
    endloop
  endfacet
  facet normal 0 0 -1
    outer loop
      vertex 27.8933 -11.0437 0
      vertex 22.1884 -2.99408 0
      vertex 22.376 -2.97634 0
    endloop
  endfacet
  facet normal 0 0 -1
    outer loop
      vertex 27.8933 -11.0437 0
      vertex 22 -3 0
      vertex 22.1884 -2.99408 0
    endloop
  endfacet
  facet normal 0 0 -1
    outer loop
      vertex 20.3925 -2.53298 0
      vertex 23.1154 -19.1227 0
      vertex 21.8691 -20.5364 0
    endloop
  endfacet
  facet normal 0 0 -1
    outer loop
      vertex 27.1448 -12.7734 0
      vertex 21.8116 -2.99408 0
      vertex 22 -3 0
    endloop
  endfacet
  facet normal 0 0 -1
    outer loop
      vertex 27.1448 -12.7734 0
      vertex 21.624 -2.97634 0
      vertex 21.8116 -2.99408 0
    endloop
  endfacet
  facet normal 0 0 -1
    outer loop
      vertex 27.1448 -12.7734 0
      vertex 21.4379 -2.94686 0
      vertex 21.624 -2.97634 0
    endloop
  endfacet
  facet normal 0 0 -1
    outer loop
      vertex 26.2892 -14.4526 0
      vertex 21.2539 -2.90575 0
      vertex 21.4379 -2.94686 0
    endloop
  endfacet
  facet normal 0 0 -1
    outer loop
      vertex 26.2892 -14.4526 0
      vertex 21.0729 -2.85317 0
      vertex 21.2539 -2.90575 0
    endloop
  endfacet
  facet normal 0 0 -1
    outer loop
      vertex 25.3298 -16.0748 0
      vertex 20.8956 -2.78933 0
      vertex 21.0729 -2.85317 0
    endloop
  endfacet
  facet normal 0 0 -1
    outer loop
      vertex 24.2705 -17.6336 0
      vertex 20.7227 -2.71448 0
      vertex 20.8956 -2.78933 0
    endloop
  endfacet
  facet normal 0 0 -1
    outer loop
      vertex 24.2705 -17.6336 0
      vertex 20.5547 -2.62892 0
      vertex 20.7227 -2.71448 0
    endloop
  endfacet
  facet normal 0 0 -1
    outer loop
      vertex 20.0877 -2.31154 0
      vertex 21.8691 -20.5364 0
      vertex 20.5364 -21.8691 0
    endloop
  endfacet
  facet normal 0 0 -1
    outer loop
      vertex 23.1154 -19.1227 0
      vertex 20.3925 -2.53298 0
      vertex 20.5547 -2.62892 0
    endloop
  endfacet
  facet normal 0 0 -1
    outer loop
      vertex 21.8691 -20.5364 0
      vertex 20.2366 -2.42705 0
      vertex 20.3925 -2.53298 0
    endloop
  endfacet
  facet normal 0 0 -1
    outer loop
      vertex 21.8691 -20.5364 0
      vertex 20.0877 -2.31154 0
      vertex 20.2366 -2.42705 0
    endloop
  endfacet
  facet normal 0 0 -1
    outer loop
      vertex 2.85317 -21.0729 0
      vertex 14.4526 -26.2892 0
      vertex 2.90575 -21.2539 0
    endloop
  endfacet
  facet normal 0 0 -1
    outer loop
      vertex 14.4526 -26.2892 0
      vertex 2.85317 -21.0729 0
      vertex 16.0748 -25.3298 0
    endloop
  endfacet
  facet normal 0 0 -1
    outer loop
      vertex 2.78933 -20.8956 0
      vertex 16.0748 -25.3298 0
      vertex 2.85317 -21.0729 0
    endloop
  endfacet
  facet normal 0 0 -1
    outer loop
      vertex 16.0748 -25.3298 0
      vertex 2.78933 -20.8956 0
      vertex 17.6336 -24.2705 0
    endloop
  endfacet
  facet normal 0 0 -1
    outer loop
      vertex 2.71448 -20.7227 0
      vertex 17.6336 -24.2705 0
      vertex 2.78933 -20.8956 0
    endloop
  endfacet
  facet normal 0 0 -1
    outer loop
      vertex 2.62892 -20.5547 0
      vertex 17.6336 -24.2705 0
      vertex 2.71448 -20.7227 0
    endloop
  endfacet
  facet normal 0 0 -1
    outer loop
      vertex 17.6336 -24.2705 0
      vertex 2.62892 -20.5547 0
      vertex 19.1227 -23.1154 0
    endloop
  endfacet
  facet normal 0 0 -1
    outer loop
      vertex 2.53298 -20.3925 0
      vertex 19.1227 -23.1154 0
      vertex 2.62892 -20.5547 0
    endloop
  endfacet
  facet normal 0 0 -1
    outer loop
      vertex 19.1227 -23.1154 0
      vertex 2.53298 -20.3925 0
      vertex 20.5364 -21.8691 0
    endloop
  endfacet
  facet normal 0 0 -1
    outer loop
      vertex 2.90575 -21.2539 0
      vertex 14.4526 -26.2892 0
      vertex 2.94686 -21.4379 0
    endloop
  endfacet
  facet normal 0 0 -1
    outer loop
      vertex 2.42705 -20.2366 0
      vertex 20.5364 -21.8691 0
      vertex 2.53298 -20.3925 0
    endloop
  endfacet
  facet normal 0 0 -1
    outer loop
      vertex 2.31154 -20.0877 0
      vertex 20.5364 -21.8691 0
      vertex 2.42705 -20.2366 0
    endloop
  endfacet
  facet normal 0 0 -1
    outer loop
      vertex 20.5364 -21.8691 0
      vertex 2.31154 -20.0877 0
      vertex 20.0877 -2.31154 0
    endloop
  endfacet
  facet normal -0 0 -1
    outer loop
      vertex 20.0877 -2.31154 0
      vertex 2.31154 -20.0877 0
      vertex 19.9464 -2.18691 0
    endloop
  endfacet
  facet normal 0 0 -1
    outer loop
      vertex 2.18691 -19.9464 0
      vertex 19.9464 -2.18691 0
      vertex 2.31154 -20.0877 0
    endloop
  endfacet
  facet normal 0 0 -1
    outer loop
      vertex 12.7734 -27.1448 0
      vertex 2.94686 -21.4379 0
      vertex 14.4526 -26.2892 0
    endloop
  endfacet
  facet normal 0 0 -1
    outer loop
      vertex 24.6289 1.44526 0
      vertex 29.7634 3.76 0
      vertex 24.7145 1.27734 0
    endloop
  endfacet
  facet normal 0 0 -1
    outer loop
      vertex 24.533 1.60748 0
      vertex 29.7634 3.76 0
      vertex 24.6289 1.44526 0
    endloop
  endfacet
  facet normal 0 0 -1
    outer loop
      vertex 24.4271 1.76336 0
      vertex 29.7634 3.76 0
      vertex 24.533 1.60748 0
    endloop
  endfacet
  facet normal 0 0 -1
    outer loop
      vertex 24.3115 1.91227 0
      vertex 29.7634 3.76 0
      vertex 24.4271 1.76336 0
    endloop
  endfacet
  facet normal 0 0 -1
    outer loop
      vertex 24.1869 2.05364 0
      vertex 29.7634 3.76 0
      vertex 24.3115 1.91227 0
    endloop
  endfacet
  facet normal -0 0 -1
    outer loop
      vertex 29.7634 3.76 0
      vertex 24.1869 2.05364 0
      vertex 29.4686 5.62144 0
    endloop
  endfacet
  facet normal 0 0 -1
    outer loop
      vertex 24.0536 2.18691 0
      vertex 29.4686 5.62144 0
      vertex 24.1869 2.05364 0
    endloop
  endfacet
  facet normal 0 0 -1
    outer loop
      vertex 23.9123 2.31154 0
      vertex 29.4686 5.62144 0
      vertex 24.0536 2.18691 0
    endloop
  endfacet
  facet normal 0 0 -1
    outer loop
      vertex 23.7634 2.42705 0
      vertex 29.4686 5.62144 0
      vertex 23.9123 2.31154 0
    endloop
  endfacet
  facet normal 0 0 -1
    outer loop
      vertex 23.6075 2.53298 0
      vertex 29.4686 5.62144 0
      vertex 23.7634 2.42705 0
    endloop
  endfacet
  facet normal -0 0 -1
    outer loop
      vertex 29.4686 5.62144 0
      vertex 23.6075 2.53298 0
      vertex 29.0575 7.4607 0
    endloop
  endfacet
  facet normal 0 0 -1
    outer loop
      vertex 23.4453 2.62892 0
      vertex 29.0575 7.4607 0
      vertex 23.6075 2.53298 0
    endloop
  endfacet
  facet normal 0 0 -1
    outer loop
      vertex 23.2773 2.71448 0
      vertex 29.0575 7.4607 0
      vertex 23.4453 2.62892 0
    endloop
  endfacet
  facet normal 0 0 -1
    outer loop
      vertex 23.1044 2.78933 0
      vertex 29.0575 7.4607 0
      vertex 23.2773 2.71448 0
    endloop
  endfacet
  facet normal 0 0 -1
    outer loop
      vertex 22.9271 2.85317 0
      vertex 29.0575 7.4607 0
      vertex 23.1044 2.78933 0
    endloop
  endfacet
  facet normal -0 0 -1
    outer loop
      vertex 29.0575 7.4607 0
      vertex 22.9271 2.85317 0
      vertex 28.5317 9.27051 0
    endloop
  endfacet
  facet normal 0 0 -1
    outer loop
      vertex 22.7461 2.90575 0
      vertex 28.5317 9.27051 0
      vertex 22.9271 2.85317 0
    endloop
  endfacet
  facet normal 0 0 -1
    outer loop
      vertex 22.5621 2.94686 0
      vertex 28.5317 9.27051 0
      vertex 22.7461 2.90575 0
    endloop
  endfacet
  facet normal 0 0 -1
    outer loop
      vertex 22.376 2.97634 0
      vertex 28.5317 9.27051 0
      vertex 22.5621 2.94686 0
    endloop
  endfacet
  facet normal -0 0 -1
    outer loop
      vertex 28.5317 9.27051 0
      vertex 22.376 2.97634 0
      vertex 27.8933 11.0437 0
    endloop
  endfacet
  facet normal 0 0 -1
    outer loop
      vertex 22.1884 2.99408 0
      vertex 27.8933 11.0437 0
      vertex 22.376 2.97634 0
    endloop
  endfacet
  facet normal 0 0 -1
    outer loop
      vertex 22 3 0
      vertex 27.8933 11.0437 0
      vertex 22.1884 2.99408 0
    endloop
  endfacet
  facet normal -0 0 -1
    outer loop
      vertex 27.8933 11.0437 0
      vertex 22 3 0
      vertex 27.1448 12.7734 0
    endloop
  endfacet
  facet normal 0 0 -1
    outer loop
      vertex 21.8116 2.99408 0
      vertex 27.1448 12.7734 0
      vertex 22 3 0
    endloop
  endfacet
  facet normal 0 0 -1
    outer loop
      vertex 21.624 2.97634 0
      vertex 27.1448 12.7734 0
      vertex 21.8116 2.99408 0
    endloop
  endfacet
  facet normal 0 0 -1
    outer loop
      vertex 21.4379 2.94686 0
      vertex 27.1448 12.7734 0
      vertex 21.624 2.97634 0
    endloop
  endfacet
  facet normal -0 0 -1
    outer loop
      vertex 27.1448 12.7734 0
      vertex 21.4379 2.94686 0
      vertex 26.2892 14.4526 0
    endloop
  endfacet
  facet normal 0 0 -1
    outer loop
      vertex 21.2539 2.90575 0
      vertex 26.2892 14.4526 0
      vertex 21.4379 2.94686 0
    endloop
  endfacet
  facet normal 0 0 -1
    outer loop
      vertex 21.0729 2.85317 0
      vertex 26.2892 14.4526 0
      vertex 21.2539 2.90575 0
    endloop
  endfacet
  facet normal -0 0 -1
    outer loop
      vertex 26.2892 14.4526 0
      vertex 21.0729 2.85317 0
      vertex 25.3298 16.0748 0
    endloop
  endfacet
  facet normal 0 0 -1
    outer loop
      vertex 20.8956 2.78933 0
      vertex 25.3298 16.0748 0
      vertex 21.0729 2.85317 0
    endloop
  endfacet
  facet normal -0 0 -1
    outer loop
      vertex 25.3298 16.0748 0
      vertex 20.8956 2.78933 0
      vertex 24.2705 17.6336 0
    endloop
  endfacet
  facet normal 0 0 -1
    outer loop
      vertex 20.7227 2.71448 0
      vertex 24.2705 17.6336 0
      vertex 20.8956 2.78933 0
    endloop
  endfacet
  facet normal 0 0 -1
    outer loop
      vertex 20.5547 2.62892 0
      vertex 24.2705 17.6336 0
      vertex 20.7227 2.71448 0
    endloop
  endfacet
  facet normal -0 0 -1
    outer loop
      vertex 24.2705 17.6336 0
      vertex 20.5547 2.62892 0
      vertex 23.1154 19.1227 0
    endloop
  endfacet
  facet normal 0 0 -1
    outer loop
      vertex 20.3925 2.53298 0
      vertex 23.1154 19.1227 0
      vertex 20.5547 2.62892 0
    endloop
  endfacet
  facet normal -0 0 -1
    outer loop
      vertex 23.1154 19.1227 0
      vertex 20.3925 2.53298 0
      vertex 21.8691 20.5364 0
    endloop
  endfacet
  facet normal 0 0 -1
    outer loop
      vertex 20.2366 2.42705 0
      vertex 21.8691 20.5364 0
      vertex 20.3925 2.53298 0
    endloop
  endfacet
  facet normal 0 0 -1
    outer loop
      vertex 20.0877 2.31154 0
      vertex 21.8691 20.5364 0
      vertex 20.2366 2.42705 0
    endloop
  endfacet
  facet normal -0 0 -1
    outer loop
      vertex 21.8691 20.5364 0
      vertex 20.0877 2.31154 0
      vertex 20.5364 21.8691 0
    endloop
  endfacet
  facet normal 0 0 -1
    outer loop
      vertex 3 22 0
      vertex 20.0877 2.31154 0
      vertex 19.9464 2.18691 0
    endloop
  endfacet
  facet normal 0 0 -1
    outer loop
      vertex 3 22 0
      vertex 19.9464 2.18691 0
      vertex 19.8131 2.05364 0
    endloop
  endfacet
  facet normal 0 0 -1
    outer loop
      vertex 3 22 0
      vertex 19.8131 2.05364 0
      vertex 19.6885 1.91227 0
    endloop
  endfacet
  facet normal 0 0 -1
    outer loop
      vertex 3 22 0
      vertex 19.6885 1.91227 0
      vertex 19.5729 1.76336 0
    endloop
  endfacet
  facet normal 0 0 -1
    outer loop
      vertex 3 22 0
      vertex 19.5729 1.76336 0
      vertex 19.467 1.60748 0
    endloop
  endfacet
  facet normal 0 0 -1
    outer loop
      vertex 3 22 0
      vertex 19.467 1.60748 0
      vertex 19.3711 1.44526 0
    endloop
  endfacet
  facet normal 0 0 -1
    outer loop
      vertex 3 22 0
      vertex 19.3711 1.44526 0
      vertex 19.2855 1.27734 0
    endloop
  endfacet
  facet normal 0 0 -1
    outer loop
      vertex 3 22 0
      vertex 19.2855 1.27734 0
      vertex 19.2107 1.10437 0
    endloop
  endfacet
  facet normal 0 0 -1
    outer loop
      vertex 3 22 0
      vertex 19.2107 1.10437 0
      vertex 19.1468 0.927051 0
    endloop
  endfacet
  facet normal 0 0 -1
    outer loop
      vertex 20.0877 2.31154 0
      vertex 3 22 0
      vertex 20.5364 21.8691 0
    endloop
  endfacet
  facet normal 0 0 -1
    outer loop
      vertex 3 22 0
      vertex 19.1468 0.927051 0
      vertex 19.0942 0.746069 0
    endloop
  endfacet
  facet normal 0 0 -1
    outer loop
      vertex 3 22 0
      vertex 19.0942 0.746069 0
      vertex 19.0531 0.562143 0
    endloop
  endfacet
  facet normal 0 0 -1
    outer loop
      vertex 3 22 0
      vertex 19.0531 0.562143 0
      vertex 19.0237 0.375999 0
    endloop
  endfacet
  facet normal 0 0 -1
    outer loop
      vertex 19 0 0
      vertex 3 22 0
      vertex 19.0059 0.188371 0
    endloop
  endfacet
  facet normal 0 0 -1
    outer loop
      vertex 2.05364 -19.8131 0
      vertex 19.8131 -2.05364 0
      vertex 2.18691 -19.9464 0
    endloop
  endfacet
  facet normal -0 0 -1
    outer loop
      vertex 19.9464 -2.18691 0
      vertex 2.18691 -19.9464 0
      vertex 19.8131 -2.05364 0
    endloop
  endfacet
  facet normal 0 0 -1
    outer loop
      vertex 19.0059 0.188371 0
      vertex 3 22 0
      vertex 19.0237 0.375999 0
    endloop
  endfacet
  facet normal 0 0 -1
    outer loop
      vertex 2.94686 -21.4379 0
      vertex 12.7734 -27.1448 0
      vertex 2.97634 -21.624 0
    endloop
  endfacet
  facet normal 0 0 -1
    outer loop
      vertex 20.5364 21.8691 0
      vertex 3 22 0
      vertex 19.1227 23.1154 0
    endloop
  endfacet
  facet normal 0 0 -1
    outer loop
      vertex 2.97634 -21.624 0
      vertex 12.7734 -27.1448 0
      vertex 2.99408 -21.8116 0
    endloop
  endfacet
  facet normal -0 0 -1
    outer loop
      vertex 19.1227 23.1154 0
      vertex 3 22 0
      vertex 17.6336 24.2705 0
    endloop
  endfacet
  facet normal 0 0 -1
    outer loop
      vertex 2.99408 -21.8116 0
      vertex 12.7734 -27.1448 0
      vertex 3 -22 0
    endloop
  endfacet
  facet normal -0 0 -1
    outer loop
      vertex 17.6336 24.2705 0
      vertex 3 22 0
      vertex 16.0748 25.3298 0
    endloop
  endfacet
  facet normal 0 0 -1
    outer loop
      vertex 3 -22 0
      vertex 12.7734 -27.1448 0
      vertex 11.0437 -27.8933 0
    endloop
  endfacet
  facet normal -0 0 -1
    outer loop
      vertex 16.0748 25.3298 0
      vertex 3 22 0
      vertex 14.4526 26.2892 0
    endloop
  endfacet
  facet normal 0 0 -1
    outer loop
      vertex 2.97634 -22.376 0
      vertex 11.0437 -27.8933 0
      vertex 9.27051 -28.5317 0
    endloop
  endfacet
  facet normal -0 0 -1
    outer loop
      vertex 14.4526 26.2892 0
      vertex 3 22 0
      vertex 12.7734 27.1448 0
    endloop
  endfacet
  facet normal 0 0 -1
    outer loop
      vertex 2.85317 -22.9271 0
      vertex 9.27051 -28.5317 0
      vertex 7.4607 -29.0575 0
    endloop
  endfacet
  facet normal -0 0 -1
    outer loop
      vertex 12.7734 27.1448 0
      vertex 3 22 0
      vertex 11.0437 27.8933 0
    endloop
  endfacet
  facet normal 0 0 -1
    outer loop
      vertex 2.53298 -23.6075 0
      vertex 7.4607 -29.0575 0
      vertex 5.62144 -29.4686 0
    endloop
  endfacet
  facet normal 0 0 -1
    outer loop
      vertex 2.99408 22.1884 0
      vertex 11.0437 27.8933 0
      vertex 3 22 0
    endloop
  endfacet
  facet normal 0 0 -1
    outer loop
      vertex 2.05364 -24.1869 0
      vertex 5.62144 -29.4686 0
      vertex 3.76 -29.7634 0
    endloop
  endfacet
  facet normal 0 0 -1
    outer loop
      vertex 2.97634 22.376 0
      vertex 11.0437 27.8933 0
      vertex 2.99408 22.1884 0
    endloop
  endfacet
  facet normal -0 0 -1
    outer loop
      vertex 11.0437 27.8933 0
      vertex 2.97634 22.376 0
      vertex 9.27051 28.5317 0
    endloop
  endfacet
  facet normal 0 0 -1
    outer loop
      vertex 11.0437 -27.8933 0
      vertex 2.99408 -22.1884 0
      vertex 3 -22 0
    endloop
  endfacet
  facet normal 0 0 -1
    outer loop
      vertex 11.0437 -27.8933 0
      vertex 2.97634 -22.376 0
      vertex 2.99408 -22.1884 0
    endloop
  endfacet
  facet normal 0 0 -1
    outer loop
      vertex 9.27051 -28.5317 0
      vertex 2.94686 -22.5621 0
      vertex 2.97634 -22.376 0
    endloop
  endfacet
  facet normal 0 0 -1
    outer loop
      vertex 9.27051 -28.5317 0
      vertex 2.90575 -22.7461 0
      vertex 2.94686 -22.5621 0
    endloop
  endfacet
  facet normal 0 0 -1
    outer loop
      vertex 9.27051 -28.5317 0
      vertex 2.85317 -22.9271 0
      vertex 2.90575 -22.7461 0
    endloop
  endfacet
  facet normal 0 0 -1
    outer loop
      vertex 7.4607 -29.0575 0
      vertex 2.78933 -23.1044 0
      vertex 2.85317 -22.9271 0
    endloop
  endfacet
  facet normal 0 0 -1
    outer loop
      vertex 7.4607 -29.0575 0
      vertex 2.71448 -23.2773 0
      vertex 2.78933 -23.1044 0
    endloop
  endfacet
  facet normal 0 0 -1
    outer loop
      vertex 7.4607 -29.0575 0
      vertex 2.62892 -23.4453 0
      vertex 2.71448 -23.2773 0
    endloop
  endfacet
  facet normal 0 0 -1
    outer loop
      vertex 7.4607 -29.0575 0
      vertex 2.53298 -23.6075 0
      vertex 2.62892 -23.4453 0
    endloop
  endfacet
  facet normal 0 0 -1
    outer loop
      vertex 5.62144 -29.4686 0
      vertex 2.42705 -23.7634 0
      vertex 2.53298 -23.6075 0
    endloop
  endfacet
  facet normal 0 0 -1
    outer loop
      vertex 5.62144 -29.4686 0
      vertex 2.31154 -23.9123 0
      vertex 2.42705 -23.7634 0
    endloop
  endfacet
  facet normal 0 0 -1
    outer loop
      vertex 5.62144 -29.4686 0
      vertex 2.18691 -24.0536 0
      vertex 2.31154 -23.9123 0
    endloop
  endfacet
  facet normal 0 0 -1
    outer loop
      vertex 5.62144 -29.4686 0
      vertex 2.05364 -24.1869 0
      vertex 2.18691 -24.0536 0
    endloop
  endfacet
  facet normal 0 0 -1
    outer loop
      vertex 3.76 -29.7634 0
      vertex 1.91227 -24.3115 0
      vertex 2.05364 -24.1869 0
    endloop
  endfacet
  facet normal 0 0 -1
    outer loop
      vertex 1.27734 -24.7145 0
      vertex 3.76 -29.7634 0
      vertex 1.88371 -29.9408 0
    endloop
  endfacet
  facet normal 0 0 -1
    outer loop
      vertex 3.76 -29.7634 0
      vertex 1.76336 -24.4271 0
      vertex 1.91227 -24.3115 0
    endloop
  endfacet
  facet normal 0 0 -1
    outer loop
      vertex 3.76 -29.7634 0
      vertex 1.60748 -24.533 0
      vertex 1.76336 -24.4271 0
    endloop
  endfacet
  facet normal 0 0 -1
    outer loop
      vertex 3.76 -29.7634 0
      vertex 1.44526 -24.6289 0
      vertex 1.60748 -24.533 0
    endloop
  endfacet
  facet normal 0 0 -1
    outer loop
      vertex 3.76 -29.7634 0
      vertex 1.27734 -24.7145 0
      vertex 1.44526 -24.6289 0
    endloop
  endfacet
  facet normal 0 0 -1
    outer loop
      vertex 1.88371 -29.9408 0
      vertex 1.10437 -24.7893 0
      vertex 1.27734 -24.7145 0
    endloop
  endfacet
  facet normal 0 0 -1
    outer loop
      vertex 1.88371 -29.9408 0
      vertex 0.927051 -24.8532 0
      vertex 1.10437 -24.7893 0
    endloop
  endfacet
  facet normal 0 0 -1
    outer loop
      vertex 1.88371 -29.9408 0
      vertex 0.746069 -24.9058 0
      vertex 0.927051 -24.8532 0
    endloop
  endfacet
  facet normal 0 0 -1
    outer loop
      vertex 1.88371 -29.9408 0
      vertex 0.562143 -24.9469 0
      vertex 0.746069 -24.9058 0
    endloop
  endfacet
  facet normal 0 0 -1
    outer loop
      vertex 1.88371 -29.9408 0
      vertex 0.375999 -24.9763 0
      vertex 0.562143 -24.9469 0
    endloop
  endfacet
  facet normal 0 0 -1
    outer loop
      vertex 0 -30 0
      vertex 0.375999 -24.9763 0
      vertex 1.88371 -29.9408 0
    endloop
  endfacet
  facet normal 0 0 -1
    outer loop
      vertex 0.375999 -24.9763 0
      vertex 0 -30 0
      vertex 0.188371 -24.9941 0
    endloop
  endfacet
  facet normal 0 0 -1
    outer loop
      vertex 0 -30 0
      vertex 0 -25 0
      vertex 0.188371 -24.9941 0
    endloop
  endfacet
  facet normal 0 0 -1
    outer loop
      vertex 0 -30 0
      vertex -0.188371 -24.9941 0
      vertex 0 -25 0
    endloop
  endfacet
  facet normal 0 0 -1
    outer loop
      vertex 0 -30 0
      vertex -0.375999 -24.9763 0
      vertex -0.188371 -24.9941 0
    endloop
  endfacet
  facet normal 0 0 -1
    outer loop
      vertex 0 -30 0
      vertex -0.562143 -24.9469 0
      vertex -0.375999 -24.9763 0
    endloop
  endfacet
  facet normal 0 0 -1
    outer loop
      vertex -1.88371 -29.9408 0
      vertex -0.562143 -24.9469 0
      vertex 0 -30 0
    endloop
  endfacet
  facet normal -0 0 -1
    outer loop
      vertex -0.562143 -24.9469 0
      vertex -1.88371 -29.9408 0
      vertex -0.746069 -24.9058 0
    endloop
  endfacet
  facet normal -0 0 -1
    outer loop
      vertex -0.746069 -24.9058 0
      vertex -1.88371 -29.9408 0
      vertex -0.927051 -24.8532 0
    endloop
  endfacet
  facet normal -0 0 -1
    outer loop
      vertex -0.927051 -24.8532 0
      vertex -1.88371 -29.9408 0
      vertex -1.10437 -24.7893 0
    endloop
  endfacet
  facet normal -0 0 -1
    outer loop
      vertex -1.10437 -24.7893 0
      vertex -1.88371 -29.9408 0
      vertex -1.27734 -24.7145 0
    endloop
  endfacet
  facet normal 0 0 -1
    outer loop
      vertex -3.76 -29.7634 0
      vertex -1.27734 -24.7145 0
      vertex -1.88371 -29.9408 0
    endloop
  endfacet
  facet normal -0 0 -1
    outer loop
      vertex -1.27734 -24.7145 0
      vertex -3.76 -29.7634 0
      vertex -1.44526 -24.6289 0
    endloop
  endfacet
  facet normal -0 0 -1
    outer loop
      vertex -1.44526 -24.6289 0
      vertex -3.76 -29.7634 0
      vertex -1.60748 -24.533 0
    endloop
  endfacet
  facet normal -0 0 -1
    outer loop
      vertex -1.60748 -24.533 0
      vertex -3.76 -29.7634 0
      vertex -1.76336 -24.4271 0
    endloop
  endfacet
  facet normal -0 0 -1
    outer loop
      vertex -1.76336 -24.4271 0
      vertex -3.76 -29.7634 0
      vertex -1.91227 -24.3115 0
    endloop
  endfacet
  facet normal -0 0 -1
    outer loop
      vertex -1.91227 -24.3115 0
      vertex -3.76 -29.7634 0
      vertex -2.05364 -24.1869 0
    endloop
  endfacet
  facet normal -0 0 -1
    outer loop
      vertex -2.05364 -24.1869 0
      vertex -3.76 -29.7634 0
      vertex -2.18691 -24.0536 0
    endloop
  endfacet
  facet normal -0 0 -1
    outer loop
      vertex -2.18691 -24.0536 0
      vertex -3.76 -29.7634 0
      vertex -2.31154 -23.9123 0
    endloop
  endfacet
  facet normal -0 0 -1
    outer loop
      vertex -2.31154 -23.9123 0
      vertex -3.76 -29.7634 0
      vertex -2.42705 -23.7634 0
    endloop
  endfacet
  facet normal -0 0 -1
    outer loop
      vertex -2.42705 -23.7634 0
      vertex -3.76 -29.7634 0
      vertex -2.53298 -23.6075 0
    endloop
  endfacet
  facet normal -0 0 -1
    outer loop
      vertex -2.53298 -23.6075 0
      vertex -3.76 -29.7634 0
      vertex -2.62892 -23.4453 0
    endloop
  endfacet
  facet normal -0 0 -1
    outer loop
      vertex -2.62892 -23.4453 0
      vertex -3.76 -29.7634 0
      vertex -2.71448 -23.2773 0
    endloop
  endfacet
  facet normal -0 0 -1
    outer loop
      vertex -2.71448 -23.2773 0
      vertex -3.76 -29.7634 0
      vertex -2.78933 -23.1044 0
    endloop
  endfacet
  facet normal -0 0 -1
    outer loop
      vertex -2.78933 -23.1044 0
      vertex -3.76 -29.7634 0
      vertex -2.85317 -22.9271 0
    endloop
  endfacet
  facet normal -0 0 -1
    outer loop
      vertex -2.85317 -22.9271 0
      vertex -3.76 -29.7634 0
      vertex -2.90575 -22.7461 0
    endloop
  endfacet
  facet normal -0 0 -1
    outer loop
      vertex -2.90575 -22.7461 0
      vertex -3.76 -29.7634 0
      vertex -2.94686 -22.5621 0
    endloop
  endfacet
  facet normal 0 0 -1
    outer loop
      vertex -2.99408 -22.1884 0
      vertex -19.0237 -0.375999 0
      vertex -3 -22 0
    endloop
  endfacet
  facet normal 0 0 -1
    outer loop
      vertex -19.0237 -0.375999 0
      vertex -2.99408 -22.1884 0
      vertex -3.76 -29.7634 0
    endloop
  endfacet
  facet normal -0 0 -1
    outer loop
      vertex -2.97634 -22.376 0
      vertex -3.76 -29.7634 0
      vertex -2.99408 -22.1884 0
    endloop
  endfacet
  facet normal -0 0 -1
    outer loop
      vertex -2.94686 -22.5621 0
      vertex -3.76 -29.7634 0
      vertex -2.97634 -22.376 0
    endloop
  endfacet
  facet normal 0.975919 0.218131 0
    outer loop
      vertex 29.4686 5.62144 10
      vertex 29.0575 7.4607 0
      vertex 29.0575 7.4607 10
    endloop
  endfacet
  facet normal 0.975919 0.218131 0
    outer loop
      vertex 29.0575 7.4607 0
      vertex 29.4686 5.62144 10
      vertex 29.4686 5.62144 0
    endloop
  endfacet
  facet normal 0.960293 0.278992 0
    outer loop
      vertex 29.0575 7.4607 10
      vertex 28.5317 9.27051 0
      vertex 28.5317 9.27051 10
    endloop
  endfacet
  facet normal 0.960293 0.278992 0
    outer loop
      vertex 28.5317 9.27051 0
      vertex 29.0575 7.4607 10
      vertex 29.0575 7.4607 0
    endloop
  endfacet
  facet normal 0.827095 0.562062 0
    outer loop
      vertex 25.3298 16.0748 10
      vertex 24.2705 17.6336 0
      vertex 24.2705 17.6336 10
    endloop
  endfacet
  facet normal 0.827095 0.562062 0
    outer loop
      vertex 24.2705 17.6336 0
      vertex 25.3298 16.0748 10
      vertex 25.3298 16.0748 0
    endloop
  endfacet
  facet normal 0.891005 0.453993 0
    outer loop
      vertex 27.1448 12.7734 10
      vertex 26.2892 14.4526 0
      vertex 26.2892 14.4526 10
    endloop
  endfacet
  facet normal 0.891005 0.453993 0
    outer loop
      vertex 26.2892 14.4526 0
      vertex 27.1448 12.7734 10
      vertex 27.1448 12.7734 0
    endloop
  endfacet
  facet normal 0.218131 0.975919 -0
    outer loop
      vertex 7.4607 29.0575 0
      vertex 5.62144 29.4686 10
      vertex 7.4607 29.0575 10
    endloop
  endfacet
  facet normal 0.218131 0.975919 0
    outer loop
      vertex 5.62144 29.4686 10
      vertex 7.4607 29.0575 0
      vertex 5.62144 29.4686 0
    endloop
  endfacet
  facet normal 0.338744 0.940879 -0
    outer loop
      vertex 11.0437 27.8933 0
      vertex 9.27051 28.5317 10
      vertex 11.0437 27.8933 10
    endloop
  endfacet
  facet normal 0.338744 0.940879 0
    outer loop
      vertex 9.27051 28.5317 10
      vertex 11.0437 27.8933 0
      vertex 9.27051 28.5317 0
    endloop
  endfacet
  facet normal 0.509055 0.860734 -0
    outer loop
      vertex 16.0748 25.3298 0
      vertex 14.4526 26.2892 10
      vertex 16.0748 25.3298 10
    endloop
  endfacet
  facet normal 0.509055 0.860734 0
    outer loop
      vertex 14.4526 26.2892 10
      vertex 16.0748 25.3298 0
      vertex 14.4526 26.2892 0
    endloop
  endfacet
  facet normal 0.612919 0.790146 -0
    outer loop
      vertex 19.1227 23.1154 0
      vertex 17.6336 24.2705 10
      vertex 19.1227 23.1154 10
    endloop
  endfacet
  facet normal 0.612919 0.790146 0
    outer loop
      vertex 17.6336 24.2705 10
      vertex 19.1227 23.1154 0
      vertex 17.6336 24.2705 0
    endloop
  endfacet
  facet normal -0.975919 0.218131 0
    outer loop
      vertex -29.4686 5.62144 0
      vertex -29.0575 7.4607 10
      vertex -29.0575 7.4607 0
    endloop
  endfacet
  facet normal -0.975919 0.218131 0
    outer loop
      vertex -29.0575 7.4607 10
      vertex -29.4686 5.62144 0
      vertex -29.4686 5.62144 10
    endloop
  endfacet
  facet normal -0.790146 0.612919 0
    outer loop
      vertex -24.2705 17.6336 0
      vertex -23.1154 19.1227 10
      vertex -23.1154 19.1227 0
    endloop
  endfacet
  facet normal -0.790146 0.612919 0
    outer loop
      vertex -23.1154 19.1227 10
      vertex -24.2705 17.6336 0
      vertex -24.2705 17.6336 10
    endloop
  endfacet
  facet normal -0.707107 0.707107 0
    outer loop
      vertex -21.8691 20.5364 0
      vertex -20.5364 21.8691 10
      vertex -20.5364 21.8691 0
    endloop
  endfacet
  facet normal -0.707107 0.707107 0
    outer loop
      vertex -20.5364 21.8691 10
      vertex -21.8691 20.5364 0
      vertex -21.8691 20.5364 10
    endloop
  endfacet
  facet normal -0.940879 0.338744 0
    outer loop
      vertex -28.5317 9.27051 0
      vertex -27.8933 11.0437 10
      vertex -27.8933 11.0437 0
    endloop
  endfacet
  facet normal -0.940879 0.338744 0
    outer loop
      vertex -27.8933 11.0437 10
      vertex -28.5317 9.27051 0
      vertex -28.5317 9.27051 10
    endloop
  endfacet
  facet normal -0 0 1
    outer loop
      vertex -19.3711 -1.44526 10
      vertex -1.44526 -19.3711 10
      vertex -19.2855 -1.27734 10
    endloop
  endfacet
  facet normal 0 0 1
    outer loop
      vertex -1.44526 -19.3711 10
      vertex -19.3711 -1.44526 10
      vertex -1.60748 -19.467 10
    endloop
  endfacet
  facet normal -0 0 1
    outer loop
      vertex -19.467 -1.60748 10
      vertex -1.60748 -19.467 10
      vertex -19.3711 -1.44526 10
    endloop
  endfacet
  facet normal 0 0 1
    outer loop
      vertex -1.60748 -19.467 10
      vertex -19.467 -1.60748 10
      vertex -1.76336 -19.5729 10
    endloop
  endfacet
  facet normal -0 0 1
    outer loop
      vertex -19.5729 -1.76336 10
      vertex -1.76336 -19.5729 10
      vertex -19.467 -1.60748 10
    endloop
  endfacet
  facet normal 0 0 1
    outer loop
      vertex -1.76336 -19.5729 10
      vertex -19.5729 -1.76336 10
      vertex -1.91227 -19.6885 10
    endloop
  endfacet
  facet normal -0 0 1
    outer loop
      vertex -19.6885 -1.91227 10
      vertex -1.91227 -19.6885 10
      vertex -19.5729 -1.76336 10
    endloop
  endfacet
  facet normal 0 0 1
    outer loop
      vertex -1.91227 -19.6885 10
      vertex -19.6885 -1.91227 10
      vertex -2.05364 -19.8131 10
    endloop
  endfacet
  facet normal -0 0 1
    outer loop
      vertex -19.8131 -2.05364 10
      vertex -2.05364 -19.8131 10
      vertex -19.6885 -1.91227 10
    endloop
  endfacet
  facet normal 0 0 1
    outer loop
      vertex -2.05364 -19.8131 10
      vertex -19.8131 -2.05364 10
      vertex -2.18691 -19.9464 10
    endloop
  endfacet
  facet normal -0 0 1
    outer loop
      vertex -19.9464 -2.18691 10
      vertex -2.18691 -19.9464 10
      vertex -19.8131 -2.05364 10
    endloop
  endfacet
  facet normal 0 0 1
    outer loop
      vertex -2.18691 -19.9464 10
      vertex -19.9464 -2.18691 10
      vertex -2.31154 -20.0877 10
    endloop
  endfacet
  facet normal 0 0 1
    outer loop
      vertex -2.31154 -20.0877 10
      vertex -19.1227 -23.1154 10
      vertex -17.6336 -24.2705 10
    endloop
  endfacet
  facet normal -0 0 1
    outer loop
      vertex -20.0877 -2.31154 10
      vertex -2.31154 -20.0877 10
      vertex -19.9464 -2.18691 10
    endloop
  endfacet
  facet normal 0 0 1
    outer loop
      vertex -2.31154 -20.0877 10
      vertex -20.0877 -2.31154 10
      vertex -20.5364 -21.8691 10
    endloop
  endfacet
  facet normal 0 0 1
    outer loop
      vertex -21.8691 -20.5364 10
      vertex -20.0877 -2.31154 10
      vertex -20.2366 -2.42705 10
    endloop
  endfacet
  facet normal 0 0 1
    outer loop
      vertex -21.8691 -20.5364 10
      vertex -20.2366 -2.42705 10
      vertex -20.3925 -2.53298 10
    endloop
  endfacet
  facet normal 0 0 1
    outer loop
      vertex -2.31154 -20.0877 10
      vertex -20.5364 -21.8691 10
      vertex -19.1227 -23.1154 10
    endloop
  endfacet
  facet normal 0 0 1
    outer loop
      vertex -23.1154 -19.1227 10
      vertex -20.3925 -2.53298 10
      vertex -20.5547 -2.62892 10
    endloop
  endfacet
  facet normal 0 0 1
    outer loop
      vertex -24.2705 -17.6336 10
      vertex -20.5547 -2.62892 10
      vertex -20.7227 -2.71448 10
    endloop
  endfacet
  facet normal 0 0 1
    outer loop
      vertex -24.2705 -17.6336 10
      vertex -20.7227 -2.71448 10
      vertex -20.8956 -2.78933 10
    endloop
  endfacet
  facet normal 0 0 1
    outer loop
      vertex -25.3298 -16.0748 10
      vertex -20.8956 -2.78933 10
      vertex -21.0729 -2.85317 10
    endloop
  endfacet
  facet normal 0 0 1
    outer loop
      vertex -26.2892 -14.4526 10
      vertex -21.0729 -2.85317 10
      vertex -21.2539 -2.90575 10
    endloop
  endfacet
  facet normal 0 0 1
    outer loop
      vertex -26.2892 -14.4526 10
      vertex -21.2539 -2.90575 10
      vertex -21.4379 -2.94686 10
    endloop
  endfacet
  facet normal 0 0 1
    outer loop
      vertex -27.1448 -12.7734 10
      vertex -21.4379 -2.94686 10
      vertex -21.624 -2.97634 10
    endloop
  endfacet
  facet normal 0 0 1
    outer loop
      vertex -27.1448 -12.7734 10
      vertex -21.624 -2.97634 10
      vertex -21.8116 -2.99408 10
    endloop
  endfacet
  facet normal 0 0 1
    outer loop
      vertex -20.0877 -2.31154 10
      vertex -21.8691 -20.5364 10
      vertex -20.5364 -21.8691 10
    endloop
  endfacet
  facet normal 0 0 1
    outer loop
      vertex -27.1448 -12.7734 10
      vertex -21.8116 -2.99408 10
      vertex -22 -3 10
    endloop
  endfacet
  facet normal 0 0 1
    outer loop
      vertex -27.8933 -11.0437 10
      vertex -22 -3 10
      vertex -22.1884 -2.99408 10
    endloop
  endfacet
  facet normal 0 0 1
    outer loop
      vertex -27.8933 -11.0437 10
      vertex -22.1884 -2.99408 10
      vertex -22.376 -2.97634 10
    endloop
  endfacet
  facet normal 0 0 1
    outer loop
      vertex -28.5317 -9.27051 10
      vertex -22.376 -2.97634 10
      vertex -22.5621 -2.94686 10
    endloop
  endfacet
  facet normal 0 0 1
    outer loop
      vertex -28.5317 -9.27051 10
      vertex -22.5621 -2.94686 10
      vertex -22.7461 -2.90575 10
    endloop
  endfacet
  facet normal 0 0 1
    outer loop
      vertex -28.5317 -9.27051 10
      vertex -22.7461 -2.90575 10
      vertex -22.9271 -2.85317 10
    endloop
  endfacet
  facet normal 0 0 1
    outer loop
      vertex -29.0575 -7.4607 10
      vertex -22.9271 -2.85317 10
      vertex -23.1044 -2.78933 10
    endloop
  endfacet
  facet normal 0 0 1
    outer loop
      vertex -20.3925 -2.53298 10
      vertex -23.1154 -19.1227 10
      vertex -21.8691 -20.5364 10
    endloop
  endfacet
  facet normal 0 0 1
    outer loop
      vertex -29.0575 -7.4607 10
      vertex -23.1044 -2.78933 10
      vertex -23.2773 -2.71448 10
    endloop
  endfacet
  facet normal 0 0 1
    outer loop
      vertex -29.0575 -7.4607 10
      vertex -23.2773 -2.71448 10
      vertex -23.4453 -2.62892 10
    endloop
  endfacet
  facet normal 0 0 1
    outer loop
      vertex -29.0575 -7.4607 10
      vertex -23.4453 -2.62892 10
      vertex -23.6075 -2.53298 10
    endloop
  endfacet
  facet normal 0 0 1
    outer loop
      vertex -29.4686 -5.62144 10
      vertex -23.6075 -2.53298 10
      vertex -23.7634 -2.42705 10
    endloop
  endfacet
  facet normal 0 0 1
    outer loop
      vertex -29.4686 -5.62144 10
      vertex -23.7634 -2.42705 10
      vertex -23.9123 -2.31154 10
    endloop
  endfacet
  facet normal 0 0 1
    outer loop
      vertex -29.4686 -5.62144 10
      vertex -23.9123 -2.31154 10
      vertex -24.0536 -2.18691 10
    endloop
  endfacet
  facet normal 0 0 1
    outer loop
      vertex -29.4686 -5.62144 10
      vertex -24.0536 -2.18691 10
      vertex -24.1869 -2.05364 10
    endloop
  endfacet
  facet normal 0 0 1
    outer loop
      vertex -20.5547 -2.62892 10
      vertex -24.2705 -17.6336 10
      vertex -23.1154 -19.1227 10
    endloop
  endfacet
  facet normal 0 0 1
    outer loop
      vertex -29.7634 -3.76 10
      vertex -24.1869 -2.05364 10
      vertex -24.3115 -1.91227 10
    endloop
  endfacet
  facet normal 0 0 1
    outer loop
      vertex -29.7634 -3.76 10
      vertex -24.3115 -1.91227 10
      vertex -24.4271 -1.76336 10
    endloop
  endfacet
  facet normal 0 0 1
    outer loop
      vertex -29.7634 -3.76 10
      vertex -24.4271 -1.76336 10
      vertex -24.533 -1.60748 10
    endloop
  endfacet
  facet normal 0 0 1
    outer loop
      vertex -29.7634 -3.76 10
      vertex -24.533 -1.60748 10
      vertex -24.6289 -1.44526 10
    endloop
  endfacet
  facet normal 0 0 1
    outer loop
      vertex -29.7634 -3.76 10
      vertex -24.6289 -1.44526 10
      vertex -24.7145 -1.27734 10
    endloop
  endfacet
  facet normal 0 0 1
    outer loop
      vertex -29.9408 -1.88371 10
      vertex -24.7145 -1.27734 10
      vertex -24.7893 -1.10437 10
    endloop
  endfacet
  facet normal 0 0 1
    outer loop
      vertex -29.9408 -1.88371 10
      vertex -24.7893 -1.10437 10
      vertex -24.8532 -0.927051 10
    endloop
  endfacet
  facet normal 0 0 1
    outer loop
      vertex -29.9408 -1.88371 10
      vertex -24.8532 -0.927051 10
      vertex -24.9058 -0.746069 10
    endloop
  endfacet
  facet normal 0 0 1
    outer loop
      vertex -29.9408 -1.88371 10
      vertex -24.9058 -0.746069 10
      vertex -24.9469 -0.562143 10
    endloop
  endfacet
  facet normal 0 0 1
    outer loop
      vertex -29.9408 -1.88371 10
      vertex -24.9469 -0.562143 10
      vertex -24.9763 -0.375999 10
    endloop
  endfacet
  facet normal 0 0 1
    outer loop
      vertex -30 0 10
      vertex -24.9763 -0.375999 10
      vertex -24.9941 -0.188371 10
    endloop
  endfacet
  facet normal 0 0 1
    outer loop
      vertex -20.8956 -2.78933 10
      vertex -25.3298 -16.0748 10
      vertex -24.2705 -17.6336 10
    endloop
  endfacet
  facet normal -0 0 1
    outer loop
      vertex -30 0 10
      vertex -24.9941 -0.188371 10
      vertex -25 0 10
    endloop
  endfacet
  facet normal -0 0 1
    outer loop
      vertex -29.9408 1.88371 10
      vertex -24.7145 1.27734 10
      vertex -29.7634 3.76 10
    endloop
  endfacet
  facet normal 0 0 1
    outer loop
      vertex -24.7145 1.27734 10
      vertex -29.9408 1.88371 10
      vertex -24.7893 1.10437 10
    endloop
  endfacet
  facet normal 0 0 1
    outer loop
      vertex -21.0729 -2.85317 10
      vertex -26.2892 -14.4526 10
      vertex -25.3298 -16.0748 10
    endloop
  endfacet
  facet normal 0 0 1
    outer loop
      vertex -24.7893 1.10437 10
      vertex -29.9408 1.88371 10
      vertex -24.8532 0.927051 10
    endloop
  endfacet
  facet normal 0 0 1
    outer loop
      vertex -21.4379 -2.94686 10
      vertex -27.1448 -12.7734 10
      vertex -26.2892 -14.4526 10
    endloop
  endfacet
  facet normal 0 0 1
    outer loop
      vertex -24.8532 0.927051 10
      vertex -29.9408 1.88371 10
      vertex -24.9058 0.746069 10
    endloop
  endfacet
  facet normal 0 0 1
    outer loop
      vertex -22 -3 10
      vertex -27.8933 -11.0437 10
      vertex -27.1448 -12.7734 10
    endloop
  endfacet
  facet normal 0 0 1
    outer loop
      vertex -24.9058 0.746069 10
      vertex -29.9408 1.88371 10
      vertex -24.9469 0.562143 10
    endloop
  endfacet
  facet normal 0 0 1
    outer loop
      vertex -22.376 -2.97634 10
      vertex -28.5317 -9.27051 10
      vertex -27.8933 -11.0437 10
    endloop
  endfacet
  facet normal 0 0 1
    outer loop
      vertex -24.9469 0.562143 10
      vertex -29.9408 1.88371 10
      vertex -24.9763 0.375999 10
    endloop
  endfacet
  facet normal 0 0 1
    outer loop
      vertex -22.9271 -2.85317 10
      vertex -29.0575 -7.4607 10
      vertex -28.5317 -9.27051 10
    endloop
  endfacet
  facet normal 0 0 1
    outer loop
      vertex -30 0 10
      vertex -24.9763 0.375999 10
      vertex -29.9408 1.88371 10
    endloop
  endfacet
  facet normal 0 0 1
    outer loop
      vertex -23.6075 -2.53298 10
      vertex -29.4686 -5.62144 10
      vertex -29.0575 -7.4607 10
    endloop
  endfacet
  facet normal 0 0 1
    outer loop
      vertex -24.9763 0.375999 10
      vertex -30 0 10
      vertex -24.9941 0.188371 10
    endloop
  endfacet
  facet normal 0 0 1
    outer loop
      vertex -24.1869 -2.05364 10
      vertex -29.7634 -3.76 10
      vertex -29.4686 -5.62144 10
    endloop
  endfacet
  facet normal 0 0 1
    outer loop
      vertex -24.9941 0.188371 10
      vertex -30 0 10
      vertex -25 0 10
    endloop
  endfacet
  facet normal 0 0 1
    outer loop
      vertex -24.7145 -1.27734 10
      vertex -29.9408 -1.88371 10
      vertex -29.7634 -3.76 10
    endloop
  endfacet
  facet normal 0 0 1
    outer loop
      vertex -24.9763 -0.375999 10
      vertex -30 0 10
      vertex -29.9408 -1.88371 10
    endloop
  endfacet
  facet normal 0 0 1
    outer loop
      vertex 19.8131 2.05364 10
      vertex 2.05364 19.8131 10
      vertex 19.6885 1.91227 10
    endloop
  endfacet
  facet normal 0 0 1
    outer loop
      vertex 19 0 10
      vertex 2.99408 -21.8116 10
      vertex 3 -22 10
    endloop
  endfacet
  facet normal -0 0 1
    outer loop
      vertex 1.91227 19.6885 10
      vertex 19.6885 1.91227 10
      vertex 2.05364 19.8131 10
    endloop
  endfacet
  facet normal 0 0 1
    outer loop
      vertex 19 0 10
      vertex 2.97634 -21.624 10
      vertex 2.99408 -21.8116 10
    endloop
  endfacet
  facet normal 0 0 1
    outer loop
      vertex 19.6885 1.91227 10
      vertex 1.91227 19.6885 10
      vertex 19.5729 1.76336 10
    endloop
  endfacet
  facet normal 0 0 1
    outer loop
      vertex 19 0 10
      vertex 2.94686 -21.4379 10
      vertex 2.97634 -21.624 10
    endloop
  endfacet
  facet normal -0 0 1
    outer loop
      vertex 1.76336 19.5729 10
      vertex 19.5729 1.76336 10
      vertex 1.91227 19.6885 10
    endloop
  endfacet
  facet normal 0 0 1
    outer loop
      vertex 19 0 10
      vertex 2.90575 -21.2539 10
      vertex 2.94686 -21.4379 10
    endloop
  endfacet
  facet normal 0 0 1
    outer loop
      vertex 19.5729 1.76336 10
      vertex 1.76336 19.5729 10
      vertex 19.467 1.60748 10
    endloop
  endfacet
  facet normal 0 0 1
    outer loop
      vertex 19 0 10
      vertex 2.85317 -21.0729 10
      vertex 2.90575 -21.2539 10
    endloop
  endfacet
  facet normal -0 0 1
    outer loop
      vertex 1.60748 19.467 10
      vertex 19.467 1.60748 10
      vertex 1.76336 19.5729 10
    endloop
  endfacet
  facet normal 0 0 1
    outer loop
      vertex 19 0 10
      vertex 2.78933 -20.8956 10
      vertex 2.85317 -21.0729 10
    endloop
  endfacet
  facet normal 0 0 1
    outer loop
      vertex 19.467 1.60748 10
      vertex 1.60748 19.467 10
      vertex 19.3711 1.44526 10
    endloop
  endfacet
  facet normal 0 0 1
    outer loop
      vertex 19 0 10
      vertex 2.71448 -20.7227 10
      vertex 2.78933 -20.8956 10
    endloop
  endfacet
  facet normal -0 0 1
    outer loop
      vertex 1.44526 19.3711 10
      vertex 19.3711 1.44526 10
      vertex 1.60748 19.467 10
    endloop
  endfacet
  facet normal 0 0 1
    outer loop
      vertex 19 0 10
      vertex 2.62892 -20.5547 10
      vertex 2.71448 -20.7227 10
    endloop
  endfacet
  facet normal 0 0 1
    outer loop
      vertex 19.3711 1.44526 10
      vertex 1.44526 19.3711 10
      vertex 19.2855 1.27734 10
    endloop
  endfacet
  facet normal 0 0 1
    outer loop
      vertex 19 0 10
      vertex 2.53298 -20.3925 10
      vertex 2.62892 -20.5547 10
    endloop
  endfacet
  facet normal -0 0 1
    outer loop
      vertex 1.27734 19.2855 10
      vertex 19.2855 1.27734 10
      vertex 1.44526 19.3711 10
    endloop
  endfacet
  facet normal 0 0 1
    outer loop
      vertex 19 0 10
      vertex 2.42705 -20.2366 10
      vertex 2.53298 -20.3925 10
    endloop
  endfacet
  facet normal 0 0 1
    outer loop
      vertex 19.2855 1.27734 10
      vertex 1.27734 19.2855 10
      vertex 19.2107 1.10437 10
    endloop
  endfacet
  facet normal 0 0 1
    outer loop
      vertex 19 0 10
      vertex 2.31154 -20.0877 10
      vertex 2.42705 -20.2366 10
    endloop
  endfacet
  facet normal -0 0 1
    outer loop
      vertex 1.10437 19.2107 10
      vertex 19.2107 1.10437 10
      vertex 1.27734 19.2855 10
    endloop
  endfacet
  facet normal 0 0 1
    outer loop
      vertex 19 0 10
      vertex 2.18691 -19.9464 10
      vertex 2.31154 -20.0877 10
    endloop
  endfacet
  facet normal 0 0 1
    outer loop
      vertex 19.2107 1.10437 10
      vertex 1.10437 19.2107 10
      vertex 19.1468 0.927051 10
    endloop
  endfacet
  facet normal 0 0 1
    outer loop
      vertex 19 0 10
      vertex 2.05364 -19.8131 10
      vertex 2.18691 -19.9464 10
    endloop
  endfacet
  facet normal -0 0 1
    outer loop
      vertex 0.927051 19.1468 10
      vertex 19.1468 0.927051 10
      vertex 1.10437 19.2107 10
    endloop
  endfacet
  facet normal 0 0 1
    outer loop
      vertex 19 0 10
      vertex 1.91227 -19.6885 10
      vertex 2.05364 -19.8131 10
    endloop
  endfacet
  facet normal 0 0 1
    outer loop
      vertex 19.1468 0.927051 10
      vertex 0.927051 19.1468 10
      vertex 19.0942 0.746069 10
    endloop
  endfacet
  facet normal 0 0 1
    outer loop
      vertex 19 0 10
      vertex 1.76336 -19.5729 10
      vertex 1.91227 -19.6885 10
    endloop
  endfacet
  facet normal -0 0 1
    outer loop
      vertex 0.746069 19.0942 10
      vertex 19.0942 0.746069 10
      vertex 0.927051 19.1468 10
    endloop
  endfacet
  facet normal 0 0 1
    outer loop
      vertex 19 0 10
      vertex 1.60748 -19.467 10
      vertex 1.76336 -19.5729 10
    endloop
  endfacet
  facet normal 0 0 1
    outer loop
      vertex 19.0942 0.746069 10
      vertex 0.746069 19.0942 10
      vertex 19.0531 0.562143 10
    endloop
  endfacet
  facet normal 0 0 1
    outer loop
      vertex 19 0 10
      vertex 1.44526 -19.3711 10
      vertex 1.60748 -19.467 10
    endloop
  endfacet
  facet normal -0 0 1
    outer loop
      vertex 0.562143 19.0531 10
      vertex 19.0531 0.562143 10
      vertex 0.746069 19.0942 10
    endloop
  endfacet
  facet normal 0 0 1
    outer loop
      vertex 19 0 10
      vertex 1.27734 -19.2855 10
      vertex 1.44526 -19.3711 10
    endloop
  endfacet
  facet normal 0 0 1
    outer loop
      vertex 19.0531 0.562143 10
      vertex 0.562143 19.0531 10
      vertex 19.0237 0.375999 10
    endloop
  endfacet
  facet normal 0 0 1
    outer loop
      vertex 19 0 10
      vertex 1.10437 -19.2107 10
      vertex 1.27734 -19.2855 10
    endloop
  endfacet
  facet normal -0 0 1
    outer loop
      vertex 0.375999 19.0237 10
      vertex 19.0237 0.375999 10
      vertex 0.562143 19.0531 10
    endloop
  endfacet
  facet normal 0 0 1
    outer loop
      vertex 19 0 10
      vertex 0.927051 -19.1468 10
      vertex 1.10437 -19.2107 10
    endloop
  endfacet
  facet normal 0 0 1
    outer loop
      vertex 19.0237 0.375999 10
      vertex 0.375999 19.0237 10
      vertex 19.0059 0.188371 10
    endloop
  endfacet
  facet normal 0 0 1
    outer loop
      vertex 19 0 10
      vertex 0.746069 -19.0942 10
      vertex 0.927051 -19.1468 10
    endloop
  endfacet
  facet normal -0 0 1
    outer loop
      vertex 0.188371 19.0059 10
      vertex 19.0059 0.188371 10
      vertex 0.375999 19.0237 10
    endloop
  endfacet
  facet normal 0 0 1
    outer loop
      vertex 19 0 10
      vertex 0.562143 -19.0531 10
      vertex 0.746069 -19.0942 10
    endloop
  endfacet
  facet normal 0 0 1
    outer loop
      vertex 19.0059 0.188371 10
      vertex 0.188371 19.0059 10
      vertex 19 0 10
    endloop
  endfacet
  facet normal 0 0 1
    outer loop
      vertex 19 0 10
      vertex 0.375999 -19.0237 10
      vertex 0.562143 -19.0531 10
    endloop
  endfacet
  facet normal -0 0 1
    outer loop
      vertex 0 19 10
      vertex 19 0 10
      vertex 0.188371 19.0059 10
    endloop
  endfacet
  facet normal 0 0 1
    outer loop
      vertex 19 0 10
      vertex 0.188371 -19.0059 10
      vertex 0.375999 -19.0237 10
    endloop
  endfacet
  facet normal 0 0 1
    outer loop
      vertex 0 -19 10
      vertex 19 0 10
      vertex 0 19 10
    endloop
  endfacet
  facet normal 0 0 1
    outer loop
      vertex 19 0 10
      vertex 0 -19 10
      vertex 0.188371 -19.0059 10
    endloop
  endfacet
  facet normal 0 0 1
    outer loop
      vertex -19 0 10
      vertex 0 19 10
      vertex -0.188371 19.0059 10
    endloop
  endfacet
  facet normal 0 0 1
    outer loop
      vertex 0 19 10
      vertex -19 0 10
      vertex 0 -19 10
    endloop
  endfacet
  facet normal 0 0 1
    outer loop
      vertex -19.0059 0.188371 10
      vertex -0.188371 19.0059 10
      vertex -0.375999 19.0237 10
    endloop
  endfacet
  facet normal 0 0 1
    outer loop
      vertex 0 -19 10
      vertex -19 0 10
      vertex -0.188371 -19.0059 10
    endloop
  endfacet
  facet normal 0 0 1
    outer loop
      vertex -19.0237 0.375999 10
      vertex -0.375999 19.0237 10
      vertex -0.562143 19.0531 10
    endloop
  endfacet
  facet normal -0 0 1
    outer loop
      vertex -19.0059 -0.188371 10
      vertex -0.188371 -19.0059 10
      vertex -19 0 10
    endloop
  endfacet
  facet normal 0 0 1
    outer loop
      vertex -19.0237 0.375999 10
      vertex -0.562143 19.0531 10
      vertex -0.746069 19.0942 10
    endloop
  endfacet
  facet normal 0 0 1
    outer loop
      vertex -0.188371 -19.0059 10
      vertex -19.0059 -0.188371 10
      vertex -0.375999 -19.0237 10
    endloop
  endfacet
  facet normal 0 0 1
    outer loop
      vertex -19.0237 0.375999 10
      vertex -0.746069 19.0942 10
      vertex -0.927051 19.1468 10
    endloop
  endfacet
  facet normal -0 0 1
    outer loop
      vertex -19.0237 -0.375999 10
      vertex -0.375999 -19.0237 10
      vertex -19.0059 -0.188371 10
    endloop
  endfacet
  facet normal 0 0 1
    outer loop
      vertex -19.0237 0.375999 10
      vertex -0.927051 19.1468 10
      vertex -1.10437 19.2107 10
    endloop
  endfacet
  facet normal 0 0 1
    outer loop
      vertex -0.375999 -19.0237 10
      vertex -19.0237 -0.375999 10
      vertex -0.562143 -19.0531 10
    endloop
  endfacet
  facet normal 0 0 1
    outer loop
      vertex -19.0237 0.375999 10
      vertex -1.10437 19.2107 10
      vertex -1.27734 19.2855 10
    endloop
  endfacet
  facet normal -0 0 1
    outer loop
      vertex -19.0531 -0.562143 10
      vertex -0.562143 -19.0531 10
      vertex -19.0237 -0.375999 10
    endloop
  endfacet
  facet normal 0 0 1
    outer loop
      vertex -19.0237 0.375999 10
      vertex -1.27734 19.2855 10
      vertex -1.44526 19.3711 10
    endloop
  endfacet
  facet normal 0 0 1
    outer loop
      vertex -0.562143 -19.0531 10
      vertex -19.0531 -0.562143 10
      vertex -0.746069 -19.0942 10
    endloop
  endfacet
  facet normal 0 0 1
    outer loop
      vertex -19.0237 0.375999 10
      vertex -1.44526 19.3711 10
      vertex -1.60748 19.467 10
    endloop
  endfacet
  facet normal -0 0 1
    outer loop
      vertex -19.0942 -0.746069 10
      vertex -0.746069 -19.0942 10
      vertex -19.0531 -0.562143 10
    endloop
  endfacet
  facet normal 0 0 1
    outer loop
      vertex -19.0237 0.375999 10
      vertex -1.60748 19.467 10
      vertex -1.76336 19.5729 10
    endloop
  endfacet
  facet normal 0 0 1
    outer loop
      vertex -0.746069 -19.0942 10
      vertex -19.0942 -0.746069 10
      vertex -0.927051 -19.1468 10
    endloop
  endfacet
  facet normal 0 0 1
    outer loop
      vertex -19.0237 0.375999 10
      vertex -1.76336 19.5729 10
      vertex -1.91227 19.6885 10
    endloop
  endfacet
  facet normal -0 0 1
    outer loop
      vertex -19.1468 -0.927051 10
      vertex -0.927051 -19.1468 10
      vertex -19.0942 -0.746069 10
    endloop
  endfacet
  facet normal 0 0 1
    outer loop
      vertex -19.0237 0.375999 10
      vertex -1.91227 19.6885 10
      vertex -2.05364 19.8131 10
    endloop
  endfacet
  facet normal 0 0 1
    outer loop
      vertex -0.927051 -19.1468 10
      vertex -19.1468 -0.927051 10
      vertex -1.10437 -19.2107 10
    endloop
  endfacet
  facet normal 0 0 1
    outer loop
      vertex -19.0237 0.375999 10
      vertex -2.05364 19.8131 10
      vertex -2.18691 19.9464 10
    endloop
  endfacet
  facet normal -0 0 1
    outer loop
      vertex -19.2107 -1.10437 10
      vertex -1.10437 -19.2107 10
      vertex -19.1468 -0.927051 10
    endloop
  endfacet
  facet normal 0 0 1
    outer loop
      vertex -19.0237 0.375999 10
      vertex -2.18691 19.9464 10
      vertex -2.31154 20.0877 10
    endloop
  endfacet
  facet normal 0 0 1
    outer loop
      vertex -1.10437 -19.2107 10
      vertex -19.2107 -1.10437 10
      vertex -1.27734 -19.2855 10
    endloop
  endfacet
  facet normal 0 0 1
    outer loop
      vertex -19.0237 0.375999 10
      vertex -2.31154 20.0877 10
      vertex -2.42705 20.2366 10
    endloop
  endfacet
  facet normal -0 0 1
    outer loop
      vertex -19.2855 -1.27734 10
      vertex -1.27734 -19.2855 10
      vertex -19.2107 -1.10437 10
    endloop
  endfacet
  facet normal 0 0 1
    outer loop
      vertex -19.0237 0.375999 10
      vertex -2.42705 20.2366 10
      vertex -2.53298 20.3925 10
    endloop
  endfacet
  facet normal 0 0 1
    outer loop
      vertex -1.27734 -19.2855 10
      vertex -19.2855 -1.27734 10
      vertex -1.44526 -19.3711 10
    endloop
  endfacet
  facet normal 0 0 1
    outer loop
      vertex -19.0237 0.375999 10
      vertex -2.53298 20.3925 10
      vertex -2.62892 20.5547 10
    endloop
  endfacet
  facet normal 0 0 1
    outer loop
      vertex -2.31154 -20.0877 10
      vertex -17.6336 -24.2705 10
      vertex -2.42705 -20.2366 10
    endloop
  endfacet
  facet normal 0 0 1
    outer loop
      vertex -19.0237 0.375999 10
      vertex -2.62892 20.5547 10
      vertex -2.71448 20.7227 10
    endloop
  endfacet
  facet normal 0 0 1
    outer loop
      vertex -2.42705 -20.2366 10
      vertex -17.6336 -24.2705 10
      vertex -2.53298 -20.3925 10
    endloop
  endfacet
  facet normal 0 0 1
    outer loop
      vertex -19.0237 0.375999 10
      vertex -2.71448 20.7227 10
      vertex -2.78933 20.8956 10
    endloop
  endfacet
  facet normal 0 0 1
    outer loop
      vertex -2.53298 -20.3925 10
      vertex -17.6336 -24.2705 10
      vertex -2.62892 -20.5547 10
    endloop
  endfacet
  facet normal 0 0 1
    outer loop
      vertex -19.0237 0.375999 10
      vertex -2.78933 20.8956 10
      vertex -2.85317 21.0729 10
    endloop
  endfacet
  facet normal 0 0 1
    outer loop
      vertex -2.62892 -20.5547 10
      vertex -17.6336 -24.2705 10
      vertex -2.71448 -20.7227 10
    endloop
  endfacet
  facet normal 0 0 1
    outer loop
      vertex -19.0237 0.375999 10
      vertex -2.85317 21.0729 10
      vertex -2.90575 21.2539 10
    endloop
  endfacet
  facet normal 0 0 1
    outer loop
      vertex -2.71448 -20.7227 10
      vertex -17.6336 -24.2705 10
      vertex -2.78933 -20.8956 10
    endloop
  endfacet
  facet normal 0 0 1
    outer loop
      vertex -19.0237 0.375999 10
      vertex -2.90575 21.2539 10
      vertex -2.94686 21.4379 10
    endloop
  endfacet
  facet normal 0 -0 1
    outer loop
      vertex -16.0748 -25.3298 10
      vertex -2.78933 -20.8956 10
      vertex -17.6336 -24.2705 10
    endloop
  endfacet
  facet normal 0 0 1
    outer loop
      vertex -19.0237 0.375999 10
      vertex -2.94686 21.4379 10
      vertex -2.97634 21.624 10
    endloop
  endfacet
  facet normal 0 0 1
    outer loop
      vertex -2.78933 -20.8956 10
      vertex -16.0748 -25.3298 10
      vertex -2.85317 -21.0729 10
    endloop
  endfacet
  facet normal 0 0 1
    outer loop
      vertex -19.0237 0.375999 10
      vertex -2.97634 21.624 10
      vertex -2.99408 21.8116 10
    endloop
  endfacet
  facet normal 0 -0 1
    outer loop
      vertex -14.4526 -26.2892 10
      vertex -2.85317 -21.0729 10
      vertex -16.0748 -25.3298 10
    endloop
  endfacet
  facet normal 0 0 1
    outer loop
      vertex -19.0237 0.375999 10
      vertex -2.99408 21.8116 10
      vertex -3 22 10
    endloop
  endfacet
  facet normal 0 0 1
    outer loop
      vertex -2.85317 -21.0729 10
      vertex -14.4526 -26.2892 10
      vertex -2.90575 -21.2539 10
    endloop
  endfacet
  facet normal -0 0 1
    outer loop
      vertex 2.94686 -22.5621 10
      vertex 9.27051 -28.5317 10
      vertex 2.97634 -22.376 10
    endloop
  endfacet
  facet normal -0 0 1
    outer loop
      vertex 2.90575 -22.7461 10
      vertex 9.27051 -28.5317 10
      vertex 2.94686 -22.5621 10
    endloop
  endfacet
  facet normal -0 0 1
    outer loop
      vertex 2.85317 -22.9271 10
      vertex 9.27051 -28.5317 10
      vertex 2.90575 -22.7461 10
    endloop
  endfacet
  facet normal 0 0 1
    outer loop
      vertex 9.27051 -28.5317 10
      vertex 2.85317 -22.9271 10
      vertex 7.4607 -29.0575 10
    endloop
  endfacet
  facet normal -0 0 1
    outer loop
      vertex 2.78933 -23.1044 10
      vertex 7.4607 -29.0575 10
      vertex 2.85317 -22.9271 10
    endloop
  endfacet
  facet normal -0 0 1
    outer loop
      vertex 2.71448 -23.2773 10
      vertex 7.4607 -29.0575 10
      vertex 2.78933 -23.1044 10
    endloop
  endfacet
  facet normal -0 0 1
    outer loop
      vertex 2.62892 -23.4453 10
      vertex 7.4607 -29.0575 10
      vertex 2.71448 -23.2773 10
    endloop
  endfacet
  facet normal -0 0 1
    outer loop
      vertex 2.53298 -23.6075 10
      vertex 7.4607 -29.0575 10
      vertex 2.62892 -23.4453 10
    endloop
  endfacet
  facet normal 0 0 1
    outer loop
      vertex 7.4607 -29.0575 10
      vertex 2.53298 -23.6075 10
      vertex 5.62144 -29.4686 10
    endloop
  endfacet
  facet normal -0 0 1
    outer loop
      vertex 2.42705 -23.7634 10
      vertex 5.62144 -29.4686 10
      vertex 2.53298 -23.6075 10
    endloop
  endfacet
  facet normal -0 0 1
    outer loop
      vertex 2.31154 -23.9123 10
      vertex 5.62144 -29.4686 10
      vertex 2.42705 -23.7634 10
    endloop
  endfacet
  facet normal -0 0 1
    outer loop
      vertex 2.18691 -24.0536 10
      vertex 5.62144 -29.4686 10
      vertex 2.31154 -23.9123 10
    endloop
  endfacet
  facet normal -0 0 1
    outer loop
      vertex 2.05364 -24.1869 10
      vertex 5.62144 -29.4686 10
      vertex 2.18691 -24.0536 10
    endloop
  endfacet
  facet normal 0 0 1
    outer loop
      vertex 5.62144 -29.4686 10
      vertex 2.05364 -24.1869 10
      vertex 3.76 -29.7634 10
    endloop
  endfacet
  facet normal -0 0 1
    outer loop
      vertex 1.91227 -24.3115 10
      vertex 3.76 -29.7634 10
      vertex 2.05364 -24.1869 10
    endloop
  endfacet
  facet normal -0 0 1
    outer loop
      vertex 1.76336 -24.4271 10
      vertex 3.76 -29.7634 10
      vertex 1.91227 -24.3115 10
    endloop
  endfacet
  facet normal -0 0 1
    outer loop
      vertex 1.60748 -24.533 10
      vertex 3.76 -29.7634 10
      vertex 1.76336 -24.4271 10
    endloop
  endfacet
  facet normal -0 0 1
    outer loop
      vertex 1.44526 -24.6289 10
      vertex 3.76 -29.7634 10
      vertex 1.60748 -24.533 10
    endloop
  endfacet
  facet normal -0 0 1
    outer loop
      vertex 1.27734 -24.7145 10
      vertex 3.76 -29.7634 10
      vertex 1.44526 -24.6289 10
    endloop
  endfacet
  facet normal 0 0 1
    outer loop
      vertex 3.76 -29.7634 10
      vertex 1.27734 -24.7145 10
      vertex 1.88371 -29.9408 10
    endloop
  endfacet
  facet normal -0 0 1
    outer loop
      vertex 1.10437 -24.7893 10
      vertex 1.88371 -29.9408 10
      vertex 1.27734 -24.7145 10
    endloop
  endfacet
  facet normal -0 0 1
    outer loop
      vertex 0.927051 -24.8532 10
      vertex 1.88371 -29.9408 10
      vertex 1.10437 -24.7893 10
    endloop
  endfacet
  facet normal -0 0 1
    outer loop
      vertex 0.746069 -24.9058 10
      vertex 1.88371 -29.9408 10
      vertex 0.927051 -24.8532 10
    endloop
  endfacet
  facet normal -0 0 1
    outer loop
      vertex 0.562143 -24.9469 10
      vertex 1.88371 -29.9408 10
      vertex 0.746069 -24.9058 10
    endloop
  endfacet
  facet normal -0 0 1
    outer loop
      vertex 0.375999 -24.9763 10
      vertex 1.88371 -29.9408 10
      vertex 0.562143 -24.9469 10
    endloop
  endfacet
  facet normal 0 0 1
    outer loop
      vertex 0 -30 10
      vertex 0.375999 -24.9763 10
      vertex 0.188371 -24.9941 10
    endloop
  endfacet
  facet normal 0 0 1
    outer loop
      vertex 0 -30 10
      vertex 0.188371 -24.9941 10
      vertex 0 -25 10
    endloop
  endfacet
  facet normal 0 0 1
    outer loop
      vertex 0.375999 -24.9763 10
      vertex 0 -30 10
      vertex 1.88371 -29.9408 10
    endloop
  endfacet
  facet normal 0 0 1
    outer loop
      vertex -0.188371 -24.9941 10
      vertex 0 -30 10
      vertex 0 -25 10
    endloop
  endfacet
  facet normal 0 0 1
    outer loop
      vertex -0.375999 -24.9763 10
      vertex 0 -30 10
      vertex -0.188371 -24.9941 10
    endloop
  endfacet
  facet normal 0 0 1
    outer loop
      vertex -0.562143 -24.9469 10
      vertex 0 -30 10
      vertex -0.375999 -24.9763 10
    endloop
  endfacet
  facet normal 0 0 1
    outer loop
      vertex -1.88371 -29.9408 10
      vertex -0.562143 -24.9469 10
      vertex -0.746069 -24.9058 10
    endloop
  endfacet
  facet normal 0 0 1
    outer loop
      vertex -1.88371 -29.9408 10
      vertex -0.746069 -24.9058 10
      vertex -0.927051 -24.8532 10
    endloop
  endfacet
  facet normal 0 0 1
    outer loop
      vertex -1.88371 -29.9408 10
      vertex -0.927051 -24.8532 10
      vertex -1.10437 -24.7893 10
    endloop
  endfacet
  facet normal 0 0 1
    outer loop
      vertex -1.88371 -29.9408 10
      vertex -1.10437 -24.7893 10
      vertex -1.27734 -24.7145 10
    endloop
  endfacet
  facet normal 0 0 1
    outer loop
      vertex -3.76 -29.7634 10
      vertex -1.27734 -24.7145 10
      vertex -1.44526 -24.6289 10
    endloop
  endfacet
  facet normal 0 0 1
    outer loop
      vertex -3.76 -29.7634 10
      vertex -1.44526 -24.6289 10
      vertex -1.60748 -24.533 10
    endloop
  endfacet
  facet normal 0 0 1
    outer loop
      vertex -3.76 -29.7634 10
      vertex -1.60748 -24.533 10
      vertex -1.76336 -24.4271 10
    endloop
  endfacet
  facet normal 0 0 1
    outer loop
      vertex -0.562143 -24.9469 10
      vertex -1.88371 -29.9408 10
      vertex 0 -30 10
    endloop
  endfacet
  facet normal 0 0 1
    outer loop
      vertex -3.76 -29.7634 10
      vertex -1.76336 -24.4271 10
      vertex -1.91227 -24.3115 10
    endloop
  endfacet
  facet normal 0 0 1
    outer loop
      vertex -3.76 -29.7634 10
      vertex -1.91227 -24.3115 10
      vertex -2.05364 -24.1869 10
    endloop
  endfacet
  facet normal 0 0 1
    outer loop
      vertex -5.62144 -29.4686 10
      vertex -2.05364 -24.1869 10
      vertex -2.18691 -24.0536 10
    endloop
  endfacet
  facet normal 0 0 1
    outer loop
      vertex -5.62144 -29.4686 10
      vertex -2.18691 -24.0536 10
      vertex -2.31154 -23.9123 10
    endloop
  endfacet
  facet normal 0 0 1
    outer loop
      vertex -5.62144 -29.4686 10
      vertex -2.31154 -23.9123 10
      vertex -2.42705 -23.7634 10
    endloop
  endfacet
  facet normal 0 0 1
    outer loop
      vertex -5.62144 -29.4686 10
      vertex -2.42705 -23.7634 10
      vertex -2.53298 -23.6075 10
    endloop
  endfacet
  facet normal 0 0 1
    outer loop
      vertex -7.4607 -29.0575 10
      vertex -2.53298 -23.6075 10
      vertex -2.62892 -23.4453 10
    endloop
  endfacet
  facet normal 0 0 1
    outer loop
      vertex -7.4607 -29.0575 10
      vertex -2.62892 -23.4453 10
      vertex -2.71448 -23.2773 10
    endloop
  endfacet
  facet normal 0 0 1
    outer loop
      vertex -7.4607 -29.0575 10
      vertex -2.71448 -23.2773 10
      vertex -2.78933 -23.1044 10
    endloop
  endfacet
  facet normal 0 0 1
    outer loop
      vertex -7.4607 -29.0575 10
      vertex -2.78933 -23.1044 10
      vertex -2.85317 -22.9271 10
    endloop
  endfacet
  facet normal 0 0 1
    outer loop
      vertex -9.27051 -28.5317 10
      vertex -2.85317 -22.9271 10
      vertex -2.90575 -22.7461 10
    endloop
  endfacet
  facet normal 0 0 1
    outer loop
      vertex -9.27051 -28.5317 10
      vertex -2.90575 -22.7461 10
      vertex -2.94686 -22.5621 10
    endloop
  endfacet
  facet normal 0 0 1
    outer loop
      vertex -9.27051 -28.5317 10
      vertex -2.94686 -22.5621 10
      vertex -2.97634 -22.376 10
    endloop
  endfacet
  facet normal 0 0 1
    outer loop
      vertex -1.27734 -24.7145 10
      vertex -3.76 -29.7634 10
      vertex -1.88371 -29.9408 10
    endloop
  endfacet
  facet normal 0 0 1
    outer loop
      vertex -11.0437 -27.8933 10
      vertex -2.97634 -22.376 10
      vertex -2.99408 -22.1884 10
    endloop
  endfacet
  facet normal 0 0 1
    outer loop
      vertex -11.0437 -27.8933 10
      vertex -2.99408 -22.1884 10
      vertex -3 -22 10
    endloop
  endfacet
  facet normal 0 0 1
    outer loop
      vertex -0.375999 19.0237 10
      vertex -19.0237 0.375999 10
      vertex -19.0059 0.188371 10
    endloop
  endfacet
  facet normal 0 0 1
    outer loop
      vertex -19.2855 1.27734 10
      vertex -3.76 29.7634 10
      vertex -5.62144 29.4686 10
    endloop
  endfacet
  facet normal 0 -0 1
    outer loop
      vertex -12.7734 -27.1448 10
      vertex -2.94686 -21.4379 10
      vertex -14.4526 -26.2892 10
    endloop
  endfacet
  facet normal 0 0 1
    outer loop
      vertex -19.3711 1.44526 10
      vertex -5.62144 29.4686 10
      vertex -7.4607 29.0575 10
    endloop
  endfacet
  facet normal 0 0 1
    outer loop
      vertex -2.05364 -24.1869 10
      vertex -5.62144 -29.4686 10
      vertex -3.76 -29.7634 10
    endloop
  endfacet
  facet normal 0 0 1
    outer loop
      vertex -19.3711 1.44526 10
      vertex -7.4607 29.0575 10
      vertex -9.27051 28.5317 10
    endloop
  endfacet
  facet normal 0 0 1
    outer loop
      vertex -2.53298 -23.6075 10
      vertex -7.4607 -29.0575 10
      vertex -5.62144 -29.4686 10
    endloop
  endfacet
  facet normal 0 0 1
    outer loop
      vertex -19.467 1.60748 10
      vertex -9.27051 28.5317 10
      vertex -11.0437 27.8933 10
    endloop
  endfacet
  facet normal 0 0 1
    outer loop
      vertex -2.85317 -22.9271 10
      vertex -9.27051 -28.5317 10
      vertex -7.4607 -29.0575 10
    endloop
  endfacet
  facet normal 0 0 1
    outer loop
      vertex -19.467 1.60748 10
      vertex -11.0437 27.8933 10
      vertex -12.7734 27.1448 10
    endloop
  endfacet
  facet normal 0 0 1
    outer loop
      vertex -2.97634 -22.376 10
      vertex -11.0437 -27.8933 10
      vertex -9.27051 -28.5317 10
    endloop
  endfacet
  facet normal 0 0 1
    outer loop
      vertex -19.5729 1.76336 10
      vertex -12.7734 27.1448 10
      vertex -14.4526 26.2892 10
    endloop
  endfacet
  facet normal 0 0 1
    outer loop
      vertex -3 -22 10
      vertex -12.7734 -27.1448 10
      vertex -11.0437 -27.8933 10
    endloop
  endfacet
  facet normal 0 0 1
    outer loop
      vertex -19.6885 1.91227 10
      vertex -14.4526 26.2892 10
      vertex -16.0748 25.3298 10
    endloop
  endfacet
  facet normal 0 0 1
    outer loop
      vertex -2.99408 -21.8116 10
      vertex -12.7734 -27.1448 10
      vertex -3 -22 10
    endloop
  endfacet
  facet normal 0 0 1
    outer loop
      vertex -19.6885 1.91227 10
      vertex -16.0748 25.3298 10
      vertex -17.6336 24.2705 10
    endloop
  endfacet
  facet normal 0 0 1
    outer loop
      vertex -2.97634 -21.624 10
      vertex -12.7734 -27.1448 10
      vertex -2.99408 -21.8116 10
    endloop
  endfacet
  facet normal 0 0 1
    outer loop
      vertex -2.94686 -21.4379 10
      vertex -12.7734 -27.1448 10
      vertex -2.97634 -21.624 10
    endloop
  endfacet
  facet normal 0 0 1
    outer loop
      vertex -2.90575 -21.2539 10
      vertex -14.4526 -26.2892 10
      vertex -2.94686 -21.4379 10
    endloop
  endfacet
  facet normal 0 0 1
    outer loop
      vertex -0.188371 19.0059 10
      vertex -19.0059 0.188371 10
      vertex -19 0 10
    endloop
  endfacet
  facet normal 0 0 1
    outer loop
      vertex -3.76 29.7634 10
      vertex -19.0531 0.562143 10
      vertex -19.0237 0.375999 10
    endloop
  endfacet
  facet normal 0 0 1
    outer loop
      vertex -3.76 29.7634 10
      vertex -19.0942 0.746069 10
      vertex -19.0531 0.562143 10
    endloop
  endfacet
  facet normal 0 0 1
    outer loop
      vertex -19.8131 2.05364 10
      vertex -17.6336 24.2705 10
      vertex -19.1227 23.1154 10
    endloop
  endfacet
  facet normal 0 0 1
    outer loop
      vertex -3.76 29.7634 10
      vertex -19.1468 0.927051 10
      vertex -19.0942 0.746069 10
    endloop
  endfacet
  facet normal 0 0 1
    outer loop
      vertex -3.76 29.7634 10
      vertex -19.2107 1.10437 10
      vertex -19.1468 0.927051 10
    endloop
  endfacet
  facet normal 0 0 1
    outer loop
      vertex -3.76 29.7634 10
      vertex -19.2855 1.27734 10
      vertex -19.2107 1.10437 10
    endloop
  endfacet
  facet normal 0 0 1
    outer loop
      vertex -5.62144 29.4686 10
      vertex -19.3711 1.44526 10
      vertex -19.2855 1.27734 10
    endloop
  endfacet
  facet normal 0 0 1
    outer loop
      vertex -9.27051 28.5317 10
      vertex -19.467 1.60748 10
      vertex -19.3711 1.44526 10
    endloop
  endfacet
  facet normal 0 0 1
    outer loop
      vertex -12.7734 27.1448 10
      vertex -19.5729 1.76336 10
      vertex -19.467 1.60748 10
    endloop
  endfacet
  facet normal 0 0 1
    outer loop
      vertex -14.4526 26.2892 10
      vertex -19.6885 1.91227 10
      vertex -19.5729 1.76336 10
    endloop
  endfacet
  facet normal 0 0 1
    outer loop
      vertex -17.6336 24.2705 10
      vertex -19.8131 2.05364 10
      vertex -19.6885 1.91227 10
    endloop
  endfacet
  facet normal 0 0 1
    outer loop
      vertex -19.1227 23.1154 10
      vertex -19.9464 2.18691 10
      vertex -19.8131 2.05364 10
    endloop
  endfacet
  facet normal -0 0 1
    outer loop
      vertex -20.5364 21.8691 10
      vertex -19.9464 2.18691 10
      vertex -19.1227 23.1154 10
    endloop
  endfacet
  facet normal 0 0 1
    outer loop
      vertex -19.9464 2.18691 10
      vertex -20.5364 21.8691 10
      vertex -20.0877 2.31154 10
    endloop
  endfacet
  facet normal -0 0 1
    outer loop
      vertex -21.8691 20.5364 10
      vertex -20.0877 2.31154 10
      vertex -20.5364 21.8691 10
    endloop
  endfacet
  facet normal 0 0 1
    outer loop
      vertex -20.0877 2.31154 10
      vertex -21.8691 20.5364 10
      vertex -20.2366 2.42705 10
    endloop
  endfacet
  facet normal 0 0 1
    outer loop
      vertex -20.2366 2.42705 10
      vertex -21.8691 20.5364 10
      vertex -20.3925 2.53298 10
    endloop
  endfacet
  facet normal -0 0 1
    outer loop
      vertex -23.1154 19.1227 10
      vertex -20.3925 2.53298 10
      vertex -21.8691 20.5364 10
    endloop
  endfacet
  facet normal 0 0 1
    outer loop
      vertex -20.3925 2.53298 10
      vertex -23.1154 19.1227 10
      vertex -20.5547 2.62892 10
    endloop
  endfacet
  facet normal -0 0 1
    outer loop
      vertex -24.2705 17.6336 10
      vertex -20.5547 2.62892 10
      vertex -23.1154 19.1227 10
    endloop
  endfacet
  facet normal 0 0 1
    outer loop
      vertex -20.5547 2.62892 10
      vertex -24.2705 17.6336 10
      vertex -20.7227 2.71448 10
    endloop
  endfacet
  facet normal 0 0 1
    outer loop
      vertex -20.7227 2.71448 10
      vertex -24.2705 17.6336 10
      vertex -20.8956 2.78933 10
    endloop
  endfacet
  facet normal -0 0 1
    outer loop
      vertex -25.3298 16.0748 10
      vertex -20.8956 2.78933 10
      vertex -24.2705 17.6336 10
    endloop
  endfacet
  facet normal 0 0 1
    outer loop
      vertex -20.8956 2.78933 10
      vertex -25.3298 16.0748 10
      vertex -21.0729 2.85317 10
    endloop
  endfacet
  facet normal -0 0 1
    outer loop
      vertex -26.2892 14.4526 10
      vertex -21.0729 2.85317 10
      vertex -25.3298 16.0748 10
    endloop
  endfacet
  facet normal 0 0 1
    outer loop
      vertex -21.0729 2.85317 10
      vertex -26.2892 14.4526 10
      vertex -21.2539 2.90575 10
    endloop
  endfacet
  facet normal 0 0 1
    outer loop
      vertex -21.2539 2.90575 10
      vertex -26.2892 14.4526 10
      vertex -21.4379 2.94686 10
    endloop
  endfacet
  facet normal -0 0 1
    outer loop
      vertex -27.1448 12.7734 10
      vertex -21.4379 2.94686 10
      vertex -26.2892 14.4526 10
    endloop
  endfacet
  facet normal 0 0 1
    outer loop
      vertex -21.4379 2.94686 10
      vertex -27.1448 12.7734 10
      vertex -21.624 2.97634 10
    endloop
  endfacet
  facet normal 0 0 1
    outer loop
      vertex -21.624 2.97634 10
      vertex -27.1448 12.7734 10
      vertex -21.8116 2.99408 10
    endloop
  endfacet
  facet normal 0 0 1
    outer loop
      vertex -21.8116 2.99408 10
      vertex -27.1448 12.7734 10
      vertex -22 3 10
    endloop
  endfacet
  facet normal -0 0 1
    outer loop
      vertex -27.8933 11.0437 10
      vertex -22 3 10
      vertex -27.1448 12.7734 10
    endloop
  endfacet
  facet normal 0 0 1
    outer loop
      vertex -22 3 10
      vertex -27.8933 11.0437 10
      vertex -22.1884 2.99408 10
    endloop
  endfacet
  facet normal 0 0 1
    outer loop
      vertex -22.1884 2.99408 10
      vertex -27.8933 11.0437 10
      vertex -22.376 2.97634 10
    endloop
  endfacet
  facet normal -0 0 1
    outer loop
      vertex -28.5317 9.27051 10
      vertex -22.376 2.97634 10
      vertex -27.8933 11.0437 10
    endloop
  endfacet
  facet normal 0 0 1
    outer loop
      vertex -22.376 2.97634 10
      vertex -28.5317 9.27051 10
      vertex -22.5621 2.94686 10
    endloop
  endfacet
  facet normal 0 0 1
    outer loop
      vertex -22.5621 2.94686 10
      vertex -28.5317 9.27051 10
      vertex -22.7461 2.90575 10
    endloop
  endfacet
  facet normal 0 0 1
    outer loop
      vertex -22.7461 2.90575 10
      vertex -28.5317 9.27051 10
      vertex -22.9271 2.85317 10
    endloop
  endfacet
  facet normal -0 0 1
    outer loop
      vertex -29.0575 7.4607 10
      vertex -22.9271 2.85317 10
      vertex -28.5317 9.27051 10
    endloop
  endfacet
  facet normal 0 0 1
    outer loop
      vertex -22.9271 2.85317 10
      vertex -29.0575 7.4607 10
      vertex -23.1044 2.78933 10
    endloop
  endfacet
  facet normal 0 0 1
    outer loop
      vertex -23.1044 2.78933 10
      vertex -29.0575 7.4607 10
      vertex -23.2773 2.71448 10
    endloop
  endfacet
  facet normal 0 0 1
    outer loop
      vertex -23.2773 2.71448 10
      vertex -29.0575 7.4607 10
      vertex -23.4453 2.62892 10
    endloop
  endfacet
  facet normal 0 0 1
    outer loop
      vertex -23.4453 2.62892 10
      vertex -29.0575 7.4607 10
      vertex -23.6075 2.53298 10
    endloop
  endfacet
  facet normal -0 0 1
    outer loop
      vertex -29.4686 5.62144 10
      vertex -23.6075 2.53298 10
      vertex -29.0575 7.4607 10
    endloop
  endfacet
  facet normal 0 0 1
    outer loop
      vertex -23.6075 2.53298 10
      vertex -29.4686 5.62144 10
      vertex -23.7634 2.42705 10
    endloop
  endfacet
  facet normal 0 0 1
    outer loop
      vertex -23.7634 2.42705 10
      vertex -29.4686 5.62144 10
      vertex -23.9123 2.31154 10
    endloop
  endfacet
  facet normal 0 0 1
    outer loop
      vertex -23.9123 2.31154 10
      vertex -29.4686 5.62144 10
      vertex -24.0536 2.18691 10
    endloop
  endfacet
  facet normal 0 0 1
    outer loop
      vertex -24.0536 2.18691 10
      vertex -29.4686 5.62144 10
      vertex -24.1869 2.05364 10
    endloop
  endfacet
  facet normal -0 0 1
    outer loop
      vertex -29.7634 3.76 10
      vertex -24.1869 2.05364 10
      vertex -29.4686 5.62144 10
    endloop
  endfacet
  facet normal 0 0 1
    outer loop
      vertex -24.1869 2.05364 10
      vertex -29.7634 3.76 10
      vertex -24.3115 1.91227 10
    endloop
  endfacet
  facet normal 0 0 1
    outer loop
      vertex -24.3115 1.91227 10
      vertex -29.7634 3.76 10
      vertex -24.4271 1.76336 10
    endloop
  endfacet
  facet normal 0 0 1
    outer loop
      vertex -24.4271 1.76336 10
      vertex -29.7634 3.76 10
      vertex -24.533 1.60748 10
    endloop
  endfacet
  facet normal 0 0 1
    outer loop
      vertex -24.6289 1.44526 10
      vertex -29.7634 3.76 10
      vertex -24.7145 1.27734 10
    endloop
  endfacet
  facet normal 0 0 1
    outer loop
      vertex -24.533 1.60748 10
      vertex -29.7634 3.76 10
      vertex -24.6289 1.44526 10
    endloop
  endfacet
  facet normal -0 0 1
    outer loop
      vertex 24.9763 0.375999 10
      vertex 30 0 10
      vertex 29.9408 1.88371 10
    endloop
  endfacet
  facet normal 0 0 1
    outer loop
      vertex 24.7145 1.27734 10
      vertex 29.9408 1.88371 10
      vertex 29.7634 3.76 10
    endloop
  endfacet
  facet normal 0 0 1
    outer loop
      vertex 30 0 10
      vertex 24.9763 0.375999 10
      vertex 24.9941 0.188371 10
    endloop
  endfacet
  facet normal 0 0 1
    outer loop
      vertex 24.1869 2.05364 10
      vertex 29.7634 3.76 10
      vertex 29.4686 5.62144 10
    endloop
  endfacet
  facet normal 0 0 1
    outer loop
      vertex 30 0 10
      vertex 24.9941 0.188371 10
      vertex 25 0 10
    endloop
  endfacet
  facet normal 0 0 1
    outer loop
      vertex 23.6075 2.53298 10
      vertex 29.4686 5.62144 10
      vertex 29.0575 7.4607 10
    endloop
  endfacet
  facet normal 0 0 1
    outer loop
      vertex 24.9763 -0.375999 10
      vertex 30 0 10
      vertex 24.9941 -0.188371 10
    endloop
  endfacet
  facet normal 0 0 1
    outer loop
      vertex 22.9271 2.85317 10
      vertex 29.0575 7.4607 10
      vertex 28.5317 9.27051 10
    endloop
  endfacet
  facet normal 0 0 1
    outer loop
      vertex 30 0 10
      vertex 24.9763 -0.375999 10
      vertex 29.9408 -1.88371 10
    endloop
  endfacet
  facet normal 0 0 1
    outer loop
      vertex 22.376 2.97634 10
      vertex 28.5317 9.27051 10
      vertex 27.8933 11.0437 10
    endloop
  endfacet
  facet normal -0 0 1
    outer loop
      vertex 24.9469 -0.562143 10
      vertex 29.9408 -1.88371 10
      vertex 24.9763 -0.375999 10
    endloop
  endfacet
  facet normal 0 0 1
    outer loop
      vertex 22 3 10
      vertex 27.8933 11.0437 10
      vertex 27.1448 12.7734 10
    endloop
  endfacet
  facet normal -0 0 1
    outer loop
      vertex 24.9058 -0.746069 10
      vertex 29.9408 -1.88371 10
      vertex 24.9469 -0.562143 10
    endloop
  endfacet
  facet normal 0 0 1
    outer loop
      vertex 21.4379 2.94686 10
      vertex 27.1448 12.7734 10
      vertex 26.2892 14.4526 10
    endloop
  endfacet
  facet normal -0 0 1
    outer loop
      vertex 24.8532 -0.927051 10
      vertex 29.9408 -1.88371 10
      vertex 24.9058 -0.746069 10
    endloop
  endfacet
  facet normal 0 0 1
    outer loop
      vertex 21.0729 2.85317 10
      vertex 26.2892 14.4526 10
      vertex 25.3298 16.0748 10
    endloop
  endfacet
  facet normal -0 0 1
    outer loop
      vertex 24.7145 -1.27734 10
      vertex 29.9408 -1.88371 10
      vertex 24.7893 -1.10437 10
    endloop
  endfacet
  facet normal 0 0 1
    outer loop
      vertex 29.9408 -1.88371 10
      vertex 24.7145 -1.27734 10
      vertex 29.7634 -3.76 10
    endloop
  endfacet
  facet normal -0 0 1
    outer loop
      vertex 24.7893 -1.10437 10
      vertex 29.9408 -1.88371 10
      vertex 24.8532 -0.927051 10
    endloop
  endfacet
  facet normal 0 0 1
    outer loop
      vertex 24.9941 -0.188371 10
      vertex 30 0 10
      vertex 25 0 10
    endloop
  endfacet
  facet normal 0 0 1
    outer loop
      vertex 29.9408 1.88371 10
      vertex 24.9469 0.562143 10
      vertex 24.9763 0.375999 10
    endloop
  endfacet
  facet normal 0 0 1
    outer loop
      vertex 29.9408 1.88371 10
      vertex 24.9058 0.746069 10
      vertex 24.9469 0.562143 10
    endloop
  endfacet
  facet normal 0 0 1
    outer loop
      vertex 29.9408 1.88371 10
      vertex 24.8532 0.927051 10
      vertex 24.9058 0.746069 10
    endloop
  endfacet
  facet normal 0 0 1
    outer loop
      vertex 29.9408 1.88371 10
      vertex 24.7893 1.10437 10
      vertex 24.8532 0.927051 10
    endloop
  endfacet
  facet normal 0 0 1
    outer loop
      vertex 29.9408 1.88371 10
      vertex 24.7145 1.27734 10
      vertex 24.7893 1.10437 10
    endloop
  endfacet
  facet normal 0 0 1
    outer loop
      vertex 29.7634 3.76 10
      vertex 24.6289 1.44526 10
      vertex 24.7145 1.27734 10
    endloop
  endfacet
  facet normal 0 0 1
    outer loop
      vertex 29.7634 3.76 10
      vertex 24.533 1.60748 10
      vertex 24.6289 1.44526 10
    endloop
  endfacet
  facet normal 0 0 1
    outer loop
      vertex 29.7634 3.76 10
      vertex 24.4271 1.76336 10
      vertex 24.533 1.60748 10
    endloop
  endfacet
  facet normal 0 0 1
    outer loop
      vertex 29.7634 3.76 10
      vertex 24.3115 1.91227 10
      vertex 24.4271 1.76336 10
    endloop
  endfacet
  facet normal 0 0 1
    outer loop
      vertex 20.8956 2.78933 10
      vertex 25.3298 16.0748 10
      vertex 24.2705 17.6336 10
    endloop
  endfacet
  facet normal 0 0 1
    outer loop
      vertex 29.7634 3.76 10
      vertex 24.1869 2.05364 10
      vertex 24.3115 1.91227 10
    endloop
  endfacet
  facet normal 0 0 1
    outer loop
      vertex 29.4686 5.62144 10
      vertex 24.0536 2.18691 10
      vertex 24.1869 2.05364 10
    endloop
  endfacet
  facet normal 0 0 1
    outer loop
      vertex 29.4686 5.62144 10
      vertex 23.9123 2.31154 10
      vertex 24.0536 2.18691 10
    endloop
  endfacet
  facet normal 0 0 1
    outer loop
      vertex 29.4686 5.62144 10
      vertex 23.7634 2.42705 10
      vertex 23.9123 2.31154 10
    endloop
  endfacet
  facet normal 0 0 1
    outer loop
      vertex 29.4686 5.62144 10
      vertex 23.6075 2.53298 10
      vertex 23.7634 2.42705 10
    endloop
  endfacet
  facet normal 0 0 1
    outer loop
      vertex 29.0575 7.4607 10
      vertex 23.4453 2.62892 10
      vertex 23.6075 2.53298 10
    endloop
  endfacet
  facet normal 0 0 1
    outer loop
      vertex 29.0575 7.4607 10
      vertex 23.2773 2.71448 10
      vertex 23.4453 2.62892 10
    endloop
  endfacet
  facet normal 0 0 1
    outer loop
      vertex 20.5547 2.62892 10
      vertex 24.2705 17.6336 10
      vertex 23.1154 19.1227 10
    endloop
  endfacet
  facet normal 0 0 1
    outer loop
      vertex 29.0575 7.4607 10
      vertex 23.1044 2.78933 10
      vertex 23.2773 2.71448 10
    endloop
  endfacet
  facet normal 0 0 1
    outer loop
      vertex 29.0575 7.4607 10
      vertex 22.9271 2.85317 10
      vertex 23.1044 2.78933 10
    endloop
  endfacet
  facet normal 0 0 1
    outer loop
      vertex 28.5317 9.27051 10
      vertex 22.7461 2.90575 10
      vertex 22.9271 2.85317 10
    endloop
  endfacet
  facet normal 0 0 1
    outer loop
      vertex 28.5317 9.27051 10
      vertex 22.5621 2.94686 10
      vertex 22.7461 2.90575 10
    endloop
  endfacet
  facet normal 0 0 1
    outer loop
      vertex 28.5317 9.27051 10
      vertex 22.376 2.97634 10
      vertex 22.5621 2.94686 10
    endloop
  endfacet
  facet normal 0 0 1
    outer loop
      vertex 27.8933 11.0437 10
      vertex 22.1884 2.99408 10
      vertex 22.376 2.97634 10
    endloop
  endfacet
  facet normal 0 0 1
    outer loop
      vertex 27.8933 11.0437 10
      vertex 22 3 10
      vertex 22.1884 2.99408 10
    endloop
  endfacet
  facet normal 0 0 1
    outer loop
      vertex 20.3925 2.53298 10
      vertex 23.1154 19.1227 10
      vertex 21.8691 20.5364 10
    endloop
  endfacet
  facet normal 0 0 1
    outer loop
      vertex 27.1448 12.7734 10
      vertex 21.8116 2.99408 10
      vertex 22 3 10
    endloop
  endfacet
  facet normal 0 0 1
    outer loop
      vertex 27.1448 12.7734 10
      vertex 21.624 2.97634 10
      vertex 21.8116 2.99408 10
    endloop
  endfacet
  facet normal 0 0 1
    outer loop
      vertex 27.1448 12.7734 10
      vertex 21.4379 2.94686 10
      vertex 21.624 2.97634 10
    endloop
  endfacet
  facet normal 0 0 1
    outer loop
      vertex 26.2892 14.4526 10
      vertex 21.2539 2.90575 10
      vertex 21.4379 2.94686 10
    endloop
  endfacet
  facet normal 0 0 1
    outer loop
      vertex 26.2892 14.4526 10
      vertex 21.0729 2.85317 10
      vertex 21.2539 2.90575 10
    endloop
  endfacet
  facet normal 0 0 1
    outer loop
      vertex 25.3298 16.0748 10
      vertex 20.8956 2.78933 10
      vertex 21.0729 2.85317 10
    endloop
  endfacet
  facet normal 0 0 1
    outer loop
      vertex 24.2705 17.6336 10
      vertex 20.7227 2.71448 10
      vertex 20.8956 2.78933 10
    endloop
  endfacet
  facet normal 0 0 1
    outer loop
      vertex 24.2705 17.6336 10
      vertex 20.5547 2.62892 10
      vertex 20.7227 2.71448 10
    endloop
  endfacet
  facet normal 0 0 1
    outer loop
      vertex 20.0877 2.31154 10
      vertex 21.8691 20.5364 10
      vertex 20.5364 21.8691 10
    endloop
  endfacet
  facet normal 0 0 1
    outer loop
      vertex 23.1154 19.1227 10
      vertex 20.3925 2.53298 10
      vertex 20.5547 2.62892 10
    endloop
  endfacet
  facet normal 0 0 1
    outer loop
      vertex 21.8691 20.5364 10
      vertex 20.2366 2.42705 10
      vertex 20.3925 2.53298 10
    endloop
  endfacet
  facet normal 0 0 1
    outer loop
      vertex 21.8691 20.5364 10
      vertex 20.0877 2.31154 10
      vertex 20.2366 2.42705 10
    endloop
  endfacet
  facet normal 0 0 1
    outer loop
      vertex 2.85317 21.0729 10
      vertex 14.4526 26.2892 10
      vertex 2.90575 21.2539 10
    endloop
  endfacet
  facet normal 0 0 1
    outer loop
      vertex 14.4526 26.2892 10
      vertex 2.85317 21.0729 10
      vertex 16.0748 25.3298 10
    endloop
  endfacet
  facet normal 0 0 1
    outer loop
      vertex 2.78933 20.8956 10
      vertex 16.0748 25.3298 10
      vertex 2.85317 21.0729 10
    endloop
  endfacet
  facet normal 0 0 1
    outer loop
      vertex 16.0748 25.3298 10
      vertex 2.78933 20.8956 10
      vertex 17.6336 24.2705 10
    endloop
  endfacet
  facet normal 0 0 1
    outer loop
      vertex 2.71448 20.7227 10
      vertex 17.6336 24.2705 10
      vertex 2.78933 20.8956 10
    endloop
  endfacet
  facet normal 0 0 1
    outer loop
      vertex 2.62892 20.5547 10
      vertex 17.6336 24.2705 10
      vertex 2.71448 20.7227 10
    endloop
  endfacet
  facet normal 0 0 1
    outer loop
      vertex 17.6336 24.2705 10
      vertex 2.62892 20.5547 10
      vertex 19.1227 23.1154 10
    endloop
  endfacet
  facet normal 0 0 1
    outer loop
      vertex 2.53298 20.3925 10
      vertex 19.1227 23.1154 10
      vertex 2.62892 20.5547 10
    endloop
  endfacet
  facet normal 0 0 1
    outer loop
      vertex 19.1227 23.1154 10
      vertex 2.53298 20.3925 10
      vertex 20.5364 21.8691 10
    endloop
  endfacet
  facet normal 0 0 1
    outer loop
      vertex 2.90575 21.2539 10
      vertex 14.4526 26.2892 10
      vertex 2.94686 21.4379 10
    endloop
  endfacet
  facet normal 0 0 1
    outer loop
      vertex 2.42705 20.2366 10
      vertex 20.5364 21.8691 10
      vertex 2.53298 20.3925 10
    endloop
  endfacet
  facet normal 0 0 1
    outer loop
      vertex 2.31154 20.0877 10
      vertex 20.5364 21.8691 10
      vertex 2.42705 20.2366 10
    endloop
  endfacet
  facet normal 0 0 1
    outer loop
      vertex 20.5364 21.8691 10
      vertex 2.31154 20.0877 10
      vertex 20.0877 2.31154 10
    endloop
  endfacet
  facet normal 0 0 1
    outer loop
      vertex 20.0877 2.31154 10
      vertex 2.31154 20.0877 10
      vertex 19.9464 2.18691 10
    endloop
  endfacet
  facet normal -0 0 1
    outer loop
      vertex 2.18691 19.9464 10
      vertex 19.9464 2.18691 10
      vertex 2.31154 20.0877 10
    endloop
  endfacet
  facet normal 0 0 1
    outer loop
      vertex 12.7734 27.1448 10
      vertex 2.94686 21.4379 10
      vertex 14.4526 26.2892 10
    endloop
  endfacet
  facet normal -0 0 1
    outer loop
      vertex 24.6289 -1.44526 10
      vertex 29.7634 -3.76 10
      vertex 24.7145 -1.27734 10
    endloop
  endfacet
  facet normal -0 0 1
    outer loop
      vertex 24.533 -1.60748 10
      vertex 29.7634 -3.76 10
      vertex 24.6289 -1.44526 10
    endloop
  endfacet
  facet normal -0 0 1
    outer loop
      vertex 24.4271 -1.76336 10
      vertex 29.7634 -3.76 10
      vertex 24.533 -1.60748 10
    endloop
  endfacet
  facet normal -0 0 1
    outer loop
      vertex 24.3115 -1.91227 10
      vertex 29.7634 -3.76 10
      vertex 24.4271 -1.76336 10
    endloop
  endfacet
  facet normal -0 0 1
    outer loop
      vertex 24.1869 -2.05364 10
      vertex 29.7634 -3.76 10
      vertex 24.3115 -1.91227 10
    endloop
  endfacet
  facet normal 0 0 1
    outer loop
      vertex 29.7634 -3.76 10
      vertex 24.1869 -2.05364 10
      vertex 29.4686 -5.62144 10
    endloop
  endfacet
  facet normal -0 0 1
    outer loop
      vertex 24.0536 -2.18691 10
      vertex 29.4686 -5.62144 10
      vertex 24.1869 -2.05364 10
    endloop
  endfacet
  facet normal -0 0 1
    outer loop
      vertex 23.9123 -2.31154 10
      vertex 29.4686 -5.62144 10
      vertex 24.0536 -2.18691 10
    endloop
  endfacet
  facet normal -0 0 1
    outer loop
      vertex 23.7634 -2.42705 10
      vertex 29.4686 -5.62144 10
      vertex 23.9123 -2.31154 10
    endloop
  endfacet
  facet normal -0 0 1
    outer loop
      vertex 23.6075 -2.53298 10
      vertex 29.4686 -5.62144 10
      vertex 23.7634 -2.42705 10
    endloop
  endfacet
  facet normal 0 0 1
    outer loop
      vertex 29.4686 -5.62144 10
      vertex 23.6075 -2.53298 10
      vertex 29.0575 -7.4607 10
    endloop
  endfacet
  facet normal -0 0 1
    outer loop
      vertex 23.4453 -2.62892 10
      vertex 29.0575 -7.4607 10
      vertex 23.6075 -2.53298 10
    endloop
  endfacet
  facet normal -0 0 1
    outer loop
      vertex 23.2773 -2.71448 10
      vertex 29.0575 -7.4607 10
      vertex 23.4453 -2.62892 10
    endloop
  endfacet
  facet normal -0 0 1
    outer loop
      vertex 23.1044 -2.78933 10
      vertex 29.0575 -7.4607 10
      vertex 23.2773 -2.71448 10
    endloop
  endfacet
  facet normal -0 0 1
    outer loop
      vertex 22.9271 -2.85317 10
      vertex 29.0575 -7.4607 10
      vertex 23.1044 -2.78933 10
    endloop
  endfacet
  facet normal 0 0 1
    outer loop
      vertex 29.0575 -7.4607 10
      vertex 22.9271 -2.85317 10
      vertex 28.5317 -9.27051 10
    endloop
  endfacet
  facet normal -0 0 1
    outer loop
      vertex 22.7461 -2.90575 10
      vertex 28.5317 -9.27051 10
      vertex 22.9271 -2.85317 10
    endloop
  endfacet
  facet normal -0 0 1
    outer loop
      vertex 22.5621 -2.94686 10
      vertex 28.5317 -9.27051 10
      vertex 22.7461 -2.90575 10
    endloop
  endfacet
  facet normal -0 0 1
    outer loop
      vertex 22.376 -2.97634 10
      vertex 28.5317 -9.27051 10
      vertex 22.5621 -2.94686 10
    endloop
  endfacet
  facet normal 0 0 1
    outer loop
      vertex 28.5317 -9.27051 10
      vertex 22.376 -2.97634 10
      vertex 27.8933 -11.0437 10
    endloop
  endfacet
  facet normal -0 0 1
    outer loop
      vertex 22.1884 -2.99408 10
      vertex 27.8933 -11.0437 10
      vertex 22.376 -2.97634 10
    endloop
  endfacet
  facet normal -0 0 1
    outer loop
      vertex 22 -3 10
      vertex 27.8933 -11.0437 10
      vertex 22.1884 -2.99408 10
    endloop
  endfacet
  facet normal 0 0 1
    outer loop
      vertex 27.8933 -11.0437 10
      vertex 22 -3 10
      vertex 27.1448 -12.7734 10
    endloop
  endfacet
  facet normal 0 0 1
    outer loop
      vertex 21.8116 -2.99408 10
      vertex 27.1448 -12.7734 10
      vertex 22 -3 10
    endloop
  endfacet
  facet normal 0 0 1
    outer loop
      vertex 21.624 -2.97634 10
      vertex 27.1448 -12.7734 10
      vertex 21.8116 -2.99408 10
    endloop
  endfacet
  facet normal 0 0 1
    outer loop
      vertex 21.4379 -2.94686 10
      vertex 27.1448 -12.7734 10
      vertex 21.624 -2.97634 10
    endloop
  endfacet
  facet normal 0 0 1
    outer loop
      vertex 27.1448 -12.7734 10
      vertex 21.4379 -2.94686 10
      vertex 26.2892 -14.4526 10
    endloop
  endfacet
  facet normal 0 0 1
    outer loop
      vertex 21.2539 -2.90575 10
      vertex 26.2892 -14.4526 10
      vertex 21.4379 -2.94686 10
    endloop
  endfacet
  facet normal 0 0 1
    outer loop
      vertex 21.0729 -2.85317 10
      vertex 26.2892 -14.4526 10
      vertex 21.2539 -2.90575 10
    endloop
  endfacet
  facet normal 0 0 1
    outer loop
      vertex 26.2892 -14.4526 10
      vertex 21.0729 -2.85317 10
      vertex 25.3298 -16.0748 10
    endloop
  endfacet
  facet normal 0 0 1
    outer loop
      vertex 20.8956 -2.78933 10
      vertex 25.3298 -16.0748 10
      vertex 21.0729 -2.85317 10
    endloop
  endfacet
  facet normal 0 0 1
    outer loop
      vertex 25.3298 -16.0748 10
      vertex 20.8956 -2.78933 10
      vertex 24.2705 -17.6336 10
    endloop
  endfacet
  facet normal 0 0 1
    outer loop
      vertex 20.7227 -2.71448 10
      vertex 24.2705 -17.6336 10
      vertex 20.8956 -2.78933 10
    endloop
  endfacet
  facet normal 0 0 1
    outer loop
      vertex 20.5547 -2.62892 10
      vertex 24.2705 -17.6336 10
      vertex 20.7227 -2.71448 10
    endloop
  endfacet
  facet normal 0 0 1
    outer loop
      vertex 24.2705 -17.6336 10
      vertex 20.5547 -2.62892 10
      vertex 23.1154 -19.1227 10
    endloop
  endfacet
  facet normal 0 0 1
    outer loop
      vertex 20.3925 -2.53298 10
      vertex 23.1154 -19.1227 10
      vertex 20.5547 -2.62892 10
    endloop
  endfacet
  facet normal 0 0 1
    outer loop
      vertex 23.1154 -19.1227 10
      vertex 20.3925 -2.53298 10
      vertex 21.8691 -20.5364 10
    endloop
  endfacet
  facet normal 0 0 1
    outer loop
      vertex 20.2366 -2.42705 10
      vertex 21.8691 -20.5364 10
      vertex 20.3925 -2.53298 10
    endloop
  endfacet
  facet normal 0 0 1
    outer loop
      vertex 20.0877 -2.31154 10
      vertex 21.8691 -20.5364 10
      vertex 20.2366 -2.42705 10
    endloop
  endfacet
  facet normal 0 0 1
    outer loop
      vertex 21.8691 -20.5364 10
      vertex 20.0877 -2.31154 10
      vertex 20.5364 -21.8691 10
    endloop
  endfacet
  facet normal 0 0 1
    outer loop
      vertex 3 -22 10
      vertex 20.0877 -2.31154 10
      vertex 19.9464 -2.18691 10
    endloop
  endfacet
  facet normal 0 0 1
    outer loop
      vertex 3 -22 10
      vertex 19.9464 -2.18691 10
      vertex 19.8131 -2.05364 10
    endloop
  endfacet
  facet normal 0 0 1
    outer loop
      vertex 3 -22 10
      vertex 19.8131 -2.05364 10
      vertex 19.6885 -1.91227 10
    endloop
  endfacet
  facet normal 0 0 1
    outer loop
      vertex 3 -22 10
      vertex 19.6885 -1.91227 10
      vertex 19.5729 -1.76336 10
    endloop
  endfacet
  facet normal 0 0 1
    outer loop
      vertex 3 -22 10
      vertex 19.5729 -1.76336 10
      vertex 19.467 -1.60748 10
    endloop
  endfacet
  facet normal 0 0 1
    outer loop
      vertex 3 -22 10
      vertex 19.467 -1.60748 10
      vertex 19.3711 -1.44526 10
    endloop
  endfacet
  facet normal 0 0 1
    outer loop
      vertex 3 -22 10
      vertex 19.3711 -1.44526 10
      vertex 19.2855 -1.27734 10
    endloop
  endfacet
  facet normal 0 0 1
    outer loop
      vertex 3 -22 10
      vertex 19.2855 -1.27734 10
      vertex 19.2107 -1.10437 10
    endloop
  endfacet
  facet normal 0 0 1
    outer loop
      vertex 3 -22 10
      vertex 19.2107 -1.10437 10
      vertex 19.1468 -0.927051 10
    endloop
  endfacet
  facet normal 0 0 1
    outer loop
      vertex 20.0877 -2.31154 10
      vertex 3 -22 10
      vertex 20.5364 -21.8691 10
    endloop
  endfacet
  facet normal 0 0 1
    outer loop
      vertex 3 -22 10
      vertex 19.1468 -0.927051 10
      vertex 19.0942 -0.746069 10
    endloop
  endfacet
  facet normal 0 0 1
    outer loop
      vertex 3 -22 10
      vertex 19.0942 -0.746069 10
      vertex 19.0531 -0.562143 10
    endloop
  endfacet
  facet normal 0 0 1
    outer loop
      vertex 3 -22 10
      vertex 19.0531 -0.562143 10
      vertex 19.0237 -0.375999 10
    endloop
  endfacet
  facet normal 0 0 1
    outer loop
      vertex 19 0 10
      vertex 3 -22 10
      vertex 19.0059 -0.188371 10
    endloop
  endfacet
  facet normal -0 0 1
    outer loop
      vertex 2.05364 19.8131 10
      vertex 19.8131 2.05364 10
      vertex 2.18691 19.9464 10
    endloop
  endfacet
  facet normal 0 0 1
    outer loop
      vertex 19.9464 2.18691 10
      vertex 2.18691 19.9464 10
      vertex 19.8131 2.05364 10
    endloop
  endfacet
  facet normal 0 0 1
    outer loop
      vertex 19.0059 -0.188371 10
      vertex 3 -22 10
      vertex 19.0237 -0.375999 10
    endloop
  endfacet
  facet normal 0 0 1
    outer loop
      vertex 2.94686 21.4379 10
      vertex 12.7734 27.1448 10
      vertex 2.97634 21.624 10
    endloop
  endfacet
  facet normal 0 0 1
    outer loop
      vertex 20.5364 -21.8691 10
      vertex 3 -22 10
      vertex 19.1227 -23.1154 10
    endloop
  endfacet
  facet normal 0 0 1
    outer loop
      vertex 2.97634 21.624 10
      vertex 12.7734 27.1448 10
      vertex 2.99408 21.8116 10
    endloop
  endfacet
  facet normal 0 0 1
    outer loop
      vertex 19.1227 -23.1154 10
      vertex 3 -22 10
      vertex 17.6336 -24.2705 10
    endloop
  endfacet
  facet normal 0 0 1
    outer loop
      vertex 2.99408 21.8116 10
      vertex 12.7734 27.1448 10
      vertex 3 22 10
    endloop
  endfacet
  facet normal 0 0 1
    outer loop
      vertex 17.6336 -24.2705 10
      vertex 3 -22 10
      vertex 16.0748 -25.3298 10
    endloop
  endfacet
  facet normal 0 0 1
    outer loop
      vertex 3 22 10
      vertex 12.7734 27.1448 10
      vertex 11.0437 27.8933 10
    endloop
  endfacet
  facet normal 0 0 1
    outer loop
      vertex 16.0748 -25.3298 10
      vertex 3 -22 10
      vertex 14.4526 -26.2892 10
    endloop
  endfacet
  facet normal 0 0 1
    outer loop
      vertex 2.97634 22.376 10
      vertex 11.0437 27.8933 10
      vertex 9.27051 28.5317 10
    endloop
  endfacet
  facet normal 0 0 1
    outer loop
      vertex 14.4526 -26.2892 10
      vertex 3 -22 10
      vertex 12.7734 -27.1448 10
    endloop
  endfacet
  facet normal 0 0 1
    outer loop
      vertex 2.85317 22.9271 10
      vertex 9.27051 28.5317 10
      vertex 7.4607 29.0575 10
    endloop
  endfacet
  facet normal 0 0 1
    outer loop
      vertex 12.7734 -27.1448 10
      vertex 3 -22 10
      vertex 11.0437 -27.8933 10
    endloop
  endfacet
  facet normal 0 0 1
    outer loop
      vertex 2.53298 23.6075 10
      vertex 7.4607 29.0575 10
      vertex 5.62144 29.4686 10
    endloop
  endfacet
  facet normal -0 0 1
    outer loop
      vertex 2.99408 -22.1884 10
      vertex 11.0437 -27.8933 10
      vertex 3 -22 10
    endloop
  endfacet
  facet normal 0 0 1
    outer loop
      vertex 2.05364 24.1869 10
      vertex 5.62144 29.4686 10
      vertex 3.76 29.7634 10
    endloop
  endfacet
  facet normal -0 0 1
    outer loop
      vertex 2.97634 -22.376 10
      vertex 11.0437 -27.8933 10
      vertex 2.99408 -22.1884 10
    endloop
  endfacet
  facet normal 0 0 1
    outer loop
      vertex 11.0437 -27.8933 10
      vertex 2.97634 -22.376 10
      vertex 9.27051 -28.5317 10
    endloop
  endfacet
  facet normal 0 0 1
    outer loop
      vertex 11.0437 27.8933 10
      vertex 2.99408 22.1884 10
      vertex 3 22 10
    endloop
  endfacet
  facet normal 0 0 1
    outer loop
      vertex 11.0437 27.8933 10
      vertex 2.97634 22.376 10
      vertex 2.99408 22.1884 10
    endloop
  endfacet
  facet normal 0 0 1
    outer loop
      vertex 9.27051 28.5317 10
      vertex 2.94686 22.5621 10
      vertex 2.97634 22.376 10
    endloop
  endfacet
  facet normal 0 0 1
    outer loop
      vertex 9.27051 28.5317 10
      vertex 2.90575 22.7461 10
      vertex 2.94686 22.5621 10
    endloop
  endfacet
  facet normal 0 0 1
    outer loop
      vertex 9.27051 28.5317 10
      vertex 2.85317 22.9271 10
      vertex 2.90575 22.7461 10
    endloop
  endfacet
  facet normal 0 0 1
    outer loop
      vertex 7.4607 29.0575 10
      vertex 2.78933 23.1044 10
      vertex 2.85317 22.9271 10
    endloop
  endfacet
  facet normal 0 0 1
    outer loop
      vertex 7.4607 29.0575 10
      vertex 2.71448 23.2773 10
      vertex 2.78933 23.1044 10
    endloop
  endfacet
  facet normal 0 0 1
    outer loop
      vertex 7.4607 29.0575 10
      vertex 2.62892 23.4453 10
      vertex 2.71448 23.2773 10
    endloop
  endfacet
  facet normal 0 0 1
    outer loop
      vertex 7.4607 29.0575 10
      vertex 2.53298 23.6075 10
      vertex 2.62892 23.4453 10
    endloop
  endfacet
  facet normal 0 0 1
    outer loop
      vertex 5.62144 29.4686 10
      vertex 2.42705 23.7634 10
      vertex 2.53298 23.6075 10
    endloop
  endfacet
  facet normal 0 0 1
    outer loop
      vertex 5.62144 29.4686 10
      vertex 2.31154 23.9123 10
      vertex 2.42705 23.7634 10
    endloop
  endfacet
  facet normal 0 0 1
    outer loop
      vertex 5.62144 29.4686 10
      vertex 2.18691 24.0536 10
      vertex 2.31154 23.9123 10
    endloop
  endfacet
  facet normal 0 0 1
    outer loop
      vertex 5.62144 29.4686 10
      vertex 2.05364 24.1869 10
      vertex 2.18691 24.0536 10
    endloop
  endfacet
  facet normal 0 0 1
    outer loop
      vertex 3.76 29.7634 10
      vertex 1.91227 24.3115 10
      vertex 2.05364 24.1869 10
    endloop
  endfacet
  facet normal 0 0 1
    outer loop
      vertex 1.27734 24.7145 10
      vertex 3.76 29.7634 10
      vertex 1.88371 29.9408 10
    endloop
  endfacet
  facet normal 0 0 1
    outer loop
      vertex 3.76 29.7634 10
      vertex 1.76336 24.4271 10
      vertex 1.91227 24.3115 10
    endloop
  endfacet
  facet normal 0 0 1
    outer loop
      vertex 3.76 29.7634 10
      vertex 1.60748 24.533 10
      vertex 1.76336 24.4271 10
    endloop
  endfacet
  facet normal 0 0 1
    outer loop
      vertex 3.76 29.7634 10
      vertex 1.44526 24.6289 10
      vertex 1.60748 24.533 10
    endloop
  endfacet
  facet normal 0 0 1
    outer loop
      vertex 3.76 29.7634 10
      vertex 1.27734 24.7145 10
      vertex 1.44526 24.6289 10
    endloop
  endfacet
  facet normal 0 0 1
    outer loop
      vertex 1.88371 29.9408 10
      vertex 1.10437 24.7893 10
      vertex 1.27734 24.7145 10
    endloop
  endfacet
  facet normal 0 0 1
    outer loop
      vertex 1.88371 29.9408 10
      vertex 0.927051 24.8532 10
      vertex 1.10437 24.7893 10
    endloop
  endfacet
  facet normal 0 0 1
    outer loop
      vertex 1.88371 29.9408 10
      vertex 0.746069 24.9058 10
      vertex 0.927051 24.8532 10
    endloop
  endfacet
  facet normal 0 0 1
    outer loop
      vertex 1.88371 29.9408 10
      vertex 0.562143 24.9469 10
      vertex 0.746069 24.9058 10
    endloop
  endfacet
  facet normal 0 0 1
    outer loop
      vertex 1.88371 29.9408 10
      vertex 0.375999 24.9763 10
      vertex 0.562143 24.9469 10
    endloop
  endfacet
  facet normal 0 0 1
    outer loop
      vertex 0 30 10
      vertex 0.375999 24.9763 10
      vertex 1.88371 29.9408 10
    endloop
  endfacet
  facet normal 0 0 1
    outer loop
      vertex 0.375999 24.9763 10
      vertex 0 30 10
      vertex 0.188371 24.9941 10
    endloop
  endfacet
  facet normal 0 0 1
    outer loop
      vertex 0 30 10
      vertex 0 25 10
      vertex 0.188371 24.9941 10
    endloop
  endfacet
  facet normal 0 0 1
    outer loop
      vertex 0 30 10
      vertex -0.188371 24.9941 10
      vertex 0 25 10
    endloop
  endfacet
  facet normal 0 0 1
    outer loop
      vertex 0 30 10
      vertex -0.375999 24.9763 10
      vertex -0.188371 24.9941 10
    endloop
  endfacet
  facet normal 0 0 1
    outer loop
      vertex 0 30 10
      vertex -0.562143 24.9469 10
      vertex -0.375999 24.9763 10
    endloop
  endfacet
  facet normal -0 0 1
    outer loop
      vertex -1.88371 29.9408 10
      vertex -0.562143 24.9469 10
      vertex 0 30 10
    endloop
  endfacet
  facet normal 0 0 1
    outer loop
      vertex -0.562143 24.9469 10
      vertex -1.88371 29.9408 10
      vertex -0.746069 24.9058 10
    endloop
  endfacet
  facet normal 0 0 1
    outer loop
      vertex -0.746069 24.9058 10
      vertex -1.88371 29.9408 10
      vertex -0.927051 24.8532 10
    endloop
  endfacet
  facet normal 0 0 1
    outer loop
      vertex -0.927051 24.8532 10
      vertex -1.88371 29.9408 10
      vertex -1.10437 24.7893 10
    endloop
  endfacet
  facet normal 0 0 1
    outer loop
      vertex -1.10437 24.7893 10
      vertex -1.88371 29.9408 10
      vertex -1.27734 24.7145 10
    endloop
  endfacet
  facet normal -0 0 1
    outer loop
      vertex -3.76 29.7634 10
      vertex -1.27734 24.7145 10
      vertex -1.88371 29.9408 10
    endloop
  endfacet
  facet normal 0 0 1
    outer loop
      vertex -1.27734 24.7145 10
      vertex -3.76 29.7634 10
      vertex -1.44526 24.6289 10
    endloop
  endfacet
  facet normal 0 0 1
    outer loop
      vertex -1.44526 24.6289 10
      vertex -3.76 29.7634 10
      vertex -1.60748 24.533 10
    endloop
  endfacet
  facet normal 0 0 1
    outer loop
      vertex -1.60748 24.533 10
      vertex -3.76 29.7634 10
      vertex -1.76336 24.4271 10
    endloop
  endfacet
  facet normal 0 0 1
    outer loop
      vertex -1.76336 24.4271 10
      vertex -3.76 29.7634 10
      vertex -1.91227 24.3115 10
    endloop
  endfacet
  facet normal 0 0 1
    outer loop
      vertex -1.91227 24.3115 10
      vertex -3.76 29.7634 10
      vertex -2.05364 24.1869 10
    endloop
  endfacet
  facet normal 0 0 1
    outer loop
      vertex -2.05364 24.1869 10
      vertex -3.76 29.7634 10
      vertex -2.18691 24.0536 10
    endloop
  endfacet
  facet normal 0 0 1
    outer loop
      vertex -2.18691 24.0536 10
      vertex -3.76 29.7634 10
      vertex -2.31154 23.9123 10
    endloop
  endfacet
  facet normal 0 0 1
    outer loop
      vertex -2.31154 23.9123 10
      vertex -3.76 29.7634 10
      vertex -2.42705 23.7634 10
    endloop
  endfacet
  facet normal 0 0 1
    outer loop
      vertex -2.42705 23.7634 10
      vertex -3.76 29.7634 10
      vertex -2.53298 23.6075 10
    endloop
  endfacet
  facet normal 0 0 1
    outer loop
      vertex -2.53298 23.6075 10
      vertex -3.76 29.7634 10
      vertex -2.62892 23.4453 10
    endloop
  endfacet
  facet normal 0 0 1
    outer loop
      vertex -2.62892 23.4453 10
      vertex -3.76 29.7634 10
      vertex -2.71448 23.2773 10
    endloop
  endfacet
  facet normal 0 0 1
    outer loop
      vertex -2.71448 23.2773 10
      vertex -3.76 29.7634 10
      vertex -2.78933 23.1044 10
    endloop
  endfacet
  facet normal 0 0 1
    outer loop
      vertex -2.78933 23.1044 10
      vertex -3.76 29.7634 10
      vertex -2.85317 22.9271 10
    endloop
  endfacet
  facet normal 0 0 1
    outer loop
      vertex -2.85317 22.9271 10
      vertex -3.76 29.7634 10
      vertex -2.90575 22.7461 10
    endloop
  endfacet
  facet normal 0 0 1
    outer loop
      vertex -2.90575 22.7461 10
      vertex -3.76 29.7634 10
      vertex -2.94686 22.5621 10
    endloop
  endfacet
  facet normal 0 0 1
    outer loop
      vertex -2.99408 22.1884 10
      vertex -19.0237 0.375999 10
      vertex -3 22 10
    endloop
  endfacet
  facet normal 0 0 1
    outer loop
      vertex -19.0237 0.375999 10
      vertex -2.99408 22.1884 10
      vertex -3.76 29.7634 10
    endloop
  endfacet
  facet normal 0 0 1
    outer loop
      vertex -2.97634 22.376 10
      vertex -3.76 29.7634 10
      vertex -2.99408 22.1884 10
    endloop
  endfacet
  facet normal 0 0 1
    outer loop
      vertex -2.94686 22.5621 10
      vertex -3.76 29.7634 10
      vertex -2.97634 22.376 10
    endloop
  endfacet
  facet normal -0.509055 0.860734 0
    outer loop
      vertex -14.4526 26.2892 0
      vertex -16.0748 25.3298 10
      vertex -14.4526 26.2892 10
    endloop
  endfacet
  facet normal -0.509055 0.860734 0
    outer loop
      vertex -16.0748 25.3298 10
      vertex -14.4526 26.2892 0
      vertex -16.0748 25.3298 0
    endloop
  endfacet
  facet normal -0.562062 0.827095 0
    outer loop
      vertex -16.0748 25.3298 0
      vertex -17.6336 24.2705 10
      vertex -16.0748 25.3298 10
    endloop
  endfacet
  facet normal -0.562062 0.827095 0
    outer loop
      vertex -17.6336 24.2705 10
      vertex -16.0748 25.3298 0
      vertex -17.6336 24.2705 0
    endloop
  endfacet
  facet normal -0.0314118 0.999507 0
    outer loop
      vertex 0 30 0
      vertex -1.88371 29.9408 10
      vertex 0 30 10
    endloop
  endfacet
  facet normal -0.0314118 0.999507 0
    outer loop
      vertex -1.88371 29.9408 10
      vertex 0 30 0
      vertex -1.88371 29.9408 0
    endloop
  endfacet
  facet normal 0.98769 -0.156422 0
    outer loop
      vertex 29.4686 -5.62144 10
      vertex 29.7634 -3.76 0
      vertex 29.7634 -3.76 10
    endloop
  endfacet
  facet normal 0.98769 -0.156422 0
    outer loop
      vertex 29.7634 -3.76 0
      vertex 29.4686 -5.62144 10
      vertex 29.4686 -5.62144 0
    endloop
  endfacet
  facet normal 0.0314118 -0.999507 0
    outer loop
      vertex 0 -30 0
      vertex 1.88371 -29.9408 10
      vertex 0 -30 10
    endloop
  endfacet
  facet normal 0.0314118 -0.999507 0
    outer loop
      vertex 1.88371 -29.9408 10
      vertex 0 -30 0
      vertex 1.88371 -29.9408 0
    endloop
  endfacet
  facet normal 0.562062 -0.827095 0
    outer loop
      vertex 16.0748 -25.3298 0
      vertex 17.6336 -24.2705 10
      vertex 16.0748 -25.3298 10
    endloop
  endfacet
  facet normal 0.562062 -0.827095 0
    outer loop
      vertex 17.6336 -24.2705 10
      vertex 16.0748 -25.3298 0
      vertex 17.6336 -24.2705 0
    endloop
  endfacet
  facet normal -0.707107 -0.707107 0
    outer loop
      vertex -20.5364 -21.8691 0
      vertex -21.8691 -20.5364 10
      vertex -21.8691 -20.5364 0
    endloop
  endfacet
  facet normal -0.707107 -0.707107 0
    outer loop
      vertex -21.8691 -20.5364 10
      vertex -20.5364 -21.8691 0
      vertex -20.5364 -21.8691 10
    endloop
  endfacet
  facet normal -0.338744 -0.940879 0
    outer loop
      vertex -11.0437 -27.8933 0
      vertex -9.27051 -28.5317 10
      vertex -11.0437 -27.8933 10
    endloop
  endfacet
  facet normal -0.338744 -0.940879 -0
    outer loop
      vertex -9.27051 -28.5317 10
      vertex -11.0437 -27.8933 0
      vertex -9.27051 -28.5317 0
    endloop
  endfacet
  facet normal -0.827095 -0.562062 0
    outer loop
      vertex -24.2705 -17.6336 0
      vertex -25.3298 -16.0748 10
      vertex -25.3298 -16.0748 0
    endloop
  endfacet
  facet normal -0.827095 -0.562062 0
    outer loop
      vertex -25.3298 -16.0748 10
      vertex -24.2705 -17.6336 0
      vertex -24.2705 -17.6336 10
    endloop
  endfacet
  facet normal -0.750123 -0.661299 0
    outer loop
      vertex -21.8691 -20.5364 0
      vertex -23.1154 -19.1227 10
      vertex -23.1154 -19.1227 0
    endloop
  endfacet
  facet normal -0.750123 -0.661299 0
    outer loop
      vertex -23.1154 -19.1227 10
      vertex -21.8691 -20.5364 0
      vertex -21.8691 -20.5364 10
    endloop
  endfacet
  facet normal -0.98769 -0.156422 0
    outer loop
      vertex -29.4686 -5.62144 0
      vertex -29.7634 -3.76 10
      vertex -29.7634 -3.76 0
    endloop
  endfacet
  facet normal -0.98769 -0.156422 0
    outer loop
      vertex -29.7634 -3.76 10
      vertex -29.4686 -5.62144 0
      vertex -29.4686 -5.62144 10
    endloop
  endfacet
  facet normal -0.999507 -0.0314118 0
    outer loop
      vertex -29.9408 -1.88371 0
      vertex -30 0 10
      vertex -30 0 0
    endloop
  endfacet
  facet normal -0.999507 -0.0314118 0
    outer loop
      vertex -30 0 10
      vertex -29.9408 -1.88371 0
      vertex -29.9408 -1.88371 10
    endloop
  endfacet
  facet normal 0.98769 0.156422 0
    outer loop
      vertex 29.7634 3.76 10
      vertex 29.4686 5.62144 0
      vertex 29.4686 5.62144 10
    endloop
  endfacet
  facet normal 0.98769 0.156422 0
    outer loop
      vertex 29.4686 5.62144 0
      vertex 29.7634 3.76 10
      vertex 29.7634 3.76 0
    endloop
  endfacet
  facet normal 0.99556 0.0941285 0
    outer loop
      vertex 29.9408 1.88371 10
      vertex 29.7634 3.76 0
      vertex 29.7634 3.76 10
    endloop
  endfacet
  facet normal 0.99556 0.0941285 0
    outer loop
      vertex 29.7634 3.76 0
      vertex 29.9408 1.88371 10
      vertex 29.9408 1.88371 0
    endloop
  endfacet
  facet normal 0.940879 0.338744 0
    outer loop
      vertex 28.5317 9.27051 10
      vertex 27.8933 11.0437 0
      vertex 27.8933 11.0437 10
    endloop
  endfacet
  facet normal 0.940879 0.338744 0
    outer loop
      vertex 27.8933 11.0437 0
      vertex 28.5317 9.27051 10
      vertex 28.5317 9.27051 0
    endloop
  endfacet
  facet normal 0.790146 0.612919 0
    outer loop
      vertex 24.2705 17.6336 10
      vertex 23.1154 19.1227 0
      vertex 23.1154 19.1227 10
    endloop
  endfacet
  facet normal 0.790146 0.612919 0
    outer loop
      vertex 23.1154 19.1227 0
      vertex 24.2705 17.6336 10
      vertex 24.2705 17.6336 0
    endloop
  endfacet
  facet normal 0.750123 0.661299 0
    outer loop
      vertex 23.1154 19.1227 10
      vertex 21.8691 20.5364 0
      vertex 21.8691 20.5364 10
    endloop
  endfacet
  facet normal 0.750123 0.661299 0
    outer loop
      vertex 21.8691 20.5364 0
      vertex 23.1154 19.1227 10
      vertex 23.1154 19.1227 0
    endloop
  endfacet
  facet normal 0.860734 0.509055 0
    outer loop
      vertex 26.2892 14.4526 10
      vertex 25.3298 16.0748 0
      vertex 25.3298 16.0748 10
    endloop
  endfacet
  facet normal 0.860734 0.509055 0
    outer loop
      vertex 25.3298 16.0748 0
      vertex 26.2892 14.4526 10
      vertex 26.2892 14.4526 0
    endloop
  endfacet
  facet normal 0.278992 0.960293 -0
    outer loop
      vertex 9.27051 28.5317 0
      vertex 7.4607 29.0575 10
      vertex 9.27051 28.5317 10
    endloop
  endfacet
  facet normal 0.278992 0.960293 0
    outer loop
      vertex 7.4607 29.0575 10
      vertex 9.27051 28.5317 0
      vertex 7.4607 29.0575 0
    endloop
  endfacet
  facet normal 0.156422 0.98769 -0
    outer loop
      vertex 5.62144 29.4686 0
      vertex 3.76 29.7634 10
      vertex 5.62144 29.4686 10
    endloop
  endfacet
  facet normal 0.156422 0.98769 0
    outer loop
      vertex 3.76 29.7634 10
      vertex 5.62144 29.4686 0
      vertex 3.76 29.7634 0
    endloop
  endfacet
  facet normal 0.0941285 0.99556 -0
    outer loop
      vertex 3.76 29.7634 0
      vertex 1.88371 29.9408 10
      vertex 3.76 29.7634 10
    endloop
  endfacet
  facet normal 0.0941285 0.99556 0
    outer loop
      vertex 1.88371 29.9408 10
      vertex 3.76 29.7634 0
      vertex 1.88371 29.9408 0
    endloop
  endfacet
  facet normal 0.453993 0.891005 -0
    outer loop
      vertex 14.4526 26.2892 0
      vertex 12.7734 27.1448 10
      vertex 14.4526 26.2892 10
    endloop
  endfacet
  facet normal 0.453993 0.891005 0
    outer loop
      vertex 12.7734 27.1448 10
      vertex 14.4526 26.2892 0
      vertex 12.7734 27.1448 0
    endloop
  endfacet
  facet normal 0.661299 0.750123 -0
    outer loop
      vertex 20.5364 21.8691 0
      vertex 19.1227 23.1154 10
      vertex 20.5364 21.8691 10
    endloop
  endfacet
  facet normal 0.661299 0.750123 0
    outer loop
      vertex 19.1227 23.1154 10
      vertex 20.5364 21.8691 0
      vertex 19.1227 23.1154 0
    endloop
  endfacet
  facet normal -0.750123 0.661299 0
    outer loop
      vertex -23.1154 19.1227 0
      vertex -21.8691 20.5364 10
      vertex -21.8691 20.5364 0
    endloop
  endfacet
  facet normal -0.750123 0.661299 0
    outer loop
      vertex -21.8691 20.5364 10
      vertex -23.1154 19.1227 0
      vertex -23.1154 19.1227 10
    endloop
  endfacet
  facet normal -0.860734 0.509055 0
    outer loop
      vertex -26.2892 14.4526 0
      vertex -25.3298 16.0748 10
      vertex -25.3298 16.0748 0
    endloop
  endfacet
  facet normal -0.860734 0.509055 0
    outer loop
      vertex -25.3298 16.0748 10
      vertex -26.2892 14.4526 0
      vertex -26.2892 14.4526 10
    endloop
  endfacet
  facet normal -0.891005 0.453993 0
    outer loop
      vertex -27.1448 12.7734 0
      vertex -26.2892 14.4526 10
      vertex -26.2892 14.4526 0
    endloop
  endfacet
  facet normal -0.891005 0.453993 0
    outer loop
      vertex -26.2892 14.4526 10
      vertex -27.1448 12.7734 0
      vertex -27.1448 12.7734 10
    endloop
  endfacet
  facet normal -0.827095 0.562062 0
    outer loop
      vertex -25.3298 16.0748 0
      vertex -24.2705 17.6336 10
      vertex -24.2705 17.6336 0
    endloop
  endfacet
  facet normal -0.827095 0.562062 0
    outer loop
      vertex -24.2705 17.6336 10
      vertex -25.3298 16.0748 0
      vertex -25.3298 16.0748 10
    endloop
  endfacet
  facet normal -0.960293 0.278992 0
    outer loop
      vertex -29.0575 7.4607 0
      vertex -28.5317 9.27051 10
      vertex -28.5317 9.27051 0
    endloop
  endfacet
  facet normal -0.960293 0.278992 0
    outer loop
      vertex -28.5317 9.27051 10
      vertex -29.0575 7.4607 0
      vertex -29.0575 7.4607 10
    endloop
  endfacet
  facet normal -0.98769 0.156422 0
    outer loop
      vertex -29.7634 3.76 0
      vertex -29.4686 5.62144 10
      vertex -29.4686 5.62144 0
    endloop
  endfacet
  facet normal -0.98769 0.156422 0
    outer loop
      vertex -29.4686 5.62144 10
      vertex -29.7634 3.76 0
      vertex -29.7634 3.76 10
    endloop
  endfacet
  facet normal -0.99556 0.0941285 0
    outer loop
      vertex -29.9408 1.88371 0
      vertex -29.7634 3.76 10
      vertex -29.7634 3.76 0
    endloop
  endfacet
  facet normal -0.99556 0.0941285 0
    outer loop
      vertex -29.7634 3.76 10
      vertex -29.9408 1.88371 0
      vertex -29.9408 1.88371 10
    endloop
  endfacet
  facet normal -0.453993 0.891005 0
    outer loop
      vertex -12.7734 27.1448 0
      vertex -14.4526 26.2892 10
      vertex -12.7734 27.1448 10
    endloop
  endfacet
  facet normal -0.453993 0.891005 0
    outer loop
      vertex -14.4526 26.2892 10
      vertex -12.7734 27.1448 0
      vertex -14.4526 26.2892 0
    endloop
  endfacet
  facet normal -0.397144 0.917756 0
    outer loop
      vertex -11.0437 27.8933 0
      vertex -12.7734 27.1448 10
      vertex -11.0437 27.8933 10
    endloop
  endfacet
  facet normal -0.397144 0.917756 0
    outer loop
      vertex -12.7734 27.1448 10
      vertex -11.0437 27.8933 0
      vertex -12.7734 27.1448 0
    endloop
  endfacet
  facet normal -0.612919 0.790146 0
    outer loop
      vertex -17.6336 24.2705 0
      vertex -19.1227 23.1154 10
      vertex -17.6336 24.2705 10
    endloop
  endfacet
  facet normal -0.612919 0.790146 0
    outer loop
      vertex -19.1227 23.1154 10
      vertex -17.6336 24.2705 0
      vertex -19.1227 23.1154 0
    endloop
  endfacet
  facet normal -0.218131 0.975919 0
    outer loop
      vertex -5.62144 29.4686 0
      vertex -7.4607 29.0575 10
      vertex -5.62144 29.4686 10
    endloop
  endfacet
  facet normal -0.218131 0.975919 0
    outer loop
      vertex -7.4607 29.0575 10
      vertex -5.62144 29.4686 0
      vertex -7.4607 29.0575 0
    endloop
  endfacet
  facet normal -0.278992 0.960293 0
    outer loop
      vertex -7.4607 29.0575 0
      vertex -9.27051 28.5317 10
      vertex -7.4607 29.0575 10
    endloop
  endfacet
  facet normal -0.278992 0.960293 0
    outer loop
      vertex -9.27051 28.5317 10
      vertex -7.4607 29.0575 0
      vertex -9.27051 28.5317 0
    endloop
  endfacet
  facet normal -0.0941285 0.99556 0
    outer loop
      vertex -1.88371 29.9408 0
      vertex -3.76 29.7634 10
      vertex -1.88371 29.9408 10
    endloop
  endfacet
  facet normal -0.0941285 0.99556 0
    outer loop
      vertex -3.76 29.7634 10
      vertex -1.88371 29.9408 0
      vertex -3.76 29.7634 0
    endloop
  endfacet
  facet normal 0.0941285 -0.99556 0
    outer loop
      vertex 1.88371 -29.9408 0
      vertex 3.76 -29.7634 10
      vertex 1.88371 -29.9408 10
    endloop
  endfacet
  facet normal 0.0941285 -0.99556 0
    outer loop
      vertex 3.76 -29.7634 10
      vertex 1.88371 -29.9408 0
      vertex 3.76 -29.7634 0
    endloop
  endfacet
  facet normal 0.338744 -0.940879 0
    outer loop
      vertex 9.27051 -28.5317 0
      vertex 11.0437 -27.8933 10
      vertex 9.27051 -28.5317 10
    endloop
  endfacet
  facet normal 0.338744 -0.940879 0
    outer loop
      vertex 11.0437 -27.8933 10
      vertex 9.27051 -28.5317 0
      vertex 11.0437 -27.8933 0
    endloop
  endfacet
  facet normal 0.218131 -0.975919 0
    outer loop
      vertex 5.62144 -29.4686 0
      vertex 7.4607 -29.0575 10
      vertex 5.62144 -29.4686 10
    endloop
  endfacet
  facet normal 0.218131 -0.975919 0
    outer loop
      vertex 7.4607 -29.0575 10
      vertex 5.62144 -29.4686 0
      vertex 7.4607 -29.0575 0
    endloop
  endfacet
  facet normal 0.612919 -0.790146 0
    outer loop
      vertex 17.6336 -24.2705 0
      vertex 19.1227 -23.1154 10
      vertex 17.6336 -24.2705 10
    endloop
  endfacet
  facet normal 0.612919 -0.790146 0
    outer loop
      vertex 19.1227 -23.1154 10
      vertex 17.6336 -24.2705 0
      vertex 19.1227 -23.1154 0
    endloop
  endfacet
  facet normal 0.707107 -0.707107 0
    outer loop
      vertex 20.5364 -21.8691 10
      vertex 21.8691 -20.5364 0
      vertex 21.8691 -20.5364 10
    endloop
  endfacet
  facet normal 0.707107 -0.707107 0
    outer loop
      vertex 21.8691 -20.5364 0
      vertex 20.5364 -21.8691 10
      vertex 20.5364 -21.8691 0
    endloop
  endfacet
  facet normal 0.509055 -0.860734 0
    outer loop
      vertex 14.4526 -26.2892 0
      vertex 16.0748 -25.3298 10
      vertex 14.4526 -26.2892 10
    endloop
  endfacet
  facet normal 0.509055 -0.860734 0
    outer loop
      vertex 16.0748 -25.3298 10
      vertex 14.4526 -26.2892 0
      vertex 16.0748 -25.3298 0
    endloop
  endfacet
  facet normal 0.397144 -0.917756 0
    outer loop
      vertex 11.0437 -27.8933 0
      vertex 12.7734 -27.1448 10
      vertex 11.0437 -27.8933 10
    endloop
  endfacet
  facet normal 0.397144 -0.917756 0
    outer loop
      vertex 12.7734 -27.1448 10
      vertex 11.0437 -27.8933 0
      vertex 12.7734 -27.1448 0
    endloop
  endfacet
  facet normal 0.750123 -0.661299 0
    outer loop
      vertex 21.8691 -20.5364 10
      vertex 23.1154 -19.1227 0
      vertex 23.1154 -19.1227 10
    endloop
  endfacet
  facet normal 0.750123 -0.661299 0
    outer loop
      vertex 23.1154 -19.1227 0
      vertex 21.8691 -20.5364 10
      vertex 21.8691 -20.5364 0
    endloop
  endfacet
  facet normal 0.827095 -0.562062 0
    outer loop
      vertex 24.2705 -17.6336 10
      vertex 25.3298 -16.0748 0
      vertex 25.3298 -16.0748 10
    endloop
  endfacet
  facet normal 0.827095 -0.562062 0
    outer loop
      vertex 25.3298 -16.0748 0
      vertex 24.2705 -17.6336 10
      vertex 24.2705 -17.6336 0
    endloop
  endfacet
  facet normal 0.940879 -0.338744 0
    outer loop
      vertex 27.8933 -11.0437 10
      vertex 28.5317 -9.27051 0
      vertex 28.5317 -9.27051 10
    endloop
  endfacet
  facet normal 0.940879 -0.338744 0
    outer loop
      vertex 28.5317 -9.27051 0
      vertex 27.8933 -11.0437 10
      vertex 27.8933 -11.0437 0
    endloop
  endfacet
  facet normal 0.891005 -0.453993 0
    outer loop
      vertex 26.2892 -14.4526 10
      vertex 27.1448 -12.7734 0
      vertex 27.1448 -12.7734 10
    endloop
  endfacet
  facet normal 0.891005 -0.453993 0
    outer loop
      vertex 27.1448 -12.7734 0
      vertex 26.2892 -14.4526 10
      vertex 26.2892 -14.4526 0
    endloop
  endfacet
  facet normal 0.960293 -0.278992 0
    outer loop
      vertex 28.5317 -9.27051 10
      vertex 29.0575 -7.4607 0
      vertex 29.0575 -7.4607 10
    endloop
  endfacet
  facet normal 0.960293 -0.278992 0
    outer loop
      vertex 29.0575 -7.4607 0
      vertex 28.5317 -9.27051 10
      vertex 28.5317 -9.27051 0
    endloop
  endfacet
  facet normal -0.661299 -0.750123 0
    outer loop
      vertex -20.5364 -21.8691 0
      vertex -19.1227 -23.1154 10
      vertex -20.5364 -21.8691 10
    endloop
  endfacet
  facet normal -0.661299 -0.750123 -0
    outer loop
      vertex -19.1227 -23.1154 10
      vertex -20.5364 -21.8691 0
      vertex -19.1227 -23.1154 0
    endloop
  endfacet
  facet normal -0.453993 -0.891005 0
    outer loop
      vertex -14.4526 -26.2892 0
      vertex -12.7734 -27.1448 10
      vertex -14.4526 -26.2892 10
    endloop
  endfacet
  facet normal -0.453993 -0.891005 -0
    outer loop
      vertex -12.7734 -27.1448 10
      vertex -14.4526 -26.2892 0
      vertex -12.7734 -27.1448 0
    endloop
  endfacet
  facet normal -0.562062 -0.827095 0
    outer loop
      vertex -17.6336 -24.2705 0
      vertex -16.0748 -25.3298 10
      vertex -17.6336 -24.2705 10
    endloop
  endfacet
  facet normal -0.562062 -0.827095 -0
    outer loop
      vertex -16.0748 -25.3298 10
      vertex -17.6336 -24.2705 0
      vertex -16.0748 -25.3298 0
    endloop
  endfacet
  facet normal -0.218131 -0.975919 0
    outer loop
      vertex -7.4607 -29.0575 0
      vertex -5.62144 -29.4686 10
      vertex -7.4607 -29.0575 10
    endloop
  endfacet
  facet normal -0.218131 -0.975919 -0
    outer loop
      vertex -5.62144 -29.4686 10
      vertex -7.4607 -29.0575 0
      vertex -5.62144 -29.4686 0
    endloop
  endfacet
  facet normal -0.278992 -0.960293 0
    outer loop
      vertex -9.27051 -28.5317 0
      vertex -7.4607 -29.0575 10
      vertex -9.27051 -28.5317 10
    endloop
  endfacet
  facet normal -0.278992 -0.960293 -0
    outer loop
      vertex -7.4607 -29.0575 10
      vertex -9.27051 -28.5317 0
      vertex -7.4607 -29.0575 0
    endloop
  endfacet
  facet normal -0.0314118 -0.999507 0
    outer loop
      vertex -1.88371 -29.9408 0
      vertex 0 -30 10
      vertex -1.88371 -29.9408 10
    endloop
  endfacet
  facet normal -0.0314118 -0.999507 -0
    outer loop
      vertex 0 -30 10
      vertex -1.88371 -29.9408 0
      vertex 0 -30 0
    endloop
  endfacet
  facet normal -0.156422 -0.98769 0
    outer loop
      vertex -5.62144 -29.4686 0
      vertex -3.76 -29.7634 10
      vertex -5.62144 -29.4686 10
    endloop
  endfacet
  facet normal -0.156422 -0.98769 -0
    outer loop
      vertex -3.76 -29.7634 10
      vertex -5.62144 -29.4686 0
      vertex -3.76 -29.7634 0
    endloop
  endfacet
  facet normal -0.0941285 -0.99556 0
    outer loop
      vertex -3.76 -29.7634 0
      vertex -1.88371 -29.9408 10
      vertex -3.76 -29.7634 10
    endloop
  endfacet
  facet normal -0.0941285 -0.99556 -0
    outer loop
      vertex -1.88371 -29.9408 10
      vertex -3.76 -29.7634 0
      vertex -1.88371 -29.9408 0
    endloop
  endfacet
  facet normal -0.860734 -0.509055 0
    outer loop
      vertex -25.3298 -16.0748 0
      vertex -26.2892 -14.4526 10
      vertex -26.2892 -14.4526 0
    endloop
  endfacet
  facet normal -0.860734 -0.509055 0
    outer loop
      vertex -26.2892 -14.4526 10
      vertex -25.3298 -16.0748 0
      vertex -25.3298 -16.0748 10
    endloop
  endfacet
  facet normal -0.917756 -0.397144 0
    outer loop
      vertex -27.1448 -12.7734 0
      vertex -27.8933 -11.0437 10
      vertex -27.8933 -11.0437 0
    endloop
  endfacet
  facet normal -0.917756 -0.397144 0
    outer loop
      vertex -27.8933 -11.0437 10
      vertex -27.1448 -12.7734 0
      vertex -27.1448 -12.7734 10
    endloop
  endfacet
  facet normal -0.891005 -0.453993 0
    outer loop
      vertex -26.2892 -14.4526 0
      vertex -27.1448 -12.7734 10
      vertex -27.1448 -12.7734 0
    endloop
  endfacet
  facet normal -0.891005 -0.453993 0
    outer loop
      vertex -27.1448 -12.7734 10
      vertex -26.2892 -14.4526 0
      vertex -26.2892 -14.4526 10
    endloop
  endfacet
  facet normal -0.790146 -0.612919 0
    outer loop
      vertex -23.1154 -19.1227 0
      vertex -24.2705 -17.6336 10
      vertex -24.2705 -17.6336 0
    endloop
  endfacet
  facet normal -0.790146 -0.612919 0
    outer loop
      vertex -24.2705 -17.6336 10
      vertex -23.1154 -19.1227 0
      vertex -23.1154 -19.1227 10
    endloop
  endfacet
  facet normal -0.940879 -0.338744 0
    outer loop
      vertex -27.8933 -11.0437 0
      vertex -28.5317 -9.27051 10
      vertex -28.5317 -9.27051 0
    endloop
  endfacet
  facet normal -0.940879 -0.338744 0
    outer loop
      vertex -28.5317 -9.27051 10
      vertex -27.8933 -11.0437 0
      vertex -27.8933 -11.0437 10
    endloop
  endfacet
  facet normal -0.975919 -0.218131 0
    outer loop
      vertex -29.0575 -7.4607 0
      vertex -29.4686 -5.62144 10
      vertex -29.4686 -5.62144 0
    endloop
  endfacet
  facet normal -0.975919 -0.218131 0
    outer loop
      vertex -29.4686 -5.62144 10
      vertex -29.0575 -7.4607 0
      vertex -29.0575 -7.4607 10
    endloop
  endfacet
  facet normal -0.960293 -0.278992 0
    outer loop
      vertex -28.5317 -9.27051 0
      vertex -29.0575 -7.4607 10
      vertex -29.0575 -7.4607 0
    endloop
  endfacet
  facet normal -0.960293 -0.278992 0
    outer loop
      vertex -29.0575 -7.4607 10
      vertex -28.5317 -9.27051 0
      vertex -28.5317 -9.27051 10
    endloop
  endfacet
  facet normal -0.99556 -0.0941285 0
    outer loop
      vertex -29.7634 -3.76 0
      vertex -29.9408 -1.88371 10
      vertex -29.9408 -1.88371 0
    endloop
  endfacet
  facet normal -0.99556 -0.0941285 0
    outer loop
      vertex -29.9408 -1.88371 10
      vertex -29.7634 -3.76 0
      vertex -29.7634 -3.76 10
    endloop
  endfacet
  facet normal 0.156422 -0.98769 0
    outer loop
      vertex 3.76 -29.7634 0
      vertex 5.62144 -29.4686 10
      vertex 3.76 -29.7634 10
    endloop
  endfacet
  facet normal 0.156422 -0.98769 0
    outer loop
      vertex 5.62144 -29.4686 10
      vertex 3.76 -29.7634 0
      vertex 5.62144 -29.4686 0
    endloop
  endfacet
  facet normal 0.278992 -0.960293 0
    outer loop
      vertex 7.4607 -29.0575 0
      vertex 9.27051 -28.5317 10
      vertex 7.4607 -29.0575 10
    endloop
  endfacet
  facet normal 0.278992 -0.960293 0
    outer loop
      vertex 9.27051 -28.5317 10
      vertex 7.4607 -29.0575 0
      vertex 9.27051 -28.5317 0
    endloop
  endfacet
  facet normal 0.661299 -0.750123 0
    outer loop
      vertex 19.1227 -23.1154 0
      vertex 20.5364 -21.8691 10
      vertex 19.1227 -23.1154 10
    endloop
  endfacet
  facet normal 0.661299 -0.750123 0
    outer loop
      vertex 20.5364 -21.8691 10
      vertex 19.1227 -23.1154 0
      vertex 20.5364 -21.8691 0
    endloop
  endfacet
  facet normal 0.453993 -0.891005 0
    outer loop
      vertex 12.7734 -27.1448 0
      vertex 14.4526 -26.2892 10
      vertex 12.7734 -27.1448 10
    endloop
  endfacet
  facet normal 0.453993 -0.891005 0
    outer loop
      vertex 14.4526 -26.2892 10
      vertex 12.7734 -27.1448 0
      vertex 14.4526 -26.2892 0
    endloop
  endfacet
  facet normal 0.790146 -0.612919 0
    outer loop
      vertex 23.1154 -19.1227 10
      vertex 24.2705 -17.6336 0
      vertex 24.2705 -17.6336 10
    endloop
  endfacet
  facet normal 0.790146 -0.612919 0
    outer loop
      vertex 24.2705 -17.6336 0
      vertex 23.1154 -19.1227 10
      vertex 23.1154 -19.1227 0
    endloop
  endfacet
  facet normal 0.860734 -0.509055 0
    outer loop
      vertex 25.3298 -16.0748 10
      vertex 26.2892 -14.4526 0
      vertex 26.2892 -14.4526 10
    endloop
  endfacet
  facet normal 0.860734 -0.509055 0
    outer loop
      vertex 26.2892 -14.4526 0
      vertex 25.3298 -16.0748 10
      vertex 25.3298 -16.0748 0
    endloop
  endfacet
  facet normal 0.917756 -0.397144 0
    outer loop
      vertex 27.1448 -12.7734 10
      vertex 27.8933 -11.0437 0
      vertex 27.8933 -11.0437 10
    endloop
  endfacet
  facet normal 0.917756 -0.397144 0
    outer loop
      vertex 27.8933 -11.0437 0
      vertex 27.1448 -12.7734 10
      vertex 27.1448 -12.7734 0
    endloop
  endfacet
  facet normal 0.99556 -0.0941285 0
    outer loop
      vertex 29.7634 -3.76 10
      vertex 29.9408 -1.88371 0
      vertex 29.9408 -1.88371 10
    endloop
  endfacet
  facet normal 0.99556 -0.0941285 0
    outer loop
      vertex 29.9408 -1.88371 0
      vertex 29.7634 -3.76 10
      vertex 29.7634 -3.76 0
    endloop
  endfacet
  facet normal 0.975919 -0.218131 0
    outer loop
      vertex 29.0575 -7.4607 10
      vertex 29.4686 -5.62144 0
      vertex 29.4686 -5.62144 10
    endloop
  endfacet
  facet normal 0.975919 -0.218131 0
    outer loop
      vertex 29.4686 -5.62144 0
      vertex 29.0575 -7.4607 10
      vertex 29.0575 -7.4607 0
    endloop
  endfacet
  facet normal -0.612919 -0.790146 0
    outer loop
      vertex -19.1227 -23.1154 0
      vertex -17.6336 -24.2705 10
      vertex -19.1227 -23.1154 10
    endloop
  endfacet
  facet normal -0.612919 -0.790146 -0
    outer loop
      vertex -17.6336 -24.2705 10
      vertex -19.1227 -23.1154 0
      vertex -17.6336 -24.2705 0
    endloop
  endfacet
  facet normal -0.397144 -0.917756 0
    outer loop
      vertex -12.7734 -27.1448 0
      vertex -11.0437 -27.8933 10
      vertex -12.7734 -27.1448 10
    endloop
  endfacet
  facet normal -0.397144 -0.917756 -0
    outer loop
      vertex -11.0437 -27.8933 10
      vertex -12.7734 -27.1448 0
      vertex -11.0437 -27.8933 0
    endloop
  endfacet
  facet normal -0.509055 -0.860734 0
    outer loop
      vertex -16.0748 -25.3298 0
      vertex -14.4526 -26.2892 10
      vertex -16.0748 -25.3298 10
    endloop
  endfacet
  facet normal -0.509055 -0.860734 -0
    outer loop
      vertex -14.4526 -26.2892 10
      vertex -16.0748 -25.3298 0
      vertex -14.4526 -26.2892 0
    endloop
  endfacet
  facet normal 0.999507 -0.0314118 0
    outer loop
      vertex 29.9408 -1.88371 10
      vertex 30 0 0
      vertex 30 0 10
    endloop
  endfacet
  facet normal 0.999507 -0.0314118 0
    outer loop
      vertex 30 0 0
      vertex 29.9408 -1.88371 10
      vertex 29.9408 -1.88371 0
    endloop
  endfacet
endsolid OpenSCAD_Model
