solid 
   facet normal 0.000000e+00 9.238795e-01 -3.826834e-01
      outer loop
         vertex -1.155000e+01 2.716116e+00 4.633883e+00
         vertex -1.055000e+01 2.716116e+00 4.633883e+00
         vertex -1.055000e+01 2.350000e+00 3.750000e+00
      endloop
   endfacet
   facet normal 0.000000e+00 9.238795e-01 -3.826834e-01
      outer loop
         vertex -1.155000e+01 2.350000e+00 3.750000e+00
         vertex -1.155000e+01 2.716116e+00 4.633883e+00
         vertex -1.055000e+01 2.350000e+00 3.750000e+00
      endloop
   endfacet
   facet normal 0.000000e+00 3.826834e-01 -9.238795e-01
      outer loop
         vertex -1.155000e+01 3.600000e+00 5.000000e+00
         vertex -1.055000e+01 3.600000e+00 5.000000e+00
         vertex -1.055000e+01 2.716116e+00 4.633883e+00
      endloop
   endfacet
   facet normal 0.000000e+00 3.826834e-01 -9.238795e-01
      outer loop
         vertex -1.155000e+01 2.716116e+00 4.633883e+00
         vertex -1.155000e+01 3.600000e+00 5.000000e+00
         vertex -1.055000e+01 2.716116e+00 4.633883e+00
      endloop
   endfacet
   facet normal -0.000000e+00 -3.826834e-01 -9.238795e-01
      outer loop
         vertex -1.155000e+01 4.483883e+00 4.633883e+00
         vertex -1.055000e+01 4.483883e+00 4.633883e+00
         vertex -1.055000e+01 3.600000e+00 5.000000e+00
      endloop
   endfacet
   facet normal 0.000000e+00 -3.826834e-01 -9.238795e-01
      outer loop
         vertex -1.155000e+01 3.600000e+00 5.000000e+00
         vertex -1.155000e+01 4.483883e+00 4.633883e+00
         vertex -1.055000e+01 3.600000e+00 5.000000e+00
      endloop
   endfacet
   facet normal -0.000000e+00 -9.238795e-01 -3.826834e-01
      outer loop
         vertex -1.155000e+01 4.850000e+00 3.750000e+00
         vertex -1.055000e+01 4.850000e+00 3.750000e+00
         vertex -1.055000e+01 4.483883e+00 4.633883e+00
      endloop
   endfacet
   facet normal 0.000000e+00 -9.238795e-01 -3.826834e-01
      outer loop
         vertex -1.155000e+01 4.483883e+00 4.633883e+00
         vertex -1.155000e+01 4.850000e+00 3.750000e+00
         vertex -1.055000e+01 4.483883e+00 4.633883e+00
      endloop
   endfacet
   facet normal 0.000000e+00 -9.238795e-01 3.826834e-01
      outer loop
         vertex -1.155000e+01 4.483883e+00 2.866117e+00
         vertex -1.055000e+01 4.483883e+00 2.866117e+00
         vertex -1.055000e+01 4.850000e+00 3.750000e+00
      endloop
   endfacet
   facet normal 0.000000e+00 -9.238795e-01 3.826834e-01
      outer loop
         vertex -1.155000e+01 4.850000e+00 3.750000e+00
         vertex -1.155000e+01 4.483883e+00 2.866117e+00
         vertex -1.055000e+01 4.850000e+00 3.750000e+00
      endloop
   endfacet
   facet normal 0.000000e+00 -3.826834e-01 9.238795e-01
      outer loop
         vertex -1.155000e+01 3.600000e+00 2.500000e+00
         vertex -1.055000e+01 3.600000e+00 2.500000e+00
         vertex -1.055000e+01 4.483883e+00 2.866117e+00
      endloop
   endfacet
   facet normal 0.000000e+00 -3.826834e-01 9.238795e-01
      outer loop
         vertex -1.155000e+01 4.483883e+00 2.866117e+00
         vertex -1.155000e+01 3.600000e+00 2.500000e+00
         vertex -1.055000e+01 4.483883e+00 2.866117e+00
      endloop
   endfacet
   facet normal 0.000000e+00 3.826834e-01 9.238795e-01
      outer loop
         vertex -1.155000e+01 2.716116e+00 2.866117e+00
         vertex -1.055000e+01 2.716116e+00 2.866117e+00
         vertex -1.055000e+01 3.600000e+00 2.500000e+00
      endloop
   endfacet
   facet normal 0.000000e+00 3.826834e-01 9.238795e-01
      outer loop
         vertex -1.155000e+01 3.600000e+00 2.500000e+00
         vertex -1.155000e+01 2.716116e+00 2.866117e+00
         vertex -1.055000e+01 3.600000e+00 2.500000e+00
      endloop
   endfacet
   facet normal 0.000000e+00 9.238795e-01 3.826834e-01
      outer loop
         vertex -1.155000e+01 2.350000e+00 3.750000e+00
         vertex -1.055000e+01 2.350000e+00 3.750000e+00
         vertex -1.055000e+01 2.716116e+00 2.866117e+00
      endloop
   endfacet
   facet normal 0.000000e+00 9.238795e-01 3.826834e-01
      outer loop
         vertex -1.155000e+01 2.716116e+00 2.866117e+00
         vertex -1.155000e+01 2.350000e+00 3.750000e+00
         vertex -1.055000e+01 2.716116e+00 2.866117e+00
      endloop
   endfacet
   facet normal -1.000000e+00 -0.000000e+00 0.000000e+00
      outer loop
         vertex -1.165000e+01 5.850000e+00 9.800000e+00
         vertex -1.165000e+01 8.150000e+00 9.800000e+00
         vertex -1.165000e+01 5.850000e+00 3.750000e+00
      endloop
   endfacet
   facet normal -1.000000e+00 0.000000e+00 0.000000e+00
      outer loop
         vertex -1.165000e+01 8.150000e+00 9.800000e+00
         vertex -1.165000e+01 8.150000e+00 5.000000e-01
         vertex -1.165000e+01 5.850000e+00 3.750000e+00
      endloop
   endfacet
   facet normal -1.000000e+00 0.000000e+00 0.000000e+00
      outer loop
         vertex -1.165000e+01 5.850000e+00 3.750000e+00
         vertex -1.165000e+01 8.150000e+00 5.000000e-01
         vertex -1.165000e+01 5.420288e+00 2.427483e+00
      endloop
   endfacet
   facet normal -1.000000e+00 0.000000e+00 0.000000e+00
      outer loop
         vertex -1.165000e+01 8.150000e+00 5.000000e-01
         vertex -1.165000e+01 8.083013e+00 2.500000e-01
         vertex -1.165000e+01 5.420288e+00 2.427483e+00
      endloop
   endfacet
   facet normal -1.000000e+00 0.000000e+00 0.000000e+00
      outer loop
         vertex -1.165000e+01 5.420288e+00 2.427483e+00
         vertex -1.165000e+01 8.083013e+00 2.500000e-01
         vertex -1.165000e+01 4.295288e+00 1.610123e+00
      endloop
   endfacet
   facet normal -1.000000e+00 0.000000e+00 0.000000e+00
      outer loop
         vertex -1.165000e+01 8.083013e+00 2.500000e-01
         vertex -1.165000e+01 7.900000e+00 6.698730e-02
         vertex -1.165000e+01 4.295288e+00 1.610123e+00
      endloop
   endfacet
   facet normal -1.000000e+00 0.000000e+00 0.000000e+00
      outer loop
         vertex -1.165000e+01 4.295288e+00 1.610123e+00
         vertex -1.165000e+01 7.900000e+00 6.698730e-02
         vertex -1.165000e+01 2.904712e+00 1.610123e+00
      endloop
   endfacet
   facet normal -1.000000e+00 0.000000e+00 0.000000e+00
      outer loop
         vertex -1.165000e+01 7.900000e+00 6.698730e-02
         vertex -1.165000e+01 7.650000e+00 3.238151e-16
         vertex -1.165000e+01 2.904712e+00 1.610123e+00
      endloop
   endfacet
   facet normal -1.000000e+00 0.000000e+00 0.000000e+00
      outer loop
         vertex -1.165000e+01 7.650000e+00 3.238151e-16
         vertex -1.165000e+01 -7.650000e+00 0.000000e+00
         vertex -1.165000e+01 2.904712e+00 1.610123e+00
      endloop
   endfacet
   facet normal -1.000000e+00 0.000000e+00 0.000000e+00
      outer loop
         vertex -1.165000e+01 -7.650000e+00 0.000000e+00
         vertex -1.165000e+01 -7.900000e+00 6.698730e-02
         vertex -1.165000e+01 2.904712e+00 1.610123e+00
      endloop
   endfacet
   facet normal -1.000000e+00 0.000000e+00 0.000000e+00
      outer loop
         vertex -1.165000e+01 2.904712e+00 1.610123e+00
         vertex -1.165000e+01 -7.900000e+00 6.698730e-02
         vertex -1.165000e+01 1.779712e+00 2.427483e+00
      endloop
   endfacet
   facet normal -1.000000e+00 0.000000e+00 0.000000e+00
      outer loop
         vertex -1.165000e+01 -7.900000e+00 6.698730e-02
         vertex -1.165000e+01 -8.083013e+00 2.500000e-01
         vertex -1.165000e+01 1.779712e+00 2.427483e+00
      endloop
   endfacet
   facet normal -1.000000e+00 0.000000e+00 0.000000e+00
      outer loop
         vertex -1.165000e+01 1.779712e+00 2.427483e+00
         vertex -1.165000e+01 -8.083013e+00 2.500000e-01
         vertex -1.165000e+01 1.350000e+00 3.750000e+00
      endloop
   endfacet
   facet normal -1.000000e+00 0.000000e+00 0.000000e+00
      outer loop
         vertex -1.165000e+01 -8.083013e+00 2.500000e-01
         vertex -1.165000e+01 -8.150000e+00 5.000000e-01
         vertex -1.165000e+01 1.350000e+00 3.750000e+00
      endloop
   endfacet
   facet normal -1.000000e+00 0.000000e+00 0.000000e+00
      outer loop
         vertex -1.165000e+01 1.350000e+00 3.750000e+00
         vertex -1.165000e+01 -8.150000e+00 5.000000e-01
         vertex -1.165000e+01 1.350000e+00 9.800000e+00
      endloop
   endfacet
   facet normal -1.000000e+00 0.000000e+00 -0.000000e+00
      outer loop
         vertex -1.165000e+01 -8.150000e+00 5.000000e-01
         vertex -1.165000e+01 -5.402326e+00 4.631665e+00
         vertex -1.165000e+01 1.350000e+00 9.800000e+00
      endloop
   endfacet
   facet normal -1.000000e+00 0.000000e+00 0.000000e+00
      outer loop
         vertex -1.165000e+01 1.350000e+00 9.800000e+00
         vertex -1.165000e+01 -2.805578e+00 7.765178e+00
         vertex -1.165000e+01 -2.450000e+00 9.800000e+00
      endloop
   endfacet
   facet normal -1.000000e+00 0.000000e+00 0.000000e+00
      outer loop
         vertex -1.165000e+01 -2.805578e+00 7.765178e+00
         vertex -1.165000e+01 1.350000e+00 9.800000e+00
         vertex -1.165000e+01 -3.830167e+00 5.971535e+00
      endloop
   endfacet
   facet normal -1.000000e+00 0.000000e+00 0.000000e+00
      outer loop
         vertex -1.165000e+01 -3.830167e+00 5.971535e+00
         vertex -1.165000e+01 1.350000e+00 9.800000e+00
         vertex -1.165000e+01 -5.402326e+00 4.631665e+00
      endloop
   endfacet
   facet normal -1.000000e+00 0.000000e+00 0.000000e+00
      outer loop
         vertex -1.165000e+01 -5.402326e+00 4.631665e+00
         vertex -1.165000e+01 -8.150000e+00 5.000000e-01
         vertex -1.165000e+01 -7.335714e+00 3.904377e+00
      endloop
   endfacet
   facet normal -1.000000e+00 0.000000e+00 0.000000e+00
      outer loop
         vertex -1.165000e+01 -8.150000e+00 5.000000e-01
         vertex -1.165000e+01 -8.150000e+00 2.921773e+00
         vertex -1.165000e+01 -7.335714e+00 3.904377e+00
      endloop
   endfacet
   facet normal -1.000000e+00 0.000000e+00 0.000000e+00
      outer loop
         vertex -1.165000e+01 -7.335714e+00 3.904377e+00
         vertex -1.165000e+01 -8.150000e+00 2.921773e+00
         vertex -1.165000e+01 -7.919972e+00 3.559851e+00
      endloop
   endfacet
   facet normal 0.000000e+00 0.000000e+00 1.000000e+00
      outer loop
         vertex -1.165000e+01 8.150000e+00 9.800000e+00
         vertex -1.165000e+01 5.850000e+00 9.800000e+00
         vertex -1.055000e+01 8.150000e+00 9.800000e+00
      endloop
   endfacet
   facet normal 0.000000e+00 -0.000000e+00 1.000000e+00
      outer loop
         vertex -1.165000e+01 5.850000e+00 9.800000e+00
         vertex -1.155000e+01 5.850000e+00 9.800000e+00
         vertex -1.055000e+01 8.150000e+00 9.800000e+00
      endloop
   endfacet
   facet normal -0.000000e+00 0.000000e+00 1.000000e+00
      outer loop
         vertex -1.055000e+01 8.150000e+00 9.800000e+00
         vertex -1.155000e+01 5.850000e+00 9.800000e+00
         vertex -1.055000e+01 -1.850000e+00 9.800000e+00
      endloop
   endfacet
   facet normal -0.000000e+00 0.000000e+00 1.000000e+00
      outer loop
         vertex -1.155000e+01 5.850000e+00 9.800000e+00
         vertex -1.155000e+01 1.350000e+00 9.800000e+00
         vertex -1.055000e+01 -1.850000e+00 9.800000e+00
      endloop
   endfacet
   facet normal -0.000000e+00 0.000000e+00 1.000000e+00
      outer loop
         vertex -1.155000e+01 1.350000e+00 9.800000e+00
         vertex -1.165000e+01 1.350000e+00 9.800000e+00
         vertex -1.055000e+01 -1.850000e+00 9.800000e+00
      endloop
   endfacet
   facet normal 0.000000e+00 0.000000e+00 1.000000e+00
      outer loop
         vertex -1.165000e+01 1.350000e+00 9.800000e+00
         vertex -1.165000e+01 -2.450000e+00 9.800000e+00
         vertex -1.055000e+01 -1.850000e+00 9.800000e+00
      endloop
   endfacet
   facet normal 0.000000e+00 0.000000e+00 1.000000e+00
      outer loop
         vertex -1.055000e+01 -1.850000e+00 9.800000e+00
         vertex -1.165000e+01 -2.450000e+00 9.800000e+00
         vertex 1.055000e+01 -1.850000e+00 9.800000e+00
      endloop
   endfacet
   facet normal 0.000000e+00 -0.000000e+00 1.000000e+00
      outer loop
         vertex -1.165000e+01 -2.450000e+00 9.800000e+00
         vertex -1.055000e+01 -2.450000e+00 9.800000e+00
         vertex 1.055000e+01 -1.850000e+00 9.800000e+00
      endloop
   endfacet
   facet normal 0.000000e+00 -0.000000e+00 1.000000e+00
      outer loop
         vertex -1.055000e+01 -2.450000e+00 9.800000e+00
         vertex -7.400000e+00 -2.450000e+00 9.800000e+00
         vertex 1.055000e+01 -1.850000e+00 9.800000e+00
      endloop
   endfacet
   facet normal 0.000000e+00 -0.000000e+00 1.000000e+00
      outer loop
         vertex -7.400000e+00 -2.450000e+00 9.800000e+00
         vertex -6.500000e+00 -2.450000e+00 9.800000e+00
         vertex 1.055000e+01 -1.850000e+00 9.800000e+00
      endloop
   endfacet
   facet normal 0.000000e+00 -0.000000e+00 1.000000e+00
      outer loop
         vertex -6.500000e+00 -2.450000e+00 9.800000e+00
         vertex -5.200000e+00 -2.450000e+00 9.800000e+00
         vertex 1.055000e+01 -1.850000e+00 9.800000e+00
      endloop
   endfacet
   facet normal 0.000000e+00 -0.000000e+00 1.000000e+00
      outer loop
         vertex -5.200000e+00 -2.450000e+00 9.800000e+00
         vertex -4.300000e+00 -2.450000e+00 9.800000e+00
         vertex 1.055000e+01 -1.850000e+00 9.800000e+00
      endloop
   endfacet
   facet normal 0.000000e+00 -0.000000e+00 1.000000e+00
      outer loop
         vertex -4.300000e+00 -2.450000e+00 9.800000e+00
         vertex -3.000000e+00 -2.450000e+00 9.800000e+00
         vertex 1.055000e+01 -1.850000e+00 9.800000e+00
      endloop
   endfacet
   facet normal 0.000000e+00 -0.000000e+00 1.000000e+00
      outer loop
         vertex -3.000000e+00 -2.450000e+00 9.800000e+00
         vertex -2.100000e+00 -2.450000e+00 9.800000e+00
         vertex 1.055000e+01 -1.850000e+00 9.800000e+00
      endloop
   endfacet
   facet normal 0.000000e+00 -0.000000e+00 1.000000e+00
      outer loop
         vertex -2.100000e+00 -2.450000e+00 9.800000e+00
         vertex -8.000000e-01 -2.450000e+00 9.800000e+00
         vertex 1.055000e+01 -1.850000e+00 9.800000e+00
      endloop
   endfacet
   facet normal 0.000000e+00 -0.000000e+00 1.000000e+00
      outer loop
         vertex -8.000000e-01 -2.450000e+00 9.800000e+00
         vertex 8.000000e-01 -2.450000e+00 9.800000e+00
         vertex 1.055000e+01 -1.850000e+00 9.800000e+00
      endloop
   endfacet
   facet normal 0.000000e+00 -0.000000e+00 1.000000e+00
      outer loop
         vertex 8.000000e-01 -2.450000e+00 9.800000e+00
         vertex 2.100000e+00 -2.450000e+00 9.800000e+00
         vertex 1.055000e+01 -1.850000e+00 9.800000e+00
      endloop
   endfacet
   facet normal 0.000000e+00 -0.000000e+00 1.000000e+00
      outer loop
         vertex 2.100000e+00 -2.450000e+00 9.800000e+00
         vertex 3.000000e+00 -2.450000e+00 9.800000e+00
         vertex 1.055000e+01 -1.850000e+00 9.800000e+00
      endloop
   endfacet
   facet normal 0.000000e+00 -0.000000e+00 1.000000e+00
      outer loop
         vertex 3.000000e+00 -2.450000e+00 9.800000e+00
         vertex 4.300000e+00 -2.450000e+00 9.800000e+00
         vertex 1.055000e+01 -1.850000e+00 9.800000e+00
      endloop
   endfacet
   facet normal 0.000000e+00 -0.000000e+00 1.000000e+00
      outer loop
         vertex 4.300000e+00 -2.450000e+00 9.800000e+00
         vertex 5.200000e+00 -2.450000e+00 9.800000e+00
         vertex 1.055000e+01 -1.850000e+00 9.800000e+00
      endloop
   endfacet
   facet normal 0.000000e+00 -0.000000e+00 1.000000e+00
      outer loop
         vertex 5.200000e+00 -2.450000e+00 9.800000e+00
         vertex 6.500000e+00 -2.450000e+00 9.800000e+00
         vertex 1.055000e+01 -1.850000e+00 9.800000e+00
      endloop
   endfacet
   facet normal 0.000000e+00 -0.000000e+00 1.000000e+00
      outer loop
         vertex 6.500000e+00 -2.450000e+00 9.800000e+00
         vertex 7.400000e+00 -2.450000e+00 9.800000e+00
         vertex 1.055000e+01 -1.850000e+00 9.800000e+00
      endloop
   endfacet
   facet normal 0.000000e+00 -0.000000e+00 1.000000e+00
      outer loop
         vertex 7.400000e+00 -2.450000e+00 9.800000e+00
         vertex 1.055000e+01 -2.450000e+00 9.800000e+00
         vertex 1.055000e+01 -1.850000e+00 9.800000e+00
      endloop
   endfacet
   facet normal 0.000000e+00 0.000000e+00 1.000000e+00
      outer loop
         vertex 1.055000e+01 -2.450000e+00 9.800000e+00
         vertex 1.165000e+01 -2.450000e+00 9.800000e+00
         vertex 1.055000e+01 -1.850000e+00 9.800000e+00
      endloop
   endfacet
   facet normal 0.000000e+00 0.000000e+00 1.000000e+00
      outer loop
         vertex 1.055000e+01 -1.850000e+00 9.800000e+00
         vertex 1.165000e+01 -2.450000e+00 9.800000e+00
         vertex 1.055000e+01 8.150000e+00 9.800000e+00
      endloop
   endfacet
   facet normal 0.000000e+00 0.000000e+00 1.000000e+00
      outer loop
         vertex 1.165000e+01 -2.450000e+00 9.800000e+00
         vertex 1.155000e+01 1.350000e+00 9.800000e+00
         vertex 1.055000e+01 8.150000e+00 9.800000e+00
      endloop
   endfacet
   facet normal 0.000000e+00 -0.000000e+00 1.000000e+00
      outer loop
         vertex 1.055000e+01 8.150000e+00 9.800000e+00
         vertex 1.155000e+01 5.850000e+00 9.800000e+00
         vertex 1.165000e+01 8.150000e+00 9.800000e+00
      endloop
   endfacet
   facet normal 0.000000e+00 -0.000000e+00 1.000000e+00
      outer loop
         vertex 1.155000e+01 5.850000e+00 9.800000e+00
         vertex 1.165000e+01 5.850000e+00 9.800000e+00
         vertex 1.165000e+01 8.150000e+00 9.800000e+00
      endloop
   endfacet
   facet normal 0.000000e+00 0.000000e+00 1.000000e+00
      outer loop
         vertex 1.155000e+01 5.850000e+00 9.800000e+00
         vertex 1.055000e+01 8.150000e+00 9.800000e+00
         vertex 1.155000e+01 1.350000e+00 9.800000e+00
      endloop
   endfacet
   facet normal 0.000000e+00 -0.000000e+00 1.000000e+00
      outer loop
         vertex 1.155000e+01 1.350000e+00 9.800000e+00
         vertex 1.165000e+01 -2.450000e+00 9.800000e+00
         vertex 1.165000e+01 1.350000e+00 9.800000e+00
      endloop
   endfacet
   facet normal -1.000000e+00 0.000000e+00 0.000000e+00
      outer loop
         vertex -1.155000e+01 1.350000e+00 3.750000e+00
         vertex -1.155000e+01 1.350000e+00 9.800000e+00
         vertex -1.155000e+01 1.779712e+00 2.427483e+00
      endloop
   endfacet
   facet normal -1.000000e+00 -0.000000e+00 0.000000e+00
      outer loop
         vertex -1.155000e+01 1.350000e+00 9.800000e+00
         vertex -1.155000e+01 2.716116e+00 4.633883e+00
         vertex -1.155000e+01 1.779712e+00 2.427483e+00
      endloop
   endfacet
   facet normal -1.000000e+00 0.000000e+00 -0.000000e+00
      outer loop
         vertex -1.155000e+01 1.779712e+00 2.427483e+00
         vertex -1.155000e+01 2.350000e+00 3.750000e+00
         vertex -1.155000e+01 2.904712e+00 1.610123e+00
      endloop
   endfacet
   facet normal -1.000000e+00 -0.000000e+00 -0.000000e+00
      outer loop
         vertex -1.155000e+01 2.350000e+00 3.750000e+00
         vertex -1.155000e+01 2.716116e+00 2.866117e+00
         vertex -1.155000e+01 2.904712e+00 1.610123e+00
      endloop
   endfacet
   facet normal -1.000000e+00 0.000000e+00 0.000000e+00
      outer loop
         vertex -1.155000e+01 2.904712e+00 1.610123e+00
         vertex -1.155000e+01 2.716116e+00 2.866117e+00
         vertex -1.155000e+01 4.295288e+00 1.610123e+00
      endloop
   endfacet
   facet normal -1.000000e+00 -0.000000e+00 -0.000000e+00
      outer loop
         vertex -1.155000e+01 2.716116e+00 2.866117e+00
         vertex -1.155000e+01 3.600000e+00 2.500000e+00
         vertex -1.155000e+01 4.295288e+00 1.610123e+00
      endloop
   endfacet
   facet normal -1.000000e+00 0.000000e+00 0.000000e+00
      outer loop
         vertex -1.155000e+01 4.295288e+00 1.610123e+00
         vertex -1.155000e+01 3.600000e+00 2.500000e+00
         vertex -1.155000e+01 5.420288e+00 2.427483e+00
      endloop
   endfacet
   facet normal -1.000000e+00 0.000000e+00 -0.000000e+00
      outer loop
         vertex -1.155000e+01 3.600000e+00 2.500000e+00
         vertex -1.155000e+01 4.483883e+00 2.866117e+00
         vertex -1.155000e+01 5.420288e+00 2.427483e+00
      endloop
   endfacet
   facet normal -1.000000e+00 0.000000e+00 0.000000e+00
      outer loop
         vertex -1.155000e+01 5.420288e+00 2.427483e+00
         vertex -1.155000e+01 4.483883e+00 2.866117e+00
         vertex -1.155000e+01 5.850000e+00 3.750000e+00
      endloop
   endfacet
   facet normal -1.000000e+00 0.000000e+00 -0.000000e+00
      outer loop
         vertex -1.155000e+01 4.483883e+00 2.866117e+00
         vertex -1.155000e+01 4.850000e+00 3.750000e+00
         vertex -1.155000e+01 5.850000e+00 3.750000e+00
      endloop
   endfacet
   facet normal -1.000000e+00 0.000000e+00 0.000000e+00
      outer loop
         vertex -1.155000e+01 5.850000e+00 3.750000e+00
         vertex -1.155000e+01 4.850000e+00 3.750000e+00
         vertex -1.155000e+01 5.850000e+00 9.800000e+00
      endloop
   endfacet
   facet normal -1.000000e+00 0.000000e+00 0.000000e+00
      outer loop
         vertex -1.155000e+01 4.850000e+00 3.750000e+00
         vertex -1.155000e+01 4.483883e+00 4.633883e+00
         vertex -1.155000e+01 5.850000e+00 9.800000e+00
      endloop
   endfacet
   facet normal -1.000000e+00 0.000000e+00 0.000000e+00
      outer loop
         vertex -1.155000e+01 5.850000e+00 9.800000e+00
         vertex -1.155000e+01 4.483883e+00 4.633883e+00
         vertex -1.155000e+01 1.350000e+00 9.800000e+00
      endloop
   endfacet
   facet normal -1.000000e+00 0.000000e+00 0.000000e+00
      outer loop
         vertex -1.155000e+01 4.483883e+00 4.633883e+00
         vertex -1.155000e+01 3.600000e+00 5.000000e+00
         vertex -1.155000e+01 1.350000e+00 9.800000e+00
      endloop
   endfacet
   facet normal -1.000000e+00 -0.000000e+00 0.000000e+00
      outer loop
         vertex -1.155000e+01 1.350000e+00 9.800000e+00
         vertex -1.155000e+01 3.600000e+00 5.000000e+00
         vertex -1.155000e+01 2.716116e+00 4.633883e+00
      endloop
   endfacet
   facet normal -1.000000e+00 0.000000e+00 0.000000e+00
      outer loop
         vertex -1.155000e+01 2.350000e+00 3.750000e+00
         vertex -1.155000e+01 1.779712e+00 2.427483e+00
         vertex -1.155000e+01 2.716116e+00 4.633883e+00
      endloop
   endfacet
   facet normal 0.000000e+00 1.000000e+00 0.000000e+00
      outer loop
         vertex -1.155000e+01 1.350000e+00 3.750000e+00
         vertex -1.165000e+01 1.350000e+00 3.750000e+00
         vertex -1.165000e+01 1.350000e+00 9.800000e+00
      endloop
   endfacet
   facet normal 0.000000e+00 1.000000e+00 -0.000000e+00
      outer loop
         vertex -1.155000e+01 1.350000e+00 9.800000e+00
         vertex -1.155000e+01 1.350000e+00 3.750000e+00
         vertex -1.165000e+01 1.350000e+00 9.800000e+00
      endloop
   endfacet
   facet normal 0.000000e+00 -9.510565e-01 3.090170e-01
      outer loop
         vertex -1.165000e+01 5.420288e+00 2.427483e+00
         vertex -1.155000e+01 5.420288e+00 2.427483e+00
         vertex -1.155000e+01 5.850000e+00 3.750000e+00
      endloop
   endfacet
   facet normal 0.000000e+00 -9.510565e-01 3.090170e-01
      outer loop
         vertex -1.165000e+01 5.850000e+00 3.750000e+00
         vertex -1.165000e+01 5.420288e+00 2.427483e+00
         vertex -1.155000e+01 5.850000e+00 3.750000e+00
      endloop
   endfacet
   facet normal 0.000000e+00 -5.877852e-01 8.090170e-01
      outer loop
         vertex -1.165000e+01 4.295288e+00 1.610123e+00
         vertex -1.155000e+01 4.295288e+00 1.610123e+00
         vertex -1.155000e+01 5.420288e+00 2.427483e+00
      endloop
   endfacet
   facet normal 0.000000e+00 -5.877852e-01 8.090170e-01
      outer loop
         vertex -1.165000e+01 5.420288e+00 2.427483e+00
         vertex -1.165000e+01 4.295288e+00 1.610123e+00
         vertex -1.155000e+01 5.420288e+00 2.427483e+00
      endloop
   endfacet
   facet normal 0.000000e+00 -0.000000e+00 1.000000e+00
      outer loop
         vertex -1.165000e+01 2.904712e+00 1.610123e+00
         vertex -1.155000e+01 2.904712e+00 1.610123e+00
         vertex -1.155000e+01 4.295288e+00 1.610123e+00
      endloop
   endfacet
   facet normal 0.000000e+00 0.000000e+00 1.000000e+00
      outer loop
         vertex -1.165000e+01 4.295288e+00 1.610123e+00
         vertex -1.165000e+01 2.904712e+00 1.610123e+00
         vertex -1.155000e+01 4.295288e+00 1.610123e+00
      endloop
   endfacet
   facet normal 0.000000e+00 5.877852e-01 8.090170e-01
      outer loop
         vertex -1.165000e+01 1.779712e+00 2.427483e+00
         vertex -1.155000e+01 1.779712e+00 2.427483e+00
         vertex -1.155000e+01 2.904712e+00 1.610123e+00
      endloop
   endfacet
   facet normal 0.000000e+00 5.877852e-01 8.090170e-01
      outer loop
         vertex -1.165000e+01 2.904712e+00 1.610123e+00
         vertex -1.165000e+01 1.779712e+00 2.427483e+00
         vertex -1.155000e+01 2.904712e+00 1.610123e+00
      endloop
   endfacet
   facet normal 0.000000e+00 9.510565e-01 3.090169e-01
      outer loop
         vertex -1.165000e+01 1.350000e+00 3.750000e+00
         vertex -1.155000e+01 1.350000e+00 3.750000e+00
         vertex -1.155000e+01 1.779712e+00 2.427483e+00
      endloop
   endfacet
   facet normal 0.000000e+00 9.510565e-01 3.090169e-01
      outer loop
         vertex -1.165000e+01 1.779712e+00 2.427483e+00
         vertex -1.165000e+01 1.350000e+00 3.750000e+00
         vertex -1.155000e+01 1.779712e+00 2.427483e+00
      endloop
   endfacet
   facet normal 0.000000e+00 -1.000000e+00 0.000000e+00
      outer loop
         vertex -1.165000e+01 5.850000e+00 3.750000e+00
         vertex -1.155000e+01 5.850000e+00 3.750000e+00
         vertex -1.155000e+01 5.850000e+00 9.800000e+00
      endloop
   endfacet
   facet normal 0.000000e+00 -1.000000e+00 0.000000e+00
      outer loop
         vertex -1.165000e+01 5.850000e+00 9.800000e+00
         vertex -1.165000e+01 5.850000e+00 3.750000e+00
         vertex -1.155000e+01 5.850000e+00 9.800000e+00
      endloop
   endfacet
   facet normal 1.000000e+00 0.000000e+00 0.000000e+00
      outer loop
         vertex -1.055000e+01 8.150000e+00 2.800000e+00
         vertex -1.055000e+01 8.150000e+00 9.800000e+00
         vertex -1.055000e+01 7.150000e+00 2.800000e+00
      endloop
   endfacet
   facet normal 1.000000e+00 -0.000000e+00 0.000000e+00
      outer loop
         vertex -1.055000e+01 8.150000e+00 9.800000e+00
         vertex -1.055000e+01 -1.850000e+00 9.800000e+00
         vertex -1.055000e+01 7.150000e+00 2.800000e+00
      endloop
   endfacet
   facet normal 1.000000e+00 0.000000e+00 0.000000e+00
      outer loop
         vertex -1.055000e+01 7.150000e+00 2.800000e+00
         vertex -1.055000e+01 4.483883e+00 4.633883e+00
         vertex -1.055000e+01 7.150000e+00 1.000000e+00
      endloop
   endfacet
   facet normal 1.000000e+00 -0.000000e+00 -0.000000e+00
      outer loop
         vertex -1.055000e+01 4.483883e+00 4.633883e+00
         vertex -1.055000e+01 4.850000e+00 3.750000e+00
         vertex -1.055000e+01 7.150000e+00 1.000000e+00
      endloop
   endfacet
   facet normal 1.000000e+00 0.000000e+00 0.000000e+00
      outer loop
         vertex -1.055000e+01 7.150000e+00 1.000000e+00
         vertex -1.055000e+01 3.600000e+00 2.500000e+00
         vertex -1.055000e+01 -1.850000e+00 1.000000e+00
      endloop
   endfacet
   facet normal 1.000000e+00 0.000000e+00 0.000000e+00
      outer loop
         vertex -1.055000e+01 3.600000e+00 2.500000e+00
         vertex -1.055000e+01 2.716116e+00 2.866117e+00
         vertex -1.055000e+01 -1.850000e+00 1.000000e+00
      endloop
   endfacet
   facet normal 1.000000e+00 0.000000e+00 0.000000e+00
      outer loop
         vertex -1.055000e+01 -1.850000e+00 1.000000e+00
         vertex -1.055000e+01 2.716116e+00 2.866117e+00
         vertex -1.055000e+01 -1.850000e+00 9.800000e+00
      endloop
   endfacet
   facet normal 1.000000e+00 0.000000e+00 0.000000e+00
      outer loop
         vertex -1.055000e+01 2.716116e+00 2.866117e+00
         vertex -1.055000e+01 2.350000e+00 3.750000e+00
         vertex -1.055000e+01 -1.850000e+00 9.800000e+00
      endloop
   endfacet
   facet normal 1.000000e+00 -0.000000e+00 -0.000000e+00
      outer loop
         vertex -1.055000e+01 -1.850000e+00 9.800000e+00
         vertex -1.055000e+01 4.483883e+00 4.633883e+00
         vertex -1.055000e+01 7.150000e+00 2.800000e+00
      endloop
   endfacet
   facet normal 1.000000e+00 0.000000e+00 0.000000e+00
      outer loop
         vertex -1.055000e+01 4.483883e+00 4.633883e+00
         vertex -1.055000e+01 -1.850000e+00 9.800000e+00
         vertex -1.055000e+01 3.600000e+00 5.000000e+00
      endloop
   endfacet
   facet normal 1.000000e+00 0.000000e+00 0.000000e+00
      outer loop
         vertex -1.055000e+01 3.600000e+00 5.000000e+00
         vertex -1.055000e+01 -1.850000e+00 9.800000e+00
         vertex -1.055000e+01 2.716116e+00 4.633883e+00
      endloop
   endfacet
   facet normal 1.000000e+00 0.000000e+00 -0.000000e+00
      outer loop
         vertex -1.055000e+01 -1.850000e+00 9.800000e+00
         vertex -1.055000e+01 2.350000e+00 3.750000e+00
         vertex -1.055000e+01 2.716116e+00 4.633883e+00
      endloop
   endfacet
   facet normal 1.000000e+00 0.000000e+00 0.000000e+00
      outer loop
         vertex -1.055000e+01 3.600000e+00 2.500000e+00
         vertex -1.055000e+01 7.150000e+00 1.000000e+00
         vertex -1.055000e+01 4.483883e+00 2.866117e+00
      endloop
   endfacet
   facet normal 1.000000e+00 0.000000e+00 0.000000e+00
      outer loop
         vertex -1.055000e+01 7.150000e+00 1.000000e+00
         vertex -1.055000e+01 4.850000e+00 3.750000e+00
         vertex -1.055000e+01 4.483883e+00 2.866117e+00
      endloop
   endfacet
   facet normal 0.000000e+00 1.000000e+00 0.000000e+00
      outer loop
         vertex 1.055000e+01 8.150000e+00 9.800000e+00
         vertex 1.165000e+01 8.150000e+00 9.800000e+00
         vertex 1.055000e+01 8.150000e+00 2.800000e+00
      endloop
   endfacet
   facet normal 0.000000e+00 1.000000e+00 -0.000000e+00
      outer loop
         vertex 1.165000e+01 8.150000e+00 9.800000e+00
         vertex 1.165000e+01 8.150000e+00 5.000000e-01
         vertex 1.055000e+01 8.150000e+00 2.800000e+00
      endloop
   endfacet
   facet normal 0.000000e+00 1.000000e+00 0.000000e+00
      outer loop
         vertex 1.055000e+01 8.150000e+00 2.800000e+00
         vertex 1.165000e+01 8.150000e+00 5.000000e-01
         vertex -1.055000e+01 8.150000e+00 2.800000e+00
      endloop
   endfacet
   facet normal 0.000000e+00 1.000000e+00 0.000000e+00
      outer loop
         vertex 1.165000e+01 8.150000e+00 5.000000e-01
         vertex -1.165000e+01 8.150000e+00 5.000000e-01
         vertex -1.055000e+01 8.150000e+00 2.800000e+00
      endloop
   endfacet
   facet normal 0.000000e+00 1.000000e+00 0.000000e+00
      outer loop
         vertex -1.055000e+01 8.150000e+00 2.800000e+00
         vertex -1.165000e+01 8.150000e+00 5.000000e-01
         vertex -1.055000e+01 8.150000e+00 9.800000e+00
      endloop
   endfacet
   facet normal -0.000000e+00 1.000000e+00 0.000000e+00
      outer loop
         vertex -1.165000e+01 8.150000e+00 5.000000e-01
         vertex -1.165000e+01 8.150000e+00 9.800000e+00
         vertex -1.055000e+01 8.150000e+00 9.800000e+00
      endloop
   endfacet
   facet normal 0.000000e+00 2.588190e-01 -9.659258e-01
      outer loop
         vertex -1.165000e+01 7.900000e+00 6.698730e-02
         vertex 1.165000e+01 7.900000e+00 6.698730e-02
         vertex 1.165000e+01 7.650000e+00 0.000000e+00
      endloop
   endfacet
   facet normal 0.000000e+00 2.588190e-01 -9.659258e-01
      outer loop
         vertex -1.165000e+01 7.650000e+00 0.000000e+00
         vertex -1.165000e+01 7.900000e+00 6.698730e-02
         vertex 1.165000e+01 7.650000e+00 0.000000e+00
      endloop
   endfacet
   facet normal 0.000000e+00 7.071072e-01 -7.071064e-01
      outer loop
         vertex -1.165000e+01 8.083013e+00 2.500000e-01
         vertex 1.165000e+01 8.083013e+00 2.500000e-01
         vertex 1.165000e+01 7.900000e+00 6.698730e-02
      endloop
   endfacet
   facet normal 0.000000e+00 7.071072e-01 -7.071064e-01
      outer loop
         vertex -1.165000e+01 7.900000e+00 6.698730e-02
         vertex -1.165000e+01 8.083013e+00 2.500000e-01
         vertex 1.165000e+01 7.900000e+00 6.698730e-02
      endloop
   endfacet
   facet normal 0.000000e+00 9.659261e-01 -2.588181e-01
      outer loop
         vertex -1.165000e+01 8.150000e+00 5.000000e-01
         vertex 1.165000e+01 8.150000e+00 5.000000e-01
         vertex 1.165000e+01 8.083013e+00 2.500000e-01
      endloop
   endfacet
   facet normal 0.000000e+00 9.659261e-01 -2.588181e-01
      outer loop
         vertex -1.165000e+01 8.083013e+00 2.500000e-01
         vertex -1.165000e+01 8.150000e+00 5.000000e-01
         vertex 1.165000e+01 8.083013e+00 2.500000e-01
      endloop
   endfacet
   facet normal -0.000000e+00 -0.000000e+00 -1.000000e+00
      outer loop
         vertex -1.165000e+01 7.650000e+00 0.000000e+00
         vertex 1.165000e+01 7.650000e+00 0.000000e+00
         vertex 1.165000e+01 -7.650000e+00 0.000000e+00
      endloop
   endfacet
   facet normal 0.000000e+00 0.000000e+00 -1.000000e+00
      outer loop
         vertex -1.165000e+01 -7.650000e+00 0.000000e+00
         vertex -1.165000e+01 7.650000e+00 0.000000e+00
         vertex 1.165000e+01 -7.650000e+00 0.000000e+00
      endloop
   endfacet
   facet normal 0.000000e+00 -2.588190e-01 -9.659258e-01
      outer loop
         vertex 1.165000e+01 -7.900000e+00 6.698730e-02
         vertex -1.165000e+01 -7.900000e+00 6.698730e-02
         vertex -1.165000e+01 -7.650000e+00 0.000000e+00
      endloop
   endfacet
   facet normal 0.000000e+00 -2.588190e-01 -9.659258e-01
      outer loop
         vertex 1.165000e+01 -7.650000e+00 0.000000e+00
         vertex 1.165000e+01 -7.900000e+00 6.698730e-02
         vertex -1.165000e+01 -7.650000e+00 0.000000e+00
      endloop
   endfacet
   facet normal 0.000000e+00 -7.071072e-01 -7.071064e-01
      outer loop
         vertex 1.165000e+01 -8.083013e+00 2.500000e-01
         vertex -1.165000e+01 -8.083013e+00 2.500000e-01
         vertex -1.165000e+01 -7.900000e+00 6.698730e-02
      endloop
   endfacet
   facet normal 0.000000e+00 -7.071072e-01 -7.071064e-01
      outer loop
         vertex 1.165000e+01 -7.900000e+00 6.698730e-02
         vertex 1.165000e+01 -8.083013e+00 2.500000e-01
         vertex -1.165000e+01 -7.900000e+00 6.698730e-02
      endloop
   endfacet
   facet normal 0.000000e+00 -9.659261e-01 -2.588181e-01
      outer loop
         vertex 1.165000e+01 -8.150000e+00 5.000000e-01
         vertex -1.165000e+01 -8.150000e+00 5.000000e-01
         vertex -1.165000e+01 -8.083013e+00 2.500000e-01
      endloop
   endfacet
   facet normal 0.000000e+00 -9.659261e-01 -2.588181e-01
      outer loop
         vertex 1.165000e+01 -8.083013e+00 2.500000e-01
         vertex 1.165000e+01 -8.150000e+00 5.000000e-01
         vertex -1.165000e+01 -8.083013e+00 2.500000e-01
      endloop
   endfacet
   facet normal 0.000000e+00 -1.000000e+00 0.000000e+00
      outer loop
         vertex -1.165000e+01 -8.150000e+00 5.000000e-01
         vertex 1.165000e+01 -8.150000e+00 5.000000e-01
         vertex 1.165000e+01 -8.150000e+00 2.921773e+00
      endloop
   endfacet
   facet normal -0.000000e+00 -1.000000e+00 0.000000e+00
      outer loop
         vertex -1.165000e+01 -8.150000e+00 5.000000e-01
         vertex 1.165000e+01 -8.150000e+00 2.921773e+00
         vertex -1.165000e+01 -8.150000e+00 2.921773e+00
      endloop
   endfacet
   facet normal 0.000000e+00 -5.079458e-01 8.613891e-01
      outer loop
         vertex -1.165000e+01 -7.919972e+00 3.559851e+00
         vertex 1.165000e+01 -7.919972e+00 3.559851e+00
         vertex 1.165000e+01 -7.335714e+00 3.904377e+00
      endloop
   endfacet
   facet normal 0.000000e+00 -5.079458e-01 8.613891e-01
      outer loop
         vertex -1.165000e+01 -7.335714e+00 3.904377e+00
         vertex -1.165000e+01 -7.919972e+00 3.559851e+00
         vertex 1.165000e+01 -7.335714e+00 3.904377e+00
      endloop
   endfacet
   facet normal 0.000000e+00 -9.407371e-01 3.391368e-01
      outer loop
         vertex -1.165000e+01 -8.150000e+00 2.921773e+00
         vertex 1.165000e+01 -8.150000e+00 2.921773e+00
         vertex 1.165000e+01 -7.919972e+00 3.559851e+00
      endloop
   endfacet
   facet normal 0.000000e+00 -9.407371e-01 3.391368e-01
      outer loop
         vertex -1.165000e+01 -7.919972e+00 3.559851e+00
         vertex -1.165000e+01 -8.150000e+00 2.921773e+00
         vertex 1.165000e+01 -7.919972e+00 3.559851e+00
      endloop
   endfacet
   facet normal 5.009431e-02 -3.516436e-01 9.347927e-01
      outer loop
         vertex -1.055000e+01 -6.950000e+00 3.990525e+00
         vertex -1.165000e+01 -5.402326e+00 4.631665e+00
         vertex -1.165000e+01 -7.335714e+00 3.904377e+00
      endloop
   endfacet
   facet normal 3.978568e-02 -6.481277e-01 7.604916e-01
      outer loop
         vertex -1.055000e+01 -5.150776e+00 4.788501e+00
         vertex -1.165000e+01 -3.830167e+00 5.971535e+00
         vertex -1.165000e+01 -5.402326e+00 4.631665e+00
      endloop
   endfacet
   facet normal 2.799784e-02 -8.679756e-01 4.958169e-01
      outer loop
         vertex -1.055000e+01 -3.706583e+00 6.125765e+00
         vertex -1.165000e+01 -2.805578e+00 7.765178e+00
         vertex -1.165000e+01 -3.830167e+00 5.971535e+00
      endloop
   endfacet
   facet normal 1.473335e-02 -9.849659e-01 1.721193e-01
      outer loop
         vertex -1.055000e+01 -2.772831e+00 7.858416e+00
         vertex -1.165000e+01 -2.450000e+00 9.800000e+00
         vertex -1.165000e+01 -2.805578e+00 7.765178e+00
      endloop
   endfacet
   facet normal 0.000000e+00 -9.864570e-01 1.640201e-01
      outer loop
         vertex -1.055000e+01 -2.772831e+00 7.858416e+00
         vertex -1.055000e+01 -2.450000e+00 9.800000e+00
         vertex -1.165000e+01 -2.450000e+00 9.800000e+00
      endloop
   endfacet
   facet normal -1.400374e-02 -8.802178e-01 4.743633e-01
      outer loop
         vertex -1.165000e+01 -2.805578e+00 7.765178e+00
         vertex -1.055000e+01 -3.706583e+00 6.125765e+00
         vertex -1.055000e+01 -2.772831e+00 7.858416e+00
      endloop
   endfacet
   facet normal -2.653682e-02 -6.791821e-01 7.334899e-01
      outer loop
         vertex -1.165000e+01 -3.830167e+00 5.971535e+00
         vertex -1.055000e+01 -5.150776e+00 4.788501e+00
         vertex -1.055000e+01 -3.706583e+00 6.125765e+00
      endloop
   endfacet
   facet normal -3.759430e-02 -4.051394e-01 9.134817e-01
      outer loop
         vertex -1.165000e+01 -5.402326e+00 4.631665e+00
         vertex -1.055000e+01 -6.950000e+00 3.990525e+00
         vertex -1.055000e+01 -5.150776e+00 4.788501e+00
      endloop
   endfacet
   facet normal 0.000000e+00 -2.179754e-01 9.759543e-01
      outer loop
         vertex -1.165000e+01 -7.335714e+00 3.904377e+00
         vertex -7.400000e+00 -6.950000e+00 3.990525e+00
         vertex -1.055000e+01 -6.950000e+00 3.990525e+00
      endloop
   endfacet
   facet normal 0.000000e+00 -4.054260e-01 9.141279e-01
      outer loop
         vertex -6.500000e+00 -6.950000e+00 3.990525e+00
         vertex -7.400000e+00 -5.150776e+00 4.788501e+00
         vertex -7.400000e+00 -6.950000e+00 3.990525e+00
      endloop
   endfacet
   facet normal 0.000000e+00 -6.794214e-01 7.337483e-01
      outer loop
         vertex -6.500000e+00 -3.706583e+00 6.125765e+00
         vertex -7.400000e+00 -3.706583e+00 6.125765e+00
         vertex -7.400000e+00 -5.150776e+00 4.788501e+00
      endloop
   endfacet
   facet normal 0.000000e+00 -8.803041e-01 4.744098e-01
      outer loop
         vertex -6.500000e+00 -2.772831e+00 7.858416e+00
         vertex -7.400000e+00 -2.772831e+00 7.858416e+00
         vertex -7.400000e+00 -3.706583e+00 6.125765e+00
      endloop
   endfacet
   facet normal 0.000000e+00 -9.864570e-01 1.640201e-01
      outer loop
         vertex -6.500000e+00 -2.450000e+00 9.800000e+00
         vertex -7.400000e+00 -2.450000e+00 9.800000e+00
         vertex -7.400000e+00 -2.772831e+00 7.858416e+00
      endloop
   endfacet
   facet normal 0.000000e+00 -9.864570e-01 1.640201e-01
      outer loop
         vertex -7.400000e+00 -2.772831e+00 7.858416e+00
         vertex -6.500000e+00 -2.772831e+00 7.858416e+00
         vertex -6.500000e+00 -2.450000e+00 9.800000e+00
      endloop
   endfacet
   facet normal 0.000000e+00 -8.803041e-01 4.744098e-01
      outer loop
         vertex -7.400000e+00 -3.706583e+00 6.125765e+00
         vertex -6.500000e+00 -3.706583e+00 6.125765e+00
         vertex -6.500000e+00 -2.772831e+00 7.858416e+00
      endloop
   endfacet
   facet normal 0.000000e+00 -6.794214e-01 7.337483e-01
      outer loop
         vertex -7.400000e+00 -5.150776e+00 4.788501e+00
         vertex -6.500000e+00 -5.150776e+00 4.788501e+00
         vertex -6.500000e+00 -3.706583e+00 6.125765e+00
      endloop
   endfacet
   facet normal 0.000000e+00 -4.054260e-01 9.141279e-01
      outer loop
         vertex -7.400000e+00 -5.150776e+00 4.788501e+00
         vertex -6.500000e+00 -6.950000e+00 3.990525e+00
         vertex -6.500000e+00 -5.150776e+00 4.788501e+00
      endloop
   endfacet
   facet normal 0.000000e+00 -2.179754e-01 9.759543e-01
      outer loop
         vertex -1.165000e+01 -7.335714e+00 3.904377e+00
         vertex -5.200000e+00 -6.950000e+00 3.990525e+00
         vertex -6.500000e+00 -6.950000e+00 3.990525e+00
      endloop
   endfacet
   facet normal 0.000000e+00 -4.054260e-01 9.141279e-01
      outer loop
         vertex -4.300000e+00 -5.150776e+00 4.788501e+00
         vertex -5.200000e+00 -5.150776e+00 4.788501e+00
         vertex -5.200000e+00 -6.950000e+00 3.990525e+00
      endloop
   endfacet
   facet normal 0.000000e+00 -6.794214e-01 7.337483e-01
      outer loop
         vertex -4.300000e+00 -3.706583e+00 6.125765e+00
         vertex -5.200000e+00 -3.706583e+00 6.125765e+00
         vertex -5.200000e+00 -5.150776e+00 4.788501e+00
      endloop
   endfacet
   facet normal 0.000000e+00 -8.803041e-01 4.744098e-01
      outer loop
         vertex -4.300000e+00 -2.772831e+00 7.858416e+00
         vertex -5.200000e+00 -2.772831e+00 7.858416e+00
         vertex -5.200000e+00 -3.706583e+00 6.125765e+00
      endloop
   endfacet
   facet normal 0.000000e+00 -9.864570e-01 1.640201e-01
      outer loop
         vertex -4.300000e+00 -2.450000e+00 9.800000e+00
         vertex -5.200000e+00 -2.450000e+00 9.800000e+00
         vertex -5.200000e+00 -2.772831e+00 7.858416e+00
      endloop
   endfacet
   facet normal 0.000000e+00 -9.864570e-01 1.640201e-01
      outer loop
         vertex -5.200000e+00 -2.772831e+00 7.858416e+00
         vertex -4.300000e+00 -2.772831e+00 7.858416e+00
         vertex -4.300000e+00 -2.450000e+00 9.800000e+00
      endloop
   endfacet
   facet normal 0.000000e+00 -8.803041e-01 4.744098e-01
      outer loop
         vertex -5.200000e+00 -3.706583e+00 6.125765e+00
         vertex -4.300000e+00 -3.706583e+00 6.125765e+00
         vertex -4.300000e+00 -2.772831e+00 7.858416e+00
      endloop
   endfacet
   facet normal 0.000000e+00 -6.794214e-01 7.337483e-01
      outer loop
         vertex -5.200000e+00 -5.150776e+00 4.788501e+00
         vertex -4.300000e+00 -5.150776e+00 4.788501e+00
         vertex -4.300000e+00 -3.706583e+00 6.125765e+00
      endloop
   endfacet
   facet normal 0.000000e+00 -4.054260e-01 9.141279e-01
      outer loop
         vertex -5.200000e+00 -6.950000e+00 3.990525e+00
         vertex -4.300000e+00 -6.950000e+00 3.990525e+00
         vertex -4.300000e+00 -5.150776e+00 4.788501e+00
      endloop
   endfacet
   facet normal 0.000000e+00 -2.179754e-01 9.759543e-01
      outer loop
         vertex -1.165000e+01 -7.335714e+00 3.904377e+00
         vertex -3.000000e+00 -6.950000e+00 3.990525e+00
         vertex -4.300000e+00 -6.950000e+00 3.990525e+00
      endloop
   endfacet
   facet normal 0.000000e+00 -4.054260e-01 9.141279e-01
      outer loop
         vertex -2.100000e+00 -5.150776e+00 4.788501e+00
         vertex -3.000000e+00 -5.150776e+00 4.788501e+00
         vertex -3.000000e+00 -6.950000e+00 3.990525e+00
      endloop
   endfacet
   facet normal 0.000000e+00 -6.794214e-01 7.337483e-01
      outer loop
         vertex -2.100000e+00 -3.706583e+00 6.125765e+00
         vertex -3.000000e+00 -3.706583e+00 6.125765e+00
         vertex -3.000000e+00 -5.150776e+00 4.788501e+00
      endloop
   endfacet
   facet normal 0.000000e+00 -8.803041e-01 4.744098e-01
      outer loop
         vertex -2.100000e+00 -2.772831e+00 7.858416e+00
         vertex -3.000000e+00 -2.772831e+00 7.858416e+00
         vertex -3.000000e+00 -3.706583e+00 6.125765e+00
      endloop
   endfacet
   facet normal 0.000000e+00 -9.864570e-01 1.640201e-01
      outer loop
         vertex -2.100000e+00 -2.450000e+00 9.800000e+00
         vertex -3.000000e+00 -2.450000e+00 9.800000e+00
         vertex -3.000000e+00 -2.772831e+00 7.858416e+00
      endloop
   endfacet
   facet normal 0.000000e+00 -9.864570e-01 1.640201e-01
      outer loop
         vertex -3.000000e+00 -2.772831e+00 7.858416e+00
         vertex -2.100000e+00 -2.772831e+00 7.858416e+00
         vertex -2.100000e+00 -2.450000e+00 9.800000e+00
      endloop
   endfacet
   facet normal 0.000000e+00 -8.803041e-01 4.744098e-01
      outer loop
         vertex -3.000000e+00 -3.706583e+00 6.125765e+00
         vertex -2.100000e+00 -3.706583e+00 6.125765e+00
         vertex -2.100000e+00 -2.772831e+00 7.858416e+00
      endloop
   endfacet
   facet normal 0.000000e+00 -6.794214e-01 7.337483e-01
      outer loop
         vertex -3.000000e+00 -5.150776e+00 4.788501e+00
         vertex -2.100000e+00 -5.150776e+00 4.788501e+00
         vertex -2.100000e+00 -3.706583e+00 6.125765e+00
      endloop
   endfacet
   facet normal 0.000000e+00 -4.054260e-01 9.141279e-01
      outer loop
         vertex -3.000000e+00 -6.950000e+00 3.990525e+00
         vertex -2.100000e+00 -6.950000e+00 3.990525e+00
         vertex -2.100000e+00 -5.150776e+00 4.788501e+00
      endloop
   endfacet
   facet normal 0.000000e+00 -2.179754e-01 9.759543e-01
      outer loop
         vertex -1.165000e+01 -7.335714e+00 3.904377e+00
         vertex -8.000000e-01 -6.950000e+00 3.990525e+00
         vertex -2.100000e+00 -6.950000e+00 3.990525e+00
      endloop
   endfacet
   facet normal 0.000000e+00 -4.054260e-01 9.141279e-01
      outer loop
         vertex 8.000000e-01 -6.950000e+00 3.990525e+00
         vertex -8.000000e-01 -5.150776e+00 4.788501e+00
         vertex -8.000000e-01 -6.950000e+00 3.990525e+00
      endloop
   endfacet
   facet normal 0.000000e+00 -6.794214e-01 7.337483e-01
      outer loop
         vertex 8.000000e-01 -3.706583e+00 6.125765e+00
         vertex -8.000000e-01 -3.706583e+00 6.125765e+00
         vertex -8.000000e-01 -5.150776e+00 4.788501e+00
      endloop
   endfacet
   facet normal 0.000000e+00 -8.803041e-01 4.744098e-01
      outer loop
         vertex 8.000000e-01 -2.772831e+00 7.858416e+00
         vertex -8.000000e-01 -2.772831e+00 7.858416e+00
         vertex -8.000000e-01 -3.706583e+00 6.125765e+00
      endloop
   endfacet
   facet normal 0.000000e+00 -9.864570e-01 1.640201e-01
      outer loop
         vertex 8.000000e-01 -2.450000e+00 9.800000e+00
         vertex -8.000000e-01 -2.450000e+00 9.800000e+00
         vertex -8.000000e-01 -2.772831e+00 7.858416e+00
      endloop
   endfacet
   facet normal 0.000000e+00 -9.864570e-01 1.640201e-01
      outer loop
         vertex -8.000000e-01 -2.772831e+00 7.858416e+00
         vertex 8.000000e-01 -2.772831e+00 7.858416e+00
         vertex 8.000000e-01 -2.450000e+00 9.800000e+00
      endloop
   endfacet
   facet normal 0.000000e+00 -8.803041e-01 4.744098e-01
      outer loop
         vertex -8.000000e-01 -3.706583e+00 6.125765e+00
         vertex 8.000000e-01 -3.706583e+00 6.125765e+00
         vertex 8.000000e-01 -2.772831e+00 7.858416e+00
      endloop
   endfacet
   facet normal 0.000000e+00 -6.794214e-01 7.337483e-01
      outer loop
         vertex -8.000000e-01 -5.150776e+00 4.788501e+00
         vertex 8.000000e-01 -5.150776e+00 4.788501e+00
         vertex 8.000000e-01 -3.706583e+00 6.125765e+00
      endloop
   endfacet
   facet normal 0.000000e+00 -4.054260e-01 9.141279e-01
      outer loop
         vertex -8.000000e-01 -5.150776e+00 4.788501e+00
         vertex 8.000000e-01 -6.950000e+00 3.990525e+00
         vertex 8.000000e-01 -5.150776e+00 4.788501e+00
      endloop
   endfacet
   facet normal 0.000000e+00 -2.179754e-01 9.759543e-01
      outer loop
         vertex 1.165000e+01 -7.335714e+00 3.904377e+00
         vertex 2.100000e+00 -6.950000e+00 3.990525e+00
         vertex 8.000000e-01 -6.950000e+00 3.990525e+00
      endloop
   endfacet
   facet normal 0.000000e+00 -4.054260e-01 9.141279e-01
      outer loop
         vertex 3.000000e+00 -6.950000e+00 3.990525e+00
         vertex 2.100000e+00 -5.150776e+00 4.788501e+00
         vertex 2.100000e+00 -6.950000e+00 3.990525e+00
      endloop
   endfacet
   facet normal 0.000000e+00 -6.794214e-01 7.337483e-01
      outer loop
         vertex 3.000000e+00 -3.706583e+00 6.125765e+00
         vertex 2.100000e+00 -3.706583e+00 6.125765e+00
         vertex 2.100000e+00 -5.150776e+00 4.788501e+00
      endloop
   endfacet
   facet normal 0.000000e+00 -8.803041e-01 4.744098e-01
      outer loop
         vertex 3.000000e+00 -2.772831e+00 7.858416e+00
         vertex 2.100000e+00 -2.772831e+00 7.858416e+00
         vertex 2.100000e+00 -3.706583e+00 6.125765e+00
      endloop
   endfacet
   facet normal 0.000000e+00 -9.864570e-01 1.640201e-01
      outer loop
         vertex 3.000000e+00 -2.450000e+00 9.800000e+00
         vertex 2.100000e+00 -2.450000e+00 9.800000e+00
         vertex 2.100000e+00 -2.772831e+00 7.858416e+00
      endloop
   endfacet
   facet normal 0.000000e+00 -9.864570e-01 1.640201e-01
      outer loop
         vertex 2.100000e+00 -2.772831e+00 7.858416e+00
         vertex 3.000000e+00 -2.772831e+00 7.858416e+00
         vertex 3.000000e+00 -2.450000e+00 9.800000e+00
      endloop
   endfacet
   facet normal 0.000000e+00 -8.803041e-01 4.744098e-01
      outer loop
         vertex 2.100000e+00 -3.706583e+00 6.125765e+00
         vertex 3.000000e+00 -3.706583e+00 6.125765e+00
         vertex 3.000000e+00 -2.772831e+00 7.858416e+00
      endloop
   endfacet
   facet normal 0.000000e+00 -6.794214e-01 7.337483e-01
      outer loop
         vertex 2.100000e+00 -5.150776e+00 4.788501e+00
         vertex 3.000000e+00 -5.150776e+00 4.788501e+00
         vertex 3.000000e+00 -3.706583e+00 6.125765e+00
      endloop
   endfacet
   facet normal 0.000000e+00 -4.054260e-01 9.141279e-01
      outer loop
         vertex 2.100000e+00 -5.150776e+00 4.788501e+00
         vertex 3.000000e+00 -6.950000e+00 3.990525e+00
         vertex 3.000000e+00 -5.150776e+00 4.788501e+00
      endloop
   endfacet
   facet normal 0.000000e+00 -2.179754e-01 9.759543e-01
      outer loop
         vertex 1.165000e+01 -7.335714e+00 3.904377e+00
         vertex 4.300000e+00 -6.950000e+00 3.990525e+00
         vertex 3.000000e+00 -6.950000e+00 3.990525e+00
      endloop
   endfacet
   facet normal 0.000000e+00 -4.054260e-01 9.141279e-01
      outer loop
         vertex 5.200000e+00 -6.950000e+00 3.990525e+00
         vertex 4.300000e+00 -5.150776e+00 4.788501e+00
         vertex 4.300000e+00 -6.950000e+00 3.990525e+00
      endloop
   endfacet
   facet normal 0.000000e+00 -6.794214e-01 7.337483e-01
      outer loop
         vertex 5.200000e+00 -3.706583e+00 6.125765e+00
         vertex 4.300000e+00 -3.706583e+00 6.125765e+00
         vertex 4.300000e+00 -5.150776e+00 4.788501e+00
      endloop
   endfacet
   facet normal 0.000000e+00 -8.803041e-01 4.744098e-01
      outer loop
         vertex 5.200000e+00 -2.772831e+00 7.858416e+00
         vertex 4.300000e+00 -2.772831e+00 7.858416e+00
         vertex 4.300000e+00 -3.706583e+00 6.125765e+00
      endloop
   endfacet
   facet normal 0.000000e+00 -9.864570e-01 1.640201e-01
      outer loop
         vertex 5.200000e+00 -2.450000e+00 9.800000e+00
         vertex 4.300000e+00 -2.450000e+00 9.800000e+00
         vertex 4.300000e+00 -2.772831e+00 7.858416e+00
      endloop
   endfacet
   facet normal 0.000000e+00 -9.864570e-01 1.640201e-01
      outer loop
         vertex 4.300000e+00 -2.772831e+00 7.858416e+00
         vertex 5.200000e+00 -2.772831e+00 7.858416e+00
         vertex 5.200000e+00 -2.450000e+00 9.800000e+00
      endloop
   endfacet
   facet normal 0.000000e+00 -8.803041e-01 4.744098e-01
      outer loop
         vertex 4.300000e+00 -3.706583e+00 6.125765e+00
         vertex 5.200000e+00 -3.706583e+00 6.125765e+00
         vertex 5.200000e+00 -2.772831e+00 7.858416e+00
      endloop
   endfacet
   facet normal 0.000000e+00 -6.794214e-01 7.337483e-01
      outer loop
         vertex 4.300000e+00 -5.150776e+00 4.788501e+00
         vertex 5.200000e+00 -5.150776e+00 4.788501e+00
         vertex 5.200000e+00 -3.706583e+00 6.125765e+00
      endloop
   endfacet
   facet normal 0.000000e+00 -4.054260e-01 9.141279e-01
      outer loop
         vertex 4.300000e+00 -5.150776e+00 4.788501e+00
         vertex 5.200000e+00 -6.950000e+00 3.990525e+00
         vertex 5.200000e+00 -5.150776e+00 4.788501e+00
      endloop
   endfacet
   facet normal 0.000000e+00 -2.179754e-01 9.759543e-01
      outer loop
         vertex 1.165000e+01 -7.335714e+00 3.904377e+00
         vertex 6.500000e+00 -6.950000e+00 3.990525e+00
         vertex 5.200000e+00 -6.950000e+00 3.990525e+00
      endloop
   endfacet
   facet normal 0.000000e+00 -4.054260e-01 9.141279e-01
      outer loop
         vertex 7.400000e+00 -6.950000e+00 3.990525e+00
         vertex 6.500000e+00 -5.150776e+00 4.788501e+00
         vertex 6.500000e+00 -6.950000e+00 3.990525e+00
      endloop
   endfacet
   facet normal 0.000000e+00 -6.794214e-01 7.337483e-01
      outer loop
         vertex 7.400000e+00 -3.706583e+00 6.125765e+00
         vertex 6.500000e+00 -3.706583e+00 6.125765e+00
         vertex 6.500000e+00 -5.150776e+00 4.788501e+00
      endloop
   endfacet
   facet normal 0.000000e+00 -8.803041e-01 4.744098e-01
      outer loop
         vertex 7.400000e+00 -2.772831e+00 7.858416e+00
         vertex 6.500000e+00 -2.772831e+00 7.858416e+00
         vertex 6.500000e+00 -3.706583e+00 6.125765e+00
      endloop
   endfacet
   facet normal 0.000000e+00 -9.864570e-01 1.640201e-01
      outer loop
         vertex 7.400000e+00 -2.450000e+00 9.800000e+00
         vertex 6.500000e+00 -2.450000e+00 9.800000e+00
         vertex 6.500000e+00 -2.772831e+00 7.858416e+00
      endloop
   endfacet
   facet normal 0.000000e+00 -9.864570e-01 1.640201e-01
      outer loop
         vertex 6.500000e+00 -2.772831e+00 7.858416e+00
         vertex 7.400000e+00 -2.772831e+00 7.858416e+00
         vertex 7.400000e+00 -2.450000e+00 9.800000e+00
      endloop
   endfacet
   facet normal 0.000000e+00 -8.803041e-01 4.744098e-01
      outer loop
         vertex 6.500000e+00 -3.706583e+00 6.125765e+00
         vertex 7.400000e+00 -3.706583e+00 6.125765e+00
         vertex 7.400000e+00 -2.772831e+00 7.858416e+00
      endloop
   endfacet
   facet normal 0.000000e+00 -6.794214e-01 7.337483e-01
      outer loop
         vertex 6.500000e+00 -5.150776e+00 4.788501e+00
         vertex 7.400000e+00 -5.150776e+00 4.788501e+00
         vertex 7.400000e+00 -3.706583e+00 6.125765e+00
      endloop
   endfacet
   facet normal 0.000000e+00 -4.054260e-01 9.141279e-01
      outer loop
         vertex 6.500000e+00 -5.150776e+00 4.788501e+00
         vertex 7.400000e+00 -6.950000e+00 3.990525e+00
         vertex 7.400000e+00 -5.150776e+00 4.788501e+00
      endloop
   endfacet
   facet normal 0.000000e+00 -2.179754e-01 9.759543e-01
      outer loop
         vertex 1.165000e+01 -7.335714e+00 3.904377e+00
         vertex 1.055000e+01 -6.950000e+00 3.990525e+00
         vertex 7.400000e+00 -6.950000e+00 3.990525e+00
      endloop
   endfacet
   facet normal 3.759430e-02 -4.051394e-01 9.134817e-01
      outer loop
         vertex 1.165000e+01 -5.402326e+00 4.631665e+00
         vertex 1.055000e+01 -5.150776e+00 4.788501e+00
         vertex 1.055000e+01 -6.950000e+00 3.990525e+00
      endloop
   endfacet
   facet normal 2.653682e-02 -6.791821e-01 7.334899e-01
      outer loop
         vertex 1.165000e+01 -3.830167e+00 5.971535e+00
         vertex 1.055000e+01 -3.706583e+00 6.125765e+00
         vertex 1.055000e+01 -5.150776e+00 4.788501e+00
      endloop
   endfacet
   facet normal 1.400374e-02 -8.802178e-01 4.743633e-01
      outer loop
         vertex 1.165000e+01 -2.805578e+00 7.765178e+00
         vertex 1.055000e+01 -2.772831e+00 7.858416e+00
         vertex 1.055000e+01 -3.706583e+00 6.125765e+00
      endloop
   endfacet
   facet normal 0.000000e+00 -9.864570e-01 1.640201e-01
      outer loop
         vertex 1.165000e+01 -2.450000e+00 9.800000e+00
         vertex 1.055000e+01 -2.450000e+00 9.800000e+00
         vertex 1.055000e+01 -2.772831e+00 7.858416e+00
      endloop
   endfacet
   facet normal -1.473335e-02 -9.849659e-01 1.721193e-01
      outer loop
         vertex 1.055000e+01 -2.772831e+00 7.858416e+00
         vertex 1.165000e+01 -2.805578e+00 7.765178e+00
         vertex 1.165000e+01 -2.450000e+00 9.800000e+00
      endloop
   endfacet
   facet normal -2.799784e-02 -8.679756e-01 4.958169e-01
      outer loop
         vertex 1.055000e+01 -3.706583e+00 6.125765e+00
         vertex 1.165000e+01 -3.830167e+00 5.971535e+00
         vertex 1.165000e+01 -2.805578e+00 7.765178e+00
      endloop
   endfacet
   facet normal -3.978568e-02 -6.481277e-01 7.604916e-01
      outer loop
         vertex 1.055000e+01 -5.150776e+00 4.788501e+00
         vertex 1.165000e+01 -5.402326e+00 4.631665e+00
         vertex 1.165000e+01 -3.830167e+00 5.971535e+00
      endloop
   endfacet
   facet normal -5.009431e-02 -3.516436e-01 9.347927e-01
      outer loop
         vertex 1.055000e+01 -6.950000e+00 3.990525e+00
         vertex 1.165000e+01 -7.335714e+00 3.904377e+00
         vertex 1.165000e+01 -5.402326e+00 4.631665e+00
      endloop
   endfacet
   facet normal 0.000000e+00 -2.179754e-01 9.759543e-01
      outer loop
         vertex -8.000000e-01 -6.950000e+00 3.990525e+00
         vertex -1.165000e+01 -7.335714e+00 3.904377e+00
         vertex 1.165000e+01 -7.335714e+00 3.904377e+00
      endloop
   endfacet
   facet normal 0.000000e+00 -2.179754e-01 9.759543e-01
      outer loop
         vertex -6.500000e+00 -6.950000e+00 3.990525e+00
         vertex -7.400000e+00 -6.950000e+00 3.990525e+00
         vertex -1.165000e+01 -7.335714e+00 3.904377e+00
      endloop
   endfacet
   facet normal 0.000000e+00 -2.179754e-01 9.759543e-01
      outer loop
         vertex -4.300000e+00 -6.950000e+00 3.990525e+00
         vertex -5.200000e+00 -6.950000e+00 3.990525e+00
         vertex -1.165000e+01 -7.335714e+00 3.904377e+00
      endloop
   endfacet
   facet normal 0.000000e+00 -2.179754e-01 9.759543e-01
      outer loop
         vertex -2.100000e+00 -6.950000e+00 3.990525e+00
         vertex -3.000000e+00 -6.950000e+00 3.990525e+00
         vertex -1.165000e+01 -7.335714e+00 3.904377e+00
      endloop
   endfacet
   facet normal 0.000000e+00 -2.179754e-01 9.759543e-01
      outer loop
         vertex 1.165000e+01 -7.335714e+00 3.904377e+00
         vertex 8.000000e-01 -6.950000e+00 3.990525e+00
         vertex -8.000000e-01 -6.950000e+00 3.990525e+00
      endloop
   endfacet
   facet normal 0.000000e+00 -2.179754e-01 9.759543e-01
      outer loop
         vertex 3.000000e+00 -6.950000e+00 3.990525e+00
         vertex 2.100000e+00 -6.950000e+00 3.990525e+00
         vertex 1.165000e+01 -7.335714e+00 3.904377e+00
      endloop
   endfacet
   facet normal 0.000000e+00 -2.179754e-01 9.759543e-01
      outer loop
         vertex 5.200000e+00 -6.950000e+00 3.990525e+00
         vertex 4.300000e+00 -6.950000e+00 3.990525e+00
         vertex 1.165000e+01 -7.335714e+00 3.904377e+00
      endloop
   endfacet
   facet normal 0.000000e+00 -2.179754e-01 9.759543e-01
      outer loop
         vertex 7.400000e+00 -6.950000e+00 3.990525e+00
         vertex 6.500000e+00 -6.950000e+00 3.990525e+00
         vertex 1.165000e+01 -7.335714e+00 3.904377e+00
      endloop
   endfacet
   facet normal 0.000000e+00 -1.000000e+00 0.000000e+00
      outer loop
         vertex -1.055000e+01 -2.450000e+00 1.000000e+00
         vertex -7.400000e+00 -2.450000e+00 1.000000e+00
         vertex -7.400000e+00 -2.450000e+00 9.800000e+00
      endloop
   endfacet
   facet normal 0.000000e+00 -1.000000e+00 0.000000e+00
      outer loop
         vertex -1.055000e+01 -2.450000e+00 9.800000e+00
         vertex -1.055000e+01 -2.450000e+00 1.000000e+00
         vertex -7.400000e+00 -2.450000e+00 9.800000e+00
      endloop
   endfacet
   facet normal 0.000000e+00 -1.000000e+00 0.000000e+00
      outer loop
         vertex -6.500000e+00 -2.450000e+00 1.000000e+00
         vertex -5.200000e+00 -2.450000e+00 1.000000e+00
         vertex -5.200000e+00 -2.450000e+00 9.800000e+00
      endloop
   endfacet
   facet normal 0.000000e+00 -1.000000e+00 0.000000e+00
      outer loop
         vertex -6.500000e+00 -2.450000e+00 9.800000e+00
         vertex -6.500000e+00 -2.450000e+00 1.000000e+00
         vertex -5.200000e+00 -2.450000e+00 9.800000e+00
      endloop
   endfacet
   facet normal 0.000000e+00 -1.000000e+00 0.000000e+00
      outer loop
         vertex -4.300000e+00 -2.450000e+00 1.000000e+00
         vertex -3.000000e+00 -2.450000e+00 1.000000e+00
         vertex -3.000000e+00 -2.450000e+00 9.800000e+00
      endloop
   endfacet
   facet normal 0.000000e+00 -1.000000e+00 0.000000e+00
      outer loop
         vertex -4.300000e+00 -2.450000e+00 9.800000e+00
         vertex -4.300000e+00 -2.450000e+00 1.000000e+00
         vertex -3.000000e+00 -2.450000e+00 9.800000e+00
      endloop
   endfacet
   facet normal 0.000000e+00 -1.000000e+00 0.000000e+00
      outer loop
         vertex -2.100000e+00 -2.450000e+00 1.000000e+00
         vertex -8.000000e-01 -2.450000e+00 1.000000e+00
         vertex -8.000000e-01 -2.450000e+00 9.800000e+00
      endloop
   endfacet
   facet normal 0.000000e+00 -1.000000e+00 0.000000e+00
      outer loop
         vertex -2.100000e+00 -2.450000e+00 9.800000e+00
         vertex -2.100000e+00 -2.450000e+00 1.000000e+00
         vertex -8.000000e-01 -2.450000e+00 9.800000e+00
      endloop
   endfacet
   facet normal 0.000000e+00 -1.000000e+00 0.000000e+00
      outer loop
         vertex 8.000000e-01 -2.450000e+00 1.000000e+00
         vertex 2.100000e+00 -2.450000e+00 1.000000e+00
         vertex 2.100000e+00 -2.450000e+00 9.800000e+00
      endloop
   endfacet
   facet normal 0.000000e+00 -1.000000e+00 0.000000e+00
      outer loop
         vertex 8.000000e-01 -2.450000e+00 9.800000e+00
         vertex 8.000000e-01 -2.450000e+00 1.000000e+00
         vertex 2.100000e+00 -2.450000e+00 9.800000e+00
      endloop
   endfacet
   facet normal 0.000000e+00 -1.000000e+00 0.000000e+00
      outer loop
         vertex 3.000000e+00 -2.450000e+00 1.000000e+00
         vertex 4.300000e+00 -2.450000e+00 1.000000e+00
         vertex 4.300000e+00 -2.450000e+00 9.800000e+00
      endloop
   endfacet
   facet normal 0.000000e+00 -1.000000e+00 0.000000e+00
      outer loop
         vertex 3.000000e+00 -2.450000e+00 9.800000e+00
         vertex 3.000000e+00 -2.450000e+00 1.000000e+00
         vertex 4.300000e+00 -2.450000e+00 9.800000e+00
      endloop
   endfacet
   facet normal 0.000000e+00 -1.000000e+00 0.000000e+00
      outer loop
         vertex 5.200000e+00 -2.450000e+00 1.000000e+00
         vertex 6.500000e+00 -2.450000e+00 1.000000e+00
         vertex 6.500000e+00 -2.450000e+00 9.800000e+00
      endloop
   endfacet
   facet normal 0.000000e+00 -1.000000e+00 0.000000e+00
      outer loop
         vertex 5.200000e+00 -2.450000e+00 9.800000e+00
         vertex 5.200000e+00 -2.450000e+00 1.000000e+00
         vertex 6.500000e+00 -2.450000e+00 9.800000e+00
      endloop
   endfacet
   facet normal 0.000000e+00 -1.000000e+00 0.000000e+00
      outer loop
         vertex 7.400000e+00 -2.450000e+00 1.000000e+00
         vertex 1.055000e+01 -2.450000e+00 1.000000e+00
         vertex 1.055000e+01 -2.450000e+00 9.800000e+00
      endloop
   endfacet
   facet normal 0.000000e+00 -1.000000e+00 0.000000e+00
      outer loop
         vertex 7.400000e+00 -2.450000e+00 9.800000e+00
         vertex 7.400000e+00 -2.450000e+00 1.000000e+00
         vertex 1.055000e+01 -2.450000e+00 9.800000e+00
      endloop
   endfacet
   facet normal 1.000000e+00 -0.000000e+00 0.000000e+00
      outer loop
         vertex 1.165000e+01 1.350000e+00 9.800000e+00
         vertex 1.165000e+01 -2.450000e+00 9.800000e+00
         vertex 1.165000e+01 1.350000e+00 3.750000e+00
      endloop
   endfacet
   facet normal 1.000000e+00 -0.000000e+00 0.000000e+00
      outer loop
         vertex 1.165000e+01 -2.450000e+00 9.800000e+00
         vertex 1.165000e+01 -2.805578e+00 7.765178e+00
         vertex 1.165000e+01 1.350000e+00 3.750000e+00
      endloop
   endfacet
   facet normal 1.000000e+00 0.000000e+00 0.000000e+00
      outer loop
         vertex 1.165000e+01 1.350000e+00 3.750000e+00
         vertex 1.165000e+01 -2.805578e+00 7.765178e+00
         vertex 1.165000e+01 1.779712e+00 2.427483e+00
      endloop
   endfacet
   facet normal 1.000000e+00 -0.000000e+00 0.000000e+00
      outer loop
         vertex 1.165000e+01 -2.805578e+00 7.765178e+00
         vertex 1.165000e+01 -3.830167e+00 5.971535e+00
         vertex 1.165000e+01 1.779712e+00 2.427483e+00
      endloop
   endfacet
   facet normal 1.000000e+00 0.000000e+00 0.000000e+00
      outer loop
         vertex 1.165000e+01 1.779712e+00 2.427483e+00
         vertex 1.165000e+01 -3.830167e+00 5.971535e+00
         vertex 1.165000e+01 2.904712e+00 1.610123e+00
      endloop
   endfacet
   facet normal 1.000000e+00 -0.000000e+00 0.000000e+00
      outer loop
         vertex 1.165000e+01 -3.830167e+00 5.971535e+00
         vertex 1.165000e+01 -5.402326e+00 4.631665e+00
         vertex 1.165000e+01 2.904712e+00 1.610123e+00
      endloop
   endfacet
   facet normal 1.000000e+00 -0.000000e+00 0.000000e+00
      outer loop
         vertex 1.165000e+01 -5.402326e+00 4.631665e+00
         vertex 1.165000e+01 -7.335714e+00 3.904377e+00
         vertex 1.165000e+01 2.904712e+00 1.610123e+00
      endloop
   endfacet
   facet normal 1.000000e+00 -0.000000e+00 0.000000e+00
      outer loop
         vertex 1.165000e+01 -7.335714e+00 3.904377e+00
         vertex 1.165000e+01 -7.919972e+00 3.559851e+00
         vertex 1.165000e+01 2.904712e+00 1.610123e+00
      endloop
   endfacet
   facet normal 1.000000e+00 -0.000000e+00 0.000000e+00
      outer loop
         vertex 1.165000e+01 -7.919972e+00 3.559851e+00
         vertex 1.165000e+01 -8.150000e+00 2.921773e+00
         vertex 1.165000e+01 2.904712e+00 1.610123e+00
      endloop
   endfacet
   facet normal 1.000000e+00 0.000000e+00 0.000000e+00
      outer loop
         vertex 1.165000e+01 -8.150000e+00 2.921773e+00
         vertex 1.165000e+01 -8.150000e+00 5.000000e-01
         vertex 1.165000e+01 2.904712e+00 1.610123e+00
      endloop
   endfacet
   facet normal 1.000000e+00 0.000000e+00 0.000000e+00
      outer loop
         vertex 1.165000e+01 2.904712e+00 1.610123e+00
         vertex 1.165000e+01 -8.150000e+00 5.000000e-01
         vertex 1.165000e+01 4.295288e+00 1.610123e+00
      endloop
   endfacet
   facet normal 1.000000e+00 0.000000e+00 -0.000000e+00
      outer loop
         vertex 1.165000e+01 -8.150000e+00 5.000000e-01
         vertex 1.165000e+01 -8.083013e+00 2.500000e-01
         vertex 1.165000e+01 4.295288e+00 1.610123e+00
      endloop
   endfacet
   facet normal 1.000000e+00 0.000000e+00 -0.000000e+00
      outer loop
         vertex 1.165000e+01 -8.083013e+00 2.500000e-01
         vertex 1.165000e+01 -7.900000e+00 6.698730e-02
         vertex 1.165000e+01 4.295288e+00 1.610123e+00
      endloop
   endfacet
   facet normal 1.000000e+00 0.000000e+00 -0.000000e+00
      outer loop
         vertex 1.165000e+01 -7.900000e+00 6.698730e-02
         vertex 1.165000e+01 -7.650000e+00 3.238151e-16
         vertex 1.165000e+01 4.295288e+00 1.610123e+00
      endloop
   endfacet
   facet normal 1.000000e+00 0.000000e+00 0.000000e+00
      outer loop
         vertex 1.165000e+01 -7.650000e+00 3.238151e-16
         vertex 1.165000e+01 7.650000e+00 0.000000e+00
         vertex 1.165000e+01 4.295288e+00 1.610123e+00
      endloop
   endfacet
   facet normal 1.000000e+00 0.000000e+00 0.000000e+00
      outer loop
         vertex 1.165000e+01 7.650000e+00 0.000000e+00
         vertex 1.165000e+01 7.900000e+00 6.698730e-02
         vertex 1.165000e+01 4.295288e+00 1.610123e+00
      endloop
   endfacet
   facet normal 1.000000e+00 0.000000e+00 0.000000e+00
      outer loop
         vertex 1.165000e+01 4.295288e+00 1.610123e+00
         vertex 1.165000e+01 7.900000e+00 6.698730e-02
         vertex 1.165000e+01 5.420288e+00 2.427483e+00
      endloop
   endfacet
   facet normal 1.000000e+00 0.000000e+00 0.000000e+00
      outer loop
         vertex 1.165000e+01 7.900000e+00 6.698730e-02
         vertex 1.165000e+01 8.083013e+00 2.500000e-01
         vertex 1.165000e+01 5.420288e+00 2.427483e+00
      endloop
   endfacet
   facet normal 1.000000e+00 0.000000e+00 0.000000e+00
      outer loop
         vertex 1.165000e+01 5.420288e+00 2.427483e+00
         vertex 1.165000e+01 8.083013e+00 2.500000e-01
         vertex 1.165000e+01 5.850000e+00 3.750000e+00
      endloop
   endfacet
   facet normal 1.000000e+00 0.000000e+00 0.000000e+00
      outer loop
         vertex 1.165000e+01 8.083013e+00 2.500000e-01
         vertex 1.165000e+01 8.150000e+00 5.000000e-01
         vertex 1.165000e+01 5.850000e+00 3.750000e+00
      endloop
   endfacet
   facet normal 1.000000e+00 0.000000e+00 0.000000e+00
      outer loop
         vertex 1.165000e+01 5.850000e+00 3.750000e+00
         vertex 1.165000e+01 8.150000e+00 5.000000e-01
         vertex 1.165000e+01 5.850000e+00 9.800000e+00
      endloop
   endfacet
   facet normal 1.000000e+00 0.000000e+00 0.000000e+00
      outer loop
         vertex 1.165000e+01 8.150000e+00 5.000000e-01
         vertex 1.165000e+01 8.150000e+00 9.800000e+00
         vertex 1.165000e+01 5.850000e+00 9.800000e+00
      endloop
   endfacet
   facet normal 0.000000e+00 1.000000e+00 0.000000e+00
      outer loop
         vertex 1.165000e+01 1.350000e+00 3.750000e+00
         vertex 1.155000e+01 1.350000e+00 3.750000e+00
         vertex 1.155000e+01 1.350000e+00 9.800000e+00
      endloop
   endfacet
   facet normal 0.000000e+00 1.000000e+00 -0.000000e+00
      outer loop
         vertex 1.165000e+01 1.350000e+00 9.800000e+00
         vertex 1.165000e+01 1.350000e+00 3.750000e+00
         vertex 1.155000e+01 1.350000e+00 9.800000e+00
      endloop
   endfacet
   facet normal 1.000000e+00 0.000000e+00 0.000000e+00
      outer loop
         vertex 1.155000e+01 5.850000e+00 3.750000e+00
         vertex 1.155000e+01 5.850000e+00 9.800000e+00
         vertex 1.155000e+01 5.420288e+00 2.427483e+00
      endloop
   endfacet
   facet normal 1.000000e+00 -0.000000e+00 0.000000e+00
      outer loop
         vertex 1.155000e+01 5.850000e+00 9.800000e+00
         vertex 1.155000e+01 4.483883e+00 4.633883e+00
         vertex 1.155000e+01 5.420288e+00 2.427483e+00
      endloop
   endfacet
   facet normal 1.000000e+00 0.000000e+00 0.000000e+00
      outer loop
         vertex 1.155000e+01 5.420288e+00 2.427483e+00
         vertex 1.155000e+01 4.850000e+00 3.750000e+00
         vertex 1.155000e+01 4.295288e+00 1.610123e+00
      endloop
   endfacet
   facet normal 1.000000e+00 -0.000000e+00 0.000000e+00
      outer loop
         vertex 1.155000e+01 4.850000e+00 3.750000e+00
         vertex 1.155000e+01 4.483883e+00 2.866117e+00
         vertex 1.155000e+01 4.295288e+00 1.610123e+00
      endloop
   endfacet
   facet normal 1.000000e+00 0.000000e+00 0.000000e+00
      outer loop
         vertex 1.155000e+01 4.295288e+00 1.610123e+00
         vertex 1.155000e+01 4.483883e+00 2.866117e+00
         vertex 1.155000e+01 2.904712e+00 1.610123e+00
      endloop
   endfacet
   facet normal 1.000000e+00 -0.000000e+00 0.000000e+00
      outer loop
         vertex 1.155000e+01 4.483883e+00 2.866117e+00
         vertex 1.155000e+01 3.600000e+00 2.500000e+00
         vertex 1.155000e+01 2.904712e+00 1.610123e+00
      endloop
   endfacet
   facet normal 1.000000e+00 0.000000e+00 0.000000e+00
      outer loop
         vertex 1.155000e+01 2.904712e+00 1.610123e+00
         vertex 1.155000e+01 3.600000e+00 2.500000e+00
         vertex 1.155000e+01 1.779712e+00 2.427483e+00
      endloop
   endfacet
   facet normal 1.000000e+00 0.000000e+00 0.000000e+00
      outer loop
         vertex 1.155000e+01 3.600000e+00 2.500000e+00
         vertex 1.155000e+01 2.716116e+00 2.866117e+00
         vertex 1.155000e+01 1.779712e+00 2.427483e+00
      endloop
   endfacet
   facet normal 1.000000e+00 0.000000e+00 0.000000e+00
      outer loop
         vertex 1.155000e+01 1.779712e+00 2.427483e+00
         vertex 1.155000e+01 2.716116e+00 2.866117e+00
         vertex 1.155000e+01 1.350000e+00 3.750000e+00
      endloop
   endfacet
   facet normal 1.000000e+00 0.000000e+00 0.000000e+00
      outer loop
         vertex 1.155000e+01 2.716116e+00 2.866117e+00
         vertex 1.155000e+01 2.350000e+00 3.750000e+00
         vertex 1.155000e+01 1.350000e+00 3.750000e+00
      endloop
   endfacet
   facet normal 1.000000e+00 0.000000e+00 0.000000e+00
      outer loop
         vertex 1.155000e+01 1.350000e+00 3.750000e+00
         vertex 1.155000e+01 2.350000e+00 3.750000e+00
         vertex 1.155000e+01 1.350000e+00 9.800000e+00
      endloop
   endfacet
   facet normal 1.000000e+00 0.000000e+00 0.000000e+00
      outer loop
         vertex 1.155000e+01 2.350000e+00 3.750000e+00
         vertex 1.155000e+01 2.716116e+00 4.633883e+00
         vertex 1.155000e+01 1.350000e+00 9.800000e+00
      endloop
   endfacet
   facet normal 1.000000e+00 0.000000e+00 -0.000000e+00
      outer loop
         vertex 1.155000e+01 1.350000e+00 9.800000e+00
         vertex 1.155000e+01 2.716116e+00 4.633883e+00
         vertex 1.155000e+01 5.850000e+00 9.800000e+00
      endloop
   endfacet
   facet normal 1.000000e+00 0.000000e+00 -0.000000e+00
      outer loop
         vertex 1.155000e+01 2.716116e+00 4.633883e+00
         vertex 1.155000e+01 3.600000e+00 5.000000e+00
         vertex 1.155000e+01 5.850000e+00 9.800000e+00
      endloop
   endfacet
   facet normal 1.000000e+00 -0.000000e+00 0.000000e+00
      outer loop
         vertex 1.155000e+01 5.850000e+00 9.800000e+00
         vertex 1.155000e+01 3.600000e+00 5.000000e+00
         vertex 1.155000e+01 4.483883e+00 4.633883e+00
      endloop
   endfacet
   facet normal 1.000000e+00 0.000000e+00 0.000000e+00
      outer loop
         vertex 1.155000e+01 4.850000e+00 3.750000e+00
         vertex 1.155000e+01 5.420288e+00 2.427483e+00
         vertex 1.155000e+01 4.483883e+00 4.633883e+00
      endloop
   endfacet
   facet normal 0.000000e+00 -1.000000e+00 0.000000e+00
      outer loop
         vertex 1.155000e+01 5.850000e+00 3.750000e+00
         vertex 1.165000e+01 5.850000e+00 3.750000e+00
         vertex 1.165000e+01 5.850000e+00 9.800000e+00
      endloop
   endfacet
   facet normal 0.000000e+00 -1.000000e+00 0.000000e+00
      outer loop
         vertex 1.155000e+01 5.850000e+00 9.800000e+00
         vertex 1.155000e+01 5.850000e+00 3.750000e+00
         vertex 1.165000e+01 5.850000e+00 9.800000e+00
      endloop
   endfacet
   facet normal -1.000000e+00 0.000000e+00 -0.000000e+00
      outer loop
         vertex 1.055000e+01 -1.850000e+00 1.000000e+00
         vertex 1.055000e+01 2.716116e+00 2.866117e+00
         vertex 1.055000e+01 7.150000e+00 1.000000e+00
      endloop
   endfacet
   facet normal -1.000000e+00 -0.000000e+00 -0.000000e+00
      outer loop
         vertex 1.055000e+01 2.716116e+00 2.866117e+00
         vertex 1.055000e+01 3.600000e+00 2.500000e+00
         vertex 1.055000e+01 7.150000e+00 1.000000e+00
      endloop
   endfacet
   facet normal -1.000000e+00 0.000000e+00 0.000000e+00
      outer loop
         vertex 1.055000e+01 7.150000e+00 1.000000e+00
         vertex 1.055000e+01 3.600000e+00 2.500000e+00
         vertex 1.055000e+01 7.150000e+00 2.800000e+00
      endloop
   endfacet
   facet normal -1.000000e+00 0.000000e+00 -0.000000e+00
      outer loop
         vertex 1.055000e+01 3.600000e+00 2.500000e+00
         vertex 1.055000e+01 4.483883e+00 2.866117e+00
         vertex 1.055000e+01 7.150000e+00 2.800000e+00
      endloop
   endfacet
   facet normal -1.000000e+00 0.000000e+00 0.000000e+00
      outer loop
         vertex 1.055000e+01 7.150000e+00 2.800000e+00
         vertex 1.055000e+01 4.483883e+00 2.866117e+00
         vertex 1.055000e+01 8.150000e+00 2.800000e+00
      endloop
   endfacet
   facet normal -1.000000e+00 0.000000e+00 -0.000000e+00
      outer loop
         vertex 1.055000e+01 4.483883e+00 2.866117e+00
         vertex 1.055000e+01 4.850000e+00 3.750000e+00
         vertex 1.055000e+01 8.150000e+00 2.800000e+00
      endloop
   endfacet
   facet normal -1.000000e+00 0.000000e+00 0.000000e+00
      outer loop
         vertex 1.055000e+01 8.150000e+00 2.800000e+00
         vertex 1.055000e+01 4.850000e+00 3.750000e+00
         vertex 1.055000e+01 8.150000e+00 9.800000e+00
      endloop
   endfacet
   facet normal -1.000000e+00 0.000000e+00 0.000000e+00
      outer loop
         vertex 1.055000e+01 4.850000e+00 3.750000e+00
         vertex 1.055000e+01 4.483883e+00 4.633883e+00
         vertex 1.055000e+01 8.150000e+00 9.800000e+00
      endloop
   endfacet
   facet normal -1.000000e+00 0.000000e+00 0.000000e+00
      outer loop
         vertex 1.055000e+01 8.150000e+00 9.800000e+00
         vertex 1.055000e+01 4.483883e+00 4.633883e+00
         vertex 1.055000e+01 -1.850000e+00 9.800000e+00
      endloop
   endfacet
   facet normal -1.000000e+00 0.000000e+00 0.000000e+00
      outer loop
         vertex 1.055000e+01 4.483883e+00 4.633883e+00
         vertex 1.055000e+01 3.600000e+00 5.000000e+00
         vertex 1.055000e+01 -1.850000e+00 9.800000e+00
      endloop
   endfacet
   facet normal -1.000000e+00 -0.000000e+00 0.000000e+00
      outer loop
         vertex 1.055000e+01 -1.850000e+00 9.800000e+00
         vertex 1.055000e+01 2.716116e+00 4.633883e+00
         vertex 1.055000e+01 -1.850000e+00 1.000000e+00
      endloop
   endfacet
   facet normal -1.000000e+00 -0.000000e+00 0.000000e+00
      outer loop
         vertex 1.055000e+01 2.716116e+00 4.633883e+00
         vertex 1.055000e+01 2.350000e+00 3.750000e+00
         vertex 1.055000e+01 -1.850000e+00 1.000000e+00
      endloop
   endfacet
   facet normal -1.000000e+00 0.000000e+00 -0.000000e+00
      outer loop
         vertex 1.055000e+01 -1.850000e+00 1.000000e+00
         vertex 1.055000e+01 2.350000e+00 3.750000e+00
         vertex 1.055000e+01 2.716116e+00 2.866117e+00
      endloop
   endfacet
   facet normal -1.000000e+00 0.000000e+00 0.000000e+00
      outer loop
         vertex 1.055000e+01 2.716116e+00 4.633883e+00
         vertex 1.055000e+01 -1.850000e+00 9.800000e+00
         vertex 1.055000e+01 3.600000e+00 5.000000e+00
      endloop
   endfacet
   facet normal 0.000000e+00 1.000000e+00 0.000000e+00
      outer loop
         vertex -1.055000e+01 -1.850000e+00 9.800000e+00
         vertex -7.400000e+00 -1.850000e+00 7.300000e+00
         vertex -1.055000e+01 -1.850000e+00 1.000000e+00
      endloop
   endfacet
   facet normal 0.000000e+00 1.000000e+00 -0.000000e+00
      outer loop
         vertex -7.400000e+00 -1.850000e+00 7.300000e+00
         vertex -7.400000e+00 -1.850000e+00 1.000000e+00
         vertex -1.055000e+01 -1.850000e+00 1.000000e+00
      endloop
   endfacet
   facet normal 0.000000e+00 1.000000e+00 0.000000e+00
      outer loop
         vertex -7.400000e+00 -1.850000e+00 7.300000e+00
         vertex -1.055000e+01 -1.850000e+00 9.800000e+00
         vertex -6.900000e+00 -1.850000e+00 7.300000e+00
      endloop
   endfacet
   facet normal 0.000000e+00 1.000000e+00 0.000000e+00
      outer loop
         vertex -1.055000e+01 -1.850000e+00 9.800000e+00
         vertex 1.055000e+01 -1.850000e+00 9.800000e+00
         vertex -6.900000e+00 -1.850000e+00 7.300000e+00
      endloop
   endfacet
   facet normal 0.000000e+00 1.000000e+00 0.000000e+00
      outer loop
         vertex -6.900000e+00 -1.850000e+00 7.300000e+00
         vertex 1.055000e+01 -1.850000e+00 9.800000e+00
         vertex -6.900000e+00 -1.850000e+00 1.000000e+00
      endloop
   endfacet
   facet normal 0.000000e+00 1.000000e+00 -0.000000e+00
      outer loop
         vertex 1.055000e+01 -1.850000e+00 9.800000e+00
         vertex 6.900000e+00 -1.850000e+00 7.300000e+00
         vertex -6.900000e+00 -1.850000e+00 1.000000e+00
      endloop
   endfacet
   facet normal 0.000000e+00 1.000000e+00 0.000000e+00
      outer loop
         vertex -6.900000e+00 -1.850000e+00 1.000000e+00
         vertex 6.900000e+00 -1.850000e+00 7.300000e+00
         vertex 6.900000e+00 -1.850000e+00 1.000000e+00
      endloop
   endfacet
   facet normal 0.000000e+00 1.000000e+00 0.000000e+00
      outer loop
         vertex 6.900000e+00 -1.850000e+00 7.300000e+00
         vertex 1.055000e+01 -1.850000e+00 9.800000e+00
         vertex 7.400000e+00 -1.850000e+00 7.300000e+00
      endloop
   endfacet
   facet normal 0.000000e+00 1.000000e+00 0.000000e+00
      outer loop
         vertex 7.400000e+00 -1.850000e+00 7.300000e+00
         vertex 1.055000e+01 -1.850000e+00 9.800000e+00
         vertex 7.400000e+00 -1.850000e+00 1.000000e+00
      endloop
   endfacet
   facet normal 0.000000e+00 1.000000e+00 -0.000000e+00
      outer loop
         vertex 1.055000e+01 -1.850000e+00 9.800000e+00
         vertex 1.055000e+01 -1.850000e+00 1.000000e+00
         vertex 7.400000e+00 -1.850000e+00 1.000000e+00
      endloop
   endfacet
   facet normal -0.000000e+00 0.000000e+00 1.000000e+00
      outer loop
         vertex -7.400000e+00 7.150000e+00 1.000000e+00
         vertex -8.725000e+00 7.150000e+00 1.000000e+00
         vertex -7.400000e+00 -1.850000e+00 1.000000e+00
      endloop
   endfacet
   facet normal -0.000000e+00 0.000000e+00 1.000000e+00
      outer loop
         vertex -8.725000e+00 7.150000e+00 1.000000e+00
         vertex -8.725000e+00 4.850000e+00 1.000000e+00
         vertex -7.400000e+00 -1.850000e+00 1.000000e+00
      endloop
   endfacet
   facet normal 0.000000e+00 0.000000e+00 1.000000e+00
      outer loop
         vertex -7.400000e+00 -1.850000e+00 1.000000e+00
         vertex -8.725000e+00 4.850000e+00 1.000000e+00
         vertex -1.055000e+01 -1.850000e+00 1.000000e+00
      endloop
   endfacet
   facet normal -0.000000e+00 0.000000e+00 1.000000e+00
      outer loop
         vertex -8.725000e+00 4.850000e+00 1.000000e+00
         vertex -9.225000e+00 4.850000e+00 1.000000e+00
         vertex -1.055000e+01 -1.850000e+00 1.000000e+00
      endloop
   endfacet
   facet normal 0.000000e+00 0.000000e+00 1.000000e+00
      outer loop
         vertex -1.055000e+01 -1.850000e+00 1.000000e+00
         vertex -9.225000e+00 4.850000e+00 1.000000e+00
         vertex -1.055000e+01 7.150000e+00 1.000000e+00
      endloop
   endfacet
   facet normal 0.000000e+00 0.000000e+00 1.000000e+00
      outer loop
         vertex -9.225000e+00 4.850000e+00 1.000000e+00
         vertex -9.225000e+00 7.150000e+00 1.000000e+00
         vertex -1.055000e+01 7.150000e+00 1.000000e+00
      endloop
   endfacet
   facet normal 0.000000e+00 -1.000000e+00 0.000000e+00
      outer loop
         vertex -1.055000e+01 7.150000e+00 1.000000e+00
         vertex -9.225000e+00 7.150000e+00 1.000000e+00
         vertex -9.225000e+00 7.150000e+00 2.800000e+00
      endloop
   endfacet
   facet normal 0.000000e+00 -1.000000e+00 0.000000e+00
      outer loop
         vertex -1.055000e+01 7.150000e+00 2.800000e+00
         vertex -1.055000e+01 7.150000e+00 1.000000e+00
         vertex -9.225000e+00 7.150000e+00 2.800000e+00
      endloop
   endfacet
   facet normal 0.000000e+00 0.000000e+00 1.000000e+00
      outer loop
         vertex 8.725000e+00 4.850000e+00 2.800000e+00
         vertex 9.225000e+00 4.850000e+00 2.800000e+00
         vertex 8.725000e+00 7.150000e+00 2.800000e+00
      endloop
   endfacet
   facet normal 0.000000e+00 0.000000e+00 1.000000e+00
      outer loop
         vertex 9.225000e+00 4.850000e+00 2.800000e+00
         vertex 9.225000e+00 7.150000e+00 2.800000e+00
         vertex 8.725000e+00 7.150000e+00 2.800000e+00
      endloop
   endfacet
   facet normal 0.000000e+00 0.000000e+00 1.000000e+00
      outer loop
         vertex 1.055000e+01 7.150000e+00 2.800000e+00
         vertex 1.055000e+01 8.150000e+00 2.800000e+00
         vertex 9.225000e+00 7.150000e+00 2.800000e+00
      endloop
   endfacet
   facet normal -0.000000e+00 0.000000e+00 1.000000e+00
      outer loop
         vertex 1.055000e+01 8.150000e+00 2.800000e+00
         vertex -1.055000e+01 8.150000e+00 2.800000e+00
         vertex 9.225000e+00 7.150000e+00 2.800000e+00
      endloop
   endfacet
   facet normal 0.000000e+00 0.000000e+00 1.000000e+00
      outer loop
         vertex 9.225000e+00 7.150000e+00 2.800000e+00
         vertex -1.055000e+01 8.150000e+00 2.800000e+00
         vertex 8.725000e+00 7.150000e+00 2.800000e+00
      endloop
   endfacet
   facet normal 0.000000e+00 -0.000000e+00 1.000000e+00
      outer loop
         vertex -1.055000e+01 8.150000e+00 2.800000e+00
         vertex 7.400000e+00 7.150000e+00 2.800000e+00
         vertex 8.725000e+00 7.150000e+00 2.800000e+00
      endloop
   endfacet
   facet normal 0.000000e+00 0.000000e+00 1.000000e+00
      outer loop
         vertex 7.400000e+00 7.150000e+00 2.800000e+00
         vertex -1.055000e+01 8.150000e+00 2.800000e+00
         vertex 5.500000e+00 7.150000e+00 2.800000e+00
      endloop
   endfacet
   facet normal 0.000000e+00 -0.000000e+00 1.000000e+00
      outer loop
         vertex -1.055000e+01 8.150000e+00 2.800000e+00
         vertex -5.500000e+00 7.150000e+00 2.800000e+00
         vertex 5.500000e+00 7.150000e+00 2.800000e+00
      endloop
   endfacet
   facet normal 0.000000e+00 0.000000e+00 1.000000e+00
      outer loop
         vertex -5.500000e+00 7.150000e+00 2.800000e+00
         vertex -1.055000e+01 8.150000e+00 2.800000e+00
         vertex -7.400000e+00 7.150000e+00 2.800000e+00
      endloop
   endfacet
   facet normal 0.000000e+00 -0.000000e+00 1.000000e+00
      outer loop
         vertex -1.055000e+01 8.150000e+00 2.800000e+00
         vertex -8.725000e+00 7.150000e+00 2.800000e+00
         vertex -7.400000e+00 7.150000e+00 2.800000e+00
      endloop
   endfacet
   facet normal -0.000000e+00 0.000000e+00 1.000000e+00
      outer loop
         vertex -8.725000e+00 7.150000e+00 2.800000e+00
         vertex -9.225000e+00 7.150000e+00 2.800000e+00
         vertex -8.725000e+00 4.850000e+00 2.800000e+00
      endloop
   endfacet
   facet normal 0.000000e+00 0.000000e+00 1.000000e+00
      outer loop
         vertex -9.225000e+00 7.150000e+00 2.800000e+00
         vertex -9.225000e+00 4.850000e+00 2.800000e+00
         vertex -8.725000e+00 4.850000e+00 2.800000e+00
      endloop
   endfacet
   facet normal 0.000000e+00 0.000000e+00 1.000000e+00
      outer loop
         vertex -9.225000e+00 7.150000e+00 2.800000e+00
         vertex -8.725000e+00 7.150000e+00 2.800000e+00
         vertex -1.055000e+01 8.150000e+00 2.800000e+00
      endloop
   endfacet
   facet normal 0.000000e+00 0.000000e+00 1.000000e+00
      outer loop
         vertex -9.225000e+00 7.150000e+00 2.800000e+00
         vertex -1.055000e+01 8.150000e+00 2.800000e+00
         vertex -1.055000e+01 7.150000e+00 2.800000e+00
      endloop
   endfacet
   facet normal -1.000000e+00 0.000000e+00 0.000000e+00
      outer loop
         vertex 1.055000e+01 -6.950000e+00 1.000000e+00
         vertex 1.055000e+01 -6.950000e+00 3.990525e+00
         vertex 1.055000e+01 -2.450000e+00 1.000000e+00
      endloop
   endfacet
   facet normal -1.000000e+00 0.000000e+00 -0.000000e+00
      outer loop
         vertex 1.055000e+01 -6.950000e+00 3.990525e+00
         vertex 1.055000e+01 -5.150776e+00 4.788501e+00
         vertex 1.055000e+01 -2.450000e+00 1.000000e+00
      endloop
   endfacet
   facet normal -1.000000e+00 0.000000e+00 0.000000e+00
      outer loop
         vertex 1.055000e+01 -2.450000e+00 1.000000e+00
         vertex 1.055000e+01 -2.772831e+00 7.858416e+00
         vertex 1.055000e+01 -2.450000e+00 9.800000e+00
      endloop
   endfacet
   facet normal -1.000000e+00 0.000000e+00 0.000000e+00
      outer loop
         vertex 1.055000e+01 -2.772831e+00 7.858416e+00
         vertex 1.055000e+01 -2.450000e+00 1.000000e+00
         vertex 1.055000e+01 -3.706583e+00 6.125765e+00
      endloop
   endfacet
   facet normal -1.000000e+00 0.000000e+00 0.000000e+00
      outer loop
         vertex 1.055000e+01 -3.706583e+00 6.125765e+00
         vertex 1.055000e+01 -2.450000e+00 1.000000e+00
         vertex 1.055000e+01 -5.150776e+00 4.788501e+00
      endloop
   endfacet
   facet normal 0.000000e+00 1.000000e+00 0.000000e+00
      outer loop
         vertex 1.055000e+01 -6.950000e+00 1.000000e+00
         vertex 7.400000e+00 -6.950000e+00 1.000000e+00
         vertex 7.400000e+00 -6.950000e+00 3.990525e+00
      endloop
   endfacet
   facet normal 0.000000e+00 1.000000e+00 -0.000000e+00
      outer loop
         vertex 1.055000e+01 -6.950000e+00 3.990525e+00
         vertex 1.055000e+01 -6.950000e+00 1.000000e+00
         vertex 7.400000e+00 -6.950000e+00 3.990525e+00
      endloop
   endfacet
   facet normal 1.000000e+00 0.000000e+00 0.000000e+00
      outer loop
         vertex 7.400000e+00 -2.450000e+00 1.000000e+00
         vertex 7.400000e+00 -3.706583e+00 6.125765e+00
         vertex 7.400000e+00 -6.950000e+00 1.000000e+00
      endloop
   endfacet
   facet normal 1.000000e+00 -0.000000e+00 0.000000e+00
      outer loop
         vertex 7.400000e+00 -3.706583e+00 6.125765e+00
         vertex 7.400000e+00 -5.150776e+00 4.788501e+00
         vertex 7.400000e+00 -6.950000e+00 1.000000e+00
      endloop
   endfacet
   facet normal 1.000000e+00 0.000000e+00 0.000000e+00
      outer loop
         vertex 7.400000e+00 -6.950000e+00 1.000000e+00
         vertex 7.400000e+00 -5.150776e+00 4.788501e+00
         vertex 7.400000e+00 -6.950000e+00 3.990525e+00
      endloop
   endfacet
   facet normal 1.000000e+00 0.000000e+00 0.000000e+00
      outer loop
         vertex 7.400000e+00 -3.706583e+00 6.125765e+00
         vertex 7.400000e+00 -2.450000e+00 1.000000e+00
         vertex 7.400000e+00 -2.772831e+00 7.858416e+00
      endloop
   endfacet
   facet normal 1.000000e+00 0.000000e+00 -0.000000e+00
      outer loop
         vertex 7.400000e+00 -2.772831e+00 7.858416e+00
         vertex 7.400000e+00 -2.450000e+00 1.000000e+00
         vertex 7.400000e+00 -2.450000e+00 9.800000e+00
      endloop
   endfacet
   facet normal -1.000000e+00 0.000000e+00 0.000000e+00
      outer loop
         vertex 6.500000e+00 -6.950000e+00 1.000000e+00
         vertex 6.500000e+00 -6.950000e+00 3.990525e+00
         vertex 6.500000e+00 -2.450000e+00 1.000000e+00
      endloop
   endfacet
   facet normal -1.000000e+00 0.000000e+00 -0.000000e+00
      outer loop
         vertex 6.500000e+00 -6.950000e+00 3.990525e+00
         vertex 6.500000e+00 -5.150776e+00 4.788501e+00
         vertex 6.500000e+00 -2.450000e+00 1.000000e+00
      endloop
   endfacet
   facet normal -1.000000e+00 0.000000e+00 0.000000e+00
      outer loop
         vertex 6.500000e+00 -2.450000e+00 1.000000e+00
         vertex 6.500000e+00 -2.772831e+00 7.858416e+00
         vertex 6.500000e+00 -2.450000e+00 9.800000e+00
      endloop
   endfacet
   facet normal -1.000000e+00 0.000000e+00 0.000000e+00
      outer loop
         vertex 6.500000e+00 -2.772831e+00 7.858416e+00
         vertex 6.500000e+00 -2.450000e+00 1.000000e+00
         vertex 6.500000e+00 -3.706583e+00 6.125765e+00
      endloop
   endfacet
   facet normal -1.000000e+00 0.000000e+00 0.000000e+00
      outer loop
         vertex 6.500000e+00 -2.450000e+00 1.000000e+00
         vertex 6.500000e+00 -5.150776e+00 4.788501e+00
         vertex 6.500000e+00 -3.706583e+00 6.125765e+00
      endloop
   endfacet
   facet normal 0.000000e+00 1.000000e+00 0.000000e+00
      outer loop
         vertex 6.500000e+00 -6.950000e+00 1.000000e+00
         vertex 5.200000e+00 -6.950000e+00 1.000000e+00
         vertex 5.200000e+00 -6.950000e+00 3.990525e+00
      endloop
   endfacet
   facet normal 0.000000e+00 1.000000e+00 -0.000000e+00
      outer loop
         vertex 6.500000e+00 -6.950000e+00 3.990525e+00
         vertex 6.500000e+00 -6.950000e+00 1.000000e+00
         vertex 5.200000e+00 -6.950000e+00 3.990525e+00
      endloop
   endfacet
   facet normal 1.000000e+00 0.000000e+00 0.000000e+00
      outer loop
         vertex 5.200000e+00 -2.450000e+00 1.000000e+00
         vertex 5.200000e+00 -3.706583e+00 6.125765e+00
         vertex 5.200000e+00 -6.950000e+00 1.000000e+00
      endloop
   endfacet
   facet normal 1.000000e+00 -0.000000e+00 0.000000e+00
      outer loop
         vertex 5.200000e+00 -3.706583e+00 6.125765e+00
         vertex 5.200000e+00 -5.150776e+00 4.788501e+00
         vertex 5.200000e+00 -6.950000e+00 1.000000e+00
      endloop
   endfacet
   facet normal 1.000000e+00 0.000000e+00 0.000000e+00
      outer loop
         vertex 5.200000e+00 -6.950000e+00 1.000000e+00
         vertex 5.200000e+00 -5.150776e+00 4.788501e+00
         vertex 5.200000e+00 -6.950000e+00 3.990525e+00
      endloop
   endfacet
   facet normal 1.000000e+00 0.000000e+00 0.000000e+00
      outer loop
         vertex 5.200000e+00 -3.706583e+00 6.125765e+00
         vertex 5.200000e+00 -2.450000e+00 1.000000e+00
         vertex 5.200000e+00 -2.772831e+00 7.858416e+00
      endloop
   endfacet
   facet normal 1.000000e+00 0.000000e+00 -0.000000e+00
      outer loop
         vertex 5.200000e+00 -2.772831e+00 7.858416e+00
         vertex 5.200000e+00 -2.450000e+00 1.000000e+00
         vertex 5.200000e+00 -2.450000e+00 9.800000e+00
      endloop
   endfacet
   facet normal -1.000000e+00 0.000000e+00 0.000000e+00
      outer loop
         vertex 4.300000e+00 -6.950000e+00 1.000000e+00
         vertex 4.300000e+00 -6.950000e+00 3.990525e+00
         vertex 4.300000e+00 -2.450000e+00 1.000000e+00
      endloop
   endfacet
   facet normal -1.000000e+00 0.000000e+00 -0.000000e+00
      outer loop
         vertex 4.300000e+00 -6.950000e+00 3.990525e+00
         vertex 4.300000e+00 -5.150776e+00 4.788501e+00
         vertex 4.300000e+00 -2.450000e+00 1.000000e+00
      endloop
   endfacet
   facet normal -1.000000e+00 0.000000e+00 0.000000e+00
      outer loop
         vertex 4.300000e+00 -2.450000e+00 1.000000e+00
         vertex 4.300000e+00 -2.772831e+00 7.858416e+00
         vertex 4.300000e+00 -2.450000e+00 9.800000e+00
      endloop
   endfacet
   facet normal -1.000000e+00 0.000000e+00 0.000000e+00
      outer loop
         vertex 4.300000e+00 -2.772831e+00 7.858416e+00
         vertex 4.300000e+00 -2.450000e+00 1.000000e+00
         vertex 4.300000e+00 -3.706583e+00 6.125765e+00
      endloop
   endfacet
   facet normal -1.000000e+00 0.000000e+00 0.000000e+00
      outer loop
         vertex 4.300000e+00 -2.450000e+00 1.000000e+00
         vertex 4.300000e+00 -5.150776e+00 4.788501e+00
         vertex 4.300000e+00 -3.706583e+00 6.125765e+00
      endloop
   endfacet
   facet normal 0.000000e+00 1.000000e+00 0.000000e+00
      outer loop
         vertex 4.300000e+00 -6.950000e+00 1.000000e+00
         vertex 3.000000e+00 -6.950000e+00 1.000000e+00
         vertex 3.000000e+00 -6.950000e+00 3.990525e+00
      endloop
   endfacet
   facet normal 0.000000e+00 1.000000e+00 -0.000000e+00
      outer loop
         vertex 4.300000e+00 -6.950000e+00 3.990525e+00
         vertex 4.300000e+00 -6.950000e+00 1.000000e+00
         vertex 3.000000e+00 -6.950000e+00 3.990525e+00
      endloop
   endfacet
   facet normal 1.000000e+00 0.000000e+00 0.000000e+00
      outer loop
         vertex 3.000000e+00 -2.450000e+00 1.000000e+00
         vertex 3.000000e+00 -3.706583e+00 6.125765e+00
         vertex 3.000000e+00 -6.950000e+00 1.000000e+00
      endloop
   endfacet
   facet normal 1.000000e+00 -0.000000e+00 0.000000e+00
      outer loop
         vertex 3.000000e+00 -3.706583e+00 6.125765e+00
         vertex 3.000000e+00 -5.150776e+00 4.788501e+00
         vertex 3.000000e+00 -6.950000e+00 1.000000e+00
      endloop
   endfacet
   facet normal 1.000000e+00 0.000000e+00 0.000000e+00
      outer loop
         vertex 3.000000e+00 -6.950000e+00 1.000000e+00
         vertex 3.000000e+00 -5.150776e+00 4.788501e+00
         vertex 3.000000e+00 -6.950000e+00 3.990525e+00
      endloop
   endfacet
   facet normal 1.000000e+00 0.000000e+00 0.000000e+00
      outer loop
         vertex 3.000000e+00 -3.706583e+00 6.125765e+00
         vertex 3.000000e+00 -2.450000e+00 1.000000e+00
         vertex 3.000000e+00 -2.772831e+00 7.858416e+00
      endloop
   endfacet
   facet normal 1.000000e+00 0.000000e+00 -0.000000e+00
      outer loop
         vertex 3.000000e+00 -2.772831e+00 7.858416e+00
         vertex 3.000000e+00 -2.450000e+00 1.000000e+00
         vertex 3.000000e+00 -2.450000e+00 9.800000e+00
      endloop
   endfacet
   facet normal -1.000000e+00 0.000000e+00 0.000000e+00
      outer loop
         vertex 2.100000e+00 -6.950000e+00 1.000000e+00
         vertex 2.100000e+00 -6.950000e+00 3.990525e+00
         vertex 2.100000e+00 -2.450000e+00 1.000000e+00
      endloop
   endfacet
   facet normal -1.000000e+00 0.000000e+00 -0.000000e+00
      outer loop
         vertex 2.100000e+00 -6.950000e+00 3.990525e+00
         vertex 2.100000e+00 -5.150776e+00 4.788501e+00
         vertex 2.100000e+00 -2.450000e+00 1.000000e+00
      endloop
   endfacet
   facet normal -1.000000e+00 0.000000e+00 0.000000e+00
      outer loop
         vertex 2.100000e+00 -2.450000e+00 1.000000e+00
         vertex 2.100000e+00 -2.772831e+00 7.858416e+00
         vertex 2.100000e+00 -2.450000e+00 9.800000e+00
      endloop
   endfacet
   facet normal -1.000000e+00 0.000000e+00 0.000000e+00
      outer loop
         vertex 2.100000e+00 -2.772831e+00 7.858416e+00
         vertex 2.100000e+00 -2.450000e+00 1.000000e+00
         vertex 2.100000e+00 -3.706583e+00 6.125765e+00
      endloop
   endfacet
   facet normal -1.000000e+00 0.000000e+00 0.000000e+00
      outer loop
         vertex 2.100000e+00 -2.450000e+00 1.000000e+00
         vertex 2.100000e+00 -5.150776e+00 4.788501e+00
         vertex 2.100000e+00 -3.706583e+00 6.125765e+00
      endloop
   endfacet
   facet normal 0.000000e+00 1.000000e+00 0.000000e+00
      outer loop
         vertex 2.100000e+00 -6.950000e+00 1.000000e+00
         vertex 8.000000e-01 -6.950000e+00 1.000000e+00
         vertex 8.000000e-01 -6.950000e+00 3.990525e+00
      endloop
   endfacet
   facet normal 0.000000e+00 1.000000e+00 -0.000000e+00
      outer loop
         vertex 2.100000e+00 -6.950000e+00 3.990525e+00
         vertex 2.100000e+00 -6.950000e+00 1.000000e+00
         vertex 8.000000e-01 -6.950000e+00 3.990525e+00
      endloop
   endfacet
   facet normal 1.000000e+00 0.000000e+00 0.000000e+00
      outer loop
         vertex 8.000000e-01 -2.450000e+00 1.000000e+00
         vertex 8.000000e-01 -3.706583e+00 6.125765e+00
         vertex 8.000000e-01 -6.950000e+00 1.000000e+00
      endloop
   endfacet
   facet normal 1.000000e+00 -0.000000e+00 0.000000e+00
      outer loop
         vertex 8.000000e-01 -3.706583e+00 6.125765e+00
         vertex 8.000000e-01 -5.150776e+00 4.788501e+00
         vertex 8.000000e-01 -6.950000e+00 1.000000e+00
      endloop
   endfacet
   facet normal 1.000000e+00 0.000000e+00 0.000000e+00
      outer loop
         vertex 8.000000e-01 -6.950000e+00 1.000000e+00
         vertex 8.000000e-01 -5.150776e+00 4.788501e+00
         vertex 8.000000e-01 -6.950000e+00 3.990525e+00
      endloop
   endfacet
   facet normal 1.000000e+00 0.000000e+00 0.000000e+00
      outer loop
         vertex 8.000000e-01 -3.706583e+00 6.125765e+00
         vertex 8.000000e-01 -2.450000e+00 1.000000e+00
         vertex 8.000000e-01 -2.772831e+00 7.858416e+00
      endloop
   endfacet
   facet normal 1.000000e+00 0.000000e+00 -0.000000e+00
      outer loop
         vertex 8.000000e-01 -2.772831e+00 7.858416e+00
         vertex 8.000000e-01 -2.450000e+00 1.000000e+00
         vertex 8.000000e-01 -2.450000e+00 9.800000e+00
      endloop
   endfacet
   facet normal -1.000000e+00 0.000000e+00 0.000000e+00
      outer loop
         vertex -8.000000e-01 -6.950000e+00 1.000000e+00
         vertex -8.000000e-01 -6.950000e+00 3.990525e+00
         vertex -8.000000e-01 -2.450000e+00 1.000000e+00
      endloop
   endfacet
   facet normal -1.000000e+00 0.000000e+00 -0.000000e+00
      outer loop
         vertex -8.000000e-01 -6.950000e+00 3.990525e+00
         vertex -8.000000e-01 -5.150776e+00 4.788501e+00
         vertex -8.000000e-01 -2.450000e+00 1.000000e+00
      endloop
   endfacet
   facet normal -1.000000e+00 0.000000e+00 0.000000e+00
      outer loop
         vertex -8.000000e-01 -2.450000e+00 1.000000e+00
         vertex -8.000000e-01 -2.772831e+00 7.858416e+00
         vertex -8.000000e-01 -2.450000e+00 9.800000e+00
      endloop
   endfacet
   facet normal -1.000000e+00 0.000000e+00 0.000000e+00
      outer loop
         vertex -8.000000e-01 -2.772831e+00 7.858416e+00
         vertex -8.000000e-01 -2.450000e+00 1.000000e+00
         vertex -8.000000e-01 -3.706583e+00 6.125765e+00
      endloop
   endfacet
   facet normal -1.000000e+00 0.000000e+00 0.000000e+00
      outer loop
         vertex -8.000000e-01 -2.450000e+00 1.000000e+00
         vertex -8.000000e-01 -5.150776e+00 4.788501e+00
         vertex -8.000000e-01 -3.706583e+00 6.125765e+00
      endloop
   endfacet
   facet normal 0.000000e+00 1.000000e+00 0.000000e+00
      outer loop
         vertex -8.000000e-01 -6.950000e+00 1.000000e+00
         vertex -2.100000e+00 -6.950000e+00 1.000000e+00
         vertex -2.100000e+00 -6.950000e+00 3.990525e+00
      endloop
   endfacet
   facet normal 0.000000e+00 1.000000e+00 -0.000000e+00
      outer loop
         vertex -8.000000e-01 -6.950000e+00 3.990525e+00
         vertex -8.000000e-01 -6.950000e+00 1.000000e+00
         vertex -2.100000e+00 -6.950000e+00 3.990525e+00
      endloop
   endfacet
   facet normal 1.000000e+00 0.000000e+00 0.000000e+00
      outer loop
         vertex -2.100000e+00 -2.450000e+00 1.000000e+00
         vertex -2.100000e+00 -3.706583e+00 6.125765e+00
         vertex -2.100000e+00 -6.950000e+00 1.000000e+00
      endloop
   endfacet
   facet normal 1.000000e+00 -0.000000e+00 0.000000e+00
      outer loop
         vertex -2.100000e+00 -3.706583e+00 6.125765e+00
         vertex -2.100000e+00 -5.150776e+00 4.788501e+00
         vertex -2.100000e+00 -6.950000e+00 1.000000e+00
      endloop
   endfacet
   facet normal 1.000000e+00 0.000000e+00 0.000000e+00
      outer loop
         vertex -2.100000e+00 -6.950000e+00 1.000000e+00
         vertex -2.100000e+00 -5.150776e+00 4.788501e+00
         vertex -2.100000e+00 -6.950000e+00 3.990525e+00
      endloop
   endfacet
   facet normal 1.000000e+00 0.000000e+00 0.000000e+00
      outer loop
         vertex -2.100000e+00 -3.706583e+00 6.125765e+00
         vertex -2.100000e+00 -2.450000e+00 1.000000e+00
         vertex -2.100000e+00 -2.772831e+00 7.858416e+00
      endloop
   endfacet
   facet normal 1.000000e+00 0.000000e+00 -0.000000e+00
      outer loop
         vertex -2.100000e+00 -2.772831e+00 7.858416e+00
         vertex -2.100000e+00 -2.450000e+00 1.000000e+00
         vertex -2.100000e+00 -2.450000e+00 9.800000e+00
      endloop
   endfacet
   facet normal -1.000000e+00 0.000000e+00 0.000000e+00
      outer loop
         vertex -3.000000e+00 -6.950000e+00 1.000000e+00
         vertex -3.000000e+00 -6.950000e+00 3.990525e+00
         vertex -3.000000e+00 -2.450000e+00 1.000000e+00
      endloop
   endfacet
   facet normal -1.000000e+00 0.000000e+00 -0.000000e+00
      outer loop
         vertex -3.000000e+00 -6.950000e+00 3.990525e+00
         vertex -3.000000e+00 -5.150776e+00 4.788501e+00
         vertex -3.000000e+00 -2.450000e+00 1.000000e+00
      endloop
   endfacet
   facet normal -1.000000e+00 0.000000e+00 0.000000e+00
      outer loop
         vertex -3.000000e+00 -2.450000e+00 1.000000e+00
         vertex -3.000000e+00 -2.772831e+00 7.858416e+00
         vertex -3.000000e+00 -2.450000e+00 9.800000e+00
      endloop
   endfacet
   facet normal -1.000000e+00 0.000000e+00 0.000000e+00
      outer loop
         vertex -3.000000e+00 -2.772831e+00 7.858416e+00
         vertex -3.000000e+00 -2.450000e+00 1.000000e+00
         vertex -3.000000e+00 -3.706583e+00 6.125765e+00
      endloop
   endfacet
   facet normal -1.000000e+00 0.000000e+00 0.000000e+00
      outer loop
         vertex -3.000000e+00 -2.450000e+00 1.000000e+00
         vertex -3.000000e+00 -5.150776e+00 4.788501e+00
         vertex -3.000000e+00 -3.706583e+00 6.125765e+00
      endloop
   endfacet
   facet normal 0.000000e+00 1.000000e+00 0.000000e+00
      outer loop
         vertex -3.000000e+00 -6.950000e+00 1.000000e+00
         vertex -4.300000e+00 -6.950000e+00 1.000000e+00
         vertex -4.300000e+00 -6.950000e+00 3.990525e+00
      endloop
   endfacet
   facet normal 0.000000e+00 1.000000e+00 -0.000000e+00
      outer loop
         vertex -3.000000e+00 -6.950000e+00 3.990525e+00
         vertex -3.000000e+00 -6.950000e+00 1.000000e+00
         vertex -4.300000e+00 -6.950000e+00 3.990525e+00
      endloop
   endfacet
   facet normal 1.000000e+00 0.000000e+00 0.000000e+00
      outer loop
         vertex -4.300000e+00 -2.450000e+00 1.000000e+00
         vertex -4.300000e+00 -3.706583e+00 6.125765e+00
         vertex -4.300000e+00 -6.950000e+00 1.000000e+00
      endloop
   endfacet
   facet normal 1.000000e+00 -0.000000e+00 0.000000e+00
      outer loop
         vertex -4.300000e+00 -3.706583e+00 6.125765e+00
         vertex -4.300000e+00 -5.150776e+00 4.788501e+00
         vertex -4.300000e+00 -6.950000e+00 1.000000e+00
      endloop
   endfacet
   facet normal 1.000000e+00 0.000000e+00 0.000000e+00
      outer loop
         vertex -4.300000e+00 -6.950000e+00 1.000000e+00
         vertex -4.300000e+00 -5.150776e+00 4.788501e+00
         vertex -4.300000e+00 -6.950000e+00 3.990525e+00
      endloop
   endfacet
   facet normal 1.000000e+00 0.000000e+00 0.000000e+00
      outer loop
         vertex -4.300000e+00 -3.706583e+00 6.125765e+00
         vertex -4.300000e+00 -2.450000e+00 1.000000e+00
         vertex -4.300000e+00 -2.772831e+00 7.858416e+00
      endloop
   endfacet
   facet normal 1.000000e+00 0.000000e+00 -0.000000e+00
      outer loop
         vertex -4.300000e+00 -2.772831e+00 7.858416e+00
         vertex -4.300000e+00 -2.450000e+00 1.000000e+00
         vertex -4.300000e+00 -2.450000e+00 9.800000e+00
      endloop
   endfacet
   facet normal -1.000000e+00 0.000000e+00 0.000000e+00
      outer loop
         vertex -5.200000e+00 -6.950000e+00 1.000000e+00
         vertex -5.200000e+00 -6.950000e+00 3.990525e+00
         vertex -5.200000e+00 -2.450000e+00 1.000000e+00
      endloop
   endfacet
   facet normal -1.000000e+00 0.000000e+00 -0.000000e+00
      outer loop
         vertex -5.200000e+00 -6.950000e+00 3.990525e+00
         vertex -5.200000e+00 -5.150776e+00 4.788501e+00
         vertex -5.200000e+00 -2.450000e+00 1.000000e+00
      endloop
   endfacet
   facet normal -1.000000e+00 0.000000e+00 0.000000e+00
      outer loop
         vertex -5.200000e+00 -2.450000e+00 1.000000e+00
         vertex -5.200000e+00 -2.772831e+00 7.858416e+00
         vertex -5.200000e+00 -2.450000e+00 9.800000e+00
      endloop
   endfacet
   facet normal -1.000000e+00 0.000000e+00 0.000000e+00
      outer loop
         vertex -5.200000e+00 -2.772831e+00 7.858416e+00
         vertex -5.200000e+00 -2.450000e+00 1.000000e+00
         vertex -5.200000e+00 -3.706583e+00 6.125765e+00
      endloop
   endfacet
   facet normal -1.000000e+00 0.000000e+00 0.000000e+00
      outer loop
         vertex -5.200000e+00 -2.450000e+00 1.000000e+00
         vertex -5.200000e+00 -5.150776e+00 4.788501e+00
         vertex -5.200000e+00 -3.706583e+00 6.125765e+00
      endloop
   endfacet
   facet normal 0.000000e+00 1.000000e+00 0.000000e+00
      outer loop
         vertex -5.200000e+00 -6.950000e+00 1.000000e+00
         vertex -6.500000e+00 -6.950000e+00 1.000000e+00
         vertex -6.500000e+00 -6.950000e+00 3.990525e+00
      endloop
   endfacet
   facet normal 0.000000e+00 1.000000e+00 -0.000000e+00
      outer loop
         vertex -5.200000e+00 -6.950000e+00 3.990525e+00
         vertex -5.200000e+00 -6.950000e+00 1.000000e+00
         vertex -6.500000e+00 -6.950000e+00 3.990525e+00
      endloop
   endfacet
   facet normal 1.000000e+00 0.000000e+00 0.000000e+00
      outer loop
         vertex -6.500000e+00 -2.450000e+00 1.000000e+00
         vertex -6.500000e+00 -3.706583e+00 6.125765e+00
         vertex -6.500000e+00 -6.950000e+00 1.000000e+00
      endloop
   endfacet
   facet normal 1.000000e+00 -0.000000e+00 0.000000e+00
      outer loop
         vertex -6.500000e+00 -3.706583e+00 6.125765e+00
         vertex -6.500000e+00 -5.150776e+00 4.788501e+00
         vertex -6.500000e+00 -6.950000e+00 1.000000e+00
      endloop
   endfacet
   facet normal 1.000000e+00 0.000000e+00 0.000000e+00
      outer loop
         vertex -6.500000e+00 -6.950000e+00 1.000000e+00
         vertex -6.500000e+00 -5.150776e+00 4.788501e+00
         vertex -6.500000e+00 -6.950000e+00 3.990525e+00
      endloop
   endfacet
   facet normal 1.000000e+00 0.000000e+00 0.000000e+00
      outer loop
         vertex -6.500000e+00 -3.706583e+00 6.125765e+00
         vertex -6.500000e+00 -2.450000e+00 1.000000e+00
         vertex -6.500000e+00 -2.772831e+00 7.858416e+00
      endloop
   endfacet
   facet normal 1.000000e+00 0.000000e+00 -0.000000e+00
      outer loop
         vertex -6.500000e+00 -2.772831e+00 7.858416e+00
         vertex -6.500000e+00 -2.450000e+00 1.000000e+00
         vertex -6.500000e+00 -2.450000e+00 9.800000e+00
      endloop
   endfacet
   facet normal -1.000000e+00 0.000000e+00 0.000000e+00
      outer loop
         vertex -7.400000e+00 -6.950000e+00 1.000000e+00
         vertex -7.400000e+00 -6.950000e+00 3.990525e+00
         vertex -7.400000e+00 -2.450000e+00 1.000000e+00
      endloop
   endfacet
   facet normal -1.000000e+00 0.000000e+00 -0.000000e+00
      outer loop
         vertex -7.400000e+00 -6.950000e+00 3.990525e+00
         vertex -7.400000e+00 -5.150776e+00 4.788501e+00
         vertex -7.400000e+00 -2.450000e+00 1.000000e+00
      endloop
   endfacet
   facet normal -1.000000e+00 0.000000e+00 0.000000e+00
      outer loop
         vertex -7.400000e+00 -2.450000e+00 1.000000e+00
         vertex -7.400000e+00 -2.772831e+00 7.858416e+00
         vertex -7.400000e+00 -2.450000e+00 9.800000e+00
      endloop
   endfacet
   facet normal -1.000000e+00 0.000000e+00 0.000000e+00
      outer loop
         vertex -7.400000e+00 -2.772831e+00 7.858416e+00
         vertex -7.400000e+00 -2.450000e+00 1.000000e+00
         vertex -7.400000e+00 -3.706583e+00 6.125765e+00
      endloop
   endfacet
   facet normal -1.000000e+00 0.000000e+00 0.000000e+00
      outer loop
         vertex -7.400000e+00 -2.450000e+00 1.000000e+00
         vertex -7.400000e+00 -5.150776e+00 4.788501e+00
         vertex -7.400000e+00 -3.706583e+00 6.125765e+00
      endloop
   endfacet
   facet normal 0.000000e+00 1.000000e+00 0.000000e+00
      outer loop
         vertex -7.400000e+00 -6.950000e+00 1.000000e+00
         vertex -1.055000e+01 -6.950000e+00 1.000000e+00
         vertex -1.055000e+01 -6.950000e+00 3.990525e+00
      endloop
   endfacet
   facet normal 0.000000e+00 1.000000e+00 -0.000000e+00
      outer loop
         vertex -7.400000e+00 -6.950000e+00 3.990525e+00
         vertex -7.400000e+00 -6.950000e+00 1.000000e+00
         vertex -1.055000e+01 -6.950000e+00 3.990525e+00
      endloop
   endfacet
   facet normal 1.000000e+00 0.000000e+00 0.000000e+00
      outer loop
         vertex -1.055000e+01 -2.450000e+00 1.000000e+00
         vertex -1.055000e+01 -3.706583e+00 6.125765e+00
         vertex -1.055000e+01 -6.950000e+00 1.000000e+00
      endloop
   endfacet
   facet normal 1.000000e+00 -0.000000e+00 0.000000e+00
      outer loop
         vertex -1.055000e+01 -3.706583e+00 6.125765e+00
         vertex -1.055000e+01 -5.150776e+00 4.788501e+00
         vertex -1.055000e+01 -6.950000e+00 1.000000e+00
      endloop
   endfacet
   facet normal 1.000000e+00 0.000000e+00 0.000000e+00
      outer loop
         vertex -1.055000e+01 -6.950000e+00 1.000000e+00
         vertex -1.055000e+01 -5.150776e+00 4.788501e+00
         vertex -1.055000e+01 -6.950000e+00 3.990525e+00
      endloop
   endfacet
   facet normal 1.000000e+00 0.000000e+00 0.000000e+00
      outer loop
         vertex -1.055000e+01 -3.706583e+00 6.125765e+00
         vertex -1.055000e+01 -2.450000e+00 1.000000e+00
         vertex -1.055000e+01 -2.772831e+00 7.858416e+00
      endloop
   endfacet
   facet normal 1.000000e+00 0.000000e+00 -0.000000e+00
      outer loop
         vertex -1.055000e+01 -2.772831e+00 7.858416e+00
         vertex -1.055000e+01 -2.450000e+00 1.000000e+00
         vertex -1.055000e+01 -2.450000e+00 9.800000e+00
      endloop
   endfacet
   facet normal 0.000000e+00 -0.000000e+00 1.000000e+00
      outer loop
         vertex -1.055000e+01 -6.950000e+00 1.000000e+00
         vertex -7.400000e+00 -6.950000e+00 1.000000e+00
         vertex -7.400000e+00 -2.450000e+00 1.000000e+00
      endloop
   endfacet
   facet normal 0.000000e+00 0.000000e+00 1.000000e+00
      outer loop
         vertex -1.055000e+01 -6.950000e+00 1.000000e+00
         vertex -7.400000e+00 -2.450000e+00 1.000000e+00
         vertex -1.055000e+01 -2.450000e+00 1.000000e+00
      endloop
   endfacet
   facet normal 0.000000e+00 -0.000000e+00 1.000000e+00
      outer loop
         vertex -6.500000e+00 -6.950000e+00 1.000000e+00
         vertex -5.200000e+00 -6.950000e+00 1.000000e+00
         vertex -5.200000e+00 -2.450000e+00 1.000000e+00
      endloop
   endfacet
   facet normal 0.000000e+00 0.000000e+00 1.000000e+00
      outer loop
         vertex -6.500000e+00 -6.950000e+00 1.000000e+00
         vertex -5.200000e+00 -2.450000e+00 1.000000e+00
         vertex -6.500000e+00 -2.450000e+00 1.000000e+00
      endloop
   endfacet
   facet normal 0.000000e+00 -0.000000e+00 1.000000e+00
      outer loop
         vertex -4.300000e+00 -6.950000e+00 1.000000e+00
         vertex -3.000000e+00 -6.950000e+00 1.000000e+00
         vertex -3.000000e+00 -2.450000e+00 1.000000e+00
      endloop
   endfacet
   facet normal 0.000000e+00 0.000000e+00 1.000000e+00
      outer loop
         vertex -4.300000e+00 -6.950000e+00 1.000000e+00
         vertex -3.000000e+00 -2.450000e+00 1.000000e+00
         vertex -4.300000e+00 -2.450000e+00 1.000000e+00
      endloop
   endfacet
   facet normal 0.000000e+00 -0.000000e+00 1.000000e+00
      outer loop
         vertex -2.100000e+00 -6.950000e+00 1.000000e+00
         vertex -8.000000e-01 -6.950000e+00 1.000000e+00
         vertex -8.000000e-01 -2.450000e+00 1.000000e+00
      endloop
   endfacet
   facet normal 0.000000e+00 0.000000e+00 1.000000e+00
      outer loop
         vertex -2.100000e+00 -6.950000e+00 1.000000e+00
         vertex -8.000000e-01 -2.450000e+00 1.000000e+00
         vertex -2.100000e+00 -2.450000e+00 1.000000e+00
      endloop
   endfacet
   facet normal 0.000000e+00 -0.000000e+00 1.000000e+00
      outer loop
         vertex 8.000000e-01 -6.950000e+00 1.000000e+00
         vertex 2.100000e+00 -6.950000e+00 1.000000e+00
         vertex 2.100000e+00 -2.450000e+00 1.000000e+00
      endloop
   endfacet
   facet normal 0.000000e+00 0.000000e+00 1.000000e+00
      outer loop
         vertex 8.000000e-01 -6.950000e+00 1.000000e+00
         vertex 2.100000e+00 -2.450000e+00 1.000000e+00
         vertex 8.000000e-01 -2.450000e+00 1.000000e+00
      endloop
   endfacet
   facet normal 0.000000e+00 -0.000000e+00 1.000000e+00
      outer loop
         vertex 3.000000e+00 -6.950000e+00 1.000000e+00
         vertex 4.300000e+00 -6.950000e+00 1.000000e+00
         vertex 4.300000e+00 -2.450000e+00 1.000000e+00
      endloop
   endfacet
   facet normal 0.000000e+00 0.000000e+00 1.000000e+00
      outer loop
         vertex 3.000000e+00 -6.950000e+00 1.000000e+00
         vertex 4.300000e+00 -2.450000e+00 1.000000e+00
         vertex 3.000000e+00 -2.450000e+00 1.000000e+00
      endloop
   endfacet
   facet normal 0.000000e+00 -0.000000e+00 1.000000e+00
      outer loop
         vertex 5.200000e+00 -6.950000e+00 1.000000e+00
         vertex 6.500000e+00 -6.950000e+00 1.000000e+00
         vertex 6.500000e+00 -2.450000e+00 1.000000e+00
      endloop
   endfacet
   facet normal 0.000000e+00 0.000000e+00 1.000000e+00
      outer loop
         vertex 5.200000e+00 -6.950000e+00 1.000000e+00
         vertex 6.500000e+00 -2.450000e+00 1.000000e+00
         vertex 5.200000e+00 -2.450000e+00 1.000000e+00
      endloop
   endfacet
   facet normal 0.000000e+00 -0.000000e+00 1.000000e+00
      outer loop
         vertex 7.400000e+00 -6.950000e+00 1.000000e+00
         vertex 1.055000e+01 -6.950000e+00 1.000000e+00
         vertex 1.055000e+01 -2.450000e+00 1.000000e+00
      endloop
   endfacet
   facet normal 0.000000e+00 0.000000e+00 1.000000e+00
      outer loop
         vertex 7.400000e+00 -6.950000e+00 1.000000e+00
         vertex 1.055000e+01 -2.450000e+00 1.000000e+00
         vertex 7.400000e+00 -2.450000e+00 1.000000e+00
      endloop
   endfacet
   facet normal -0.000000e+00 9.510565e-01 3.090169e-01
      outer loop
         vertex 1.165000e+01 1.779712e+00 2.427483e+00
         vertex 1.155000e+01 1.779712e+00 2.427483e+00
         vertex 1.155000e+01 1.350000e+00 3.750000e+00
      endloop
   endfacet
   facet normal 0.000000e+00 9.510565e-01 3.090169e-01
      outer loop
         vertex 1.165000e+01 1.350000e+00 3.750000e+00
         vertex 1.165000e+01 1.779712e+00 2.427483e+00
         vertex 1.155000e+01 1.350000e+00 3.750000e+00
      endloop
   endfacet
   facet normal -0.000000e+00 5.877852e-01 8.090170e-01
      outer loop
         vertex 1.165000e+01 2.904712e+00 1.610123e+00
         vertex 1.155000e+01 2.904712e+00 1.610123e+00
         vertex 1.155000e+01 1.779712e+00 2.427483e+00
      endloop
   endfacet
   facet normal 0.000000e+00 5.877852e-01 8.090170e-01
      outer loop
         vertex 1.165000e+01 1.779712e+00 2.427483e+00
         vertex 1.165000e+01 2.904712e+00 1.610123e+00
         vertex 1.155000e+01 1.779712e+00 2.427483e+00
      endloop
   endfacet
   facet normal -0.000000e+00 0.000000e+00 1.000000e+00
      outer loop
         vertex 1.165000e+01 4.295288e+00 1.610123e+00
         vertex 1.155000e+01 4.295288e+00 1.610123e+00
         vertex 1.155000e+01 2.904712e+00 1.610123e+00
      endloop
   endfacet
   facet normal 0.000000e+00 0.000000e+00 1.000000e+00
      outer loop
         vertex 1.165000e+01 2.904712e+00 1.610123e+00
         vertex 1.165000e+01 4.295288e+00 1.610123e+00
         vertex 1.155000e+01 2.904712e+00 1.610123e+00
      endloop
   endfacet
   facet normal 0.000000e+00 -5.877852e-01 8.090170e-01
      outer loop
         vertex 1.165000e+01 5.420288e+00 2.427483e+00
         vertex 1.155000e+01 5.420288e+00 2.427483e+00
         vertex 1.155000e+01 4.295288e+00 1.610123e+00
      endloop
   endfacet
   facet normal 0.000000e+00 -5.877852e-01 8.090170e-01
      outer loop
         vertex 1.165000e+01 4.295288e+00 1.610123e+00
         vertex 1.165000e+01 5.420288e+00 2.427483e+00
         vertex 1.155000e+01 4.295288e+00 1.610123e+00
      endloop
   endfacet
   facet normal 0.000000e+00 -9.510565e-01 3.090170e-01
      outer loop
         vertex 1.165000e+01 5.850000e+00 3.750000e+00
         vertex 1.155000e+01 5.850000e+00 3.750000e+00
         vertex 1.155000e+01 5.420288e+00 2.427483e+00
      endloop
   endfacet
   facet normal 0.000000e+00 -9.510565e-01 3.090170e-01
      outer loop
         vertex 1.165000e+01 5.420288e+00 2.427483e+00
         vertex 1.165000e+01 5.850000e+00 3.750000e+00
         vertex 1.155000e+01 5.420288e+00 2.427483e+00
      endloop
   endfacet
   facet normal 0.000000e+00 3.826834e-01 -9.238795e-01
      outer loop
         vertex 1.155000e+01 2.716116e+00 4.633883e+00
         vertex 1.055000e+01 2.716116e+00 4.633883e+00
         vertex 1.055000e+01 3.600000e+00 5.000000e+00
      endloop
   endfacet
   facet normal 0.000000e+00 3.826834e-01 -9.238795e-01
      outer loop
         vertex 1.155000e+01 3.600000e+00 5.000000e+00
         vertex 1.155000e+01 2.716116e+00 4.633883e+00
         vertex 1.055000e+01 3.600000e+00 5.000000e+00
      endloop
   endfacet
   facet normal 0.000000e+00 9.238795e-01 -3.826834e-01
      outer loop
         vertex 1.155000e+01 2.350000e+00 3.750000e+00
         vertex 1.055000e+01 2.350000e+00 3.750000e+00
         vertex 1.055000e+01 2.716116e+00 4.633883e+00
      endloop
   endfacet
   facet normal 0.000000e+00 9.238795e-01 -3.826834e-01
      outer loop
         vertex 1.155000e+01 2.716116e+00 4.633883e+00
         vertex 1.155000e+01 2.350000e+00 3.750000e+00
         vertex 1.055000e+01 2.716116e+00 4.633883e+00
      endloop
   endfacet
   facet normal -0.000000e+00 9.238795e-01 3.826834e-01
      outer loop
         vertex 1.155000e+01 2.716116e+00 2.866117e+00
         vertex 1.055000e+01 2.716116e+00 2.866117e+00
         vertex 1.055000e+01 2.350000e+00 3.750000e+00
      endloop
   endfacet
   facet normal 0.000000e+00 9.238795e-01 3.826834e-01
      outer loop
         vertex 1.155000e+01 2.350000e+00 3.750000e+00
         vertex 1.155000e+01 2.716116e+00 2.866117e+00
         vertex 1.055000e+01 2.350000e+00 3.750000e+00
      endloop
   endfacet
   facet normal -0.000000e+00 3.826834e-01 9.238795e-01
      outer loop
         vertex 1.155000e+01 3.600000e+00 2.500000e+00
         vertex 1.055000e+01 3.600000e+00 2.500000e+00
         vertex 1.055000e+01 2.716116e+00 2.866117e+00
      endloop
   endfacet
   facet normal 0.000000e+00 3.826834e-01 9.238795e-01
      outer loop
         vertex 1.155000e+01 2.716116e+00 2.866117e+00
         vertex 1.155000e+01 3.600000e+00 2.500000e+00
         vertex 1.055000e+01 2.716116e+00 2.866117e+00
      endloop
   endfacet
   facet normal 0.000000e+00 -3.826834e-01 9.238795e-01
      outer loop
         vertex 1.155000e+01 4.483883e+00 2.866117e+00
         vertex 1.055000e+01 4.483883e+00 2.866117e+00
         vertex 1.055000e+01 3.600000e+00 2.500000e+00
      endloop
   endfacet
   facet normal 0.000000e+00 -3.826834e-01 9.238795e-01
      outer loop
         vertex 1.155000e+01 3.600000e+00 2.500000e+00
         vertex 1.155000e+01 4.483883e+00 2.866117e+00
         vertex 1.055000e+01 3.600000e+00 2.500000e+00
      endloop
   endfacet
   facet normal 0.000000e+00 -9.238795e-01 3.826834e-01
      outer loop
         vertex 1.155000e+01 4.850000e+00 3.750000e+00
         vertex 1.055000e+01 4.850000e+00 3.750000e+00
         vertex 1.055000e+01 4.483883e+00 2.866117e+00
      endloop
   endfacet
   facet normal 0.000000e+00 -9.238795e-01 3.826834e-01
      outer loop
         vertex 1.155000e+01 4.483883e+00 2.866117e+00
         vertex 1.155000e+01 4.850000e+00 3.750000e+00
         vertex 1.055000e+01 4.483883e+00 2.866117e+00
      endloop
   endfacet
   facet normal 0.000000e+00 -9.238795e-01 -3.826834e-01
      outer loop
         vertex 1.155000e+01 4.483883e+00 4.633883e+00
         vertex 1.055000e+01 4.483883e+00 4.633883e+00
         vertex 1.055000e+01 4.850000e+00 3.750000e+00
      endloop
   endfacet
   facet normal 0.000000e+00 -9.238795e-01 -3.826834e-01
      outer loop
         vertex 1.155000e+01 4.850000e+00 3.750000e+00
         vertex 1.155000e+01 4.483883e+00 4.633883e+00
         vertex 1.055000e+01 4.850000e+00 3.750000e+00
      endloop
   endfacet
   facet normal 0.000000e+00 -3.826834e-01 -9.238795e-01
      outer loop
         vertex 1.155000e+01 3.600000e+00 5.000000e+00
         vertex 1.055000e+01 3.600000e+00 5.000000e+00
         vertex 1.055000e+01 4.483883e+00 4.633883e+00
      endloop
   endfacet
   facet normal 0.000000e+00 -3.826834e-01 -9.238795e-01
      outer loop
         vertex 1.155000e+01 4.483883e+00 4.633883e+00
         vertex 1.155000e+01 3.600000e+00 5.000000e+00
         vertex 1.055000e+01 4.483883e+00 4.633883e+00
      endloop
   endfacet
   facet normal 0.000000e+00 -1.000000e+00 0.000000e+00
      outer loop
         vertex 9.225000e+00 7.150000e+00 1.000000e+00
         vertex 1.055000e+01 7.150000e+00 1.000000e+00
         vertex 1.055000e+01 7.150000e+00 2.800000e+00
      endloop
   endfacet
   facet normal 0.000000e+00 -1.000000e+00 0.000000e+00
      outer loop
         vertex 9.225000e+00 7.150000e+00 2.800000e+00
         vertex 9.225000e+00 7.150000e+00 1.000000e+00
         vertex 1.055000e+01 7.150000e+00 2.800000e+00
      endloop
   endfacet
   facet normal -0.000000e+00 0.000000e+00 1.000000e+00
      outer loop
         vertex 8.725000e+00 7.150000e+00 1.000000e+00
         vertex 7.400000e+00 7.150000e+00 1.000000e+00
         vertex 8.725000e+00 4.850000e+00 1.000000e+00
      endloop
   endfacet
   facet normal 0.000000e+00 0.000000e+00 1.000000e+00
      outer loop
         vertex 7.400000e+00 7.150000e+00 1.000000e+00
         vertex 7.400000e+00 -1.850000e+00 1.000000e+00
         vertex 8.725000e+00 4.850000e+00 1.000000e+00
      endloop
   endfacet
   facet normal 0.000000e+00 0.000000e+00 1.000000e+00
      outer loop
         vertex 8.725000e+00 4.850000e+00 1.000000e+00
         vertex 7.400000e+00 -1.850000e+00 1.000000e+00
         vertex 9.225000e+00 4.850000e+00 1.000000e+00
      endloop
   endfacet
   facet normal 0.000000e+00 0.000000e+00 1.000000e+00
      outer loop
         vertex 7.400000e+00 -1.850000e+00 1.000000e+00
         vertex 1.055000e+01 -1.850000e+00 1.000000e+00
         vertex 9.225000e+00 4.850000e+00 1.000000e+00
      endloop
   endfacet
   facet normal 0.000000e+00 0.000000e+00 1.000000e+00
      outer loop
         vertex 9.225000e+00 4.850000e+00 1.000000e+00
         vertex 1.055000e+01 -1.850000e+00 1.000000e+00
         vertex 9.225000e+00 7.150000e+00 1.000000e+00
      endloop
   endfacet
   facet normal 0.000000e+00 0.000000e+00 1.000000e+00
      outer loop
         vertex 1.055000e+01 -1.850000e+00 1.000000e+00
         vertex 1.055000e+01 7.150000e+00 1.000000e+00
         vertex 9.225000e+00 7.150000e+00 1.000000e+00
      endloop
   endfacet
   facet normal 1.000000e+00 0.000000e+00 0.000000e+00
      outer loop
         vertex 7.400000e+00 1.300000e+00 1.980000e+01
         vertex 7.400000e+00 1.300000e+00 8.300000e+00
         vertex 7.400000e+00 4.650000e+00 1.980000e+01
      endloop
   endfacet
   facet normal 1.000000e+00 0.000000e+00 0.000000e+00
      outer loop
         vertex 7.400000e+00 1.300000e+00 8.300000e+00
         vertex 7.400000e+00 1.237825e+00 8.052596e+00
         vertex 7.400000e+00 4.650000e+00 1.980000e+01
      endloop
   endfacet
   facet normal 1.000000e+00 -0.000000e+00 0.000000e+00
      outer loop
         vertex 7.400000e+00 4.650000e+00 1.980000e+01
         vertex 7.400000e+00 1.237825e+00 8.052596e+00
         vertex 7.400000e+00 4.650000e+00 4.973913e+00
      endloop
   endfacet
   facet normal 1.000000e+00 -0.000000e+00 0.000000e+00
      outer loop
         vertex 7.400000e+00 1.237825e+00 8.052596e+00
         vertex 7.400000e+00 8.709707e-01 7.681120e+00
         vertex 7.400000e+00 4.650000e+00 4.973913e+00
      endloop
   endfacet
   facet normal 1.000000e+00 0.000000e+00 0.000000e+00
      outer loop
         vertex 7.400000e+00 4.650000e+00 4.973913e+00
         vertex 7.400000e+00 8.709707e-01 7.681120e+00
         vertex 7.400000e+00 7.150000e+00 2.800000e+00
      endloop
   endfacet
   facet normal 1.000000e+00 -0.000000e+00 0.000000e+00
      outer loop
         vertex 7.400000e+00 8.709707e-01 7.681120e+00
         vertex 7.400000e+00 4.059910e-01 7.466816e+00
         vertex 7.400000e+00 7.150000e+00 2.800000e+00
      endloop
   endfacet
   facet normal 1.000000e+00 0.000000e+00 0.000000e+00
      outer loop
         vertex 7.400000e+00 7.150000e+00 2.800000e+00
         vertex 7.400000e+00 4.307107e+00 4.457107e+00
         vertex 7.400000e+00 7.150000e+00 1.000000e+00
      endloop
   endfacet
   facet normal 1.000000e+00 -0.000000e+00 -0.000000e+00
      outer loop
         vertex 7.400000e+00 4.307107e+00 4.457107e+00
         vertex 7.400000e+00 4.600000e+00 3.750000e+00
         vertex 7.400000e+00 7.150000e+00 1.000000e+00
      endloop
   endfacet
   facet normal 1.000000e+00 0.000000e+00 0.000000e+00
      outer loop
         vertex 7.400000e+00 7.150000e+00 1.000000e+00
         vertex 7.400000e+00 3.600000e+00 2.750000e+00
         vertex 7.400000e+00 -1.850000e+00 1.000000e+00
      endloop
   endfacet
   facet normal 1.000000e+00 0.000000e+00 0.000000e+00
      outer loop
         vertex 7.400000e+00 3.600000e+00 2.750000e+00
         vertex 7.400000e+00 2.892893e+00 3.042893e+00
         vertex 7.400000e+00 -1.850000e+00 1.000000e+00
      endloop
   endfacet
   facet normal 1.000000e+00 0.000000e+00 0.000000e+00
      outer loop
         vertex 7.400000e+00 -1.850000e+00 1.000000e+00
         vertex 7.400000e+00 2.892893e+00 3.042893e+00
         vertex 7.400000e+00 -1.850000e+00 7.300000e+00
      endloop
   endfacet
   facet normal 1.000000e+00 0.000000e+00 0.000000e+00
      outer loop
         vertex 7.400000e+00 2.892893e+00 3.042893e+00
         vertex 7.400000e+00 2.600000e+00 3.750000e+00
         vertex 7.400000e+00 -1.850000e+00 7.300000e+00
      endloop
   endfacet
   facet normal 1.000000e+00 0.000000e+00 0.000000e+00
      outer loop
         vertex 7.400000e+00 -1.850000e+00 7.300000e+00
         vertex 7.400000e+00 2.600000e+00 3.750000e+00
         vertex 7.400000e+00 -7.000000e-01 7.300000e+00
      endloop
   endfacet
   facet normal 1.000000e+00 0.000000e+00 0.000000e+00
      outer loop
         vertex 7.400000e+00 2.600000e+00 3.750000e+00
         vertex 7.400000e+00 2.892893e+00 4.457107e+00
         vertex 7.400000e+00 -7.000000e-01 7.300000e+00
      endloop
   endfacet
   facet normal 1.000000e+00 0.000000e+00 0.000000e+00
      outer loop
         vertex 7.400000e+00 -7.000000e-01 7.300000e+00
         vertex 7.400000e+00 2.892893e+00 4.457107e+00
         vertex 7.400000e+00 -8.451177e-02 7.348531e+00
      endloop
   endfacet
   facet normal 1.000000e+00 0.000000e+00 0.000000e+00
      outer loop
         vertex 7.400000e+00 2.892893e+00 4.457107e+00
         vertex 7.400000e+00 3.600000e+00 4.750000e+00
         vertex 7.400000e+00 -8.451177e-02 7.348531e+00
      endloop
   endfacet
   facet normal 1.000000e+00 0.000000e+00 0.000000e+00
      outer loop
         vertex 7.400000e+00 -8.451177e-02 7.348531e+00
         vertex 7.400000e+00 3.600000e+00 4.750000e+00
         vertex 7.400000e+00 4.059910e-01 7.466816e+00
      endloop
   endfacet
   facet normal 1.000000e+00 0.000000e+00 0.000000e+00
      outer loop
         vertex 7.400000e+00 3.600000e+00 4.750000e+00
         vertex 7.400000e+00 4.307107e+00 4.457107e+00
         vertex 7.400000e+00 4.059910e-01 7.466816e+00
      endloop
   endfacet
   facet normal 1.000000e+00 -0.000000e+00 -0.000000e+00
      outer loop
         vertex 7.400000e+00 4.059910e-01 7.466816e+00
         vertex 7.400000e+00 4.307107e+00 4.457107e+00
         vertex 7.400000e+00 7.150000e+00 2.800000e+00
      endloop
   endfacet
   facet normal 1.000000e+00 0.000000e+00 0.000000e+00
      outer loop
         vertex 7.400000e+00 3.600000e+00 2.750000e+00
         vertex 7.400000e+00 7.150000e+00 1.000000e+00
         vertex 7.400000e+00 4.307107e+00 3.042893e+00
      endloop
   endfacet
   facet normal 1.000000e+00 0.000000e+00 0.000000e+00
      outer loop
         vertex 7.400000e+00 4.307107e+00 3.042893e+00
         vertex 7.400000e+00 7.150000e+00 1.000000e+00
         vertex 7.400000e+00 4.600000e+00 3.750000e+00
      endloop
   endfacet
   facet normal -0.000000e+00 0.000000e+00 1.000000e+00
      outer loop
         vertex 7.400000e+00 -7.000000e-01 7.300000e+00
         vertex 6.900000e+00 -7.000000e-01 7.300000e+00
         vertex 6.900000e+00 -1.850000e+00 7.300000e+00
      endloop
   endfacet
   facet normal 0.000000e+00 0.000000e+00 1.000000e+00
      outer loop
         vertex 7.400000e+00 -7.000000e-01 7.300000e+00
         vertex 6.900000e+00 -1.850000e+00 7.300000e+00
         vertex 7.400000e+00 -1.850000e+00 7.300000e+00
      endloop
   endfacet
   facet normal -1.000000e+00 -0.000000e+00 0.000000e+00
      outer loop
         vertex 6.900000e+00 -1.850000e+00 7.300000e+00
         vertex 6.900000e+00 -7.000000e-01 7.300000e+00
         vertex 6.900000e+00 -1.850000e+00 1.000000e+00
      endloop
   endfacet
   facet normal -1.000000e+00 0.000000e+00 0.000000e+00
      outer loop
         vertex 6.900000e+00 -7.000000e-01 7.300000e+00
         vertex 6.900000e+00 -8.451177e-02 7.348531e+00
         vertex 6.900000e+00 -1.850000e+00 1.000000e+00
      endloop
   endfacet
   facet normal -1.000000e+00 0.000000e+00 -0.000000e+00
      outer loop
         vertex 6.900000e+00 -1.850000e+00 1.000000e+00
         vertex 6.900000e+00 -8.451177e-02 7.348531e+00
         vertex 6.900000e+00 1.300000e+00 1.000000e+00
      endloop
   endfacet
   facet normal -1.000000e+00 0.000000e+00 -0.000000e+00
      outer loop
         vertex 6.900000e+00 -8.451177e-02 7.348531e+00
         vertex 6.900000e+00 4.059910e-01 7.466816e+00
         vertex 6.900000e+00 1.300000e+00 1.000000e+00
      endloop
   endfacet
   facet normal -1.000000e+00 0.000000e+00 0.000000e+00
      outer loop
         vertex 6.900000e+00 1.300000e+00 1.000000e+00
         vertex 6.900000e+00 1.237825e+00 8.052596e+00
         vertex 6.900000e+00 1.300000e+00 8.300000e+00
      endloop
   endfacet
   facet normal -1.000000e+00 0.000000e+00 0.000000e+00
      outer loop
         vertex 6.900000e+00 1.237825e+00 8.052596e+00
         vertex 6.900000e+00 1.300000e+00 1.000000e+00
         vertex 6.900000e+00 8.709707e-01 7.681120e+00
      endloop
   endfacet
   facet normal -1.000000e+00 0.000000e+00 0.000000e+00
      outer loop
         vertex 6.900000e+00 8.709707e-01 7.681120e+00
         vertex 6.900000e+00 1.300000e+00 1.000000e+00
         vertex 6.900000e+00 4.059910e-01 7.466816e+00
      endloop
   endfacet
   facet normal -0.000000e+00 0.000000e+00 1.000000e+00
      outer loop
         vertex 6.700000e+00 3.950000e+00 1.000000e+00
         vertex 5.500000e+00 3.950000e+00 1.000000e+00
         vertex 6.700000e+00 2.300000e+00 1.000000e+00
      endloop
   endfacet
   facet normal -0.000000e+00 0.000000e+00 1.000000e+00
      outer loop
         vertex 5.500000e+00 7.150000e+00 1.000000e+00
         vertex -5.500000e+00 7.150000e+00 1.000000e+00
         vertex 5.500000e+00 3.950000e+00 1.000000e+00
      endloop
   endfacet
   facet normal 0.000000e+00 0.000000e+00 1.000000e+00
      outer loop
         vertex 5.500000e+00 3.950000e+00 1.000000e+00
         vertex -5.500000e+00 7.150000e+00 1.000000e+00
         vertex 6.700000e+00 2.300000e+00 1.000000e+00
      endloop
   endfacet
   facet normal -0.000000e+00 0.000000e+00 1.000000e+00
      outer loop
         vertex -5.500000e+00 7.150000e+00 1.000000e+00
         vertex -5.500000e+00 3.950000e+00 1.000000e+00
         vertex 6.700000e+00 2.300000e+00 1.000000e+00
      endloop
   endfacet
   facet normal 0.000000e+00 0.000000e+00 1.000000e+00
      outer loop
         vertex 6.700000e+00 2.300000e+00 1.000000e+00
         vertex -5.500000e+00 3.950000e+00 1.000000e+00
         vertex 5.500000e+00 2.300000e+00 1.000000e+00
      endloop
   endfacet
   facet normal -0.000000e+00 0.000000e+00 1.000000e+00
      outer loop
         vertex -5.500000e+00 3.950000e+00 1.000000e+00
         vertex -6.700000e+00 3.950000e+00 1.000000e+00
         vertex 5.500000e+00 2.300000e+00 1.000000e+00
      endloop
   endfacet
   facet normal 0.000000e+00 0.000000e+00 1.000000e+00
      outer loop
         vertex 5.500000e+00 2.300000e+00 1.000000e+00
         vertex -6.700000e+00 3.950000e+00 1.000000e+00
         vertex 5.500000e+00 1.300000e+00 1.000000e+00
      endloop
   endfacet
   facet normal -0.000000e+00 -0.000000e+00 1.000000e+00
      outer loop
         vertex -6.700000e+00 3.950000e+00 1.000000e+00
         vertex -5.500000e+00 2.300000e+00 1.000000e+00
         vertex 5.500000e+00 1.300000e+00 1.000000e+00
      endloop
   endfacet
   facet normal 0.000000e+00 0.000000e+00 1.000000e+00
      outer loop
         vertex -5.500000e+00 2.300000e+00 1.000000e+00
         vertex -5.500000e+00 1.300000e+00 1.000000e+00
         vertex 5.500000e+00 1.300000e+00 1.000000e+00
      endloop
   endfacet
   facet normal 0.000000e+00 0.000000e+00 1.000000e+00
      outer loop
         vertex -6.900000e+00 1.300000e+00 1.000000e+00
         vertex -6.900000e+00 -1.850000e+00 1.000000e+00
         vertex -5.500000e+00 1.300000e+00 1.000000e+00
      endloop
   endfacet
   facet normal 0.000000e+00 0.000000e+00 1.000000e+00
      outer loop
         vertex -5.500000e+00 1.300000e+00 1.000000e+00
         vertex -6.900000e+00 -1.850000e+00 1.000000e+00
         vertex 5.500000e+00 1.300000e+00 1.000000e+00
      endloop
   endfacet
   facet normal 0.000000e+00 0.000000e+00 1.000000e+00
      outer loop
         vertex -6.900000e+00 -1.850000e+00 1.000000e+00
         vertex 6.900000e+00 -1.850000e+00 1.000000e+00
         vertex 5.500000e+00 1.300000e+00 1.000000e+00
      endloop
   endfacet
   facet normal 0.000000e+00 -0.000000e+00 1.000000e+00
      outer loop
         vertex 5.500000e+00 1.300000e+00 1.000000e+00
         vertex 6.900000e+00 -1.850000e+00 1.000000e+00
         vertex 6.900000e+00 1.300000e+00 1.000000e+00
      endloop
   endfacet
   facet normal 0.000000e+00 0.000000e+00 1.000000e+00
      outer loop
         vertex -5.500000e+00 2.300000e+00 1.000000e+00
         vertex -6.700000e+00 3.950000e+00 1.000000e+00
         vertex -6.700000e+00 2.300000e+00 1.000000e+00
      endloop
   endfacet
   facet normal 1.000000e+00 0.000000e+00 0.000000e+00
      outer loop
         vertex -6.900000e+00 1.300000e+00 1.000000e+00
         vertex -6.900000e+00 1.237825e+00 8.052596e+00
         vertex -6.900000e+00 -1.850000e+00 1.000000e+00
      endloop
   endfacet
   facet normal 1.000000e+00 -0.000000e+00 0.000000e+00
      outer loop
         vertex -6.900000e+00 1.237825e+00 8.052596e+00
         vertex -6.900000e+00 8.709707e-01 7.681120e+00
         vertex -6.900000e+00 -1.850000e+00 1.000000e+00
      endloop
   endfacet
   facet normal 1.000000e+00 0.000000e+00 0.000000e+00
      outer loop
         vertex -6.900000e+00 -1.850000e+00 1.000000e+00
         vertex -6.900000e+00 -7.000000e-01 7.300000e+00
         vertex -6.900000e+00 -1.850000e+00 7.300000e+00
      endloop
   endfacet
   facet normal 1.000000e+00 0.000000e+00 0.000000e+00
      outer loop
         vertex -6.900000e+00 -7.000000e-01 7.300000e+00
         vertex -6.900000e+00 -1.850000e+00 1.000000e+00
         vertex -6.900000e+00 -8.451177e-02 7.348531e+00
      endloop
   endfacet
   facet normal 1.000000e+00 0.000000e+00 0.000000e+00
      outer loop
         vertex -6.900000e+00 -8.451177e-02 7.348531e+00
         vertex -6.900000e+00 -1.850000e+00 1.000000e+00
         vertex -6.900000e+00 4.059910e-01 7.466816e+00
      endloop
   endfacet
   facet normal 1.000000e+00 0.000000e+00 0.000000e+00
      outer loop
         vertex -6.900000e+00 -1.850000e+00 1.000000e+00
         vertex -6.900000e+00 8.709707e-01 7.681120e+00
         vertex -6.900000e+00 4.059910e-01 7.466816e+00
      endloop
   endfacet
   facet normal 1.000000e+00 0.000000e+00 -0.000000e+00
      outer loop
         vertex -6.900000e+00 1.237825e+00 8.052596e+00
         vertex -6.900000e+00 1.300000e+00 1.000000e+00
         vertex -6.900000e+00 1.300000e+00 8.300000e+00
      endloop
   endfacet
   facet normal -0.000000e+00 0.000000e+00 1.000000e+00
      outer loop
         vertex -6.900000e+00 -7.000000e-01 7.300000e+00
         vertex -7.400000e+00 -7.000000e-01 7.300000e+00
         vertex -7.400000e+00 -1.850000e+00 7.300000e+00
      endloop
   endfacet
   facet normal 0.000000e+00 0.000000e+00 1.000000e+00
      outer loop
         vertex -6.900000e+00 -7.000000e-01 7.300000e+00
         vertex -7.400000e+00 -1.850000e+00 7.300000e+00
         vertex -6.900000e+00 -1.850000e+00 7.300000e+00
      endloop
   endfacet
   facet normal -1.000000e+00 -0.000000e+00 0.000000e+00
      outer loop
         vertex -7.400000e+00 -1.850000e+00 7.300000e+00
         vertex -7.400000e+00 -7.000000e-01 7.300000e+00
         vertex -7.400000e+00 -1.850000e+00 1.000000e+00
      endloop
   endfacet
   facet normal -1.000000e+00 0.000000e+00 0.000000e+00
      outer loop
         vertex -7.400000e+00 -7.000000e-01 7.300000e+00
         vertex -7.400000e+00 -8.451177e-02 7.348531e+00
         vertex -7.400000e+00 -1.850000e+00 1.000000e+00
      endloop
   endfacet
   facet normal -1.000000e+00 0.000000e+00 -0.000000e+00
      outer loop
         vertex -7.400000e+00 -1.850000e+00 1.000000e+00
         vertex -7.400000e+00 2.892893e+00 3.042893e+00
         vertex -7.400000e+00 7.150000e+00 1.000000e+00
      endloop
   endfacet
   facet normal -1.000000e+00 -0.000000e+00 -0.000000e+00
      outer loop
         vertex -7.400000e+00 2.892893e+00 3.042893e+00
         vertex -7.400000e+00 3.600000e+00 2.750000e+00
         vertex -7.400000e+00 7.150000e+00 1.000000e+00
      endloop
   endfacet
   facet normal -1.000000e+00 0.000000e+00 0.000000e+00
      outer loop
         vertex -7.400000e+00 7.150000e+00 1.000000e+00
         vertex -7.400000e+00 3.600000e+00 2.750000e+00
         vertex -7.400000e+00 7.150000e+00 2.800000e+00
      endloop
   endfacet
   facet normal -1.000000e+00 0.000000e+00 -0.000000e+00
      outer loop
         vertex -7.400000e+00 3.600000e+00 2.750000e+00
         vertex -7.400000e+00 4.307107e+00 3.042893e+00
         vertex -7.400000e+00 7.150000e+00 2.800000e+00
      endloop
   endfacet
   facet normal -1.000000e+00 0.000000e+00 0.000000e+00
      outer loop
         vertex -7.400000e+00 7.150000e+00 2.800000e+00
         vertex -7.400000e+00 4.600000e+00 3.750000e+00
         vertex -7.400000e+00 4.650000e+00 4.973913e+00
      endloop
   endfacet
   facet normal -1.000000e+00 0.000000e+00 0.000000e+00
      outer loop
         vertex -7.400000e+00 4.600000e+00 3.750000e+00
         vertex -7.400000e+00 4.307107e+00 4.457107e+00
         vertex -7.400000e+00 4.650000e+00 4.973913e+00
      endloop
   endfacet
   facet normal -1.000000e+00 0.000000e+00 0.000000e+00
      outer loop
         vertex -7.400000e+00 4.650000e+00 4.973913e+00
         vertex -7.400000e+00 4.307107e+00 4.457107e+00
         vertex -7.400000e+00 4.650000e+00 1.980000e+01
      endloop
   endfacet
   facet normal -1.000000e+00 0.000000e+00 0.000000e+00
      outer loop
         vertex -7.400000e+00 4.307107e+00 4.457107e+00
         vertex -7.400000e+00 3.600000e+00 4.750000e+00
         vertex -7.400000e+00 4.650000e+00 1.980000e+01
      endloop
   endfacet
   facet normal -1.000000e+00 0.000000e+00 0.000000e+00
      outer loop
         vertex -7.400000e+00 4.650000e+00 1.980000e+01
         vertex -7.400000e+00 3.600000e+00 4.750000e+00
         vertex -7.400000e+00 1.300000e+00 1.980000e+01
      endloop
   endfacet
   facet normal -1.000000e+00 0.000000e+00 0.000000e+00
      outer loop
         vertex -7.400000e+00 3.600000e+00 4.750000e+00
         vertex -7.400000e+00 2.892893e+00 4.457107e+00
         vertex -7.400000e+00 1.300000e+00 1.980000e+01
      endloop
   endfacet
   facet normal -1.000000e+00 0.000000e+00 0.000000e+00
      outer loop
         vertex -7.400000e+00 1.300000e+00 1.980000e+01
         vertex -7.400000e+00 2.892893e+00 4.457107e+00
         vertex -7.400000e+00 1.300000e+00 8.300000e+00
      endloop
   endfacet
   facet normal -1.000000e+00 0.000000e+00 0.000000e+00
      outer loop
         vertex -7.400000e+00 2.892893e+00 4.457107e+00
         vertex -7.400000e+00 2.600000e+00 3.750000e+00
         vertex -7.400000e+00 1.300000e+00 8.300000e+00
      endloop
   endfacet
   facet normal -1.000000e+00 0.000000e+00 0.000000e+00
      outer loop
         vertex -7.400000e+00 1.300000e+00 8.300000e+00
         vertex -7.400000e+00 2.600000e+00 3.750000e+00
         vertex -7.400000e+00 1.237825e+00 8.052596e+00
      endloop
   endfacet
   facet normal -1.000000e+00 0.000000e+00 0.000000e+00
      outer loop
         vertex -7.400000e+00 2.892893e+00 3.042893e+00
         vertex -7.400000e+00 -1.850000e+00 1.000000e+00
         vertex -7.400000e+00 2.600000e+00 3.750000e+00
      endloop
   endfacet
   facet normal -1.000000e+00 0.000000e+00 0.000000e+00
      outer loop
         vertex -7.400000e+00 2.600000e+00 3.750000e+00
         vertex -7.400000e+00 -1.850000e+00 1.000000e+00
         vertex -7.400000e+00 1.237825e+00 8.052596e+00
      endloop
   endfacet
   facet normal -1.000000e+00 0.000000e+00 -0.000000e+00
      outer loop
         vertex -7.400000e+00 -1.850000e+00 1.000000e+00
         vertex -7.400000e+00 8.709707e-01 7.681120e+00
         vertex -7.400000e+00 1.237825e+00 8.052596e+00
      endloop
   endfacet
   facet normal -1.000000e+00 0.000000e+00 0.000000e+00
      outer loop
         vertex -7.400000e+00 8.709707e-01 7.681120e+00
         vertex -7.400000e+00 -1.850000e+00 1.000000e+00
         vertex -7.400000e+00 4.059910e-01 7.466816e+00
      endloop
   endfacet
   facet normal -1.000000e+00 0.000000e+00 -0.000000e+00
      outer loop
         vertex -7.400000e+00 -1.850000e+00 1.000000e+00
         vertex -7.400000e+00 -8.451177e-02 7.348531e+00
         vertex -7.400000e+00 4.059910e-01 7.466816e+00
      endloop
   endfacet
   facet normal -1.000000e+00 0.000000e+00 0.000000e+00
      outer loop
         vertex -7.400000e+00 4.600000e+00 3.750000e+00
         vertex -7.400000e+00 7.150000e+00 2.800000e+00
         vertex -7.400000e+00 4.307107e+00 3.042893e+00
      endloop
   endfacet
   facet normal 1.000000e+00 0.000000e+00 -0.000000e+00
      outer loop
         vertex -8.725000e+00 4.850000e+00 1.000000e+00
         vertex -8.725000e+00 7.150000e+00 1.000000e+00
         vertex -8.725000e+00 7.150000e+00 2.800000e+00
      endloop
   endfacet
   facet normal 1.000000e+00 0.000000e+00 0.000000e+00
      outer loop
         vertex -8.725000e+00 4.850000e+00 2.800000e+00
         vertex -8.725000e+00 4.850000e+00 1.000000e+00
         vertex -8.725000e+00 7.150000e+00 2.800000e+00
      endloop
   endfacet
   facet normal 0.000000e+00 -1.000000e+00 0.000000e+00
      outer loop
         vertex -9.225000e+00 4.850000e+00 1.000000e+00
         vertex -8.725000e+00 4.850000e+00 1.000000e+00
         vertex -8.725000e+00 4.850000e+00 2.800000e+00
      endloop
   endfacet
   facet normal 0.000000e+00 -1.000000e+00 0.000000e+00
      outer loop
         vertex -9.225000e+00 4.850000e+00 2.800000e+00
         vertex -9.225000e+00 4.850000e+00 1.000000e+00
         vertex -8.725000e+00 4.850000e+00 2.800000e+00
      endloop
   endfacet
   facet normal -1.000000e+00 0.000000e+00 0.000000e+00
      outer loop
         vertex -9.225000e+00 7.150000e+00 1.000000e+00
         vertex -9.225000e+00 4.850000e+00 1.000000e+00
         vertex -9.225000e+00 4.850000e+00 2.800000e+00
      endloop
   endfacet
   facet normal -1.000000e+00 0.000000e+00 0.000000e+00
      outer loop
         vertex -9.225000e+00 7.150000e+00 2.800000e+00
         vertex -9.225000e+00 7.150000e+00 1.000000e+00
         vertex -9.225000e+00 4.850000e+00 2.800000e+00
      endloop
   endfacet
   facet normal 0.000000e+00 -1.000000e+00 0.000000e+00
      outer loop
         vertex -8.725000e+00 7.150000e+00 1.000000e+00
         vertex -7.400000e+00 7.150000e+00 1.000000e+00
         vertex -7.400000e+00 7.150000e+00 2.800000e+00
      endloop
   endfacet
   facet normal 0.000000e+00 -1.000000e+00 0.000000e+00
      outer loop
         vertex -8.725000e+00 7.150000e+00 2.800000e+00
         vertex -8.725000e+00 7.150000e+00 1.000000e+00
         vertex -7.400000e+00 7.150000e+00 2.800000e+00
      endloop
   endfacet
   facet normal 0.000000e+00 6.561787e-01 7.546055e-01
      outer loop
         vertex -5.500000e+00 4.650000e+00 4.973913e+00
         vertex -5.500000e+00 7.150000e+00 2.800000e+00
         vertex -7.400000e+00 7.150000e+00 2.800000e+00
      endloop
   endfacet
   facet normal 0.000000e+00 6.561787e-01 7.546055e-01
      outer loop
         vertex -7.400000e+00 4.650000e+00 4.973913e+00
         vertex -5.500000e+00 4.650000e+00 4.973913e+00
         vertex -7.400000e+00 7.150000e+00 2.800000e+00
      endloop
   endfacet
   facet normal 0.000000e+00 -1.000000e+00 0.000000e+00
      outer loop
         vertex -5.500000e+00 7.150000e+00 1.000000e+00
         vertex 5.500000e+00 7.150000e+00 1.000000e+00
         vertex 5.500000e+00 7.150000e+00 2.800000e+00
      endloop
   endfacet
   facet normal 0.000000e+00 -1.000000e+00 0.000000e+00
      outer loop
         vertex -5.500000e+00 7.150000e+00 2.800000e+00
         vertex -5.500000e+00 7.150000e+00 1.000000e+00
         vertex 5.500000e+00 7.150000e+00 2.800000e+00
      endloop
   endfacet
   facet normal 0.000000e+00 6.561787e-01 7.546055e-01
      outer loop
         vertex 7.400000e+00 4.650000e+00 4.973913e+00
         vertex 7.400000e+00 7.150000e+00 2.800000e+00
         vertex 5.500000e+00 7.150000e+00 2.800000e+00
      endloop
   endfacet
   facet normal 0.000000e+00 6.561787e-01 7.546055e-01
      outer loop
         vertex 5.500000e+00 4.650000e+00 4.973913e+00
         vertex 7.400000e+00 4.650000e+00 4.973913e+00
         vertex 5.500000e+00 7.150000e+00 2.800000e+00
      endloop
   endfacet
   facet normal 0.000000e+00 -1.000000e+00 0.000000e+00
      outer loop
         vertex 7.400000e+00 7.150000e+00 1.000000e+00
         vertex 8.725000e+00 7.150000e+00 1.000000e+00
         vertex 8.725000e+00 7.150000e+00 2.800000e+00
      endloop
   endfacet
   facet normal 0.000000e+00 -1.000000e+00 0.000000e+00
      outer loop
         vertex 7.400000e+00 7.150000e+00 2.800000e+00
         vertex 7.400000e+00 7.150000e+00 1.000000e+00
         vertex 8.725000e+00 7.150000e+00 2.800000e+00
      endloop
   endfacet
   facet normal -1.000000e+00 0.000000e+00 0.000000e+00
      outer loop
         vertex 8.725000e+00 7.150000e+00 1.000000e+00
         vertex 8.725000e+00 4.850000e+00 1.000000e+00
         vertex 8.725000e+00 4.850000e+00 2.800000e+00
      endloop
   endfacet
   facet normal -1.000000e+00 0.000000e+00 0.000000e+00
      outer loop
         vertex 8.725000e+00 7.150000e+00 2.800000e+00
         vertex 8.725000e+00 7.150000e+00 1.000000e+00
         vertex 8.725000e+00 4.850000e+00 2.800000e+00
      endloop
   endfacet
   facet normal 0.000000e+00 -1.000000e+00 0.000000e+00
      outer loop
         vertex 8.725000e+00 4.850000e+00 1.000000e+00
         vertex 9.225000e+00 4.850000e+00 1.000000e+00
         vertex 9.225000e+00 4.850000e+00 2.800000e+00
      endloop
   endfacet
   facet normal 0.000000e+00 -1.000000e+00 0.000000e+00
      outer loop
         vertex 8.725000e+00 4.850000e+00 2.800000e+00
         vertex 8.725000e+00 4.850000e+00 1.000000e+00
         vertex 9.225000e+00 4.850000e+00 2.800000e+00
      endloop
   endfacet
   facet normal 1.000000e+00 0.000000e+00 -0.000000e+00
      outer loop
         vertex 9.225000e+00 4.850000e+00 1.000000e+00
         vertex 9.225000e+00 7.150000e+00 1.000000e+00
         vertex 9.225000e+00 7.150000e+00 2.800000e+00
      endloop
   endfacet
   facet normal 1.000000e+00 0.000000e+00 0.000000e+00
      outer loop
         vertex 9.225000e+00 4.850000e+00 2.800000e+00
         vertex 9.225000e+00 4.850000e+00 1.000000e+00
         vertex 9.225000e+00 7.150000e+00 2.800000e+00
      endloop
   endfacet
   facet normal 0.000000e+00 -9.698430e-01 2.437304e-01
      outer loop
         vertex 7.400000e+00 1.237825e+00 8.052596e+00
         vertex 7.400000e+00 1.300000e+00 8.300000e+00
         vertex 6.900000e+00 1.300000e+00 8.300000e+00
      endloop
   endfacet
   facet normal 0.000000e+00 -9.698430e-01 2.437304e-01
      outer loop
         vertex 6.900000e+00 1.300000e+00 8.300000e+00
         vertex 6.900000e+00 1.237825e+00 8.052596e+00
         vertex 7.400000e+00 1.237825e+00 8.052596e+00
      endloop
   endfacet
   facet normal 0.000000e+00 -7.115192e-01 7.026666e-01
      outer loop
         vertex 6.900000e+00 1.237825e+00 8.052596e+00
         vertex 6.900000e+00 8.709707e-01 7.681120e+00
         vertex 7.400000e+00 1.237825e+00 8.052596e+00
      endloop
   endfacet
   facet normal 0.000000e+00 -4.185717e-01 9.081837e-01
      outer loop
         vertex 6.900000e+00 8.709707e-01 7.681120e+00
         vertex 6.900000e+00 4.059910e-01 7.466816e+00
         vertex 7.400000e+00 4.059910e-01 7.466816e+00
      endloop
   endfacet
   facet normal 0.000000e+00 -2.344307e-01 9.721328e-01
      outer loop
         vertex 6.900000e+00 4.059910e-01 7.466816e+00
         vertex 6.900000e+00 -8.451177e-02 7.348531e+00
         vertex 7.400000e+00 -8.451177e-02 7.348531e+00
      endloop
   endfacet
   facet normal 0.000000e+00 -7.860495e-02 9.969058e-01
      outer loop
         vertex 6.900000e+00 -8.451177e-02 7.348531e+00
         vertex 6.900000e+00 -7.000000e-01 7.300000e+00
         vertex 7.400000e+00 -7.000000e-01 7.300000e+00
      endloop
   endfacet
   facet normal 0.000000e+00 -7.860495e-02 9.969058e-01
      outer loop
         vertex 7.400000e+00 -7.000000e-01 7.300000e+00
         vertex 7.400000e+00 -8.451177e-02 7.348531e+00
         vertex 6.900000e+00 -8.451177e-02 7.348531e+00
      endloop
   endfacet
   facet normal 0.000000e+00 -2.344307e-01 9.721328e-01
      outer loop
         vertex 7.400000e+00 -8.451177e-02 7.348531e+00
         vertex 7.400000e+00 4.059910e-01 7.466816e+00
         vertex 6.900000e+00 4.059910e-01 7.466816e+00
      endloop
   endfacet
   facet normal 0.000000e+00 -4.185717e-01 9.081837e-01
      outer loop
         vertex 7.400000e+00 4.059910e-01 7.466816e+00
         vertex 7.400000e+00 8.709707e-01 7.681120e+00
         vertex 6.900000e+00 8.709707e-01 7.681120e+00
      endloop
   endfacet
   facet normal 0.000000e+00 -7.115192e-01 7.026666e-01
      outer loop
         vertex 7.400000e+00 8.709707e-01 7.681120e+00
         vertex 7.400000e+00 1.237825e+00 8.052596e+00
         vertex 6.900000e+00 8.709707e-01 7.681120e+00
      endloop
   endfacet
   facet normal 0.000000e+00 1.000000e+00 0.000000e+00
      outer loop
         vertex 5.500000e+00 4.650000e+00 1.980000e+01
         vertex 7.400000e+00 4.650000e+00 1.980000e+01
         vertex 7.400000e+00 4.650000e+00 4.973913e+00
      endloop
   endfacet
   facet normal 0.000000e+00 1.000000e+00 0.000000e+00
      outer loop
         vertex 5.500000e+00 4.650000e+00 1.980000e+01
         vertex 7.400000e+00 4.650000e+00 4.973913e+00
         vertex 5.500000e+00 4.650000e+00 4.973913e+00
      endloop
   endfacet
   facet normal 0.000000e+00 0.000000e+00 1.000000e+00
      outer loop
         vertex 7.400000e+00 1.300000e+00 1.980000e+01
         vertex 6.700000e+00 2.300000e+00 1.980000e+01
         vertex 5.500000e+00 1.300000e+00 1.980000e+01
      endloop
   endfacet
   facet normal -0.000000e+00 0.000000e+00 1.000000e+00
      outer loop
         vertex 6.700000e+00 2.300000e+00 1.980000e+01
         vertex 5.500000e+00 2.300000e+00 1.980000e+01
         vertex 5.500000e+00 1.300000e+00 1.980000e+01
      endloop
   endfacet
   facet normal 0.000000e+00 0.000000e+00 1.000000e+00
      outer loop
         vertex 6.700000e+00 2.300000e+00 1.980000e+01
         vertex 7.400000e+00 1.300000e+00 1.980000e+01
         vertex 6.700000e+00 3.950000e+00 1.980000e+01
      endloop
   endfacet
   facet normal 0.000000e+00 0.000000e+00 1.000000e+00
      outer loop
         vertex 7.400000e+00 1.300000e+00 1.980000e+01
         vertex 7.400000e+00 4.650000e+00 1.980000e+01
         vertex 6.700000e+00 3.950000e+00 1.980000e+01
      endloop
   endfacet
   facet normal 0.000000e+00 0.000000e+00 1.000000e+00
      outer loop
         vertex 6.700000e+00 3.950000e+00 1.980000e+01
         vertex 7.400000e+00 4.650000e+00 1.980000e+01
         vertex 5.500000e+00 3.950000e+00 1.980000e+01
      endloop
   endfacet
   facet normal -0.000000e+00 0.000000e+00 1.000000e+00
      outer loop
         vertex 7.400000e+00 4.650000e+00 1.980000e+01
         vertex 5.500000e+00 4.650000e+00 1.980000e+01
         vertex 5.500000e+00 3.950000e+00 1.980000e+01
      endloop
   endfacet
   facet normal 0.000000e+00 -1.000000e+00 -0.000000e+00
      outer loop
         vertex 6.900000e+00 1.300000e+00 1.000000e+00
         vertex 6.900000e+00 1.300000e+00 8.300000e+00
         vertex 5.500000e+00 1.300000e+00 1.000000e+00
      endloop
   endfacet
   facet normal 0.000000e+00 -1.000000e+00 -0.000000e+00
      outer loop
         vertex 7.400000e+00 1.300000e+00 8.300000e+00
         vertex 7.400000e+00 1.300000e+00 1.980000e+01
         vertex 6.900000e+00 1.300000e+00 8.300000e+00
      endloop
   endfacet
   facet normal 0.000000e+00 -1.000000e+00 0.000000e+00
      outer loop
         vertex 6.900000e+00 1.300000e+00 8.300000e+00
         vertex 7.400000e+00 1.300000e+00 1.980000e+01
         vertex 5.500000e+00 1.300000e+00 1.000000e+00
      endloop
   endfacet
   facet normal 0.000000e+00 -1.000000e+00 0.000000e+00
      outer loop
         vertex 7.400000e+00 1.300000e+00 1.980000e+01
         vertex 5.500000e+00 1.300000e+00 1.980000e+01
         vertex 5.500000e+00 1.300000e+00 1.000000e+00
      endloop
   endfacet
   facet normal -0.000000e+00 -5.408819e-01 -8.410985e-01
      outer loop
         vertex 7.400000e+00 4.307107e+00 4.457107e+00
         vertex 6.700000e+00 3.950000e+00 4.686750e+00
         vertex 5.500000e+00 3.950000e+00 4.686750e+00
      endloop
   endfacet
   facet normal -4.531274e-02 -2.647014e-01 -9.632652e-01
      outer loop
         vertex 7.400000e+00 3.600000e+00 4.750000e+00
         vertex 6.700000e+00 3.777835e+00 4.734060e+00
         vertex 6.700000e+00 3.950000e+00 4.686750e+00
      endloop
   endfacet
   facet normal 0.000000e+00 -8.927427e-02 -9.960071e-01
      outer loop
         vertex 7.400000e+00 3.600000e+00 4.750000e+00
         vertex 6.700000e+00 3.600000e+00 4.750000e+00
         vertex 6.700000e+00 3.777835e+00 4.734060e+00
      endloop
   endfacet
   facet normal -1.072406e-01 -3.804766e-01 -9.185516e-01
      outer loop
         vertex 6.700000e+00 3.950000e+00 4.686750e+00
         vertex 7.400000e+00 4.307107e+00 4.457107e+00
         vertex 7.400000e+00 3.600000e+00 4.750000e+00
      endloop
   endfacet
   facet normal -2.805628e-02 -9.235159e-01 -3.825326e-01
      outer loop
         vertex 5.500000e+00 4.421584e+00 4.320088e+00
         vertex 7.400000e+00 4.600000e+00 3.750000e+00
         vertex 7.400000e+00 4.307107e+00 4.457107e+00
      endloop
   endfacet
   facet normal -2.805619e-02 -9.235160e-01 3.825324e-01
      outer loop
         vertex 5.500000e+00 4.421584e+00 3.179912e+00
         vertex 7.400000e+00 4.307107e+00 3.042893e+00
         vertex 7.400000e+00 4.600000e+00 3.750000e+00
      endloop
   endfacet
   facet normal -1.072401e-01 -3.804764e-01 9.185517e-01
      outer loop
         vertex 6.700000e+00 3.950000e+00 2.813250e+00
         vertex 7.400000e+00 3.600000e+00 2.750000e+00
         vertex 7.400000e+00 4.307107e+00 3.042893e+00
      endloop
   endfacet
   facet normal -1.063206e-01 3.805144e-01 9.186429e-01
      outer loop
         vertex 6.700000e+00 3.264382e+00 2.808002e+00
         vertex 7.400000e+00 2.892893e+00 3.042893e+00
         vertex 7.400000e+00 3.600000e+00 2.750000e+00
      endloop
   endfacet
   facet normal -9.511860e-02 9.196905e-01 3.809485e-01
      outer loop
         vertex 6.700000e+00 2.736537e+00 3.245587e+00
         vertex 7.400000e+00 2.600000e+00 3.750000e+00
         vertex 7.400000e+00 2.892893e+00 3.042893e+00
      endloop
   endfacet
   facet normal -7.362033e-02 9.213723e-01 -3.816453e-01
      outer loop
         vertex 6.700000e+00 2.614607e+00 3.920297e+00
         vertex 7.400000e+00 2.892893e+00 4.457107e+00
         vertex 7.400000e+00 2.600000e+00 3.750000e+00
      endloop
   endfacet
   facet normal -4.185557e-02 3.823484e-01 -9.230698e-01
      outer loop
         vertex 6.700000e+00 2.955910e+00 4.514950e+00
         vertex 7.400000e+00 3.600000e+00 4.750000e+00
         vertex 7.400000e+00 2.892893e+00 4.457107e+00
      endloop
   endfacet
   facet normal 0.000000e+00 3.428194e-01 -9.394013e-01
      outer loop
         vertex 6.700000e+00 2.955910e+00 4.514950e+00
         vertex 6.700000e+00 3.600000e+00 4.750000e+00
         vertex 7.400000e+00 3.600000e+00 4.750000e+00
      endloop
   endfacet
   facet normal 3.691873e-02 8.667071e-01 -4.974494e-01
      outer loop
         vertex 7.400000e+00 2.892893e+00 4.457107e+00
         vertex 6.700000e+00 2.614607e+00 3.920297e+00
         vertex 6.700000e+00 2.955910e+00 4.514950e+00
      endloop
   endfacet
   facet normal 6.366915e-02 9.820638e-01 1.774740e-01
      outer loop
         vertex 7.400000e+00 2.600000e+00 3.750000e+00
         vertex 6.700000e+00 2.736537e+00 3.245587e+00
         vertex 6.700000e+00 2.614607e+00 3.920297e+00
      endloop
   endfacet
   facet normal 8.010852e-02 6.361643e-01 7.673836e-01
      outer loop
         vertex 7.400000e+00 2.892893e+00 3.042893e+00
         vertex 6.700000e+00 3.264382e+00 2.808002e+00
         vertex 6.700000e+00 2.736537e+00 3.245587e+00
      endloop
   endfacet
   facet normal 8.620547e-02 -7.626134e-03 9.962482e-01
      outer loop
         vertex 7.400000e+00 3.600000e+00 2.750000e+00
         vertex 6.700000e+00 3.950000e+00 2.813250e+00
         vertex 6.700000e+00 3.264382e+00 2.808002e+00
      endloop
   endfacet
   facet normal 0.000000e+00 -5.408811e-01 8.410990e-01
      outer loop
         vertex 7.400000e+00 4.307107e+00 3.042893e+00
         vertex 5.500000e+00 3.950000e+00 2.813250e+00
         vertex 6.700000e+00 3.950000e+00 2.813250e+00
      endloop
   endfacet
   facet normal 1.994517e-02 -6.136879e-01 7.892968e-01
      outer loop
         vertex 7.400000e+00 4.307107e+00 3.042893e+00
         vertex 5.500000e+00 4.421584e+00 3.179912e+00
         vertex 5.500000e+00 3.950000e+00 2.813250e+00
      endloop
   endfacet
   facet normal 0.000000e+00 -9.543541e-01 2.986774e-01
      outer loop
         vertex 7.400000e+00 4.600000e+00 3.750000e+00
         vertex 5.500000e+00 4.600000e+00 3.750000e+00
         vertex 5.500000e+00 4.421584e+00 3.179912e+00
      endloop
   endfacet
   facet normal 0.000000e+00 -9.543542e-01 -2.986773e-01
      outer loop
         vertex 7.400000e+00 4.600000e+00 3.750000e+00
         vertex 5.500000e+00 4.421584e+00 4.320088e+00
         vertex 5.500000e+00 4.600000e+00 3.750000e+00
      endloop
   endfacet
   facet normal 1.994497e-02 -6.136879e-01 -7.892968e-01
      outer loop
         vertex 7.400000e+00 4.307107e+00 4.457107e+00
         vertex 5.500000e+00 3.950000e+00 4.686750e+00
         vertex 5.500000e+00 4.421584e+00 4.320088e+00
      endloop
   endfacet
   facet normal -1.000000e+00 0.000000e+00 0.000000e+00
      outer loop
         vertex 5.500000e+00 4.650000e+00 1.980000e+01
         vertex 5.500000e+00 4.650000e+00 4.973913e+00
         vertex 5.500000e+00 3.950000e+00 1.980000e+01
      endloop
   endfacet
   facet normal -1.000000e+00 0.000000e+00 0.000000e+00
      outer loop
         vertex 5.500000e+00 7.150000e+00 2.800000e+00
         vertex 5.500000e+00 7.150000e+00 1.000000e+00
         vertex 5.500000e+00 4.650000e+00 4.973913e+00
      endloop
   endfacet
   facet normal -1.000000e+00 0.000000e+00 0.000000e+00
      outer loop
         vertex 5.500000e+00 7.150000e+00 1.000000e+00
         vertex 5.500000e+00 4.600000e+00 3.750000e+00
         vertex 5.500000e+00 4.650000e+00 4.973913e+00
      endloop
   endfacet
   facet normal -1.000000e+00 0.000000e+00 0.000000e+00
      outer loop
         vertex 5.500000e+00 4.600000e+00 3.750000e+00
         vertex 5.500000e+00 4.421584e+00 4.320088e+00
         vertex 5.500000e+00 4.650000e+00 4.973913e+00
      endloop
   endfacet
   facet normal -1.000000e+00 0.000000e+00 0.000000e+00
      outer loop
         vertex 5.500000e+00 4.650000e+00 4.973913e+00
         vertex 5.500000e+00 4.421584e+00 4.320088e+00
         vertex 5.500000e+00 3.950000e+00 1.980000e+01
      endloop
   endfacet
   facet normal -1.000000e+00 0.000000e+00 0.000000e+00
      outer loop
         vertex 5.500000e+00 4.421584e+00 4.320088e+00
         vertex 5.500000e+00 3.950000e+00 4.686750e+00
         vertex 5.500000e+00 3.950000e+00 1.980000e+01
      endloop
   endfacet
   facet normal -1.000000e+00 0.000000e+00 0.000000e+00
      outer loop
         vertex 5.500000e+00 4.600000e+00 3.750000e+00
         vertex 5.500000e+00 7.150000e+00 1.000000e+00
         vertex 5.500000e+00 4.421584e+00 3.179912e+00
      endloop
   endfacet
   facet normal -1.000000e+00 0.000000e+00 0.000000e+00
      outer loop
         vertex 5.500000e+00 7.150000e+00 1.000000e+00
         vertex 5.500000e+00 3.950000e+00 1.000000e+00
         vertex 5.500000e+00 4.421584e+00 3.179912e+00
      endloop
   endfacet
   facet normal -1.000000e+00 0.000000e+00 0.000000e+00
      outer loop
         vertex 5.500000e+00 4.421584e+00 3.179912e+00
         vertex 5.500000e+00 3.950000e+00 1.000000e+00
         vertex 5.500000e+00 3.950000e+00 2.813250e+00
      endloop
   endfacet
   facet normal 1.000000e+00 0.000000e+00 0.000000e+00
      outer loop
         vertex -5.500000e+00 7.150000e+00 1.000000e+00
         vertex -5.500000e+00 7.150000e+00 2.800000e+00
         vertex -5.500000e+00 3.950000e+00 1.000000e+00
      endloop
   endfacet
   facet normal 1.000000e+00 0.000000e+00 0.000000e+00
      outer loop
         vertex -5.500000e+00 7.150000e+00 2.800000e+00
         vertex -5.500000e+00 4.600000e+00 3.750000e+00
         vertex -5.500000e+00 3.950000e+00 1.000000e+00
      endloop
   endfacet
   facet normal 1.000000e+00 0.000000e+00 0.000000e+00
      outer loop
         vertex -5.500000e+00 3.950000e+00 1.000000e+00
         vertex -5.500000e+00 4.421584e+00 3.179912e+00
         vertex -5.500000e+00 3.950000e+00 2.813250e+00
      endloop
   endfacet
   facet normal 1.000000e+00 0.000000e+00 0.000000e+00
      outer loop
         vertex -5.500000e+00 4.421584e+00 3.179912e+00
         vertex -5.500000e+00 3.950000e+00 1.000000e+00
         vertex -5.500000e+00 4.600000e+00 3.750000e+00
      endloop
   endfacet
   facet normal 1.000000e+00 0.000000e+00 0.000000e+00
      outer loop
         vertex -5.500000e+00 4.600000e+00 3.750000e+00
         vertex -5.500000e+00 7.150000e+00 2.800000e+00
         vertex -5.500000e+00 4.421584e+00 4.320088e+00
      endloop
   endfacet
   facet normal 1.000000e+00 0.000000e+00 0.000000e+00
      outer loop
         vertex -5.500000e+00 7.150000e+00 2.800000e+00
         vertex -5.500000e+00 4.650000e+00 4.973913e+00
         vertex -5.500000e+00 4.421584e+00 4.320088e+00
      endloop
   endfacet
   facet normal 1.000000e+00 0.000000e+00 0.000000e+00
      outer loop
         vertex -5.500000e+00 4.421584e+00 4.320088e+00
         vertex -5.500000e+00 4.650000e+00 4.973913e+00
         vertex -5.500000e+00 3.950000e+00 4.686750e+00
      endloop
   endfacet
   facet normal 1.000000e+00 0.000000e+00 0.000000e+00
      outer loop
         vertex -5.500000e+00 4.650000e+00 4.973913e+00
         vertex -5.500000e+00 4.650000e+00 1.980000e+01
         vertex -5.500000e+00 3.950000e+00 4.686750e+00
      endloop
   endfacet
   facet normal 1.000000e+00 0.000000e+00 0.000000e+00
      outer loop
         vertex -5.500000e+00 3.950000e+00 4.686750e+00
         vertex -5.500000e+00 4.650000e+00 1.980000e+01
         vertex -5.500000e+00 3.950000e+00 1.980000e+01
      endloop
   endfacet
   facet normal 0.000000e+00 -1.000000e+00 0.000000e+00
      outer loop
         vertex -6.700000e+00 3.950000e+00 1.000000e+00
         vertex -5.500000e+00 3.950000e+00 1.000000e+00
         vertex -5.500000e+00 3.950000e+00 2.813250e+00
      endloop
   endfacet
   facet normal 0.000000e+00 -1.000000e+00 0.000000e+00
      outer loop
         vertex -6.700000e+00 3.950000e+00 2.813250e+00
         vertex -6.700000e+00 3.950000e+00 1.000000e+00
         vertex -5.500000e+00 3.950000e+00 2.813250e+00
      endloop
   endfacet
   facet normal 1.000000e+00 0.000000e+00 0.000000e+00
      outer loop
         vertex -6.700000e+00 3.950000e+00 1.000000e+00
         vertex -6.700000e+00 3.950000e+00 2.813250e+00
         vertex -6.700000e+00 2.300000e+00 1.000000e+00
      endloop
   endfacet
   facet normal 1.000000e+00 -0.000000e+00 0.000000e+00
      outer loop
         vertex -6.700000e+00 3.950000e+00 2.813250e+00
         vertex -6.700000e+00 3.264382e+00 2.808002e+00
         vertex -6.700000e+00 2.300000e+00 1.000000e+00
      endloop
   endfacet
   facet normal 1.000000e+00 0.000000e+00 0.000000e+00
      outer loop
         vertex -6.700000e+00 2.300000e+00 1.000000e+00
         vertex -6.700000e+00 2.614607e+00 3.920297e+00
         vertex -6.700000e+00 2.300000e+00 1.980000e+01
      endloop
   endfacet
   facet normal 1.000000e+00 0.000000e+00 0.000000e+00
      outer loop
         vertex -6.700000e+00 2.614607e+00 3.920297e+00
         vertex -6.700000e+00 2.955910e+00 4.514950e+00
         vertex -6.700000e+00 2.300000e+00 1.980000e+01
      endloop
   endfacet
   facet normal 1.000000e+00 0.000000e+00 -0.000000e+00
      outer loop
         vertex -6.700000e+00 2.300000e+00 1.980000e+01
         vertex -6.700000e+00 2.955910e+00 4.514950e+00
         vertex -6.700000e+00 3.950000e+00 1.980000e+01
      endloop
   endfacet
   facet normal 1.000000e+00 0.000000e+00 -0.000000e+00
      outer loop
         vertex -6.700000e+00 2.955910e+00 4.514950e+00
         vertex -6.700000e+00 3.600000e+00 4.750000e+00
         vertex -6.700000e+00 3.950000e+00 1.980000e+01
      endloop
   endfacet
   facet normal 1.000000e+00 -0.000000e+00 0.000000e+00
      outer loop
         vertex -6.700000e+00 3.950000e+00 1.980000e+01
         vertex -6.700000e+00 3.777835e+00 4.734060e+00
         vertex -6.700000e+00 3.950000e+00 4.686750e+00
      endloop
   endfacet
   facet normal 1.000000e+00 0.000000e+00 0.000000e+00
      outer loop
         vertex -6.700000e+00 3.777835e+00 4.734060e+00
         vertex -6.700000e+00 3.950000e+00 1.980000e+01
         vertex -6.700000e+00 3.600000e+00 4.750000e+00
      endloop
   endfacet
   facet normal 1.000000e+00 0.000000e+00 0.000000e+00
      outer loop
         vertex -6.700000e+00 2.614607e+00 3.920297e+00
         vertex -6.700000e+00 2.300000e+00 1.000000e+00
         vertex -6.700000e+00 2.736537e+00 3.245587e+00
      endloop
   endfacet
   facet normal 1.000000e+00 0.000000e+00 0.000000e+00
      outer loop
         vertex -6.700000e+00 2.300000e+00 1.000000e+00
         vertex -6.700000e+00 3.264382e+00 2.808002e+00
         vertex -6.700000e+00 2.736537e+00 3.245587e+00
      endloop
   endfacet
   facet normal 0.000000e+00 1.000000e+00 0.000000e+00
      outer loop
         vertex -5.500000e+00 2.300000e+00 1.000000e+00
         vertex -6.700000e+00 2.300000e+00 1.000000e+00
         vertex -6.700000e+00 2.300000e+00 1.980000e+01
      endloop
   endfacet
   facet normal 0.000000e+00 1.000000e+00 -0.000000e+00
      outer loop
         vertex -5.500000e+00 2.300000e+00 1.980000e+01
         vertex -5.500000e+00 2.300000e+00 1.000000e+00
         vertex -6.700000e+00 2.300000e+00 1.980000e+01
      endloop
   endfacet
   facet normal 1.000000e+00 0.000000e+00 -0.000000e+00
      outer loop
         vertex -5.500000e+00 1.300000e+00 1.000000e+00
         vertex -5.500000e+00 2.300000e+00 1.000000e+00
         vertex -5.500000e+00 2.300000e+00 1.980000e+01
      endloop
   endfacet
   facet normal 1.000000e+00 0.000000e+00 0.000000e+00
      outer loop
         vertex -5.500000e+00 1.300000e+00 1.980000e+01
         vertex -5.500000e+00 1.300000e+00 1.000000e+00
         vertex -5.500000e+00 2.300000e+00 1.980000e+01
      endloop
   endfacet
   facet normal 0.000000e+00 -1.000000e+00 0.000000e+00
      outer loop
         vertex -7.400000e+00 1.300000e+00 1.980000e+01
         vertex -7.400000e+00 1.300000e+00 8.300000e+00
         vertex -5.500000e+00 1.300000e+00 1.980000e+01
      endloop
   endfacet
   facet normal 0.000000e+00 -1.000000e+00 0.000000e+00
      outer loop
         vertex -7.400000e+00 1.300000e+00 8.300000e+00
         vertex -6.900000e+00 1.300000e+00 8.300000e+00
         vertex -5.500000e+00 1.300000e+00 1.980000e+01
      endloop
   endfacet
   facet normal 0.000000e+00 -1.000000e+00 0.000000e+00
      outer loop
         vertex -5.500000e+00 1.300000e+00 1.980000e+01
         vertex -6.900000e+00 1.300000e+00 8.300000e+00
         vertex -5.500000e+00 1.300000e+00 1.000000e+00
      endloop
   endfacet
   facet normal 0.000000e+00 -1.000000e+00 0.000000e+00
      outer loop
         vertex -6.900000e+00 1.300000e+00 8.300000e+00
         vertex -6.900000e+00 1.300000e+00 1.000000e+00
         vertex -5.500000e+00 1.300000e+00 1.000000e+00
      endloop
   endfacet
   facet normal -1.000000e+00 0.000000e+00 0.000000e+00
      outer loop
         vertex 5.500000e+00 2.300000e+00 1.000000e+00
         vertex 5.500000e+00 1.300000e+00 1.000000e+00
         vertex 5.500000e+00 1.300000e+00 1.980000e+01
      endloop
   endfacet
   facet normal -1.000000e+00 0.000000e+00 0.000000e+00
      outer loop
         vertex 5.500000e+00 2.300000e+00 1.980000e+01
         vertex 5.500000e+00 2.300000e+00 1.000000e+00
         vertex 5.500000e+00 1.300000e+00 1.980000e+01
      endloop
   endfacet
   facet normal 0.000000e+00 1.000000e+00 0.000000e+00
      outer loop
         vertex 6.700000e+00 2.300000e+00 1.000000e+00
         vertex 5.500000e+00 2.300000e+00 1.000000e+00
         vertex 5.500000e+00 2.300000e+00 1.980000e+01
      endloop
   endfacet
   facet normal 0.000000e+00 1.000000e+00 -0.000000e+00
      outer loop
         vertex 6.700000e+00 2.300000e+00 1.980000e+01
         vertex 6.700000e+00 2.300000e+00 1.000000e+00
         vertex 5.500000e+00 2.300000e+00 1.980000e+01
      endloop
   endfacet
   facet normal -1.000000e+00 0.000000e+00 0.000000e+00
      outer loop
         vertex 6.700000e+00 3.950000e+00 2.813250e+00
         vertex 6.700000e+00 3.950000e+00 1.000000e+00
         vertex 6.700000e+00 3.264382e+00 2.808002e+00
      endloop
   endfacet
   facet normal -1.000000e+00 0.000000e+00 0.000000e+00
      outer loop
         vertex 6.700000e+00 3.950000e+00 1.000000e+00
         vertex 6.700000e+00 2.300000e+00 1.000000e+00
         vertex 6.700000e+00 3.264382e+00 2.808002e+00
      endloop
   endfacet
   facet normal -1.000000e+00 0.000000e+00 0.000000e+00
      outer loop
         vertex 6.700000e+00 3.264382e+00 2.808002e+00
         vertex 6.700000e+00 2.300000e+00 1.000000e+00
         vertex 6.700000e+00 2.736537e+00 3.245587e+00
      endloop
   endfacet
   facet normal -1.000000e+00 0.000000e+00 -0.000000e+00
      outer loop
         vertex 6.700000e+00 2.300000e+00 1.000000e+00
         vertex 6.700000e+00 2.614607e+00 3.920297e+00
         vertex 6.700000e+00 2.736537e+00 3.245587e+00
      endloop
   endfacet
   facet normal -1.000000e+00 0.000000e+00 0.000000e+00
      outer loop
         vertex 6.700000e+00 2.300000e+00 1.000000e+00
         vertex 6.700000e+00 2.300000e+00 1.980000e+01
         vertex 6.700000e+00 2.614607e+00 3.920297e+00
      endloop
   endfacet
   facet normal -1.000000e+00 -0.000000e+00 0.000000e+00
      outer loop
         vertex 6.700000e+00 2.300000e+00 1.980000e+01
         vertex 6.700000e+00 3.950000e+00 1.980000e+01
         vertex 6.700000e+00 2.614607e+00 3.920297e+00
      endloop
   endfacet
   facet normal -1.000000e+00 0.000000e+00 0.000000e+00
      outer loop
         vertex 6.700000e+00 2.614607e+00 3.920297e+00
         vertex 6.700000e+00 3.950000e+00 1.980000e+01
         vertex 6.700000e+00 2.955910e+00 4.514950e+00
      endloop
   endfacet
   facet normal -1.000000e+00 -0.000000e+00 0.000000e+00
      outer loop
         vertex 6.700000e+00 3.950000e+00 1.980000e+01
         vertex 6.700000e+00 3.600000e+00 4.750000e+00
         vertex 6.700000e+00 2.955910e+00 4.514950e+00
      endloop
   endfacet
   facet normal -1.000000e+00 0.000000e+00 0.000000e+00
      outer loop
         vertex 6.700000e+00 3.600000e+00 4.750000e+00
         vertex 6.700000e+00 3.950000e+00 1.980000e+01
         vertex 6.700000e+00 3.777835e+00 4.734060e+00
      endloop
   endfacet
   facet normal -1.000000e+00 0.000000e+00 0.000000e+00
      outer loop
         vertex 6.700000e+00 3.950000e+00 1.980000e+01
         vertex 6.700000e+00 3.950000e+00 4.686750e+00
         vertex 6.700000e+00 3.777835e+00 4.734060e+00
      endloop
   endfacet
   facet normal 0.000000e+00 -1.000000e+00 0.000000e+00
      outer loop
         vertex 5.500000e+00 3.950000e+00 1.000000e+00
         vertex 6.700000e+00 3.950000e+00 1.000000e+00
         vertex 6.700000e+00 3.950000e+00 2.813250e+00
      endloop
   endfacet
   facet normal 0.000000e+00 -1.000000e+00 0.000000e+00
      outer loop
         vertex 5.500000e+00 3.950000e+00 2.813250e+00
         vertex 5.500000e+00 3.950000e+00 1.000000e+00
         vertex 6.700000e+00 3.950000e+00 2.813250e+00
      endloop
   endfacet
   facet normal 0.000000e+00 -9.698430e-01 2.437304e-01
      outer loop
         vertex -6.900000e+00 1.237825e+00 8.052596e+00
         vertex -6.900000e+00 1.300000e+00 8.300000e+00
         vertex -7.400000e+00 1.300000e+00 8.300000e+00
      endloop
   endfacet
   facet normal 0.000000e+00 -9.698430e-01 2.437304e-01
      outer loop
         vertex -7.400000e+00 1.300000e+00 8.300000e+00
         vertex -7.400000e+00 1.237825e+00 8.052596e+00
         vertex -6.900000e+00 1.237825e+00 8.052596e+00
      endloop
   endfacet
   facet normal 0.000000e+00 -7.115192e-01 7.026666e-01
      outer loop
         vertex -7.400000e+00 1.237825e+00 8.052596e+00
         vertex -7.400000e+00 8.709707e-01 7.681120e+00
         vertex -6.900000e+00 1.237825e+00 8.052596e+00
      endloop
   endfacet
   facet normal 0.000000e+00 -4.185717e-01 9.081837e-01
      outer loop
         vertex -7.400000e+00 8.709707e-01 7.681120e+00
         vertex -7.400000e+00 4.059910e-01 7.466816e+00
         vertex -6.900000e+00 4.059910e-01 7.466816e+00
      endloop
   endfacet
   facet normal 0.000000e+00 -2.344307e-01 9.721328e-01
      outer loop
         vertex -7.400000e+00 4.059910e-01 7.466816e+00
         vertex -7.400000e+00 -8.451177e-02 7.348531e+00
         vertex -6.900000e+00 -8.451177e-02 7.348531e+00
      endloop
   endfacet
   facet normal 0.000000e+00 -7.860495e-02 9.969058e-01
      outer loop
         vertex -7.400000e+00 -8.451177e-02 7.348531e+00
         vertex -7.400000e+00 -7.000000e-01 7.300000e+00
         vertex -6.900000e+00 -7.000000e-01 7.300000e+00
      endloop
   endfacet
   facet normal 0.000000e+00 -7.860495e-02 9.969058e-01
      outer loop
         vertex -6.900000e+00 -7.000000e-01 7.300000e+00
         vertex -6.900000e+00 -8.451177e-02 7.348531e+00
         vertex -7.400000e+00 -8.451177e-02 7.348531e+00
      endloop
   endfacet
   facet normal 0.000000e+00 -2.344307e-01 9.721328e-01
      outer loop
         vertex -6.900000e+00 -8.451177e-02 7.348531e+00
         vertex -6.900000e+00 4.059910e-01 7.466816e+00
         vertex -7.400000e+00 4.059910e-01 7.466816e+00
      endloop
   endfacet
   facet normal 0.000000e+00 -4.185717e-01 9.081837e-01
      outer loop
         vertex -6.900000e+00 4.059910e-01 7.466816e+00
         vertex -6.900000e+00 8.709707e-01 7.681120e+00
         vertex -7.400000e+00 8.709707e-01 7.681120e+00
      endloop
   endfacet
   facet normal 0.000000e+00 -7.115192e-01 7.026666e-01
      outer loop
         vertex -6.900000e+00 8.709707e-01 7.681120e+00
         vertex -6.900000e+00 1.237825e+00 8.052596e+00
         vertex -7.400000e+00 8.709707e-01 7.681120e+00
      endloop
   endfacet
   facet normal 0.000000e+00 -0.000000e+00 1.000000e+00
      outer loop
         vertex -7.400000e+00 4.650000e+00 1.980000e+01
         vertex -6.700000e+00 3.950000e+00 1.980000e+01
         vertex -5.500000e+00 4.650000e+00 1.980000e+01
      endloop
   endfacet
   facet normal 0.000000e+00 -0.000000e+00 1.000000e+00
      outer loop
         vertex -6.700000e+00 3.950000e+00 1.980000e+01
         vertex -5.500000e+00 3.950000e+00 1.980000e+01
         vertex -5.500000e+00 4.650000e+00 1.980000e+01
      endloop
   endfacet
   facet normal 0.000000e+00 0.000000e+00 1.000000e+00
      outer loop
         vertex -6.700000e+00 3.950000e+00 1.980000e+01
         vertex -7.400000e+00 4.650000e+00 1.980000e+01
         vertex -6.700000e+00 2.300000e+00 1.980000e+01
      endloop
   endfacet
   facet normal 0.000000e+00 0.000000e+00 1.000000e+00
      outer loop
         vertex -7.400000e+00 4.650000e+00 1.980000e+01
         vertex -7.400000e+00 1.300000e+00 1.980000e+01
         vertex -6.700000e+00 2.300000e+00 1.980000e+01
      endloop
   endfacet
   facet normal 0.000000e+00 0.000000e+00 1.000000e+00
      outer loop
         vertex -6.700000e+00 2.300000e+00 1.980000e+01
         vertex -7.400000e+00 1.300000e+00 1.980000e+01
         vertex -5.500000e+00 2.300000e+00 1.980000e+01
      endloop
   endfacet
   facet normal 0.000000e+00 -0.000000e+00 1.000000e+00
      outer loop
         vertex -7.400000e+00 1.300000e+00 1.980000e+01
         vertex -5.500000e+00 1.300000e+00 1.980000e+01
         vertex -5.500000e+00 2.300000e+00 1.980000e+01
      endloop
   endfacet
   facet normal 0.000000e+00 1.000000e+00 0.000000e+00
      outer loop
         vertex -7.400000e+00 4.650000e+00 1.980000e+01
         vertex -5.500000e+00 4.650000e+00 1.980000e+01
         vertex -5.500000e+00 4.650000e+00 4.973913e+00
      endloop
   endfacet
   facet normal 0.000000e+00 1.000000e+00 0.000000e+00
      outer loop
         vertex -7.400000e+00 4.650000e+00 1.980000e+01
         vertex -5.500000e+00 4.650000e+00 4.973913e+00
         vertex -7.400000e+00 4.650000e+00 4.973913e+00
      endloop
   endfacet
   facet normal -0.000000e+00 -8.927427e-02 -9.960071e-01
      outer loop
         vertex -6.700000e+00 3.777835e+00 4.734060e+00
         vertex -6.700000e+00 3.600000e+00 4.750000e+00
         vertex -7.400000e+00 3.600000e+00 4.750000e+00
      endloop
   endfacet
   facet normal 4.531274e-02 -2.647014e-01 -9.632652e-01
      outer loop
         vertex -7.400000e+00 3.600000e+00 4.750000e+00
         vertex -6.700000e+00 3.950000e+00 4.686750e+00
         vertex -6.700000e+00 3.777835e+00 4.734060e+00
      endloop
   endfacet
   facet normal -0.000000e+00 -5.408819e-01 -8.410985e-01
      outer loop
         vertex -7.400000e+00 4.307107e+00 4.457107e+00
         vertex -5.500000e+00 3.950000e+00 4.686750e+00
         vertex -6.700000e+00 3.950000e+00 4.686750e+00
      endloop
   endfacet
   facet normal -1.994497e-02 -6.136879e-01 -7.892968e-01
      outer loop
         vertex -7.400000e+00 4.307107e+00 4.457107e+00
         vertex -5.500000e+00 4.421584e+00 4.320088e+00
         vertex -5.500000e+00 3.950000e+00 4.686750e+00
      endloop
   endfacet
   facet normal -0.000000e+00 -9.543542e-01 -2.986773e-01
      outer loop
         vertex -7.400000e+00 4.600000e+00 3.750000e+00
         vertex -5.500000e+00 4.600000e+00 3.750000e+00
         vertex -5.500000e+00 4.421584e+00 4.320088e+00
      endloop
   endfacet
   facet normal 0.000000e+00 -9.543541e-01 2.986774e-01
      outer loop
         vertex -7.400000e+00 4.600000e+00 3.750000e+00
         vertex -5.500000e+00 4.421584e+00 3.179912e+00
         vertex -5.500000e+00 4.600000e+00 3.750000e+00
      endloop
   endfacet
   facet normal -1.994517e-02 -6.136879e-01 7.892968e-01
      outer loop
         vertex -7.400000e+00 4.307107e+00 3.042893e+00
         vertex -5.500000e+00 3.950000e+00 2.813250e+00
         vertex -5.500000e+00 4.421584e+00 3.179912e+00
      endloop
   endfacet
   facet normal 0.000000e+00 -5.408811e-01 8.410990e-01
      outer loop
         vertex -7.400000e+00 4.307107e+00 3.042893e+00
         vertex -6.700000e+00 3.950000e+00 2.813250e+00
         vertex -5.500000e+00 3.950000e+00 2.813250e+00
      endloop
   endfacet
   facet normal -8.620547e-02 -7.626134e-03 9.962482e-01
      outer loop
         vertex -7.400000e+00 3.600000e+00 2.750000e+00
         vertex -6.700000e+00 3.264382e+00 2.808002e+00
         vertex -6.700000e+00 3.950000e+00 2.813250e+00
      endloop
   endfacet
   facet normal -8.010852e-02 6.361643e-01 7.673836e-01
      outer loop
         vertex -7.400000e+00 2.892893e+00 3.042893e+00
         vertex -6.700000e+00 2.736537e+00 3.245587e+00
         vertex -6.700000e+00 3.264382e+00 2.808002e+00
      endloop
   endfacet
   facet normal -6.366915e-02 9.820638e-01 1.774740e-01
      outer loop
         vertex -7.400000e+00 2.600000e+00 3.750000e+00
         vertex -6.700000e+00 2.614607e+00 3.920297e+00
         vertex -6.700000e+00 2.736537e+00 3.245587e+00
      endloop
   endfacet
   facet normal -3.691873e-02 8.667071e-01 -4.974494e-01
      outer loop
         vertex -7.400000e+00 2.892893e+00 4.457107e+00
         vertex -6.700000e+00 2.955910e+00 4.514950e+00
         vertex -6.700000e+00 2.614607e+00 3.920297e+00
      endloop
   endfacet
   facet normal 0.000000e+00 3.428194e-01 -9.394013e-01
      outer loop
         vertex -7.400000e+00 3.600000e+00 4.750000e+00
         vertex -6.700000e+00 3.600000e+00 4.750000e+00
         vertex -6.700000e+00 2.955910e+00 4.514950e+00
      endloop
   endfacet
   facet normal 4.185557e-02 3.823484e-01 -9.230698e-01
      outer loop
         vertex -6.700000e+00 2.955910e+00 4.514950e+00
         vertex -7.400000e+00 2.892893e+00 4.457107e+00
         vertex -7.400000e+00 3.600000e+00 4.750000e+00
      endloop
   endfacet
   facet normal 7.362033e-02 9.213723e-01 -3.816453e-01
      outer loop
         vertex -6.700000e+00 2.614607e+00 3.920297e+00
         vertex -7.400000e+00 2.600000e+00 3.750000e+00
         vertex -7.400000e+00 2.892893e+00 4.457107e+00
      endloop
   endfacet
   facet normal 9.511860e-02 9.196905e-01 3.809485e-01
      outer loop
         vertex -6.700000e+00 2.736537e+00 3.245587e+00
         vertex -7.400000e+00 2.892893e+00 3.042893e+00
         vertex -7.400000e+00 2.600000e+00 3.750000e+00
      endloop
   endfacet
   facet normal 1.063206e-01 3.805144e-01 9.186429e-01
      outer loop
         vertex -6.700000e+00 3.264382e+00 2.808002e+00
         vertex -7.400000e+00 3.600000e+00 2.750000e+00
         vertex -7.400000e+00 2.892893e+00 3.042893e+00
      endloop
   endfacet
   facet normal 1.072401e-01 -3.804764e-01 9.185517e-01
      outer loop
         vertex -6.700000e+00 3.950000e+00 2.813250e+00
         vertex -7.400000e+00 4.307107e+00 3.042893e+00
         vertex -7.400000e+00 3.600000e+00 2.750000e+00
      endloop
   endfacet
   facet normal 2.805619e-02 -9.235160e-01 3.825324e-01
      outer loop
         vertex -5.500000e+00 4.421584e+00 3.179912e+00
         vertex -7.400000e+00 4.600000e+00 3.750000e+00
         vertex -7.400000e+00 4.307107e+00 3.042893e+00
      endloop
   endfacet
   facet normal 2.805628e-02 -9.235159e-01 -3.825326e-01
      outer loop
         vertex -5.500000e+00 4.421584e+00 4.320088e+00
         vertex -7.400000e+00 4.307107e+00 4.457107e+00
         vertex -7.400000e+00 4.600000e+00 3.750000e+00
      endloop
   endfacet
   facet normal 1.072406e-01 -3.804766e-01 -9.185516e-01
      outer loop
         vertex -6.700000e+00 3.950000e+00 4.686750e+00
         vertex -7.400000e+00 3.600000e+00 4.750000e+00
         vertex -7.400000e+00 4.307107e+00 4.457107e+00
      endloop
   endfacet
   facet normal 0.000000e+00 -1.000000e+00 0.000000e+00
      outer loop
         vertex 6.700000e+00 3.950000e+00 1.980000e+01
         vertex 5.500000e+00 3.950000e+00 1.980000e+01
         vertex 5.500000e+00 3.950000e+00 4.686750e+00
      endloop
   endfacet
   facet normal 0.000000e+00 -1.000000e+00 -0.000000e+00
      outer loop
         vertex 6.700000e+00 3.950000e+00 4.686750e+00
         vertex 6.700000e+00 3.950000e+00 1.980000e+01
         vertex 5.500000e+00 3.950000e+00 4.686750e+00
      endloop
   endfacet
   facet normal 0.000000e+00 -1.000000e+00 0.000000e+00
      outer loop
         vertex -5.500000e+00 3.950000e+00 1.980000e+01
         vertex -6.700000e+00 3.950000e+00 1.980000e+01
         vertex -6.700000e+00 3.950000e+00 4.686750e+00
      endloop
   endfacet
   facet normal 0.000000e+00 -1.000000e+00 -0.000000e+00
      outer loop
         vertex -5.500000e+00 3.950000e+00 4.686750e+00
         vertex -5.500000e+00 3.950000e+00 1.980000e+01
         vertex -6.700000e+00 3.950000e+00 4.686750e+00
      endloop
   endfacet
endsolid
